id,uuid,observed_on_string,observed_on,time_observed_at,time_zone,user_id,user_login,user_name,created_at,updated_at,quality_grade,license,url,image_url,sound_url,tag_list,description,num_identification_agreements,num_identification_disagreements,captive_cultivated,oauth_application_id,place_guess,latitude,longitude,positional_accuracy,private_place_guess,private_latitude,private_longitude,public_positional_accuracy,geoprivacy,taxon_geoprivacy,coordinates_obscured,positioning_method,positioning_device,species_guess,scientific_name,common_name,iconic_taxon_name,taxon_id
47261,7803a4ab-a01a-4d65-b87a-693f9c44ceae,2006-08-03,2006-08-03,NA,Central Time (US & Canada),3288,marv-n,Marv,2012-01-14 10:22:58 +0900,2017-09-26 02:39:06 +0900,research,NA,http://www.inaturalist.org/observations/47261,https://static.inaturalist.org/photos/76233/medium.JPG,NA,NA,NA,1,0,FALSE,NA,Big Bend National Park,29.4188155674,-103.137588501,NA,NA,NA,NA,NA,NA,open,FALSE,NA,NA,Red-spotted Toad,Anaxyrus punctatus,Red-spotted Toad,Amphibia,64984
117979,c8386d23-b67f-4615-b2c7-66563999131b,2011-06-18,2011-06-18,NA,Central Time (US & Canada),2098,toby,Toby Hibbitts,2012-09-01 05:46:14 +0900,2017-04-24 12:40:41 +0900,research,NA,http://www.inaturalist.org/observations/117979,https://static.inaturalist.org/photos/168522/medium.jpg,NA,NA,NA,2,0,FALSE,NA,NA,32.3049569979,-100.1377635514,NA,NA,NA,NA,NA,NA,open,FALSE,NA,NA,Red-spotted Toad,Anaxyrus punctatus,Red-spotted Toad,Amphibia,64984
133041,1aad915b-8237-4597-a9f5-f96921d4d03f,2009-09-09,2009-09-09,NA,Central Time (US & Canada),9065,andygluesenkamp,andy gluesenkamp,2012-10-10 03:04:56 +0900,2017-09-26 02:45:28 +0900,research,CC-BY-NC,http://www.inaturalist.org/observations/133041,https://inaturalist-open-data.s3.amazonaws.com/photos/185868/medium.JPG,NA,NA,Found in a dry creekbed.,2,0,FALSE,NA,"Texas, US",31.2150829338,-100.7649340318,2000,NA,31.2203789945,-100.7092296397,29252,obscured,open,TRUE,NA,NA,Red-spotted Toad,Anaxyrus punctatus,Red-spotted Toad,Amphibia,64984
133721,24ff969b-cc9d-41ad-be9b-2bff5113ee51,2012-03-29,2012-03-29,NA,Central Time (US & Canada),9560,dianaterryhibbitts,Diana-Terry Hibbitts,2012-10-11 04:59:24 +0900,2017-09-26 02:45:37 +0900,research,CC-BY-NC,http://www.inaturalist.org/observations/133721,https://inaturalist-open-data.s3.amazonaws.com/photos/186602/medium.jpg,NA,NA,NA,2,0,FALSE,NA,"Edwards County, Camp Wood Hills",29.6515111094,-100.0692545687,20,NA,NA,NA,20,NA,open,FALSE,NA,NA,Red-spotted Toad,Anaxyrus punctatus,Red-spotted Toad,Amphibia,64984
133725,53a8b35c-bab5-4ac7-bf49-26f0f599a2f1,2006-08-11,2006-08-11,NA,Central Time (US & Canada),9560,dianaterryhibbitts,Diana-Terry Hibbitts,2012-10-11 05:02:43 +0900,2023-09-06 07:45:33 +0900,research,CC-BY-NC,http://www.inaturalist.org/observations/133725,https://inaturalist-open-data.s3.amazonaws.com/photos/186603/medium.jpg,NA,NA,NA,3,0,FALSE,NA,Culberson County north of Van Horn,31.0899948119,-104.8198030574,200,NA,NA,NA,200,NA,open,FALSE,NA,NA,Red-spotted Toad,Anaxyrus punctatus,Red-spotted Toad,Amphibia,64984
133730,18860abf-e66c-4a7e-a702-d6694d1bedbe,2007-06-28,2007-06-28,NA,Central Time (US & Canada),9560,dianaterryhibbitts,Diana-Terry Hibbitts,2012-10-11 05:05:36 +0900,2017-09-26 02:45:37 +0900,research,CC-BY-NC,http://www.inaturalist.org/observations/133730,https://inaturalist-open-data.s3.amazonaws.com/photos/186604/medium.jpg,NA,NA,NA,2,0,FALSE,NA,Presidio County,30.5510374698,-104.6618944561,200,NA,NA,NA,200,NA,open,FALSE,NA,NA,Red-spotted Toad,Anaxyrus punctatus,Red-spotted Toad,Amphibia,64984
141625,b6770134-38d6-4d5e-86b1-ede04c621cba,2011-04-22,2011-04-22,NA,Central Time (US & Canada),10762,mkoch,Michelle Koch,2012-11-01 01:21:28 +0900,2017-09-26 02:47:49 +0900,research,CC-BY,http://www.inaturalist.org/observations/141625,https://inaturalist-open-data.s3.amazonaws.com/photos/196200/medium.jpg,NA,NA,Found near a small puddle under a flat rock with minimal moisture underneath.,2,0,FALSE,NA,Elephant Mountain WMA,30.0469542091,-103.5713249127,NA,NA,NA,NA,NA,NA,open,FALSE,NA,NA,Red-spotted Toad,Anaxyrus punctatus,Red-spotted Toad,Amphibia,64984
144090,aa5f0cd0-602b-49ea-ad7f-575337f34e50,2012-07-26,2012-07-26,NA,Central Time (US & Canada),10766,connor22,Connor Adams,2012-11-06 01:14:59 +0900,2016-05-25 03:34:50 +0900,research,NA,http://www.inaturalist.org/observations/144090,https://static.inaturalist.org/photos/199215/medium.jpg,NA,NA,NA,1,0,FALSE,NA,"Texas, US",29.3097998424,-104.1901445538,30,big bend ranch state park,29.3535656707,-104.0330892685,29508,obscured,open,TRUE,NA,NA,Anaxyrus punctatus,Anaxyrus punctatus,Red-spotted Toad,Amphibia,64984
227427,ac214597-199d-4e0b-89b2-58a4096be600,2013-03-31,2013-03-31,NA,Central Time (US & Canada),12720,shawm,Shaw McMahon,2013-04-02 13:37:13 +0900,2022-12-14 22:11:07 +0900,research,CC-BY-NC-SA,http://www.inaturalist.org/observations/227427,https://inaturalist-open-data.s3.amazonaws.com/photos/286267/medium.JPG,NA,NA,"I saw the toad in the first photo at about 8:30pm on a caliche road bordered on one side by grassland and on the other side by oak forest about 100ft away from a small house. This individual was about 5cm (SVL). At about 10:00pm, I saw a different individual (second photo) of a very similar size and in a very similar habitat (except for no house nearby) a couple miles away from the first toad . A storm had just past by, supplying heavy rain from about 4-5:30pm and bringing the temperature down to about 60°F. Cloud cover had receded to about 40%.",3,0,FALSE,NA,West Sabinal Road,29.6673793,-99.5809682,4596,NA,NA,NA,4596,NA,open,FALSE,NA,NA,Red-spotted Toad,Anaxyrus punctatus,Red-spotted Toad,Amphibia,64984
247843,40ce3a81-6890-4018-b30c-f615c7a18ae1,"April 27, 2013 4:34:30 PM CDT",2013-04-27,2013-04-28 06:34:30 +0900,Central Time (US & Canada),14134,omaralbertolopez,Omar Lopez,2013-04-29 07:59:13 +0900,2019-08-29 04:29:46 +0900,research,CC-BY-NC,http://www.inaturalist.org/observations/247843,https://inaturalist-open-data.s3.amazonaws.com/photos/309647/medium.jpg,NA,NA,"Found under large slab of rock in a very rocky, bushy area.",2,0,FALSE,2,"Brown County, US-TX, US",31.714014,-98.981205,3517,NA,NA,NA,3517,NA,open,FALSE,gps,gps,Red-spotted Toad,Anaxyrus punctatus,Red-spotted Toad,Amphibia,64984
250988,f604fad3-8dc1-4fd9-a52b-a1415695c612,2013-04-27,2013-04-27,NA,Central Time (US & Canada),12836,abbieih,Abbie Ince-Hendrickson,2013-05-02 03:01:05 +0900,2019-08-29 04:29:25 +0900,research,CC-BY-NC,http://www.inaturalist.org/observations/250988,https://inaturalist-open-data.s3.amazonaws.com/photos/312947/medium.JPG,NA,NA,NA,2,0,FALSE,NA,"Muse WMA, Brownwood, Tx.",31.894611,-98.863049,451,NA,NA,NA,451,NA,open,FALSE,NA,NA,Red-spotted Toad,Anaxyrus punctatus,Red-spotted Toad,Amphibia,64984
259654,ac667fc7-b716-49ff-af0b-cc9f6e3dd13b,Wed May 08 2013 20:55:17 GMT-0500 (CDT),2013-05-08,2013-05-09 10:55:17 +0900,Central Time (US & Canada),9560,dianaterryhibbitts,Diana-Terry Hibbitts,2013-05-09 11:10:28 +0900,2017-09-26 03:29:38 +0900,research,CC-BY-NC,http://www.inaturalist.org/observations/259654,https://inaturalist-open-data.s3.amazonaws.com/photos/322076/medium.jpg,NA,NA,Camp Wood Hills property 5 miles west Camp Wood in Edwards County,3,0,FALSE,NA,"County Rd-35, Barksdale, Texas, US",29.650333,-100.069667,20,NA,NA,NA,20,NA,open,FALSE,NA,NA,Red-spotted Toad,Anaxyrus punctatus,Red-spotted Toad,Amphibia,64984
269710,1d25a789-6625-4f6d-9a4a-eb3296d2ae6c,2013-05-15,2013-05-15,NA,Central Time (US & Canada),12720,shawm,Shaw McMahon,2013-05-17 07:45:24 +0900,2017-09-26 03:31:28 +0900,research,CC-BY-NC-SA,http://www.inaturalist.org/observations/269710,https://inaturalist-open-data.s3.amazonaws.com/photos/333679/medium.JPG,NA,NA,"These toads were found in amplexus at about 10:00pm in a caliche tank (~50 ft long, ~20ft wide) surrounded by grassland. An explosive breeding event was occurring due to 2 inches of rain the night before. These toads formed a chorus, along with B. nebulifer, G. olivaceus, and H. versicolor (with separate iNat observations). We saw 40-60 B. punctatus individuals at this tank, with similar sightings at nearby tanks (~.5 mile away). It was about 75° with ~10 mph wind.

Audio:https://soundcloud.com/shaw-mcmahon/explosive-chorus",1,0,FALSE,NA,West Sabinal Rd.,29.667379,-99.580968,4596,NA,NA,NA,4596,NA,open,FALSE,NA,NA,Bufo punctatus,Anaxyrus punctatus,Red-spotted Toad,Amphibia,64984
279667,06605cdc-d308-4353-a2e3-7b5dba5aeb54,2008-06-29 23:08:44,2008-06-29,2008-06-30 13:08:44 +0900,Central Time (US & Canada),5029,eurycea,Nathan Bendik,2013-05-28 02:46:22 +0900,2017-09-26 03:33:56 +0900,research,CC-BY,http://www.inaturalist.org/observations/279667,https://static.inaturalist.org/photos/346041/medium.jpg,NA,NA,on Smith Spring Trail at Guadalupe Mountains National Park,2,0,FALSE,NA,"Culberson, Texas, United States",31.9093883333,-104.8002883333,NA,NA,NA,NA,NA,NA,open,FALSE,NA,NA,Red-spotted Toad,Anaxyrus punctatus,Red-spotted Toad,Amphibia,64984
293551,88d45ebe-29d8-4992-9fc8-94597dcf0bd7,Sat Jun 08 2013 21:31:30 GMT-0500 (CDT),2013-06-08,2013-06-09 11:31:30 +0900,Central Time (US & Canada),9065,andygluesenkamp,andy gluesenkamp,2013-06-10 04:33:17 +0900,2017-09-26 03:38:12 +0900,research,CC-BY-NC,http://www.inaturalist.org/observations/293551,https://inaturalist-open-data.s3.amazonaws.com/photos/364567/medium.jpg,NA,NA,AOR at puddle on roadway.,2,0,FALSE,NA,Ranch Road 2627,29.618,-103.0205,10,NA,NA,NA,10,NA,open,FALSE,NA,NA,Red-spotted Toad,Anaxyrus punctatus,Red-spotted Toad,Amphibia,64984
309214,aa332bc1-921f-4b3d-aba3-01a0972dea2c,Fri Jun 21 2013 22:41:05 GMT-0500 (CDT),2013-06-21,2013-06-22 12:41:05 +0900,Central Time (US & Canada),2098,toby,Toby Hibbitts,2013-06-24 00:35:02 +0900,2017-04-24 12:37:30 +0900,research,NA,http://www.inaturalist.org/observations/309214,https://static.inaturalist.org/photos/383509/medium.jpg,NA,NA,NA,1,0,FALSE,NA,"Ranch Rd, Fort Davis, Texas, US",30.8198333333,-103.8346666667,5,NA,NA,NA,5,NA,open,FALSE,NA,NA,Red-spotted Toad,Anaxyrus punctatus,Red-spotted Toad,Amphibia,64984
309217,549a2c43-0e91-4844-90c2-706590b7fa7d,Fri Jun 21 2013 22:13:47 GMT-0500 (CDT),2013-06-21,2013-06-22 12:13:47 +0900,Central Time (US & Canada),2098,toby,Toby Hibbitts,2013-06-24 00:35:03 +0900,2017-04-24 12:37:04 +0900,research,NA,http://www.inaturalist.org/observations/309217,https://static.inaturalist.org/photos/383510/medium.jpg,NA,NA,NA,1,0,FALSE,NA,"Ranch Road 1832, Fort Davis, Texas, US",30.8093333333,-103.9213333333,5,NA,NA,NA,5,NA,open,FALSE,NA,NA,Red-spotted Toad,Anaxyrus punctatus,Red-spotted Toad,Amphibia,64984
313483,6473291e-7264-4cd4-be6c-4489af13dd11,2006-07-29,2006-07-29,NA,Central Time (US & Canada),9570,mduran,Mike Duran,2013-06-27 23:38:12 +0900,2024-09-06 00:31:46 +0900,research,NA,http://www.inaturalist.org/observations/313483,https://static.inaturalist.org/photos/389029/medium.jpg,NA,NA,NA,3,0,FALSE,NA,Big Bend Natl. Park,29.347467,-103.075447,1000,NA,NA,NA,1000,NA,open,FALSE,NA,NA,Red-spotted Toad,Anaxyrus punctatus,Red-spotted Toad,Amphibia,64984
319712,907dacb9-da61-41a1-a041-19fe26757b14,2013-06-03 22:37:51,2013-06-03,2013-06-04 12:37:51 +0900,Central Time (US & Canada),6690,sandboa,Chris Harrison,2013-07-04 06:06:18 +0900,2024-10-28 22:21:15 +0900,research,CC-BY,http://www.inaturalist.org/observations/319712,https://inaturalist-open-data.s3.amazonaws.com/photos/397639/medium.jpg,https://static.inaturalist.org/sounds/932620.wav?1710696386,"Red-spotted Toad, Anaxyrus punctatus",NA,1,0,FALSE,NA,16 air miles SSW of Junction,30.316114,-99.940393,NA,NA,NA,NA,NA,NA,open,FALSE,NA,NA,Red-spotted Toad,Anaxyrus punctatus,Red-spotted Toad,Amphibia,64984
327123,1937b351-1424-4691-931f-679b4a9ba3b5,Tue Jul 09 2013 21:30:51 GMT-0600 (MDT),2013-07-09,2013-07-10 12:30:51 +0900,Mountain Time (US & Canada),2098,toby,Toby Hibbitts,2013-07-10 20:35:27 +0900,2021-03-13 02:27:10 +0900,research,NA,http://www.inaturalist.org/observations/327123,https://static.inaturalist.org/photos/407336/medium.jpg,NA,NA,NA,2,0,FALSE,3,"TX-166, Fort Davis, Texas, US",30.6585,-104.2535,5,NA,NA,NA,5,NA,open,FALSE,NA,NA,Red-spotted Toad,Anaxyrus punctatus,Red-spotted Toad,Amphibia,64984
350316,6cb16043-68d3-46bc-ba0b-6cfd0566f706,6/09/2013 00:23:00,2013-06-09,2013-06-09 14:23:00 +0900,Central Time (US & Canada),9366,chris_mcmartin,Chris McMartin,2013-07-30 03:11:45 +0900,2017-09-26 03:50:34 +0900,research,CC-BY-NC,http://www.inaturalist.org/observations/350316,https://inaturalist-open-data.s3.amazonaws.com/photos/436735/medium.jpg,NA,NA,"""Quantity= 6, County was Presidio County, Coordinates Derived from GPS using WGS84 datum, Observation was Heard, Specimen age Adult, , Sex Both, Elevation (ft):  2715, Moon Phase:  New Moon, Sky Condition unknown, Air Temp (F):  84, Surface Temp (F):  unknown, Pressure (in Hg):  29.7934153341104, Relative Humidity (percent):  35, Habitat Ephemeral Desert Puddle, Search Time (minutes):  280, There were six toads spaced around a temporal pool approximately 30 feet by 50 feet.  Water temperature was 76 deg F.  Wind E 4mph.  All weather data recorded on location., other observers:  Michael Price.""",1,0,FALSE,NA,River Road,29.321731,-104.007061,10,NA,NA,NA,10,NA,open,FALSE,NA,NA,Red-spotted Toad,Anaxyrus punctatus,Red-spotted Toad,Amphibia,64984
350318,e3c234a7-9b9b-4580-ba13-21e50d5fa506,6/09/2013 00:29:00,2013-06-09,2013-06-09 14:29:00 +0900,Central Time (US & Canada),9366,chris_mcmartin,Chris McMartin,2013-07-30 03:11:50 +0900,2018-04-01 03:16:51 +0900,research,CC-BY-NC,http://www.inaturalist.org/observations/350318,https://inaturalist-open-data.s3.amazonaws.com/photos/436737/medium.jpg,NA,NA,"""Quantity= 100, County was Presidio County, Coordinates Derived from GPS using WGS84 datum, Observation was Visual encounter, Specimen age Varying, , Sex Both, Elevation (ft):  2698, Moon Phase:  New Moon, Sky Condition unknown, Air Temp (F):  84, Surface Temp (F):  unknown, Pressure (in Hg):  29.7935724805874, Relative Humidity (percent):  35, Habitat Ephemeral Desert Puddle, Search Time (minutes):  290, Water temperature 76 deg F.  Wind E 4mph.  All weather data recorded on location.  Two adults and at least 100 tadpoles were observed., other observers:  Michael Price.""",1,0,FALSE,NA,River Road,29.321581,-104.006722,10,NA,NA,NA,10,NA,open,FALSE,NA,NA,Red-spotted Toad,Anaxyrus punctatus,Red-spotted Toad,Amphibia,64984
356688,e039ab4b-9aee-4acd-a2e3-26aba2c653fd,2013-08-04 11:35:17,2013-08-04,2013-08-05 01:35:17 +0900,Central Time (US & Canada),10553,jonahevans,Jonah Evans,2013-08-05 06:29:49 +0900,2017-09-26 03:52:22 +0900,research,CC-BY,http://www.inaturalist.org/observations/356688,https://static.inaturalist.org/photos/445051/medium.jpg,NA,NA,Little feller,2,0,FALSE,NA,"Brewster, Texas, United States",29.5479388889,-103.6219861111,20,NA,NA,NA,20,NA,open,FALSE,NA,NA,Red-spotted Toad,Anaxyrus punctatus,Red-spotted Toad,Amphibia,64984
357337,c7abfb86-07dc-4ec4-a88b-c9b32cf160e2,Mon Aug 05 2013 00:32:24 GMT-0500 (CDT),2013-08-05,2013-08-05 14:32:24 +0900,Central Time (US & Canada),9370,skystevens,NA,2013-08-06 00:44:25 +0900,2017-09-26 03:52:31 +0900,research,CC-BY-NC,http://www.inaturalist.org/observations/357337,https://inaturalist-open-data.s3.amazonaws.com/photos/445953/medium.jpg,NA,NA,"32% humidity
93*F
27.38inHg
",2,0,FALSE,3,NA,29.293059,-103.84549,5,NA,NA,NA,5,NA,open,FALSE,NA,NA,Anaxyrus punctatus,Anaxyrus punctatus,Red-spotted Toad,Amphibia,64984
358629,a93dafa5-c451-4acc-8ebc-bf70e4811e8a,2013-06-09  22:28,2013-06-09,2013-06-10 12:28:00 +0900,Central Time (US & Canada),16534,nowcolorado,NA,2013-08-07 03:43:40 +0900,2017-09-26 03:52:48 +0900,research,CC-BY-NC,http://www.inaturalist.org/observations/358629,https://inaturalist-open-data.s3.amazonaws.com/photos/447548/medium.JPG,NA,"population, many","wp 20
population
many",3,0,FALSE,NA,NA,29.881233333,-102.102483333,NA,NA,NA,NA,NA,NA,open,FALSE,NA,NA,Red-spotted Toad,Anaxyrus punctatus,Red-spotted Toad,Amphibia,64984
380126,d383a92f-e12a-4c2f-9876-3f42b3b4c2fe,2013-08-02,2013-08-02,NA,Central Time (US & Canada),12738,raindrops,Emily Powell,2013-08-28 05:44:10 +0900,2022-12-05 07:53:49 +0900,research,CC-BY-NC,http://www.inaturalist.org/observations/380126,https://inaturalist-open-data.s3.amazonaws.com/photos/475237/medium.jpg,NA,NA,NA,3,0,FALSE,NA,Seminole Canyon,29.696105,-101.321433,300,NA,NA,NA,300,NA,open,FALSE,NA,NA,Red-spotted Toad,Anaxyrus punctatus,Red-spotted Toad,Amphibia,64984
434115,0ec81178-3042-4d7e-a530-a7854cbd9d6d,Sat Oct 19 2013 10:36:35 GMT-0500 (CDT),2013-10-19,2013-10-20 00:36:35 +0900,Central Time (US & Canada),10553,jonahevans,Jonah Evans,2013-10-20 09:17:15 +0900,2017-09-26 04:15:11 +0900,research,CC-BY,http://www.inaturalist.org/observations/434115,https://static.inaturalist.org/photos/546984/medium.jpg,NA,NA,NA,3,0,FALSE,3,"Big Bend National Park, Brewster County, US-TX, US",29.141246,-103.528949,5,NA,NA,NA,5,NA,open,FALSE,NA,NA,Red-spotted Toad,Anaxyrus punctatus,Red-spotted Toad,Amphibia,64984
447480,4cd9abb3-1279-4a4d-a5ac-300cde863969,Thu Jun 27 2013 20:29:13 GMT-0500 (CDT),2013-06-27,2013-06-28 10:29:13 +0900,Central Time (US & Canada),23016,knightericm,Eric Knight,2013-11-04 13:04:25 +0900,2024-10-23 00:13:54 +0900,research,CC-BY-NC,http://www.inaturalist.org/observations/447480,https://inaturalist-open-data.s3.amazonaws.com/photos/564226/medium.jpg,NA,NA,NA,1,0,FALSE,3,"Caprock Canyons State Park, Quitaque, Texas, US",34.442145,-101.060325,NA,NA,NA,NA,NA,NA,open,FALSE,NA,NA,Bufo punctatus,Anaxyrus punctatus,Red-spotted Toad,Amphibia,64984
498889,b9c4e94b-8506-4549-9196-b27489e3b5e9,1985-06-20,1985-06-20,NA,Central Time (US & Canada),27034,ptexis,David G. Barker,2014-01-12 02:34:00 +0900,2017-09-26 04:41:40 +0900,research,CC-BY-NC,http://www.inaturalist.org/observations/498889,https://inaturalist-open-data.s3.amazonaws.com/photos/634659/medium.jpg,NA,"herp, amphibian, Jeff Davis County, Texas",NA,2,0,FALSE,NA,"Fort Davis, Texas",30.606755,-103.890935,457,NA,NA,NA,457,NA,open,FALSE,NA,NA,Red-spotted Toad,Anaxyrus punctatus,Red-spotted Toad,Amphibia,64984
687314,5c868c9f-b450-478d-800b-6b46d87ec29f,Sun May 18 2014 01:21:29 GMT-0500 (CDT),2014-05-18,2014-05-18 15:21:29 +0900,Central Time (US & Canada),31663,l_sanford,NA,2014-05-20 13:20:17 +0900,2017-09-26 05:46:04 +0900,research,CC-BY-NC,http://www.inaturalist.org/observations/687314,https://inaturalist-open-data.s3.amazonaws.com/photos/864182/medium.jpg,NA,NA,NA,1,0,FALSE,3,"10600–11284 Bandera Creek Rd, Tarpley, TX, US",29.627579,-99.181135,172,NA,NA,NA,172,NA,open,FALSE,NA,NA,Bufo punctatus,Anaxyrus punctatus,Red-spotted Toad,Amphibia,64984
691172,d01d6d70-13da-44b9-8000-9c35629f5be4,2009-06-15,2009-06-15,NA,Hawaii,3179,rrommel,NA,2014-05-22 09:32:48 +0900,2017-09-26 05:48:04 +0900,research,NA,http://www.inaturalist.org/observations/691172,https://static.inaturalist.org/photos/868511/medium.jpg,NA,NA,NA,2,0,FALSE,NA,Palo Duro Canyon State Park,34.932219,-101.655211,7154,NA,NA,NA,7154,NA,open,FALSE,NA,NA,Red-spotted Toad,Anaxyrus punctatus,Red-spotted Toad,Amphibia,64984
698778,0c7d5b72-3bcf-4e4f-8ac3-654141feb530,2014-05-23 10:41:02,2014-05-23,2014-05-24 00:41:02 +0900,Central Time (US & Canada),18994,johnkarges,John Karges,2014-05-26 14:47:14 +0900,2015-05-13 11:29:04 +0900,research,CC-BY-NC,http://www.inaturalist.org/observations/698778,https://inaturalist-open-data.s3.amazonaws.com/photos/876598/medium.JPG,NA,"Texas, Jeff Davis County, Davis Mountains Preserve (TNC private property), Red-spotted Toad, Anaxyrus punctatus","Juvenile toad on sand and gravel bank of permanent pool in Madera Canyon floor. Down on photo by me, lateral photo by J. Ferrato
N30.74403 W-104.04866",1,0,FALSE,NA,"Davis Mountains Preserve, Jeff Davis County, Texas",30.74403,-104.04866,10,NA,NA,NA,10,NA,open,FALSE,NA,NA,Red-spotted Toad,Anaxyrus punctatus,Red-spotted Toad,Amphibia,64984
701806,d13bfdb0-fe50-4572-a8c6-5d41db064593,Mon May 26 2014 13:20:16 GMT-0500 (CDT),2014-05-26,2014-05-27 03:20:16 +0900,Central Time (US & Canada),9560,dianaterryhibbitts,Diana-Terry Hibbitts,2014-05-28 07:37:28 +0900,2017-09-26 05:51:08 +0900,research,CC-BY-NC,http://www.inaturalist.org/observations/701806,https://inaturalist-open-data.s3.amazonaws.com/photos/880248/medium.jpg,NA,"tpads. amphibians, anura, Red-spotted Toad, Anaxyrus punctatus",Found under sheet metal.,1,0,FALSE,3,"County Road 35, Barksdale, TX, US",29.650487,-100.068475,10,NA,NA,NA,10,NA,open,FALSE,NA,NA,Red-spotted Toad,Anaxyrus punctatus,Red-spotted Toad,Amphibia,64984
701812,fc254032-b55e-4623-8acd-76640c439646,Mon May 26 2014 23:03:14 GMT-0500 (CDT),2014-05-26,2014-05-27 13:03:14 +0900,Central Time (US & Canada),9560,dianaterryhibbitts,Diana-Terry Hibbitts,2014-05-28 07:40:08 +0900,2024-08-03 10:39:16 +0900,research,CC-BY-NC,http://www.inaturalist.org/observations/701812,https://inaturalist-open-data.s3.amazonaws.com/photos/880255/medium.jpg,https://static.inaturalist.org/sounds/1354.wav?1502825208,"toads, amphibians, anura, Red-spotted Toad, Anaxyrus punctatus",Calling from temporary pool.,1,0,FALSE,3,"County Road 35, Barksdale, TX, US",29.651675,-100.069472,10,NA,NA,NA,10,NA,open,FALSE,NA,NA,Red-spotted Toad,Anaxyrus punctatus,Red-spotted Toad,Amphibia,64984
704390,111b0444-b088-4326-9311-78c701721c72,Mon May 26 2014 02:44:16 GMT-0500 (CDT),2014-05-26,2014-05-26 16:44:16 +0900,Central Time (US & Canada),10766,connor22,Connor Adams,2014-05-29 10:32:59 +0900,2016-05-25 03:39:41 +0900,research,NA,http://www.inaturalist.org/observations/704390,https://static.inaturalist.org/photos/883186/medium.jpg,NA,NA,NA,1,0,FALSE,3,"Big Bend National Park, Big Bend National Park, Texas, US",29.1968333333,-102.9945,30,NA,NA,NA,30,NA,open,FALSE,NA,NA,Red-spotted Toad,Anaxyrus punctatus,Red-spotted Toad,Amphibia,64984
718227,02b81ad1-283f-4670-8483-4707f3d558ee,2014-05-30 21:31:34,2014-05-30,2014-05-31 11:31:34 +0900,Central Time (US & Canada),2281,cullen,Cullen Hanks,2014-06-05 13:52:22 +0900,2017-09-26 05:56:34 +0900,research,CC0,http://www.inaturalist.org/observations/718227,https://inaturalist-open-data.s3.amazonaws.com/photos/902803/medium.jpg,NA,NA,Snake Days,1,0,FALSE,NA,"Pecos, Texas, United States",30.28341,-102.6922866667,25,NA,NA,NA,25,NA,open,FALSE,NA,NA,Red-spotted Toad,Anaxyrus punctatus,Red-spotted Toad,Amphibia,64984
718231,e52a9d0b-aa69-4e12-8f14-09fb6af26b62,2014-05-30 21:42:05,2014-05-30,2014-05-31 11:42:05 +0900,Central Time (US & Canada),2281,cullen,Cullen Hanks,2014-06-05 13:52:33 +0900,2017-09-26 05:56:34 +0900,research,CC0,http://www.inaturalist.org/observations/718231,https://inaturalist-open-data.s3.amazonaws.com/photos/902807/medium.jpg,NA,NA,Snake Days,2,0,FALSE,NA,"Pecos, Texas, United States",30.2846516667,-102.6989266667,25,NA,NA,NA,25,NA,open,FALSE,NA,NA,Red-spotted Toad,Anaxyrus punctatus,Red-spotted Toad,Amphibia,64984
720584,278828ab-49ac-4fcb-987b-e8f3d3c0fa9a,Mon May 26 2014 02:53:17 GMT-0500 (CDT),2014-05-26,2014-05-26 16:53:17 +0900,Central Time (US & Canada),18730,garrettt331,Hotchkis Dingleberry,2014-06-07 01:15:50 +0900,2024-12-28 00:10:22 +0900,research,CC-BY-NC,http://www.inaturalist.org/observations/720584,https://inaturalist-open-data.s3.amazonaws.com/photos/905720/medium.jpg,NA,NA,NA,2,0,FALSE,3,"Big Bend National Park, Big Bend National Park, TX, US",29.2023033333,-102.9787916667,NA,NA,NA,NA,NA,NA,open,FALSE,NA,NA,Red-spotted Toad,Anaxyrus punctatus,Red-spotted Toad,Amphibia,64984
745112,74423a4f-7df2-4087-9e4c-36544bc17b7a,2012-09-29,2012-09-29,NA,Central Time (US & Canada),40151,david_h,David Harkins,2014-06-20 04:01:41 +0900,2017-09-26 06:03:48 +0900,research,CC-BY-NC,http://www.inaturalist.org/observations/745112,https://inaturalist-open-data.s3.amazonaws.com/photos/936783/medium.jpg,NA,NA,Caught after dark after an all-day rain.,2,0,FALSE,NA,"Stephens County, US-TX, US",32.859863,-98.592721,NA,NA,NA,NA,NA,NA,open,FALSE,NA,NA,Red-spotted Toad,Anaxyrus punctatus,Red-spotted Toad,Amphibia,64984
746062,6a790ac2-592e-4ff4-9008-75d483dadad7,Thu Jun 19 2014 21:35:23 GMT-0500 (CDT),2014-06-19,2014-06-20 11:35:23 +0900,Central Time (US & Canada),19051,mfontenot22,Mallory L. Fontenot,2014-06-20 17:40:35 +0900,2017-09-26 06:04:07 +0900,research,CC-BY-NC,http://www.inaturalist.org/observations/746062,https://inaturalist-open-data.s3.amazonaws.com/photos/937940/medium.jpg,NA,NA,NA,2,0,FALSE,3,NA,29.4953333333,-102.8765,NA,NA,NA,NA,NA,NA,open,FALSE,NA,NA,Red-spotted Toad,Anaxyrus punctatus,Red-spotted Toad,Amphibia,64984
746253,c2a90695-9c7f-41a6-badc-411eda550b95,Thu Jun 19 2014 21:34:58 GMT-0500 (CDT),2014-06-19,2014-06-20 11:34:58 +0900,Central Time (US & Canada),18946,croelke,Corey Roelke,2014-06-21 00:13:32 +0900,2017-09-26 06:04:09 +0900,research,NA,http://www.inaturalist.org/observations/746253,https://static.inaturalist.org/photos/938148/medium.jpg,NA,NA,NA,1,0,FALSE,3,"RM 2627, Big Bend National Park, TX, US",29.4953783333,-102.876595,NA,NA,NA,NA,NA,NA,open,FALSE,NA,NA,Anaxyrus punctatus,Anaxyrus punctatus,Red-spotted Toad,Amphibia,64984
759730,8c047183-721a-4bde-acf1-b56f731d694c,2014-06-29,2014-06-29,NA,Central Time (US & Canada),9531,kucycads,Kenneth Bader,2014-06-30 07:11:36 +0900,2021-06-01 02:39:40 +0900,research,CC-BY-NC,http://www.inaturalist.org/observations/759730,https://inaturalist-open-data.s3.amazonaws.com/photos/954929/medium.JPG,NA,NA,"many toadlets were found in the morning
",3,0,FALSE,NA,Enchanted Rock State Natural Area,30.503738,-98.820245,1382,NA,NA,NA,1382,NA,open,FALSE,NA,NA,Red-spotted Toad,Anaxyrus punctatus,Red-spotted Toad,Amphibia,64984
770468,c12c80fb-e38b-4b9e-9883-2ab804c881ea,2014-06-20 22:41,2014-06-20,2014-06-21 12:41:00 +0900,Central Time (US & Canada),9366,chris_mcmartin,Chris McMartin,2014-07-06 02:55:52 +0900,2018-06-18 05:03:43 +0900,research,CC-BY-NC,http://www.inaturalist.org/observations/770468,https://inaturalist-open-data.s3.amazonaws.com/photos/967884/medium.jpg,NA,NA,"""Method:  Road cruising; Adult; Elevation (ft):  2762; Moon:  Last Quarter; Sky:  Clear; Air Temp (F):  72; Other Observers:  Michael Price, Nicholas Price, Nolan Price""",2,0,FALSE,NA,"""CR 2463""",31.2991,-102.1319,NA,NA,NA,NA,NA,NA,open,FALSE,NA,NA,Red-spotted Toad,Anaxyrus punctatus,Red-spotted Toad,Amphibia,64984
772900,7cbf685e-8997-42ac-968d-b394761ec708,Sun Jul 06 2014 04:53:28 GMT-0500 (CDT),2014-07-06,2014-07-06 18:53:28 +0900,Central Time (US & Canada),10766,connor22,Connor Adams,2014-07-07 16:41:16 +0900,2015-05-13 12:32:49 +0900,research,NA,http://www.inaturalist.org/observations/772900,https://static.inaturalist.org/photos/970777/medium.jpg,NA,NA,DOR,1,0,FALSE,3,"US-385 N, Marathon, Texas, US",29.9641666667,-103.257,30,NA,NA,NA,30,NA,open,FALSE,NA,NA,Red-spotted Toad,Anaxyrus punctatus,Red-spotted Toad,Amphibia,64984
776247,140767e8-c968-4ff4-a003-fb52bdc1929d,2014-06-20 21:22,2014-06-20,2014-06-21 11:22:00 +0900,Central Time (US & Canada),36961,choma,NA,2014-07-10 03:56:35 +0900,2017-09-26 06:13:54 +0900,research,CC-BY-NC,http://www.inaturalist.org/observations/776247,https://inaturalist-open-data.s3.amazonaws.com/photos/975212/medium.JPG,NA,NA,"Observed on hillside at approximately 5,700ft. in the Davis Mountains State Park",1,0,FALSE,NA,davis mountains state park,30.607583,-103.922076,7,NA,NA,NA,7,NA,open,FALSE,NA,NA,Red-spotted Toad,Anaxyrus punctatus,Red-spotted Toad,Amphibia,64984
782499,6a39e107-1c6e-4535-a28c-8132030f0b15,2014-07-11 9:48:54 PM CDT,2014-07-11,2014-07-12 11:48:54 +0900,Central Time (US & Canada),21358,rangernaty,Natasha Moore,2014-07-14 08:33:51 +0900,2018-07-18 02:10:45 +0900,research,CC-BY-NC,http://www.inaturalist.org/observations/782499,https://inaturalist-open-data.s3.amazonaws.com/photos/983164/medium.jpg,NA,NA,herps where out after an evening rain shower.  Sorry I should have gotten better pictures.  The back as I remember it didn't have a pattern solid brown and no noticeable raised bumps. But he had dry skin rough skin.,2,0,FALSE,2,"Big Bend National Park, Brewster County, US-TX, US",29.32263157,-103.21135532,7,NA,NA,NA,7,NA,open,FALSE,gps,gps,Red-spotted Toad,Anaxyrus punctatus,Red-spotted Toad,Amphibia,64984
786637,55ebd1ad-fb4d-4172-9c18-0919442b6f74,2013-07-27 23:11:17,2013-07-27,2013-07-28 13:11:17 +0900,Central Time (US & Canada),43772,gtsalmon,Gerry Salmon,2014-07-16 11:17:22 +0900,2024-09-24 09:24:38 +0900,research,CC-BY-NC,http://www.inaturalist.org/observations/786637,https://inaturalist-open-data.s3.amazonaws.com/photos/988547/medium.JPG,NA,NA,AOR on Hwy 90. Imaged only. GTS 1731.,1,0,FALSE,NA,"Brewster, Texas, United States",30.184123,-102.839011,3,NA,NA,NA,3,NA,open,FALSE,NA,NA,Red-spotted Toad,Anaxyrus punctatus,Red-spotted Toad,Amphibia,64984
809430,9d85ded7-1b0f-4288-b760-2544610332de,2014-07-22 21:56:23,2014-07-22,2014-07-23 11:56:23 +0900,Central Time (US & Canada),18994,johnkarges,John Karges,2014-07-31 04:19:20 +0900,2015-05-13 11:26:49 +0900,research,CC-BY-NC,http://www.inaturalist.org/observations/809430,https://inaturalist-open-data.s3.amazonaws.com/photos/1020496/medium.jpg,NA,"Texas, Jeff Davis County, Davis Mountains Preserve (TNC private property), Red-spotted Toad, Anaxyrus punctatus","Subadult red-spotted toad active at TNC's McIvor Conservation Center bldg. Recent rains had spurred breeding choruses in nearby Madera Creek and this individual may have metamorphosed with the recent few weeks.
N30.70085 W-104.11469",2,0,FALSE,NA,"Davis Mountains Preserve, Jeff Davis County, Texas, United States",30.70085,-104.11469,10,NA,NA,NA,10,NA,open,FALSE,NA,NA,Red-spotted Toad,Anaxyrus punctatus,Red-spotted Toad,Amphibia,64984
810682,36623d47-3cac-44c3-a09d-c246b777e2ec,2014-03-20,2014-03-20,NA,Central Time (US & Canada),22379,markklym,NA,2014-08-01 04:34:07 +0900,2017-09-26 06:24:00 +0900,research,CC-BY-NC,http://www.inaturalist.org/observations/810682,https://inaturalist-open-data.s3.amazonaws.com/photos/1022195/medium.JPG,NA,NA,NA,3,0,FALSE,NA,"Fort Davis, TX",30.558589,-103.841208,3,NA,NA,NA,3,NA,open,FALSE,NA,NA,Red-spotted Toad,Anaxyrus punctatus,Red-spotted Toad,Amphibia,64984
830836,c831173d-af9e-4191-b5d1-7df7aed683e3,2014-07-23,2014-07-23,NA,Central Time (US & Canada),18994,johnkarges,John Karges,2014-08-15 01:13:28 +0900,2015-05-13 12:46:26 +0900,research,CC-BY-NC,http://www.inaturalist.org/observations/830836,https://inaturalist-open-data.s3.amazonaws.com/photos/1050397/medium.jpg,NA,"Texas, Jeff Davis County, Davis Mountains Preserve (TNC private property), Red-spotted Toad, Anaxyrus punctatus","Adult active on gravel road after dark in oak-pinyon-juniper savanna in Right Hand Canyon on TNC's Davis Mountains Preserve.
N30.69656 W-104.12519",1,0,FALSE,NA,"Davis Mountains Preserve, Jeff Davis County, Texas, United States",30.69656,-104.12519,5,NA,NA,NA,5,NA,open,FALSE,NA,NA,Red-spotted Toad,Anaxyrus punctatus,Red-spotted Toad,Amphibia,64984
842972,7dd9109e-77ca-4b98-bcdd-1bc987908f03,2014-08-18 1:35:30 PM CDT,2014-08-18,2014-08-19 03:35:30 +0900,Central Time (US & Canada),16488,dneuharth,Dalton Neuharth,2014-08-23 09:28:04 +0900,2016-12-08 23:43:06 +0900,research,CC-BY-NC,http://www.inaturalist.org/observations/842972,https://inaturalist-open-data.s3.amazonaws.com/photos/1076321/medium.jpg,NA,NA,Froglet,1,0,FALSE,2,Big Bend National Park,29.17592,-103.001246,431,NA,NA,NA,431,NA,open,FALSE,NA,NA,Red-spotted Toad,Anaxyrus punctatus,Red-spotted Toad,Amphibia,64984
846134,560c4bde-e871-494c-97f6-264c119e886c,Sat Aug 23 2014 01:37:47 GMT-0500 (CDT),2014-08-23,2014-08-23 15:37:47 +0900,Central Time (US & Canada),2098,toby,Toby Hibbitts,2014-08-25 06:24:12 +0900,2017-04-24 09:26:59 +0900,research,NA,http://www.inaturalist.org/observations/846134,https://static.inaturalist.org/photos/1071364/medium.jpg,NA,NA,NA,1,0,FALSE,3,"RM 1832, Fort Davis, TX, US",30.8059083333,-103.9125366667,NA,NA,NA,NA,NA,NA,open,FALSE,NA,NA,Red-spotted Toad,Anaxyrus punctatus,Red-spotted Toad,Amphibia,64984
846135,d405ef49-4ce7-46fa-b0a1-2170dcc9aec3,Sat Aug 23 2014 01:38:24 GMT-0500 (CDT),2014-08-23,2014-08-23 15:38:24 +0900,Central Time (US & Canada),2098,toby,Toby Hibbitts,2014-08-25 06:24:22 +0900,2017-04-24 09:19:31 +0900,research,NA,http://www.inaturalist.org/observations/846135,https://static.inaturalist.org/photos/1071363/medium.jpg,NA,NA,NA,1,0,FALSE,3,"RM 1832, Fort Davis, TX, US",30.8059216667,-103.9127883333,NA,NA,NA,NA,NA,NA,open,FALSE,NA,NA,Red-spotted Toad,Anaxyrus punctatus,Red-spotted Toad,Amphibia,64984
856446,a1ef55cc-9c95-44fa-b7b8-7599dd431137,Sun Aug 31 2014 16:06:16 GMT-0500 (CDT),2014-08-31,2014-09-01 06:06:16 +0900,Central Time (US & Canada),19051,mfontenot22,Mallory L. Fontenot,2014-09-01 09:40:36 +0900,2017-09-26 06:36:46 +0900,research,CC-BY-NC,http://www.inaturalist.org/observations/856446,https://inaturalist-open-data.s3.amazonaws.com/photos/1085681/medium.jpg,NA,NA,NA,2,0,FALSE,3,NA,30.7056666667,-104.1006666667,NA,NA,NA,NA,NA,NA,open,FALSE,NA,NA,Red-spotted Toad,Anaxyrus punctatus,Red-spotted Toad,Amphibia,64984
861372,99fcdb15-4254-43a2-b224-984749b6e7dc,Wed Sep 03 2014 21:04:30 GMT-0500 (CDT),2014-09-03,2014-09-04 11:04:30 +0900,Central Time (US & Canada),9370,skystevens,NA,2014-09-05 02:29:12 +0900,2017-09-26 06:38:07 +0900,research,CC-BY-NC,http://www.inaturalist.org/observations/861372,https://inaturalist-open-data.s3.amazonaws.com/photos/1092771/medium.jpg,NA,NA,NA,2,0,FALSE,3,"Brewster County, US-TX, US",30.36542,-103.738391,5,NA,NA,NA,5,NA,open,FALSE,NA,NA,Red-spotted Toad,Anaxyrus punctatus,Red-spotted Toad,Amphibia,64984
875258,6bcd1c73-0a55-472d-b408-24fa95dcd8af,2014-09-07 10:34:21,2014-09-07,2014-09-08 00:34:21 +0900,Central Time (US & Canada),18994,johnkarges,John Karges,2014-09-14 13:31:05 +0900,2016-10-26 06:23:13 +0900,research,CC-BY-NC,http://www.inaturalist.org/observations/875258,https://inaturalist-open-data.s3.amazonaws.com/photos/1110686/medium.jpg,NA,"Texas, Jeff Davis County, Davis Mountains Preserve (TNC private property), Red-spotted Toad, Anaxyrus punctatus","Pair of adults beneath a sheet of tin. Each in a cavity it had created in the soil. 
N30.70897 W-104.09654

USNM specimens",2,0,FALSE,NA,"Davis Mountains Preserve, Jeff Davis County, Texas, United States",30.70897,-104.09654,5,NA,NA,NA,5,NA,open,FALSE,NA,NA,Red-spotted Toad,Anaxyrus punctatus,Red-spotted Toad,Amphibia,64984
881744,219b5311-e779-4cc2-b548-82c70afa3064,2013-04-04 22:00:56,2013-04-04,2013-04-05 12:00:56 +0900,Central Time (US & Canada),18994,johnkarges,John Karges,2014-09-18 01:57:30 +0900,2016-07-12 01:53:00 +0900,research,CC-BY-NC,http://www.inaturalist.org/observations/881744,https://inaturalist-open-data.s3.amazonaws.com/photos/1119399/medium.jpg,NA,"Texas, Val Verde County, Dolan Falls Preserve (TNC private property), Red-spotted Toad, Anaxyrus punctatus, Bufo punctatus","Adult active on limestone bedrock of arroyo bottom at permanent spring-fed pool, along with Rio Grande Leopard Frogs.
N29.89404 W-101.013817",2,0,FALSE,NA,"Dolan Falls Preserve, Val Verde County, Texas, United States",29.89404,-101.013817,10,NA,NA,NA,10,NA,open,FALSE,NA,NA,Red-spotted Toad,Anaxyrus punctatus,Red-spotted Toad,Amphibia,64984
881747,5883e5db-009c-49ef-b2fb-7ba26925401f,2013-07-31 23:41:12,2013-07-31,2013-08-01 13:41:12 +0900,Central Time (US & Canada),18994,johnkarges,John Karges,2014-09-18 02:04:36 +0900,2015-05-13 12:32:25 +0900,research,CC-BY-NC,http://www.inaturalist.org/observations/881747,https://inaturalist-open-data.s3.amazonaws.com/photos/1119403/medium.jpg,NA,"Texas, Jeff Davis County, Red-spotted Toad, Anaxyrus punctatus, Bufo punctatus","Adult active around ranch facilities after dark. Private ranch.
N30.67729 W-103.83738",2,0,FALSE,NA,"Davis Mountains, Jeff Davis County, Texas, United States",30.67729,-103.83738,5,NA,NA,NA,5,NA,open,FALSE,NA,NA,Red-spotted Toad,Anaxyrus punctatus,Red-spotted Toad,Amphibia,64984
889039,38779ed6-7bfe-4075-87c3-bfcd57fc9dc1,2014-09-21,2014-09-21,NA,Mountain Time (US & Canada),53848,jennylynn1989,Jennifer Jackson,2014-09-22 12:06:05 +0900,2017-09-26 06:46:56 +0900,research,CC-BY-NC,http://www.inaturalist.org/observations/889039,https://inaturalist-open-data.s3.amazonaws.com/photos/1129288/medium.JPG,NA,"Toad, McKelligon Canyon",Viewed 19:38 along gravel path. Light rain in the canyon.,3,1,FALSE,NA,Franklin Mountain State Park,31.84312,-106.486893,7,NA,NA,NA,7,NA,open,FALSE,NA,NA,Red-spotted Toad,Anaxyrus punctatus,Red-spotted Toad,Amphibia,64984
890289,943704a8-d344-4c63-adb3-ccfb5361beb6,2014-09-02,2014-09-02,NA,Central Time (US & Canada),18994,johnkarges,John Karges,2014-09-23 07:13:31 +0900,2015-05-13 11:25:19 +0900,research,CC-BY-NC,http://www.inaturalist.org/observations/890289,https://inaturalist-open-data.s3.amazonaws.com/photos/1131179/medium.jpg,NA,"Texas, Jeff Davis County, Davis Mountains Preserve (TNC private property), Red-spotted Toad, Anaxyrus punctatus","Adult red-spotted toad beneath tin in former ranch headquarters area.
N30.708541 W-104.096571",2,0,FALSE,NA,"Davis Mountains Preserve, Jeff Davis County, Texas, United States",30.708541,-104.096571,5,NA,NA,NA,5,NA,open,FALSE,NA,NA,Red-spotted Toad,Anaxyrus punctatus,Red-spotted Toad,Amphibia,64984
892866,3e2ba730-572a-4611-a668-dcb06e9d394d,2014-09-24,2014-09-24,NA,Mountain Time (US & Canada),53848,jennylynn1989,Jennifer Jackson,2014-09-25 01:15:56 +0900,2019-07-08 08:52:52 +0900,research,CC-BY-NC,http://www.inaturalist.org/observations/892866,https://inaturalist-open-data.s3.amazonaws.com/photos/1134719/medium.JPG,NA,"Red-Spotted Toad, Chihuahua Desert","Viewed at 19:57. Was only able to view for a couple of minutes, moved to brush to get away from spotlight.",3,0,FALSE,NA,"El Paso County, US-TX, US",31.877463,-106.493538,9,NA,NA,NA,9,NA,open,FALSE,NA,NA,Red-spotted Toad,Anaxyrus punctatus,Red-spotted Toad,Amphibia,64984
893622,941d4377-6b3f-4e93-8ea1-2e40c31d1e03,2014-09-17,2014-09-17,NA,Central Time (US & Canada),33404,benhutchins,Ben Hutchins,2014-09-25 10:49:14 +0900,2024-12-27 20:23:09 +0900,research,CC-BY-NC,http://www.inaturalist.org/observations/893622,https://inaturalist-open-data.s3.amazonaws.com/photos/1135904/medium.JPG,NA,NA,NA,4,0,FALSE,NA,"Texas, US",30.4499972606,-104.6748516956,10,NA,30.588061,-104.694536,29356,obscured,open,TRUE,NA,NA,Red-spotted Toad,Anaxyrus punctatus,Red-spotted Toad,Amphibia,64984
1032362,437e8fec-586d-48c8-ad16-e3a8dec3afff,2014-09-15 02:49:21,2014-09-15,2014-09-15 16:49:21 +0900,Central Time (US & Canada),60856,ashleytwahlberg,Ashley Wahlberg,2014-10-24 07:41:27 +0900,2016-10-26 06:23:15 +0900,research,CC-BY-NC,http://www.inaturalist.org/observations/1032362,https://inaturalist-open-data.s3.amazonaws.com/photos/1295243/medium.jpg,NA,NA,Light-colored body with red spots. The paratoid glands are round,3,0,FALSE,NA,black gap wildlife management area,29.547834,-102.93441,461,NA,NA,NA,461,NA,open,FALSE,NA,NA,Red-spotted Toad,Anaxyrus punctatus,Red-spotted Toad,Amphibia,64984
1037020,aa7392b5-39d1-422f-a3f2-197644d13180,2014-08-12,2014-08-12,NA,Eastern Time (US & Canada),16434,benedictgagliardi,Benedict Gagliardi,2014-10-26 03:18:47 +0900,2017-09-26 07:07:11 +0900,research,CC-BY-NC,http://www.inaturalist.org/observations/1037020,https://inaturalist-open-data.s3.amazonaws.com/photos/1300231/medium.JPG,NA,NA,NA,1,0,FALSE,NA,"Guadalupe Mountains National Park, TX",31.912536,-104.769058,11614,NA,NA,NA,11614,NA,open,FALSE,NA,NA,Bufo punctatus,Anaxyrus punctatus,Red-spotted Toad,Amphibia,64984
1081579,60337dda-7c06-4686-8cde-c02bdddc4729,2014-09-17,2014-09-17,NA,Mountain Time (US & Canada),53719,kajacquez,NA,2014-11-19 16:57:04 +0900,2018-05-30 13:45:27 +0900,research,CC-BY-NC,http://www.inaturalist.org/observations/1081579,https://inaturalist-open-data.s3.amazonaws.com/photos/1358004/medium.JPG,NA,NA,"small, light brown with redspots",1,0,FALSE,NA,"El Paso, Texas",31.777576,-106.442456,32995,NA,NA,NA,32995,NA,open,FALSE,NA,NA,Red-spotted Toad,Anaxyrus punctatus,Red-spotted Toad,Amphibia,64984
1114102,5c92ef47-2a5f-454e-ac28-08669ada9358,2014-12-04 8:00:46 PM CST,2014-12-04,2014-12-05 11:00:46 +0900,Central Time (US & Canada),35496,jaredholmes,Jared Holmes,2014-12-06 10:58:19 +0900,2017-09-26 07:38:35 +0900,research,CC-BY-NC,http://www.inaturalist.org/observations/1114102,https://static.inaturalist.org/photos/1400078/medium.jpg,NA,NA,NA,2,0,FALSE,2,"Blanco County, US-TX, US",29.27446,-103.813283,231,NA,NA,NA,231,NA,open,FALSE,gps,gps,Red-spotted Toad,Anaxyrus punctatus,Red-spotted Toad,Amphibia,64984
1276245,6517f017-8d88-458a-a67e-6583c76df19c,2010-07-05 23:08:10,2010-07-05,2010-07-06 13:08:10 +0900,Central Time (US & Canada),43772,gtsalmon,Gerry Salmon,2015-03-07 18:17:58 +0900,2024-09-24 09:06:30 +0900,research,CC-BY-NC,http://www.inaturalist.org/observations/1276245,https://inaturalist-open-data.s3.amazonaws.com/photos/1601012/medium.JPG,NA,NA,AOR on FM 1832 in Little Aguja Canyon. Imaged only. GTS 985. UTA DC 7454.,1,0,FALSE,NA,"Boy Scout Road, Jeff Davis Co., Texas",30.812567,-103.941304,14,NA,NA,NA,14,NA,open,FALSE,NA,NA,Red-spotted Toad,Anaxyrus punctatus,Red-spotted Toad,Amphibia,64984
1346023,d0c9d31b-bcbb-4d1c-a707-d9a12c12e9a4,2015-03-21 12:27:19 AM CDT,2015-03-21,2015-03-21 14:27:19 +0900,Central Time (US & Canada),35496,jaredholmes,Jared Holmes,2015-03-29 07:47:29 +0900,2017-09-26 08:57:19 +0900,research,CC-BY-NC,http://www.inaturalist.org/observations/1346023,https://static.inaturalist.org/photos/1665166/medium.jpg,NA,NA,NA,2,0,FALSE,2,"Blanco County, US-TX, US",30.2109012604,-98.4304733276,NA,NA,NA,NA,NA,NA,open,FALSE,gps,gps,Red-spotted Toad,Anaxyrus punctatus,Red-spotted Toad,Amphibia,64984
1393593,39c38c32-652b-4984-936c-43b5ab3d88d3,Tue Apr 14 2015 11:13:31 GMT-0500 (CDT),2015-04-14,2015-04-15 01:13:31 +0900,Central Time (US & Canada),9560,dianaterryhibbitts,Diana-Terry Hibbitts,2015-04-15 01:54:14 +0900,2023-01-25 04:00:06 +0900,research,CC-BY-NC,http://www.inaturalist.org/observations/1393593,https://inaturalist-open-data.s3.amazonaws.com/photos/1723023/medium.jpg,NA,NA,Under a rock,4,0,FALSE,3,"County Road 35, Barksdale, TX, US",29.65125,-100.06806949999999,10,NA,NA,NA,10,NA,open,FALSE,NA,NA,Red-spotted Toad,Anaxyrus punctatus,Red-spotted Toad,Amphibia,64984
1404362,5b4722b9-3cbb-4732-b21a-3661d0433e47,2015-04-18 10:04:55 PM CDT,2015-04-18,2015-04-19 12:04:55 +0900,Central Time (US & Canada),72901,nato_perkins,NA,2015-04-19 12:02:41 +0900,2017-09-26 09:20:32 +0900,research,CC-BY-NC,http://www.inaturalist.org/observations/1404362,https://inaturalist-open-data.s3.amazonaws.com/photos/1737274/medium.jpg,NA,NA,NA,4,0,FALSE,2,"Terrell County, US-TX, US",30.4618094805,-101.7606553808,33,NA,NA,NA,33,NA,open,FALSE,gps,gps,Red-spotted Toad,Anaxyrus punctatus,Red-spotted Toad,Amphibia,64984
1409862,6b6432e6-201c-4bf3-b23a-e973617097e4,Thu Jul 24 2014 23:35:29 GMT-0500 (CDT),2014-07-24,2014-07-25 13:35:29 +0900,Central Time (US & Canada),16695,travisdimler,Travis Dimler,2015-04-21 07:44:57 +0900,2017-09-26 09:23:04 +0900,research,CC-BY-NC,http://www.inaturalist.org/observations/1409862,https://inaturalist-open-data.s3.amazonaws.com/photos/1744374/medium.jpg,NA,NA,NA,1,0,FALSE,3,"Jeff Davis County, US-TX, US",30.695631,-104.076425,5,NA,NA,NA,5,NA,open,FALSE,NA,NA,Red-spotted Toad,Anaxyrus punctatus,Red-spotted Toad,Amphibia,64984
1423493,f28b1244-51e9-4c07-8916-b5e3bb9325cb,2012-05-16,2012-05-16,NA,Mountain Time (US & Canada),90105,wanderingnaturalist,Soraya,2015-04-26 04:09:12 +0900,2023-09-06 22:49:37 +0900,research,NA,http://www.inaturalist.org/observations/1423493,https://static.inaturalist.org/photos/1761607/medium.JPG,NA,"Anaxyrus punctatus, Bufo punctatus, red-spotted toad","Formerly ""Bufo punctatus"" the Red Spotted Toad has been revalidated as 'Anaxyrus punctatus'. 

This pair was found in amplexus in a semi-permanent desert spring in the Trans-Pecos desert.",3,0,FALSE,NA,"30.778, -105.014",30.778,-105.014,NA,NA,NA,NA,NA,NA,open,FALSE,NA,NA,Red-spotted Toad,Anaxyrus punctatus,Red-spotted Toad,Amphibia,64984
1431354,a01d6a17-696c-4b34-81b1-6b3e2be275cf,2015-04-24,2015-04-24,NA,Hawaii,74252,andrewdavies9000,NA,2015-04-28 07:22:17 +0900,2017-09-26 09:33:08 +0900,research,CC-BY-NC,http://www.inaturalist.org/observations/1431354,https://inaturalist-open-data.s3.amazonaws.com/photos/1771463/medium.JPG,NA,NA,NA,1,0,FALSE,NA,Honey Creek SNA,29.841621,-98.481142,32,NA,NA,NA,32,NA,open,FALSE,NA,NA,Red-spotted Toad,Anaxyrus punctatus,Red-spotted Toad,Amphibia,64984
1432295,cd152862-d370-4f0e-b74c-272d56ed1ec5,2015-04-25,2015-04-25,NA,Central Time (US & Canada),13156,romeyswanson,Romey Swanson,2015-04-28 11:49:05 +0900,2017-10-15 12:14:23 +0900,research,CC-BY-NC,http://www.inaturalist.org/observations/1432295,https://inaturalist-open-data.s3.amazonaws.com/photos/1772686/medium.JPG,NA,NA,found while road-cruising on a moist nights. one night removed from significant rain after a week of rain pulses,2,0,FALSE,NA,love creek preserve,29.79189,-99.397157000000007,28,NA,NA,NA,28,NA,open,FALSE,NA,NA,Red-spotted Toad,Anaxyrus punctatus,Red-spotted Toad,Amphibia,64984
1433628,715a795b-0943-48c0-b301-a1bd7f54b90e,Sun Apr 05 2015 20:53:20 GMT-0500 (CDT),2015-04-05,2015-04-06 10:53:20 +0900,Central Time (US & Canada),9370,skystevens,NA,2015-04-28 21:50:12 +0900,2017-09-26 09:34:29 +0900,research,CC-BY-NC,http://www.inaturalist.org/observations/1433628,https://inaturalist-open-data.s3.amazonaws.com/photos/1773859/medium.jpg,NA,NA,NA,2,0,FALSE,3,"Brewster County, US-TX, US",30.369619,-103.74074,5,NA,NA,NA,5,NA,open,FALSE,NA,NA,Red-spotted Toad,Anaxyrus punctatus,Red-spotted Toad,Amphibia,64984
1441029,de584539-6d14-4090-9b50-7b2c398c01dc,2015-04-30 11:25:35,2015-04-30,2015-05-01 00:25:35 +0900,Eastern Time (US & Canada),10787,maractwin,Mark Rosenstein,2015-05-01 08:57:26 +0900,2017-09-26 09:39:52 +0900,research,CC-BY,http://www.inaturalist.org/observations/1441029,https://inaturalist-open-data.s3.amazonaws.com/photos/1783751/medium.jpg,NA,red-spotted toad,NA,2,0,FALSE,NA,"Big Bend, Brewster, Texas, United States",29.1769483333,-102.99941,NA,NA,NA,NA,NA,NA,open,FALSE,NA,NA,Red-spotted Toad,Anaxyrus punctatus,Red-spotted Toad,Amphibia,64984
1441589,6ba77251-13ee-478b-897a-f78fa319588f,2015-04-30,2015-04-30,NA,Pacific Time (US & Canada),13979,robberfly,Liam O'Brien,2015-05-01 11:58:29 +0900,2017-09-26 09:40:23 +0900,research,CC-BY-NC,http://www.inaturalist.org/observations/1441589,https://inaturalist-open-data.s3.amazonaws.com/photos/1784462/medium.JPG,NA,NA,"Went into the Visitor's Center to ask if anyone knew the species of this froglet. I saw thousands along this Rio Grande tributary. One of the Rangers, fortunate enough, was a herptologist.",1,0,FALSE,NA,"Hot Springs Canyon, Big Bend National Park",29.17711,-102.99998,57,NA,NA,NA,57,NA,open,FALSE,NA,NA,Red-spotted Toad,Anaxyrus punctatus,Red-spotted Toad,Amphibia,64984
1445869,8597e83b-eb0e-4baa-96d5-974e37a15e4f,Sat May 02 2015 00:10:35 GMT-0500 (CDT),2015-05-02,2015-05-02 14:10:35 +0900,Central Time (US & Canada),9370,skystevens,NA,2015-05-03 00:47:41 +0900,2017-09-26 09:44:32 +0900,research,CC-BY-NC,http://www.inaturalist.org/observations/1445869,https://inaturalist-open-data.s3.amazonaws.com/photos/1790119/medium.jpg,NA,NA,NA,2,0,FALSE,3,"Brewster County, US-TX, US",29.904551,-103.260476,5,NA,NA,NA,5,NA,open,FALSE,NA,NA,Red-spotted Toad,Anaxyrus punctatus,Red-spotted Toad,Amphibia,64984
1456116,3d16aff6-07db-4de8-8717-2b84d96e24e3,2015-04-16 22:30,2015-04-16,2015-04-17 12:30:00 +0900,Central Time (US & Canada),75554,caseymcmurtry,NA,2015-05-05 10:52:53 +0900,2017-09-26 09:50:08 +0900,research,CC-BY-NC,http://www.inaturalist.org/observations/1456116,https://inaturalist-open-data.s3.amazonaws.com/photos/1805106/medium.JPG,NA,NA,"Found on the road while night driving.

Photo credit Ian Wright, taken in a light box a few nights later.",3,0,FALSE,NA,Independence Creek,30.466525,-101.79699,3,NA,NA,NA,3,NA,open,FALSE,NA,NA,Bufo punctatus,Anaxyrus punctatus,Red-spotted Toad,Amphibia,64984
1474356,817b35f8-c6a0-4082-a280-1f2c14e86219,2015-05-09 09:47,2015-05-09,2015-05-09 23:47:00 +0900,Central Time (US & Canada),6690,sandboa,Chris Harrison,2015-05-11 03:48:13 +0900,2024-09-24 01:19:19 +0900,research,CC-BY,http://www.inaturalist.org/observations/1474356,https://inaturalist-open-data.s3.amazonaws.com/photos/1827844/medium.jpg,NA,NA,"Found as part of a TPWD Biological Inventory Team Herp Survey.

There were dozens of little Toadlets around these drying ponds.",1,0,FALSE,NA,"Texas, US",29.5867024486,-99.2642628659,3,NA,29.494384,-99.204476,29483,obscured,open,TRUE,NA,NA,Anaxyrus punctatus,Anaxyrus punctatus,Red-spotted Toad,Amphibia,64984
1484224,c74d3972-429a-4a1d-a63f-51b937485dce,2015-05-13 8:09:34 AM CDT,2015-05-13,2015-05-13 22:09:34 +0900,Central Time (US & Canada),35496,jaredholmes,Jared Holmes,2015-05-13 22:18:39 +0900,2017-09-26 10:03:19 +0900,research,NA,http://www.inaturalist.org/observations/1484224,https://static.inaturalist.org/photos/1839643/medium.jpg,NA,NA,NA,1,0,FALSE,2,NA,30.2082446,-98.4351875,23,NA,NA,NA,23,NA,open,FALSE,gps,gps,Red-spotted Toad (Anaxyrus punctatus),Anaxyrus punctatus,Red-spotted Toad,Amphibia,64984
1499741,938f2e92-8fe5-4001-96d3-43b702a698ad,Sat May 16 2015 18:37:24 GMT-0500 (CDT),2015-05-16,2015-05-17 08:37:24 +0900,Central Time (US & Canada),16534,nowcolorado,NA,2015-05-17 10:22:05 +0900,2017-09-26 10:09:56 +0900,research,CC-BY-NC,http://www.inaturalist.org/observations/1499741,https://inaturalist-open-data.s3.amazonaws.com/photos/1857483/medium.jpg,NA,NA,NA,1,0,FALSE,3,"Texas, US",30.2043291305,-98.2704287605,NA,NA,30.2169383333,-98.36792,29382,obscured,open,TRUE,NA,NA,Red-spotted Toad,Anaxyrus punctatus,Red-spotted Toad,Amphibia,64984
1505162,f4a3c5bf-e137-4c79-a1f6-4fd034e4288e,2015-04-18,2015-04-18,NA,Mountain Time (US & Canada),77804,gdchavez,NA,2015-05-18 13:50:54 +0900,2023-09-06 20:28:27 +0900,research,CC-BY-NC,http://www.inaturalist.org/observations/1505162,https://inaturalist-open-data.s3.amazonaws.com/photos/1864695/medium.JPG,NA,NA,Toad on rock  in evening. Very active. Cool weather.,3,0,FALSE,2,"30.776667ºN, 105.015833ºW",30.776667,-105.015833,NA,NA,NA,NA,NA,NA,open,FALSE,NA,NA,Red-spotted Toad,Anaxyrus punctatus,Red-spotted Toad,Amphibia,64984
1553996,ea60ecd7-6f6f-4d9e-a6af-4ae7e1610cb6,2015-04-25,2015-04-25,NA,Central Time (US & Canada),45069,bioblogo,Fernando Mateos-González,2015-05-28 10:45:19 +0900,2017-09-26 10:26:47 +0900,research,CC-BY-NC,http://www.inaturalist.org/observations/1553996,https://inaturalist-open-data.s3.amazonaws.com/photos/1924708/medium.jpg,NA,NA,NA,1,0,FALSE,NA,Dolan falls,29.8845,-100.993704,198,NA,NA,NA,198,NA,open,FALSE,NA,google,Red-spotted Toad,Anaxyrus punctatus,Red-spotted Toad,Amphibia,64984
1553997,9d958f19-9f56-4683-857b-e4ef6aee86a8,2015-04-25,2015-04-25,NA,Central Time (US & Canada),45069,bioblogo,Fernando Mateos-González,2015-05-28 10:45:20 +0900,2017-09-26 10:26:48 +0900,research,CC-BY-NC,http://www.inaturalist.org/observations/1553997,https://inaturalist-open-data.s3.amazonaws.com/photos/1924709/medium.jpg,NA,NA,NA,1,0,FALSE,NA,Dolan falls,29.8845,-100.993704,198,NA,NA,NA,198,NA,open,FALSE,NA,google,Red-spotted Toad,Anaxyrus punctatus,Red-spotted Toad,Amphibia,64984
1564073,9bf0630e-fe39-4286-9d70-2b595948b004,Fri May 29 2015 20:46:57 GMT-0500 (CDT),2015-05-29,2015-05-30 10:46:57 +0900,Central Time (US & Canada),16534,nowcolorado,NA,2015-05-31 02:10:24 +0900,2017-09-26 10:29:59 +0900,research,CC-BY-NC,http://www.inaturalist.org/observations/1564073,https://inaturalist-open-data.s3.amazonaws.com/photos/1936411/medium.jpg,NA,NA,NA,1,0,FALSE,3,"Texas, US",30.2546007808,-98.2537206817,NA,"Blanco County, US-TX, US",30.2232533333,-98.3663333333,29382,obscured,open,TRUE,NA,NA,Red-spotted Toad,Anaxyrus punctatus,Red-spotted Toad,Amphibia,64984
1586592,86b38fdf-9aaa-4eb6-bae6-8600f65e86f6,Tue Jun 02 2015 23:49:42 GMT-0500 (CDT),2015-06-02,2015-06-03 13:49:42 +0900,Central Time (US & Canada),10766,connor22,Connor Adams,2015-06-04 15:17:15 +0900,2015-06-09 04:06:03 +0900,research,NA,http://www.inaturalist.org/observations/1586592,https://static.inaturalist.org/photos/1957202/medium.jpg,NA,NA,NA,2,0,FALSE,3,NA,30.5287033333,-101.3588416667,NA,NA,NA,NA,NA,NA,open,FALSE,NA,NA,Red-spotted Toad,Anaxyrus punctatus,Red-spotted Toad,Amphibia,64984
1593165,93bf5211-4cf2-4136-9261-24e0b5200b1f,2015-06-03 22:10:47,2015-06-03,2015-06-04 12:10:47 +0900,Central Time (US & Canada),6690,sandboa,Chris Harrison,2015-06-06 00:59:31 +0900,2024-09-24 01:19:19 +0900,research,CC-BY,http://www.inaturalist.org/observations/1593165,https://inaturalist-open-data.s3.amazonaws.com/photos/1961373/medium.jpg,NA,NA,NA,1,0,FALSE,NA,"Texas, US",29.7496428146,-98.9580592522,5,ABK,29.76362,-98.84953,29458,obscured,open,TRUE,NA,NA,Anaxyrus punctatus,Anaxyrus punctatus,Red-spotted Toad,Amphibia,64984
1594080,b39a2086-0c68-4a6f-a765-ef72f6f7c12d,2015-06-04 1:07:52 AM CDT,2015-06-04,2015-06-04 15:07:52 +0900,Central Time (US & Canada),35496,jaredholmes,Jared Holmes,2015-06-06 03:57:05 +0900,2017-09-26 10:38:45 +0900,research,NA,http://www.inaturalist.org/observations/1594080,https://static.inaturalist.org/photos/1962152/medium.jpg,NA,NA,NA,1,0,FALSE,2,NA,29.32995348,-103.53363314,10,NA,NA,NA,10,NA,open,FALSE,gps,gps,Red-spotted Toad (Anaxyrus punctatus),Anaxyrus punctatus,Red-spotted Toad,Amphibia,64984
1594085,74d444e1-206a-42dc-a508-7a7e72ddfa3d,2015-06-04 1:19:11 AM CDT,2015-06-04,2015-06-04 15:19:11 +0900,Central Time (US & Canada),35496,jaredholmes,Jared Holmes,2015-06-06 03:57:10 +0900,2017-09-26 10:38:46 +0900,research,NA,http://www.inaturalist.org/observations/1594085,https://static.inaturalist.org/photos/1962158/medium.jpg,NA,NA,NA,2,0,FALSE,2,NA,30.5559940338,-101.3262710571,NA,NA,NA,NA,NA,NA,open,FALSE,gps,gps,Red-spotted Toad,Anaxyrus punctatus,Red-spotted Toad,Amphibia,64984
1594169,06f519ac-e47d-4c08-9a74-b0feca1bae58,Thu Jun 04 2015 22:01:37 GMT-0500 (CDT),2015-06-04,2015-06-05 12:01:37 +0900,Central Time (US & Canada),10766,connor22,Connor Adams,2015-06-06 04:12:59 +0900,2015-06-09 04:04:54 +0900,research,NA,http://www.inaturalist.org/observations/1594169,https://static.inaturalist.org/photos/1962238/medium.jpg,NA,NA,NA,2,0,FALSE,3,"Big Bend National Park, Big Bend National Park, TX, US",29.32007,-103.38768,NA,NA,NA,NA,NA,NA,open,FALSE,NA,NA,Red-spotted Toad,Anaxyrus punctatus,Red-spotted Toad,Amphibia,64984
1606276,6af27d0c-6d86-4095-9b00-0c57113dfd85,Mon Jun 08 2015 08:12:38 GMT-0500 (CDT),2015-06-08,2015-06-08 22:12:38 +0900,Central Time (US & Canada),16695,travisdimler,Travis Dimler,2015-06-08 22:12:46 +0900,2017-09-26 10:42:09 +0900,research,CC-BY-NC,http://www.inaturalist.org/observations/1606276,https://inaturalist-open-data.s3.amazonaws.com/photos/1975253/medium.jpg,NA,NA,Toadlet,2,0,FALSE,3,"79738, Gail, Texas, US",32.781259,-101.524522,5,NA,NA,NA,5,NA,open,FALSE,NA,NA,Red-spotted Toad,Anaxyrus punctatus,Red-spotted Toad,Amphibia,64984
1609866,74b56a88-117a-4175-91ab-9ae714a65be9,2015-05-14 09:12:05,2015-05-14,2015-05-14 23:12:05 +0900,Central Time (US & Canada),39170,allopatry,Alex Hall,2015-06-09 14:29:16 +0900,2020-05-31 21:36:51 +0900,research,CC-BY-NC,http://www.inaturalist.org/observations/1609866,https://inaturalist-open-data.s3.amazonaws.com/photos/1979287/medium.jpg,NA,NA,Hot Springs Trail.,1,0,FALSE,NA,"Big Bend, Brewster, Texas, United States",29.1775379167,-102.9985732778,NA,NA,NA,NA,NA,NA,open,FALSE,NA,NA,Red-spotted Toad,Anaxyrus punctatus,Red-spotted Toad,Amphibia,64984
1609882,96c88cfb-2ee3-421d-b7c8-77aaed00484e,2015-05-14 19:50:44,2015-05-14,2015-05-15 09:50:44 +0900,Central Time (US & Canada),39170,allopatry,Alex Hall,2015-06-09 14:36:46 +0900,2018-07-18 02:09:04 +0900,research,CC-BY-NC,http://www.inaturalist.org/observations/1609882,https://inaturalist-open-data.s3.amazonaws.com/photos/1979304/medium.jpg,NA,NA,Hot Springs.,1,0,FALSE,NA,"Big Bend, Brewster, Texas, United States",29.1796569722,-102.9955215278,NA,NA,NA,NA,NA,NA,open,FALSE,NA,NA,Red-spotted Toad,Anaxyrus punctatus,Red-spotted Toad,Amphibia,64984
1612917,a7a4771d-9269-417c-ae97-e4ebadd478b7,2015-06-05 11:09:35,2015-06-05,2015-06-06 01:09:35 +0900,Central Time (US & Canada),39170,allopatry,Alex Hall,2015-06-10 09:30:44 +0900,2017-09-26 10:44:26 +0900,research,CC-BY-NC,http://www.inaturalist.org/observations/1612917,https://inaturalist-open-data.s3.amazonaws.com/photos/1982199/medium.jpg,NA,NA,"Not certain of species. Didn't look that carefully. I've seen red-spotted toads and great plains toads in the park, and I suspect it is one of the two of these.
North Prong Trail, Caprock Canyons SP.",2,0,FALSE,NA,"Briscoe, Texas, United States",34.4552612222,-101.0813751111,NA,NA,NA,NA,NA,NA,open,FALSE,NA,NA,Red-spotted Toad,Anaxyrus punctatus,Red-spotted Toad,Amphibia,64984
1614802,b22f1544-bbef-4647-ae08-71f4a5e80674,Wed Jun 10 2015 08:44:03 GMT-0500 (CDT),2015-06-10,2015-06-10 22:44:03 +0900,Central Time (US & Canada),13156,romeyswanson,Romey Swanson,2015-06-11 01:05:33 +0900,2017-09-26 10:45:02 +0900,research,CC-BY-NC,http://www.inaturalist.org/observations/1614802,https://inaturalist-open-data.s3.amazonaws.com/photos/1984458/medium.jpg,NA,NA,Found while performing a bird survey along a normally dry creek (Devil's Hollow). Toadlet.,2,0,FALSE,3,"Comal County, US-TX, US",29.9586033333,-98.3468083333,NA,NA,NA,NA,NA,NA,open,FALSE,NA,NA,Red-spotted Toad,Anaxyrus punctatus,Red-spotted Toad,Amphibia,64984
1619356,12e8eee2-145c-4b4a-8a23-526a5cd4e52a,2013-06-03,2013-06-03,NA,Central Time (US & Canada),14327,johnwilliams,NA,2015-06-12 00:04:02 +0900,2017-09-26 10:46:08 +0900,research,CC-BY-NC,http://www.inaturalist.org/observations/1619356,https://inaturalist-open-data.s3.amazonaws.com/photos/1988442/medium.jpg,NA,NA,NA,1,0,FALSE,NA,"El Paso County, US-TX, US",31.905031,-106.048311,56,NA,NA,NA,56,NA,open,FALSE,NA,NA,Anaxyrus punctatus,Anaxyrus punctatus,Red-spotted Toad,Amphibia,64984
1620806,df05832f-5814-48a8-b1ce-34a50920dd7c,Thu Jun 11 2015 19:06:48 GMT-0500 (CDT),2015-06-11,2015-06-12 09:06:48 +0900,Central Time (US & Canada),2281,cullen,Cullen Hanks,2015-06-12 09:07:14 +0900,2017-09-26 10:46:54 +0900,research,CC0,http://www.inaturalist.org/observations/1620806,https://inaturalist-open-data.s3.amazonaws.com/photos/1990157/medium.jpg,NA,NA,Juvenile,1,0,FALSE,3,NA,29.65062,-100.0689471667,NA,NA,NA,NA,NA,NA,open,FALSE,NA,NA,Red-spotted Toad,Anaxyrus punctatus,Red-spotted Toad,Amphibia,64984
1621828,105a0b1b-551e-47a3-b319-c30e2cbf62d5,Thu Jun 11 2015 21:53:35 GMT-0500 (CDT),2015-06-11,2015-06-12 11:53:35 +0900,Central Time (US & Canada),18946,croelke,Corey Roelke,2015-06-12 23:19:29 +0900,2017-09-26 10:47:22 +0900,research,NA,http://www.inaturalist.org/observations/1621828,https://static.inaturalist.org/photos/1991619/medium.jpg,NA,NA,NA,1,0,FALSE,3,"Brewster County, US-TX, US",29.5956866667,-103.001419445,NA,NA,NA,NA,NA,NA,open,FALSE,NA,NA,Anaxyrus punctatus,Anaxyrus punctatus,Red-spotted Toad,Amphibia,64984
1622298,f4853e40-f044-4e49-b0d2-c24b0cb41339,Fri Jun 12 2015 00:09:00 GMT-0500 (CDT),2015-06-12,2015-06-12 14:09:00 +0900,Central Time (US & Canada),109125,jrotzeke,NA,2015-06-13 02:59:52 +0900,2017-09-26 10:47:31 +0900,research,CC-BY-NC,http://www.inaturalist.org/observations/1622298,https://inaturalist-open-data.s3.amazonaws.com/photos/1992215/medium.jpg,NA,NA,Bufo punctatus,1,0,FALSE,3,"Jeff Davis County, US-TX, US",30.742806,-104.164572,5,NA,NA,NA,5,NA,open,FALSE,NA,NA,Red-spotted Toad,Anaxyrus punctatus,Red-spotted Toad,Amphibia,64984
1623537,43333b72-a0b2-4053-bef8-968d8b1de655,2015-06-11 10:35:00 PM CDT,2015-06-11,2015-06-12 12:35:00 +0900,Central Time (US & Canada),29086,shelbyfrizzell,Shelby Frizzell,2015-06-13 09:35:36 +0900,2017-09-26 10:47:53 +0900,research,NA,http://www.inaturalist.org/observations/1623537,https://static.inaturalist.org/photos/1993646/medium.jpg,NA,NA,NA,2,0,FALSE,2,"Jeff Davis County, US-TX, US",30.7381952875,-104.1389526799,258,NA,NA,NA,258,NA,open,FALSE,gps,gps,Red-spotted Toad,Anaxyrus punctatus,Red-spotted Toad,Amphibia,64984
1626300,8df93e00-cb11-4665-bd97-5e7b1b2c47f8,Fri Jun 12 2015 09:30:58 GMT-0500 (CDT),2015-06-12,2015-06-12 23:30:58 +0900,Central Time (US & Canada),2281,cullen,Cullen Hanks,2015-06-13 18:02:28 +0900,2021-08-17 04:40:11 +0900,research,CC0,http://www.inaturalist.org/observations/1626300,https://inaturalist-open-data.s3.amazonaws.com/photos/1995448/medium.jpg,NA,NA,NA,3,0,FALSE,3,"Ranch Road 334, Brackettville, TX, US",29.444663,-100.122151,5,NA,NA,NA,5,NA,open,FALSE,NA,NA,Red-spotted Toad,Anaxyrus punctatus,Red-spotted Toad,Amphibia,64984
1626302,f317386e-4439-4008-b320-299f614c8c36,Fri Jun 12 2015 22:05:37 GMT-0500 (CDT),2015-06-12,2015-06-13 12:05:37 +0900,Central Time (US & Canada),2281,cullen,Cullen Hanks,2015-06-13 18:01:49 +0900,2017-09-26 10:48:07 +0900,research,CC0,http://www.inaturalist.org/observations/1626302,https://inaturalist-open-data.s3.amazonaws.com/photos/1995455/medium.jpg,NA,NA,NA,1,0,FALSE,3,NA,30.260406,-102.65942,5,NA,NA,NA,5,NA,open,FALSE,NA,NA,Red-spotted Toad,Anaxyrus punctatus,Red-spotted Toad,Amphibia,64984
1626316,03ec32aa-6ef3-41c7-bb9b-c8bbf40718a8,Fri Jun 12 2015 23:33:11 GMT-0500 (CDT),2015-06-12,2015-06-13 13:33:11 +0900,Central Time (US & Canada),2281,cullen,Cullen Hanks,2015-06-13 18:02:32 +0900,2017-09-26 10:48:10 +0900,research,CC0,http://www.inaturalist.org/observations/1626316,https://inaturalist-open-data.s3.amazonaws.com/photos/1995492/medium.jpg,NA,NA,NA,1,0,FALSE,3,NA,30.282952,-102.692473,5,NA,NA,NA,5,NA,open,FALSE,NA,NA,Red-spotted Toad,Anaxyrus punctatus,Red-spotted Toad,Amphibia,64984
1626760,b698aa36-6312-4ca6-aeba-4ea8d04a2f84,Thu Jun 11 2015 21:54:23 GMT-0500 (CDT),2015-06-11,2015-06-12 11:54:23 +0900,Central Time (US & Canada),9867,nathanrains,Nathan Rains,2015-06-13 23:19:37 +0900,2017-09-26 10:48:15 +0900,research,NA,http://www.inaturalist.org/observations/1626760,https://static.inaturalist.org/photos/1996020/medium.jpg,NA,NA,NA,1,0,FALSE,3,"Brewster County, US-TX, US",29.5956883333,-103.0013361117,NA,NA,NA,NA,NA,NA,open,FALSE,NA,NA,Red-spotted Toad,Anaxyrus punctatus,Red-spotted Toad,Amphibia,64984
1627038,00456c64-3547-42db-b3cb-c52bc71b625e,Fri Jun 12 2015 21:34:12 GMT-0500 (CDT),2015-06-12,2015-06-13 11:34:12 +0900,Central Time (US & Canada),43772,gtsalmon,Gerry Salmon,2015-06-14 01:14:20 +0900,2024-09-24 09:06:43 +0900,research,CC-BY-NC,http://www.inaturalist.org/observations/1627038,https://inaturalist-open-data.s3.amazonaws.com/photos/1996401/medium.jpg,NA,NA,Found active while driving in canyon w Gary Heyroth and Harry Greene. Specimen being held by HWG. GTS 1987.,2,0,FALSE,3,"Deer Canyon, Sanderson, TX",30.01370555,-102.3689283333,5,NA,NA,NA,5,NA,open,FALSE,NA,NA,Red-spotted Toad,Anaxyrus punctatus,Red-spotted Toad,Amphibia,64984
1627083,ec460522-171b-4e8f-bf7a-2b0668df30b1,Fri Jun 12 2015 22:11:00 GMT-0500 (CDT),2015-06-12,2015-06-13 12:11:00 +0900,Central Time (US & Canada),13156,romeyswanson,Romey Swanson,2015-06-14 01:14:52 +0900,2017-10-15 12:20:57 +0900,research,CC-BY-NC,http://www.inaturalist.org/observations/1627083,https://inaturalist-open-data.s3.amazonaws.com/photos/1996654/medium.jpg,NA,NA,NA,3,0,FALSE,3,"Pecos County, US-TX, US",30.2614466667,-102.658295,NA,NA,NA,NA,NA,NA,open,FALSE,NA,NA,Red-spotted Toad,Anaxyrus punctatus,Red-spotted Toad,Amphibia,64984
1627114,cc13885a-157f-4502-ba9b-767a0ab2dda5,Fri Jun 12 2015 21:53:07 GMT-0500 (CDT),2015-06-12,2015-06-13 11:53:07 +0900,Central Time (US & Canada),43772,gtsalmon,Gerry Salmon,2015-06-14 01:25:09 +0900,2024-09-24 09:06:44 +0900,research,CC-BY-NC,http://www.inaturalist.org/observations/1627114,https://inaturalist-open-data.s3.amazonaws.com/photos/1996445/medium.jpg,NA,NA,Found active while hiking in canyon w Gary Heyroth and Harry Greene. Imaged only. GTS 1990.,2,0,FALSE,3,"Deer Canyon, Sanderson, TX",29.9932033333,-102.3870916667,5,NA,NA,NA,5,NA,open,FALSE,NA,NA,Red-spotted Toad,Anaxyrus punctatus,Red-spotted Toad,Amphibia,64984
1627115,f4c2524d-fe0b-457b-907a-9e9ad9afdbf0,Fri Jun 12 2015 21:46:19 GMT-0500 (CDT),2015-06-12,2015-06-13 11:46:19 +0900,Central Time (US & Canada),43772,gtsalmon,Gerry Salmon,2015-06-14 01:25:10 +0900,2024-09-24 09:06:44 +0900,research,CC-BY-NC,http://www.inaturalist.org/observations/1627115,https://inaturalist-open-data.s3.amazonaws.com/photos/1996441/medium.jpg,NA,NA,AOR on File Mile Hill Road w Gary Heyroth and Harry Greene. Imaged only. GTS 1988.,3,0,FALSE,3,"Deer Canyon, Sanderson, TX",29.99428,-102.386755,3,NA,NA,NA,3,NA,open,FALSE,NA,NA,Red-spotted Toad,Anaxyrus punctatus,Red-spotted Toad,Amphibia,64984
1627116,8efc03f3-daf1-4bd3-8e55-a952f3dbd6f9,Fri Jun 12 2015 22:00:03 GMT-0500 (CDT),2015-06-12,2015-06-13 12:00:03 +0900,Central Time (US & Canada),43772,gtsalmon,Gerry Salmon,2015-06-14 01:24:30 +0900,2024-09-24 09:06:45 +0900,research,CC-BY-NC,http://www.inaturalist.org/observations/1627116,https://inaturalist-open-data.s3.amazonaws.com/photos/1996450/medium.jpg,NA,NA,Found active while hiking in canyon w Gary Heyroth and Harry Greene. Imaged only. GTS 1991.,2,0,FALSE,3,"Deer Canyon, Sanderson, TX",29.99245,-102.38703,5,NA,NA,NA,5,NA,open,FALSE,NA,NA,Red-spotted Toad,Anaxyrus punctatus,Red-spotted Toad,Amphibia,64984
1627117,d274d493-d691-404a-94b7-8f48cf1e4f0c,Fri Jun 12 2015 21:48:19 GMT-0500 (CDT),2015-06-12,2015-06-13 11:48:19 +0900,Central Time (US & Canada),43772,gtsalmon,Gerry Salmon,2015-06-14 01:24:30 +0900,2024-09-24 09:06:44 +0900,research,CC-BY-NC,http://www.inaturalist.org/observations/1627117,https://inaturalist-open-data.s3.amazonaws.com/photos/1996442/medium.jpg,NA,NA,AOR on Five Mile Hill Road w Gary Heyroth and Harry Greene. Imaged only. GTS 1989.,2,0,FALSE,3,"Deer Canyon, Sanderson, TX",29.9940333333,-102.3868716667,3,NA,NA,NA,3,NA,open,FALSE,NA,NA,Red-spotted Toad,Anaxyrus punctatus,Red-spotted Toad,Amphibia,64984
1627118,ad0ed522-1a14-44f4-96a7-f3311abace1d,Fri Jun 12 2015 22:08:34 GMT-0500 (CDT),2015-06-12,2015-06-13 12:08:34 +0900,Central Time (US & Canada),43772,gtsalmon,Gerry Salmon,2015-06-14 01:24:31 +0900,2024-09-24 09:06:44 +0900,research,CC-BY-NC,http://www.inaturalist.org/observations/1627118,https://inaturalist-open-data.s3.amazonaws.com/photos/1996449/medium.jpg,NA,NA,Found active while hiking in canyon w Gary Heyroth and Harry Greene. Imaged only. GTS 1992.,2,0,FALSE,3,"Deer Canyon, Sanderson, TX",29.9931666667,-102.3872616667,3,NA,NA,NA,3,NA,open,FALSE,NA,NA,Red-spotted Toad,Anaxyrus punctatus,Red-spotted Toad,Amphibia,64984
1627372,fb960a8d-bb0f-42e0-b462-97cb36f78960,Fri Jun 12 2015 23:22:49 GMT-0500 (CDT),2015-06-12,2015-06-13 13:22:49 +0900,Central Time (US & Canada),9065,andygluesenkamp,andy gluesenkamp,2015-06-14 03:08:13 +0900,2017-09-26 10:48:37 +0900,research,CC-BY-NC,http://www.inaturalist.org/observations/1627372,https://inaturalist-open-data.s3.amazonaws.com/photos/1996810/medium.jpg,NA,NA,NA,2,0,FALSE,3,NA,30.0742888333,-102.3442783333,NA,NA,NA,NA,NA,NA,open,FALSE,NA,NA,Red-spotted Toad,Anaxyrus punctatus,Red-spotted Toad,Amphibia,64984
1629903,6cc629b4-4394-4ea4-a6d3-981885b66f83,Sun Jun 14 2015 00:02:52 GMT-0500 (CDT),2015-06-14,2015-06-14 14:02:52 +0900,Central Time (US & Canada),16534,nowcolorado,NA,2015-06-14 14:48:01 +0900,2017-09-26 10:49:43 +0900,research,CC-BY-NC,http://www.inaturalist.org/observations/1629903,https://inaturalist-open-data.s3.amazonaws.com/photos/1999321/medium.jpg,NA,NA,NA,1,0,FALSE,3,"Brewster County, US-TX, US",29.5372245948,-103.1332632074,NA,"Big Bend National Park, Brewster County, US-TX, US",29.4787416667,-103.1407778333,29483,obscured,open,TRUE,NA,NA,Red-spotted Toad,Anaxyrus punctatus,Red-spotted Toad,Amphibia,64984
1630245,acfb2030-0794-4d7d-9a79-e5d8a6975a88,Sat Jun 13 2015 21:32:39 GMT-0500 (CDT),2015-06-13,2015-06-14 11:32:39 +0900,Central Time (US & Canada),9370,skystevens,NA,2015-06-14 18:10:05 +0900,2017-09-26 10:49:44 +0900,research,CC-BY-NC,http://www.inaturalist.org/observations/1630245,https://inaturalist-open-data.s3.amazonaws.com/photos/1999643/medium.jpg,NA,NA,NA,1,0,FALSE,3,"Brewster County, US-TX, US",29.995677,-103.571584,5,NA,NA,NA,5,NA,open,FALSE,NA,NA,Red-spotted Toad,Anaxyrus punctatus,Red-spotted Toad,Amphibia,64984
1630251,83d6131c-895a-4a0f-b2b6-e0897ddcad02,Sat Jun 13 2015 23:08:49 GMT-0500 (CDT),2015-06-13,2015-06-14 13:08:49 +0900,Central Time (US & Canada),9370,skystevens,NA,2015-06-14 18:09:27 +0900,2017-09-26 10:49:46 +0900,research,CC-BY-NC,http://www.inaturalist.org/observations/1630251,https://inaturalist-open-data.s3.amazonaws.com/photos/1999667/medium.jpg,NA,NA,NA,1,0,FALSE,3,"FM 170, Alpine, TX, US",29.273347,-103.752442,5,NA,NA,NA,5,NA,open,FALSE,NA,NA,Red-spotted Toad,Anaxyrus punctatus,Red-spotted Toad,Amphibia,64984
1630419,0c41825a-5937-4bb5-bc55-09856aef3d90,Sun Jun 14 2015 02:07:27 GMT-0500 (CDT),2015-06-14,2015-06-14 16:07:27 +0900,Central Time (US & Canada),2281,cullen,Cullen Hanks,2015-06-14 20:05:51 +0900,2017-09-26 10:49:50 +0900,research,CC0,http://www.inaturalist.org/observations/1630419,https://inaturalist-open-data.s3.amazonaws.com/photos/1999860/medium.jpg,NA,NA,NA,3,0,FALSE,3,NA,29.996143,-104.638032,5,NA,NA,NA,5,NA,open,FALSE,NA,NA,Red-spotted Toad,Anaxyrus punctatus,Red-spotted Toad,Amphibia,64984
1630427,7b59d73a-0986-491c-8e8e-24da9b3a49b2,Sun Jun 14 2015 06:02:17 GMT-0500 (CDT),2015-06-14,2015-06-14 20:02:17 +0900,Central Time (US & Canada),2281,cullen,Cullen Hanks,2015-06-14 20:06:34 +0900,2017-09-26 10:49:52 +0900,research,CC0,http://www.inaturalist.org/observations/1630427,https://inaturalist-open-data.s3.amazonaws.com/photos/1999872/medium.jpg,NA,NA,NA,1,0,FALSE,3,NA,29.3291,-103.534098,5,NA,NA,NA,5,NA,open,FALSE,NA,NA,red-spotted toad,Anaxyrus punctatus,Red-spotted Toad,Amphibia,64984
1631061,0044a89c-b66a-4024-a03c-6da24eb08589,Sat Jun 13 2015 23:49:17 GMT-0500 (CDT),2015-06-13,2015-06-14 13:49:17 +0900,Central Time (US & Canada),13156,romeyswanson,Romey Swanson,2015-06-14 21:32:34 +0900,2017-10-15 12:22:15 +0900,research,CC-BY-NC,http://www.inaturalist.org/observations/1631061,https://inaturalist-open-data.s3.amazonaws.com/photos/2000530/medium.jpg,NA,NA,NA,2,0,FALSE,3,"Presidio County, US-TX, US",30.1155833333,-104.415825,NA,NA,NA,NA,NA,NA,open,FALSE,NA,NA,Red-spotted Toad,Anaxyrus punctatus,Red-spotted Toad,Amphibia,64984
1631982,7c2317d7-9f04-4026-bc47-d52ebba1566e,Sun Jun 14 2015 11:34:02 GMT-0500 (CDT),2015-06-14,2015-06-15 01:34:02 +0900,Central Time (US & Canada),60346,tonyj,NA,2015-06-15 03:00:00 +0900,2017-09-26 10:50:06 +0900,research,CC-BY-NC,http://www.inaturalist.org/observations/1631982,https://inaturalist-open-data.s3.amazonaws.com/photos/2001631/medium.jpg,NA,NA,NA,1,0,FALSE,3,NA,30.1036278333,-102.3637166667,NA,NA,NA,NA,NA,NA,open,FALSE,NA,NA,Red-spotted Toad,Anaxyrus punctatus,Red-spotted Toad,Amphibia,64984
1633693,93a00f99-83a4-40e6-a968-c4c44d5cb03e,2015-06-12 21:44:00,2015-06-12,2015-06-13 11:44:00 +0900,Central Time (US & Canada),12738,raindrops,Emily Powell,2015-06-15 12:12:03 +0900,2017-09-26 10:50:59 +0900,research,CC-BY-NC,http://www.inaturalist.org/observations/1633693,https://inaturalist-open-data.s3.amazonaws.com/photos/2003873/medium.JPG,NA,NA,~50 of these seen,2,0,FALSE,NA,"Brewster, Texas, United States",29.6378033333,-103.07536,NA,NA,NA,NA,NA,NA,open,FALSE,NA,NA,Red-spotted Toad,Anaxyrus punctatus,Red-spotted Toad,Amphibia,64984
1634253,2ac0c761-0bc1-4e02-ac6b-b30fed13ad05,Sat Jun 13 2015 22:53:05 GMT-0500 (CDT),2015-06-13,2015-06-14 12:53:05 +0900,Central Time (US & Canada),2098,toby,Toby Hibbitts,2015-06-15 15:39:02 +0900,2017-04-24 09:10:48 +0900,research,NA,http://www.inaturalist.org/observations/1634253,https://static.inaturalist.org/photos/2004606/medium.jpg,NA,NA,NA,1,0,FALSE,3,NA,30.3786333333,-102.329195,NA,NA,NA,NA,NA,NA,open,FALSE,NA,NA,Red-spotted Toad,Anaxyrus punctatus,Red-spotted Toad,Amphibia,64984
1637861,5a08a524-548d-412b-b044-9530f8081eec,Sun Jun 14 2015 22:35:44 GMT-0500 (CDT),2015-06-14,2015-06-15 12:35:44 +0900,Central Time (US & Canada),43772,gtsalmon,Gerry Salmon,2015-06-16 15:01:56 +0900,2024-09-24 09:06:28 +0900,research,CC-BY-NC,http://www.inaturalist.org/observations/1637861,https://inaturalist-open-data.s3.amazonaws.com/photos/2008876/medium.jpg,NA,NA,Juvenile AOR on FM 1832 after heavy rains in area (less in this canyon). Imaged only. GTS 1997.,1,0,FALSE,3,"FM 1832, Jeff Davis Co., TX",30.8134283333,-103.9271083333,5,NA,NA,NA,5,NA,open,FALSE,NA,NA,Red-spotted Toad,Anaxyrus punctatus,Red-spotted Toad,Amphibia,64984
1637862,c1814198-e90a-4bd8-8b1f-0f56c2d97c18,Sun Jun 14 2015 22:17:58 GMT-0500 (CDT),2015-06-14,2015-06-15 12:17:58 +0900,Central Time (US & Canada),43772,gtsalmon,Gerry Salmon,2015-06-16 15:01:56 +0900,2024-09-24 09:06:09 +0900,research,CC-BY-NC,http://www.inaturalist.org/observations/1637862,https://inaturalist-open-data.s3.amazonaws.com/photos/2008877/medium.jpg,NA,NA,Young adult AOR on FM 1832. Imaged only. GTS 1996.,1,0,FALSE,3,"FM 1832, Jeff Davis Co., TX",30.812277,-103.923463,10,NA,NA,NA,10,NA,open,FALSE,NA,NA,Red-spotted Toad,Anaxyrus punctatus,Red-spotted Toad,Amphibia,64984
1637863,37bc3e45-a571-4cfb-8f14-3a39f612980e,Sun Jun 14 2015 23:19:31 GMT-0500 (CDT),2015-06-14,2015-06-15 13:19:31 +0900,Central Time (US & Canada),43772,gtsalmon,Gerry Salmon,2015-06-16 15:01:13 +0900,2024-09-24 09:06:49 +0900,research,CC-BY-NC,http://www.inaturalist.org/observations/1637863,https://inaturalist-open-data.s3.amazonaws.com/photos/2008879/medium.jpg,NA,NA,Adult AOR on FM 1832. Imaged only. GTS 1998.,1,0,FALSE,3,"FM 1832, Jeff Davis Co., TX",30.807594,-103.918468,10,NA,NA,NA,10,NA,open,FALSE,NA,NA,Red-spotted Toad,Anaxyrus punctatus,Red-spotted Toad,Amphibia,64984
1637864,3f0e312f-7b21-4bb2-b887-5a02280ed5a4,Sun Jun 14 2015 22:04:13 GMT-0500 (CDT),2015-06-14,2015-06-15 12:04:13 +0900,Central Time (US & Canada),43772,gtsalmon,Gerry Salmon,2015-06-16 15:01:13 +0900,2024-09-24 09:06:48 +0900,research,CC-BY-NC,http://www.inaturalist.org/observations/1637864,https://inaturalist-open-data.s3.amazonaws.com/photos/2008875/medium.jpg,NA,NA,AOR on FM 1832. Imaged only. GTS 1995.,1,0,FALSE,3,"FM 1832, Jeff Davis Co., TX",30.805995,-103.91181,10,NA,NA,NA,10,NA,open,FALSE,NA,NA,Red-spotted Toad,Anaxyrus punctatus,Red-spotted Toad,Amphibia,64984
1638352,bf23a010-0354-43da-979a-740f56cff495,Mon Jun 15 2015 00:34:16 GMT-0500 (CDT),2015-06-15,2015-06-15 14:34:16 +0900,Central Time (US & Canada),43772,gtsalmon,Gerry Salmon,2015-06-16 23:26:35 +0900,2024-09-24 09:06:27 +0900,research,CC-BY-NC,http://www.inaturalist.org/observations/1638352,https://inaturalist-open-data.s3.amazonaws.com/photos/2009474/medium.jpg,NA,NA,Adult AOR on FM 1832. Imaged only. GTS 2001.,1,0,FALSE,3,"FM 1832, Jeff Davis Co., TX",30.808025,-103.919333,10,NA,NA,NA,10,NA,open,FALSE,NA,NA,Red-spotted Toad,Anaxyrus punctatus,Red-spotted Toad,Amphibia,64984
1638390,4b22d827-9459-41cb-bac3-356696cf7fe3,Mon Jun 15 2015 01:29:09 GMT-0500 (CDT),2015-06-15,2015-06-15 15:29:09 +0900,Central Time (US & Canada),43772,gtsalmon,Gerry Salmon,2015-06-16 23:38:20 +0900,2024-09-24 09:06:49 +0900,research,CC-BY-NC,http://www.inaturalist.org/observations/1638390,https://inaturalist-open-data.s3.amazonaws.com/photos/2009518/medium.jpg,NA,NA,In parking lot of Fort Davis Inn on Hwy 17 (following heavy rains in area). Imaged only.,2,0,FALSE,3,"Fort Davis, Jeff Davis Co., TX",30.6079416667,-103.8829883333,2,NA,NA,NA,2,NA,open,FALSE,NA,NA,Red-spotted Toad,Anaxyrus punctatus,Red-spotted Toad,Amphibia,64984
1639056,1e5da4b1-6cc7-4a28-9ac1-5d6c0164cda8,Mon Jun 15 2015 22:25:51 GMT-0500 (CDT),2015-06-15,2015-06-16 12:25:51 +0900,Central Time (US & Canada),9370,skystevens,NA,2015-06-17 03:08:28 +0900,2017-09-26 10:52:58 +0900,research,CC-BY-NC,http://www.inaturalist.org/observations/1639056,https://inaturalist-open-data.s3.amazonaws.com/photos/2010463/medium.jpg,NA,NA,NA,2,0,FALSE,3,NA,29.243725,-103.374034,5,NA,NA,NA,5,NA,open,FALSE,NA,NA,Red-spotted Toad,Anaxyrus punctatus,Red-spotted Toad,Amphibia,64984
1639064,72a0d6bd-7d67-4962-9764-f73565f31c10,Tue Jun 16 2015 02:24:10 GMT-0500 (CDT),2015-06-16,2015-06-16 16:24:10 +0900,Central Time (US & Canada),9370,skystevens,NA,2015-06-17 03:09:13 +0900,2017-09-26 10:52:59 +0900,research,CC-BY-NC,http://www.inaturalist.org/observations/1639064,https://inaturalist-open-data.s3.amazonaws.com/photos/2010484/medium.jpg,NA,NA,NA,2,0,FALSE,3,NA,29.521672,-104.267781,5,NA,NA,NA,5,NA,open,FALSE,NA,NA,Red-spotted Toad,Anaxyrus punctatus,Red-spotted Toad,Amphibia,64984
1639635,c407fc29-3a7c-4068-9526-07d49bbd025a,2015-06-11 19:04:48,2015-06-11,2015-06-12 09:04:48 +0900,Central Time (US & Canada),2281,cullen,Cullen Hanks,2015-06-17 05:29:35 +0900,2017-09-26 10:53:05 +0900,research,CC0,http://www.inaturalist.org/observations/1639635,https://inaturalist-open-data.s3.amazonaws.com/photos/2011073/medium.jpg,NA,NA,NA,1,0,FALSE,NA,"Edwards, Texas, United States",29.6506166667,-100.069005,15,NA,NA,NA,15,NA,open,FALSE,NA,NA,Red-spotted Toad,Anaxyrus punctatus,Red-spotted Toad,Amphibia,64984
1639636,a7200bd5-8fa7-45bc-a13d-554f94cd84fb,2015-06-11 19:35:16,2015-06-11,2015-06-12 09:35:16 +0900,Central Time (US & Canada),2281,cullen,Cullen Hanks,2015-06-17 05:29:35 +0900,2017-09-26 10:53:06 +0900,research,CC0,http://www.inaturalist.org/observations/1639636,https://inaturalist-open-data.s3.amazonaws.com/photos/2011074/medium.jpg,NA,NA,NA,1,0,FALSE,NA,"Edwards, Texas, United States",29.6514666667,-100.0705383333,15,NA,NA,NA,15,NA,open,FALSE,NA,NA,Red-spotted Toad,Anaxyrus punctatus,Red-spotted Toad,Amphibia,64984
1639651,f14668c9-7a44-4e45-9174-0df222dbe2de,2015-06-13 23:49:18,2015-06-13,2015-06-14 13:49:18 +0900,Central Time (US & Canada),2281,cullen,Cullen Hanks,2015-06-17 05:29:58 +0900,2017-09-26 10:53:09 +0900,research,CC0,http://www.inaturalist.org/observations/1639651,https://inaturalist-open-data.s3.amazonaws.com/photos/2011088/medium.jpg,NA,NA,NA,2,0,FALSE,NA,"Presidio, Texas, United States",30.11489,-104.4169,15,NA,NA,NA,15,NA,open,FALSE,NA,NA,Red-spotted Toad,Anaxyrus punctatus,Red-spotted Toad,Amphibia,64984
1641432,cfe08841-73f1-499e-9848-d69cec8f439e,Wed Jun 17 2015 08:43:25 GMT-0500 (CDT),2015-06-17,2015-06-17 22:43:25 +0900,Central Time (US & Canada),13156,romeyswanson,Romey Swanson,2015-06-17 22:43:02 +0900,2017-10-15 12:24:46 +0900,research,CC-BY-NC,http://www.inaturalist.org/observations/1641432,https://inaturalist-open-data.s3.amazonaws.com/photos/2014009/medium.jpg,NA,NA,NA,2,0,FALSE,3,"Ve Trl, Leakey, TX, US",29.862606,-99.964967,5,NA,NA,NA,5,NA,open,FALSE,NA,NA,Red-spotted Toad,Anaxyrus punctatus,Red-spotted Toad,Amphibia,64984
1647014,c8cf2e63-6dc7-418e-9393-d01bceb313c7,Fri Jun 19 2015 00:22:08 GMT-0500 (CDT),2015-06-19,2015-06-19 14:22:08 +0900,Central Time (US & Canada),43772,gtsalmon,Gerry Salmon,2015-06-19 16:28:01 +0900,2024-09-01 06:21:29 +0900,research,CC-BY-NC,http://www.inaturalist.org/observations/1647014,https://inaturalist-open-data.s3.amazonaws.com/photos/2020636/medium.jpg,NA,NA,Found walking at Loma Alta w Scott Quint and Ron Govreau. Imaged only. GTS 2025.,1,0,FALSE,3,"US-277 N, Del Rio, TX, US",29.919295,-100.774473,10,NA,NA,NA,10,NA,open,FALSE,NA,NA,Red-spotted Toad,Anaxyrus punctatus,Red-spotted Toad,Amphibia,64984
1652403,1ebe4ba8-7f17-4201-ad93-62a4876ae4e8,Sun Jun 14 2015 22:34:39 GMT-0500 (CDT),2015-06-14,2015-06-15 12:34:39 +0900,Central Time (US & Canada),9160,jeff32,Jeff Adams,2015-06-21 12:40:37 +0900,2017-09-26 10:57:53 +0900,research,CC-BY-NC,http://www.inaturalist.org/observations/1652403,https://inaturalist-open-data.s3.amazonaws.com/photos/2027259/medium.jpg,NA,NA,NA,1,0,FALSE,3,"115–153 US Highway 90 W, Dryden, TX, US",30.1489805,-102.4494166667,NA,NA,NA,NA,NA,NA,open,FALSE,NA,NA,Red-spotted Toad,Anaxyrus punctatus,Red-spotted Toad,Amphibia,64984
1662355,0d987be5-f618-48da-8873-97c2a17fe72f,Sat Jun 20 2015 01:21:12 GMT-0500 (CDT),2015-06-20,2015-06-20 15:21:12 +0900,Central Time (US & Canada),13156,romeyswanson,Romey Swanson,2015-06-22 12:57:00 +0900,2017-10-15 12:26:00 +0900,research,CC-BY-NC,http://www.inaturalist.org/observations/1662355,https://inaturalist-open-data.s3.amazonaws.com/photos/2032022/medium.jpg,NA,NA,NA,3,0,FALSE,3,"Val Verde County, US-TX, US",29.809279,-101.560027,5,NA,NA,NA,5,NA,open,FALSE,NA,NA,Red-spotted Toad,Anaxyrus punctatus,Red-spotted Toad,Amphibia,64984
1690981,7fde6a94-e6b7-465f-a2bd-cee72bd14c1e,6/14/2015 21:10,2015-06-14,2015-06-15 11:10:00 +0900,Central Time (US & Canada),9366,chris_mcmartin,Chris McMartin,2015-06-25 22:50:00 +0900,2017-09-26 11:02:58 +0900,research,CC-BY-NC,http://www.inaturalist.org/observations/1690981,https://inaturalist-open-data.s3.amazonaws.com/photos/2047518/medium.jpg,NA,chris_mcmartin-1435240156-Records Formatted for Snake Days.csv,Road cruised adult ; elevation 2276.9 feet; moon waning crescent; sky condition clear; pressure 29.78 inHg; humidity 31 percent.,1,0,FALSE,NA,"Presidio County, River Road",29.27978333,-103.840925,NA,NA,NA,NA,NA,NA,open,FALSE,NA,NA,Anaxyrus punctatus,Anaxyrus punctatus,Red-spotted Toad,Amphibia,64984
1690983,a2e16f13-b2aa-4503-9f1a-4bb2ec063fee,6/14/2015 21:24,2015-06-14,2015-06-15 11:24:00 +0900,Central Time (US & Canada),9366,chris_mcmartin,Chris McMartin,2015-06-25 22:50:01 +0900,2017-09-26 11:02:58 +0900,research,CC-BY-NC,http://www.inaturalist.org/observations/1690983,https://inaturalist-open-data.s3.amazonaws.com/photos/2047512/medium.jpg,NA,chris_mcmartin-1435240156-Records Formatted for Snake Days.csv,"Road cruised adult ; elevation 2234.25 feet; moon waning crescent; sky condition clear; pressure 29.79 inHg; humidity 31 percent.  Sitting in approx. 1/2"" of water flowing across a road about 3 feet from a Texas Toad.",2,0,FALSE,NA,"Brewster County, River Road, West Side of Lajitas",29.26628333,-103.7820667,NA,NA,NA,NA,NA,NA,open,FALSE,NA,NA,Anaxyrus punctatus,Anaxyrus punctatus,Red-spotted Toad,Amphibia,64984
1691003,3261a02b-68c2-4889-97b5-ec5813752a3d,6/15/2015 2:05am,2015-06-15,2015-06-15 16:05:00 +0900,Central Time (US & Canada),9366,chris_mcmartin,Chris McMartin,2015-06-25 22:50:07 +0900,2017-09-26 11:03:02 +0900,research,CC-BY-NC,http://www.inaturalist.org/observations/1691003,https://inaturalist-open-data.s3.amazonaws.com/photos/2047441/medium.jpg,NA,chris_mcmartin-1435240156-Records Formatted for Snake Days.csv,Road cruised adult ; elevation 3372.7 feet; moon waning crescent; sky condition unknown; pressure 29.82 inHg; humidity 78 percent.,2,0,FALSE,NA,"Pecos County, Hwy 90",30.16278056,-102.6672583,NA,NA,NA,NA,NA,NA,open,FALSE,NA,NA,Anaxyrus punctatus,Anaxyrus punctatus,Red-spotted Toad,Amphibia,64984
1691005,d5a261a8-ac93-40d1-bbc0-c123a9ff5a97,6/15/2015 2:10AM,2015-06-15,2015-06-15 16:10:00 +0900,Central Time (US & Canada),9366,chris_mcmartin,Chris McMartin,2015-06-25 22:50:07 +0900,2017-09-26 11:03:03 +0900,research,CC-BY-NC,http://www.inaturalist.org/observations/1691005,https://inaturalist-open-data.s3.amazonaws.com/photos/2047420/medium.jpg,NA,chris_mcmartin-1435240156-Records Formatted for Snake Days.csv,Road cruised adult ; elevation 3316.93 feet; moon waning crescent; sky condition unknown; pressure 29.82 inHg; humidity 78 percent.,2,0,FALSE,NA,"Pecos County, US Hwy 90 W of Sanderson",30.16300278,-102.6523139,NA,NA,NA,NA,NA,NA,open,FALSE,NA,NA,Anaxyrus punctatus,Anaxyrus punctatus,Red-spotted Toad,Amphibia,64984
1703803,0407ad9a-f21a-43fb-a7b1-89a647934120,Sat Jun 27 2015 23:06:10 GMT-0500 (CDT),2015-06-27,2015-06-28 13:06:10 +0900,Central Time (US & Canada),13156,romeyswanson,Romey Swanson,2015-06-29 08:38:36 +0900,2017-10-15 12:30:57 +0900,research,CC-BY-NC,http://www.inaturalist.org/observations/1703803,https://inaturalist-open-data.s3.amazonaws.com/photos/2063427/medium.jpg,NA,NA,Love Creek Preserve,2,0,FALSE,3,"Bandera County, US-TX, US",29.803626,-99.415141,157,NA,NA,NA,157,NA,open,FALSE,NA,NA,Red-spotted Toad,Anaxyrus punctatus,Red-spotted Toad,Amphibia,64984
1713176,77afcdf4-f60e-42f0-8ce7-f25d9bb5ba9e,Wed Jul 01 2015 04:44:49 GMT-0500 (CDT),2015-07-01,2015-07-01 18:44:49 +0900,Central Time (US & Canada),110272,logan,Logan Ediger,2015-07-02 01:07:06 +0900,2017-09-26 11:10:18 +0900,research,CC-BY,http://www.inaturalist.org/observations/1713176,https://inaturalist-open-data.s3.amazonaws.com/photos/2074549/medium.jpg,NA,NA,NA,1,0,FALSE,3,"RM 1832, Mcdonald Obs, TX, US",30.812364,-103.925059,19,NA,NA,NA,19,NA,open,FALSE,NA,NA,Red-spotted Toad,Anaxyrus punctatus,Red-spotted Toad,Amphibia,64984
1722427,9de99615-bbf2-4bc5-8fc2-86428306461e,2015-06-26 22:44:27,2015-06-26,2015-06-27 12:44:27 +0900,Central Time (US & Canada),6690,sandboa,Chris Harrison,2015-07-05 02:22:39 +0900,2024-09-24 01:19:19 +0900,research,CC-BY,http://www.inaturalist.org/observations/1722427,https://inaturalist-open-data.s3.amazonaws.com/photos/2086970/medium.jpg,NA,NA,Seen as part of a Biological Inventory Team Herp Survey.,3,0,FALSE,NA,Seven Oaks Ranch,30.315482,-101.376867,5,NA,NA,NA,5,NA,open,FALSE,NA,NA,Red-spotted Toad,Anaxyrus punctatus,Red-spotted Toad,Amphibia,64984
1731960,48531cac-8c04-4bdb-8379-dfa6a55d847e,Sat Jun 27 2015 14:31:29 GMT-0500 (CDT),2015-06-27,2015-06-28 04:31:29 +0900,Central Time (US & Canada),77664,donquixote,NA,2015-07-07 18:03:51 +0900,2017-09-26 11:16:35 +0900,research,CC-BY-NC,http://www.inaturalist.org/observations/1731960,https://inaturalist-open-data.s3.amazonaws.com/photos/2098814/medium.jpg,NA,NA,NA,1,0,FALSE,3,"5785–5977 W US Highway 90, Uvalde, TX, US",29.2054166667,-99.9024283333,NA,NA,NA,NA,NA,NA,open,FALSE,NA,NA,Red-spotted Toad,Anaxyrus punctatus,Red-spotted Toad,Amphibia,64984
1747562,7f0597fa-34fb-4333-824f-5973749f1458,Sat Jul 11 2015 21:48:18 GMT-0500 (CDT),2015-07-11,2015-07-12 11:48:18 +0900,Central Time (US & Canada),43772,gtsalmon,Gerry Salmon,2015-07-12 16:01:14 +0900,2024-09-01 06:24:51 +0900,research,CC-BY-NC,http://www.inaturalist.org/observations/1747562,https://inaturalist-open-data.s3.amazonaws.com/photos/2120449/medium.jpg,NA,NA,"AOR on RM 336. With Gary Heyroth. Imaged only. GTS 2070.

First image shows a defensive posture after the toad was touched with a finger.",2,0,FALSE,3,"Ranch Road 336, Leakey, TX, US",29.9261616667,-99.7975083333,3,NA,NA,NA,3,NA,open,FALSE,NA,NA,Red-spotted Toad,Anaxyrus punctatus,Red-spotted Toad,Amphibia,64984
1789479,195ef417-87bf-4631-945b-137dbabdbcfe,Tue Jul 21 2015 22:42:48 GMT-0500 (CDT),2015-07-21,2015-07-22 12:42:48 +0900,Central Time (US & Canada),72170,connorj,NA,2015-07-22 22:46:49 +0900,2017-09-26 11:31:57 +0900,research,CC-BY-NC,http://www.inaturalist.org/observations/1789479,https://inaturalist-open-data.s3.amazonaws.com/photos/2167347/medium.jpg,NA,NA,NA,1,0,FALSE,3,NA,30.7049366667,-104.1150138333,NA,NA,NA,NA,NA,NA,open,FALSE,NA,NA,Red-spotted Toad,Anaxyrus punctatus,Red-spotted Toad,Amphibia,64984
1789480,a4b0fae8-fa2e-466a-9115-0a8577535f84,Tue Jul 21 2015 22:38:13 GMT-0500 (CDT),2015-07-21,2015-07-22 12:38:13 +0900,Central Time (US & Canada),72170,connorj,NA,2015-07-22 22:47:08 +0900,2017-09-26 11:31:58 +0900,research,CC-BY-NC,http://www.inaturalist.org/observations/1789480,https://inaturalist-open-data.s3.amazonaws.com/photos/2167348/medium.jpg,NA,NA,NA,2,0,FALSE,3,NA,30.7133966667,-104.1193,NA,NA,NA,NA,NA,NA,open,FALSE,NA,NA,Red-spotted Toad,Anaxyrus punctatus,Red-spotted Toad,Amphibia,64984
1801617,0622fb24-9f20-4012-97d7-95f3919f06c9,Tue Jul 21 2015 22:10:33 GMT-0500 (CDT),2015-07-21,2015-07-22 12:10:33 +0900,Central Time (US & Canada),111077,zlotnik,NA,2015-07-26 06:12:48 +0900,2017-09-26 11:34:53 +0900,research,CC-BY-NC,http://www.inaturalist.org/observations/1801617,https://inaturalist-open-data.s3.amazonaws.com/photos/2182155/medium.jpg,NA,NA,NA,1,0,FALSE,3,"Jeff Davis County, US-TX, US",30.82408,-104.1545721667,NA,NA,NA,NA,NA,NA,open,FALSE,NA,NA,Red-spotted Toad,Anaxyrus punctatus,Red-spotted Toad,Amphibia,64984
1801618,abb40460-5179-40a4-a6a7-b8794999e7d7,Tue Jul 21 2015 22:42:53 GMT-0500 (CDT),2015-07-21,2015-07-22 12:42:53 +0900,Central Time (US & Canada),111077,zlotnik,NA,2015-07-26 06:12:49 +0900,2017-09-26 11:34:54 +0900,research,CC-BY-NC,http://www.inaturalist.org/observations/1801618,https://inaturalist-open-data.s3.amazonaws.com/photos/2182163/medium.jpg,NA,NA,NA,1,0,FALSE,3,NA,30.704995,-104.1150666667,NA,NA,NA,NA,NA,NA,open,FALSE,NA,NA,Red-spotted Toad,Anaxyrus punctatus,Red-spotted Toad,Amphibia,64984
1801620,26fd765e-a20d-4db9-89bb-60860ccd1a76,Tue Jul 21 2015 22:29:19 GMT-0500 (CDT),2015-07-21,2015-07-22 12:29:19 +0900,Central Time (US & Canada),111077,zlotnik,NA,2015-07-26 06:13:12 +0900,2017-09-26 11:34:54 +0900,research,CC-BY-NC,http://www.inaturalist.org/observations/1801620,https://inaturalist-open-data.s3.amazonaws.com/photos/2182156/medium.jpg,NA,NA,NA,1,0,FALSE,3,"Jeff Davis County, US-TX, US",30.744445,-104.1405028333,NA,NA,NA,NA,NA,NA,open,FALSE,NA,NA,Red-spotted Toad,Anaxyrus punctatus,Red-spotted Toad,Amphibia,64984
1803999,3d296489-5640-4269-938f-1fb76ec40799,Tue Jul 21 2015 22:29:47 GMT-0600 (MDT),2015-07-21,2015-07-22 13:29:47 +0900,Mountain Time (US & Canada),118148,taniajogesh,Tania Jogesh,2015-07-27 01:43:01 +0900,2017-09-26 11:35:19 +0900,research,NA,http://www.inaturalist.org/observations/1803999,https://static.inaturalist.org/photos/2185779/medium.jpg,NA,NA,NA,1,0,FALSE,3,"Terlingua, Terlingua, TX, US",29.319905,-103.607955,NA,NA,NA,NA,NA,NA,open,FALSE,NA,NA,Red-spotted Toad,Anaxyrus punctatus,Red-spotted Toad,Amphibia,64984
1811098,ab9e6e52-40f9-4557-af3c-92f8cd5b6cbe,Tue Jul 28 2015 11:29:16 GMT-0500 (CDT),2015-07-28,2015-07-29 01:29:16 +0900,Central Time (US & Canada),111077,zlotnik,NA,2015-07-29 09:19:07 +0900,2017-09-26 11:38:10 +0900,research,CC-BY-NC,http://www.inaturalist.org/observations/1811098,https://inaturalist-open-data.s3.amazonaws.com/photos/2196233/medium.jpg,NA,NA,NA,1,0,FALSE,3,NA,30.706145,-104.1049111667,NA,NA,NA,NA,NA,NA,open,FALSE,NA,NA,Red-spotted Toad,Anaxyrus punctatus,Red-spotted Toad,Amphibia,64984
1811099,a0ea73e5-69b0-4a61-b4d8-7fd2b0fd380e,Mon Jul 27 2015 23:50:41 GMT-0500 (CDT),2015-07-27,2015-07-28 13:50:41 +0900,Central Time (US & Canada),111077,zlotnik,NA,2015-07-29 09:19:07 +0900,2017-09-26 11:38:10 +0900,research,CC-BY-NC,http://www.inaturalist.org/observations/1811099,https://inaturalist-open-data.s3.amazonaws.com/photos/2196229/medium.jpg,NA,NA,NA,2,0,FALSE,3,NA,30.7060966667,-104.1048055,NA,NA,NA,NA,NA,NA,open,FALSE,NA,NA,Red-spotted Toad,Anaxyrus punctatus,Red-spotted Toad,Amphibia,64984
1855195,9c9fd030-dab3-43d9-9e80-8b2d2235e45c,2015-08-08 2:01:56 AM CDT,2015-08-08,2015-08-08 16:01:56 +0900,Central Time (US & Canada),21472,moyervides,Mayra Oyervides,2015-08-12 12:54:10 +0900,2020-01-27 05:24:25 +0900,research,CC-BY-NC,http://www.inaturalist.org/observations/1855195,https://inaturalist-open-data.s3.amazonaws.com/photos/2255583/medium.jpg,NA,NA,NA,1,0,FALSE,2,NA,29.274597168,-103.8133392334,NA,NA,NA,NA,NA,NA,open,FALSE,gps,gps,Anaxyrus punctatus,Anaxyrus punctatus,Red-spotted Toad,Amphibia,64984
1901601,137db05b-e498-45f1-b2bd-25ce5ac934b1,Sun Aug 23 2015 01:10:39 GMT-0500 (CDT),2015-08-23,2015-08-23 15:10:39 +0900,Central Time (US & Canada),9370,skystevens,NA,2015-08-30 00:40:55 +0900,2017-09-26 12:04:23 +0900,research,CC-BY-NC,http://www.inaturalist.org/observations/1901601,https://inaturalist-open-data.s3.amazonaws.com/photos/2320438/medium.jpg,NA,NA,NA,1,0,FALSE,3,NA,30.365492,-103.738362,5,NA,NA,NA,5,NA,open,FALSE,NA,NA,Red-spotted Toad,Anaxyrus punctatus,Red-spotted Toad,Amphibia,64984
1927353,83f1d1fc-faea-4949-9b1f-10f30d3ff7b8,2015-09-05,2015-09-05,NA,Central Time (US & Canada),14327,johnwilliams,NA,2015-09-09 00:30:23 +0900,2020-12-23 03:57:39 +0900,research,CC-BY-NC,http://www.inaturalist.org/observations/1927353,https://inaturalist-open-data.s3.amazonaws.com/photos/2357312/medium.jpeg,NA,NA,DOR,1,0,FALSE,NA,"Uvalde County, US-TX, US",29.508886,-99.70774,3,NA,NA,NA,3,NA,open,FALSE,NA,NA,Red-spotted Toad,Anaxyrus punctatus,Red-spotted Toad,Amphibia,64984
1958118,11c24879-3d0e-4d37-a0e2-44d814ae2119,2015-09-17,2015-09-17,NA,Mountain Time (US & Canada),90105,wanderingnaturalist,Soraya,2015-09-19 01:29:42 +0900,2017-09-26 12:22:42 +0900,research,NA,http://www.inaturalist.org/observations/1958118,https://static.inaturalist.org/photos/2399678/medium.JPG,NA,NA,Found hopping across a moist sandy trail.,2,0,FALSE,NA,Franklin Mountains,31.934509,-106.473398,NA,NA,NA,NA,NA,NA,open,FALSE,NA,NA,Red-spotted Toad,Anaxyrus punctatus,Red-spotted Toad,Amphibia,64984
2311223,55ef8723-a6c6-447f-a692-74d029372327,2015-05-20,2015-05-20,NA,Central Time (US & Canada),73661,jameswbeck,James W. Beck,2015-10-26 12:53:51 +0900,2024-12-27 20:22:58 +0900,research,CC-BY-NC,http://www.inaturalist.org/observations/2311223,https://inaturalist-open-data.s3.amazonaws.com/photos/2569970/medium.jpg,NA,NA,NA,1,0,FALSE,NA,"Ozona, Texas",30.702225,-101.201382,4573,NA,NA,NA,4573,NA,open,FALSE,NA,NA,Red-spotted Toad,Anaxyrus punctatus,Red-spotted Toad,Amphibia,64984
2370909,6e434648-01e5-444c-9769-abd8a13b588a,2015-05-18,2015-05-18,NA,Central Time (US & Canada),60856,ashleytwahlberg,Ashley Wahlberg,2015-11-12 02:28:30 +0900,2016-04-28 12:50:25 +0900,research,CC-BY-NC,http://www.inaturalist.org/observations/2370909,https://inaturalist-open-data.s3.amazonaws.com/photos/2640275/medium.jpg,NA,NA,NA,2,0,FALSE,NA,"amarillo, tx",35.239945,-101.972746,421,NA,NA,NA,421,NA,open,FALSE,NA,NA,Red-spotted Toad,Anaxyrus punctatus,Red-spotted Toad,Amphibia,64984
2466223,3097a009-5108-42ca-ba20-3c6dfa7bf042,9/12/2005 21:40,2005-09-12,2005-09-13 11:40:00 +0900,Central Time (US & Canada),6690,sandboa,Chris Harrison,2015-12-10 14:50:32 +0900,2024-09-24 01:19:19 +0900,research,CC-BY,http://www.inaturalist.org/observations/2466223,https://inaturalist-open-data.s3.amazonaws.com/photos/2913281/medium.jpg,NA,class-bulkobservationfile-user_id-6690-filename-source_file_for_inat_imports_2000-2011-csv-project_id-411-2015-12-09 21:48:49 -0800.csv,NA,1,0,FALSE,NA,Edwards County,30.021705,-100.064363,NA,NA,NA,NA,NA,NA,open,FALSE,NA,NA,Anaxyrus punctatus,Anaxyrus punctatus,Red-spotted Toad,Amphibia,64984
2473983,51ac1c33-6c6d-44fe-a889-1a91d0cf0bee,6/17/2012 21:54,2012-06-17,2012-06-18 11:54:00 +0900,Central Time (US & Canada),6690,sandboa,Chris Harrison,2015-12-13 14:57:41 +0900,2024-09-24 01:19:19 +0900,research,CC-BY,http://www.inaturalist.org/observations/2473983,https://inaturalist-open-data.s3.amazonaws.com/photos/2893666/medium.jpg,NA,class-bulkobservationfile-user_id-6690-filename-source_file_for_inat_imports_2011-15-csv-project_id-2015-12-12 21:55:31 -0800.csv,NA,1,0,FALSE,NA,Pecos County,30.407605,-102.910878,NA,NA,NA,NA,NA,NA,open,FALSE,NA,NA,Anaxyrus punctatus,Anaxyrus punctatus,Red-spotted Toad,Amphibia,64984
2474013,7cef1a58-8467-488a-89a8-3084f0c81b7f,7/8/2012 21:41,2012-07-08,2012-07-09 11:41:00 +0900,Central Time (US & Canada),6690,sandboa,Chris Harrison,2015-12-13 14:57:50 +0900,2024-09-24 01:19:19 +0900,research,CC-BY,http://www.inaturalist.org/observations/2474013,https://inaturalist-open-data.s3.amazonaws.com/photos/2877616/medium.jpg,NA,class-bulkobservationfile-user_id-6690-filename-source_file_for_inat_imports_2011-15-csv-project_id-2015-12-12 21:55:31 -0800.csv,NA,1,0,FALSE,NA,Real County,29.740559,-99.915818,NA,NA,NA,NA,NA,NA,open,FALSE,NA,NA,Anaxyrus punctatus,Anaxyrus punctatus,Red-spotted Toad,Amphibia,64984
2474156,2cf47b14-22e3-466e-b707-befa79ff03f5,5/19/2013 21:10,2013-05-19,2013-05-20 11:10:00 +0900,Central Time (US & Canada),6690,sandboa,Chris Harrison,2015-12-13 14:58:34 +0900,2024-09-24 01:19:19 +0900,research,CC-BY,http://www.inaturalist.org/observations/2474156,https://inaturalist-open-data.s3.amazonaws.com/photos/2851008/medium.jpg,NA,class-bulkobservationfile-user_id-6690-filename-source_file_for_inat_imports_2011-15-csv-project_id-2015-12-12 21:55:31 -0800.csv,NA,2,0,FALSE,NA,Uvalde County,29.600746,-99.593807,NA,NA,NA,NA,NA,NA,open,FALSE,NA,NA,Red-spotted Toad,Anaxyrus punctatus,Red-spotted Toad,Amphibia,64984
2474160,ee91ed4e-dd69-4a99-b06c-b6340076c677,6/5/2013 22:30,2013-06-05,2013-06-06 12:30:00 +0900,Central Time (US & Canada),6690,sandboa,Chris Harrison,2015-12-13 14:58:35 +0900,2024-09-24 01:19:19 +0900,research,CC-BY,http://www.inaturalist.org/observations/2474160,https://inaturalist-open-data.s3.amazonaws.com/photos/2851004/medium.jpg,NA,class-bulkobservationfile-user_id-6690-filename-source_file_for_inat_imports_2011-15-csv-project_id-2015-12-12 21:55:31 -0800.csv,http://www.naherp.com/vouchers/149466-189915.mp3  http://www.naherp.com/vouchers/149466-189916.mp3,2,0,FALSE,NA,Kimble County,30.316114,-99.940393,NA,NA,NA,NA,NA,NA,open,FALSE,NA,NA,Red-spotted Toad,Anaxyrus punctatus,Red-spotted Toad,Amphibia,64984
2474322,4c440007-3f2e-4411-90c9-5b219072b678,7/17/2014 21:09,2014-07-17,2014-07-18 11:09:00 +0900,Central Time (US & Canada),6690,sandboa,Chris Harrison,2015-12-13 14:59:33 +0900,2024-09-24 01:19:19 +0900,research,CC-BY,http://www.inaturalist.org/observations/2474322,https://inaturalist-open-data.s3.amazonaws.com/photos/2837043/medium.jpg,NA,class-bulkobservationfile-user_id-6690-filename-source_file_for_inat_imports_2011-15-csv-project_id-2015-12-12 21:55:31 -0800.csv,NA,1,0,FALSE,NA,"Texas, US",29.7922259185,-99.3159501932,NA,Bandera County,29.69214,-99.21564,29458,obscured,open,TRUE,NA,NA,Anaxyrus punctatus,Anaxyrus punctatus,Red-spotted Toad,Amphibia,64984
2474365,6948ff82-8be5-4be8-95f1-9528dd2719c4,9/16/2014 20:46,2014-09-16,2014-09-17 10:46:00 +0900,Central Time (US & Canada),6690,sandboa,Chris Harrison,2015-12-13 14:59:47 +0900,2024-09-24 01:19:19 +0900,research,CC-BY,http://www.inaturalist.org/observations/2474365,https://inaturalist-open-data.s3.amazonaws.com/photos/2836965/medium.jpg,NA,class-bulkobservationfile-user_id-6690-filename-source_file_for_inat_imports_2011-15-csv-project_id-2015-12-12 21:55:31 -0800.csv,NA,1,0,FALSE,NA,Edwards County,29.980425,-100.03231100000001,NA,NA,NA,NA,NA,NA,open,FALSE,NA,NA,Anaxyrus punctatus,Anaxyrus punctatus,Red-spotted Toad,Amphibia,64984
2474369,f43ff26a-03f3-4024-92f4-15c0fe1baf2f,9/16/2014 21:24,2014-09-16,2014-09-17 11:24:00 +0900,Central Time (US & Canada),6690,sandboa,Chris Harrison,2015-12-13 14:59:48 +0900,2024-09-24 01:19:19 +0900,research,CC-BY,http://www.inaturalist.org/observations/2474369,https://inaturalist-open-data.s3.amazonaws.com/photos/2836995/medium.jpg,NA,class-bulkobservationfile-user_id-6690-filename-source_file_for_inat_imports_2011-15-csv-project_id-2015-12-12 21:55:31 -0800.csv,NA,1,0,FALSE,NA,Real County,29.882706,-100.017801,NA,NA,NA,NA,NA,NA,open,FALSE,NA,NA,Anaxyrus punctatus,Anaxyrus punctatus,Red-spotted Toad,Amphibia,64984
2474370,2f245b75-48e0-4766-a357-95cd228ebb33,9/16/2014 22:19,2014-09-16,2014-09-17 12:19:00 +0900,Central Time (US & Canada),6690,sandboa,Chris Harrison,2015-12-13 14:59:49 +0900,2024-09-24 01:19:19 +0900,research,CC-BY,http://www.inaturalist.org/observations/2474370,https://inaturalist-open-data.s3.amazonaws.com/photos/2836993/medium.jpg,NA,class-bulkobservationfile-user_id-6690-filename-source_file_for_inat_imports_2011-15-csv-project_id-2015-12-12 21:55:31 -0800.csv,NA,1,0,FALSE,NA,Edwards County,29.995637,-100.041191,NA,NA,NA,NA,NA,NA,open,FALSE,NA,NA,Anaxyrus punctatus,Anaxyrus punctatus,Red-spotted Toad,Amphibia,64984
2474373,3b60ba9d-3ad2-4d2d-bd08-bcea385558ef,9/16/2014 23:09,2014-09-16,2014-09-17 13:09:00 +0900,Central Time (US & Canada),6690,sandboa,Chris Harrison,2015-12-13 14:59:49 +0900,2024-09-24 01:19:19 +0900,research,CC-BY,http://www.inaturalist.org/observations/2474373,https://inaturalist-open-data.s3.amazonaws.com/photos/2836990/medium.jpg,NA,class-bulkobservationfile-user_id-6690-filename-source_file_for_inat_imports_2011-15-csv-project_id-2015-12-12 21:55:31 -0800.csv,NA,1,0,FALSE,NA,Real County,29.873743,-100.01799,NA,NA,NA,NA,NA,NA,open,FALSE,NA,NA,Anaxyrus punctatus,Anaxyrus punctatus,Red-spotted Toad,Amphibia,64984
2558810,4f07d120-6edd-401e-91e1-e197a7081935,2015-06-13,2015-06-13,NA,Central Time (US & Canada),114885,thomas_belford,Thomas Belford,2016-01-06 07:45:08 +0900,2017-09-26 14:35:59 +0900,research,CC-BY-NC,http://www.inaturalist.org/observations/2558810,https://inaturalist-open-data.s3.amazonaws.com/photos/2849574/medium.JPG,NA,NA,Multiple specimens were observed on a paved road during a light rain.,2,0,FALSE,NA,Terrell County,30.160277,-102.455412,28,NA,NA,NA,28,NA,open,FALSE,NA,NA,Red-spotted Toad,Anaxyrus punctatus,Red-spotted Toad,Amphibia,64984
2672923,3daa9b8d-b5ec-4430-887f-f77fd6728570,2015-07-22 23:28,2015-07-22,2015-07-23 13:28:00 +0900,Central Time (US & Canada),6690,sandboa,Chris Harrison,2016-02-13 00:52:54 +0900,2024-09-24 01:19:19 +0900,research,CC-BY,http://www.inaturalist.org/observations/2672923,NA,https://static.inaturalist.org/sounds/26959.mp3?1541131987,"30, class-bulkobservationfile-user_id-6690-filename-inat_recording_import_for_calls-csv-project_id-2016-02-12 07:50:47 -0800.csv",Audio vouchers available at the following links -http://www.naherp.com/vouchers/234646-305501.mp3     Canyon in Apache Mountains;,1,0,FALSE,NA,Culberson County,31.31243,-104.535999,NA,NA,NA,NA,NA,NA,open,FALSE,NA,NA,Red-spotted Toad,Anaxyrus punctatus,Red-spotted Toad,Amphibia,64984
2688331,9d6a2f3d-8c82-4a6f-a5cb-c4c7228406bc,2016-02-16 9:46:28 AM CST,2016-02-16,2016-02-17 00:46:28 +0900,Central Time (US & Canada),36469,jholmes3002,NA,2016-02-17 02:01:23 +0900,2019-09-12 11:46:51 +0900,research,CC-BY-NC,http://www.inaturalist.org/observations/2688331,https://inaturalist-open-data.s3.amazonaws.com/photos/3022942/medium.jpeg,NA,NA,NA,2,0,FALSE,2,"Blanco County, Texas, USA",30.11,-98.2,10,NA,NA,NA,10,NA,open,FALSE,NA,NA,Red-spotted Toad,Anaxyrus punctatus,Red-spotted Toad,Amphibia,64984
2784611,70ef5274-e5ff-4e0b-b5cc-8861d047ce41,2016-03-14 1:08:17 PM CDT,2016-03-14,2016-03-15 03:08:17 +0900,Central Time (US & Canada),99884,rclark77,NA,2016-03-15 12:56:21 +0900,2017-09-26 16:11:44 +0900,research,CC-BY-NC,http://www.inaturalist.org/observations/2784611,https://inaturalist-open-data.s3.amazonaws.com/photos/3157826/medium.jpeg,NA,NA,NA,1,0,FALSE,2,"Blanco County, US-TX, US",30.17147972,-98.24771213,17,NA,NA,NA,17,NA,open,FALSE,NA,NA,Red-spotted Toad,Anaxyrus punctatus,Red-spotted Toad,Amphibia,64984
2818630,7508df8e-9dd3-4e18-96d2-afd808d84cf4,Wed Mar 16 2016 22:53:40 GMT-0500 (CDT),2016-03-16,2016-03-17 12:53:40 +0900,Central Time (US & Canada),2098,toby,Toby Hibbitts,2016-03-23 11:16:00 +0900,2017-04-24 08:56:32 +0900,research,NA,http://www.inaturalist.org/observations/2818630,https://static.inaturalist.org/photos/3205639/medium.jpg,NA,NA,No idea why this rock dwelling toad was at monahans sands.  Maybe brought in by visitor?,3,0,FALSE,3,"Monahans Sand Hills State Park, Monahans, TX, US",31.6351083333,-102.8158116667,NA,NA,NA,NA,NA,NA,open,FALSE,NA,NA,Red-spotted Toad,Anaxyrus punctatus,Red-spotted Toad,Amphibia,64984
2868511,8d5415e3-8ac2-4c82-a4a9-4971010d1b3f,Sat Apr 02 2016 12:51:07 GMT-0500 (CDT),2016-04-02,2016-04-03 02:51:07 +0900,Central Time (US & Canada),23415,nancyed,Nancye Saunders Drukker,2016-04-03 07:23:32 +0900,2017-09-26 17:06:07 +0900,research,CC-BY-NC,http://www.inaturalist.org/observations/2868511,https://inaturalist-open-data.s3.amazonaws.com/photos/3275464/medium.jpg,NA,NA,NA,2,0,FALSE,3,"78003, Bandera, TX, US",29.635245,-99.19417,NA,NA,NA,NA,NA,NA,open,FALSE,NA,NA,Red-spotted Toad,Anaxyrus punctatus,Red-spotted Toad,Amphibia,64984
2907163,485caea7-3651-452d-99ea-2e68fb54c68d,2014-09-12,2014-09-12,NA,Mountain Time (US & Canada),213296,tpickjr,Ted Pick Jr,2016-04-10 05:20:20 +0900,2017-09-26 17:21:22 +0900,research,CC-BY-NC,http://www.inaturalist.org/observations/2907163,https://inaturalist-open-data.s3.amazonaws.com/photos/3325781/medium.jpg,NA,NA,NA,1,0,FALSE,NA,Hueco Tanks State Park,31.920385,-106.038588,NA,NA,NA,NA,NA,NA,open,FALSE,NA,NA,Red-spotted Toad,Anaxyrus punctatus,Red-spotted Toad,Amphibia,64984
2907325,00cd9e3b-3353-426f-9f41-f94c651f63b6,2014-09-28,2014-09-28,NA,Mountain Time (US & Canada),213296,tpickjr,Ted Pick Jr,2016-04-10 05:49:03 +0900,2017-09-26 17:21:30 +0900,research,CC-BY-NC,http://www.inaturalist.org/observations/2907325,https://inaturalist-open-data.s3.amazonaws.com/photos/3326088/medium.jpg,NA,NA,NA,2,0,FALSE,NA,Hueco Tanks State Park,31.916371,-106.043445,NA,NA,NA,NA,NA,NA,open,FALSE,NA,NA,Red-spotted Toad,Anaxyrus punctatus,Red-spotted Toad,Amphibia,64984
2913989,cf60b9eb-c9fe-4add-82c7-d91845f45d50,Sun Apr 10 2016 00:45:29 GMT-0500 (CDT),2016-04-10,2016-04-10 14:45:29 +0900,Central Time (US & Canada),13156,romeyswanson,Romey Swanson,2016-04-11 08:18:58 +0900,2021-08-17 04:27:59 +0900,research,CC-BY-NC,http://www.inaturalist.org/observations/2913989,https://inaturalist-open-data.s3.amazonaws.com/photos/3334844/medium.jpg,NA,NA,NA,2,0,FALSE,3,"78833, Camp Wood, TX, US",29.7524797925,-99.9281173029,19,NA,NA,NA,19,NA,open,FALSE,NA,NA,Red-spotted Toad,Anaxyrus punctatus,Red-spotted Toad,Amphibia,64984
2917043,76a91e14-c3c5-4c45-a90a-61cb43fd5b1f,2016-04-09 12:37,2016-04-09,2016-04-10 02:37:00 +0900,Central Time (US & Canada),174073,santillanaale,Alejandro Santillana,2016-04-11 22:51:21 +0900,2023-07-08 20:43:15 +0900,research,CC0,http://www.inaturalist.org/observations/2917043,https://inaturalist-open-data.s3.amazonaws.com/photos/3339388/medium.jpg,NA,NA,"21ºC, Humidity 40%, Tree cover 20%, Cloud cover 70%, Wind 10-15 kmph

Found under limestone rock in open, sunned area next to Trail 5 of Hill Country SNA. Surprised, it hopped off vividly but was not able to bury itself again. Red spots vivid. Found under same rock as a Texas earless lizard.

USA, TX, Bandera Co.: Bandera
Hill Country State Natural Area
09-iv-2016
29.6372ºN, -99.192724ºW",2,0,FALSE,32,"Bandera County, US-TX, US",29.6372,-99.192724,NA,NA,NA,NA,NA,NA,open,FALSE,NA,NA,Red-spotted Toad,Anaxyrus punctatus,Red-spotted Toad,Amphibia,64984
2927117,10450d7b-347a-4b11-a539-a5fcd230b151,2016-04-12 10:35:00 PM CDT,2016-04-12,2016-04-13 12:35:00 +0900,Central Time (US & Canada),35496,jaredholmes,Jared Holmes,2016-04-13 13:26:11 +0900,2017-09-26 17:32:16 +0900,research,CC-BY-NC,http://www.inaturalist.org/observations/2927117,https://inaturalist-open-data.s3.amazonaws.com/photos/3352877/medium.jpeg,NA,NA,NA,1,0,FALSE,2,"Blanco County, US-TX, US",30.2114124298,-98.4308242798,NA,NA,NA,NA,NA,NA,open,FALSE,gps,gps,Red-spotted Toad,Anaxyrus punctatus,Red-spotted Toad,Amphibia,64984
2949576,fbc43cb3-66f5-4d1b-9680-36bf8224f2e5,Sat Apr 16 2016 14:45:59 GMT-0500 (CDT),2016-04-16,2016-04-17 04:45:59 +0900,Central Time (US & Canada),161216,cmccartor,Chris McCartor,2016-04-17 04:50:19 +0900,2018-04-05 21:18:49 +0900,research,CC-BY-NC,http://www.inaturalist.org/observations/2949576,https://inaturalist-open-data.s3.amazonaws.com/photos/3382844/medium.jpg,NA,NA,NA,3,0,FALSE,3,"12673 US Highway 277 S, Tuscola, TX, US",32.2488725383,-99.9876392033,95,NA,NA,NA,95,NA,open,FALSE,NA,NA,Red-spotted Toad,Anaxyrus punctatus,Red-spotted Toad,Amphibia,64984
2985687,7f602e56-01d5-4da5-aa1e-d86099468858,Sat Apr 16 2016 12:08:42 GMT-0500 (CDT),2016-04-16,2016-04-17 02:08:42 +0900,Central Time (US & Canada),195211,kmlasater,NA,2016-04-21 06:53:58 +0900,2017-09-26 17:55:26 +0900,research,CC-BY-NC,http://www.inaturalist.org/observations/2985687,https://inaturalist-open-data.s3.amazonaws.com/photos/3432863/medium.jpg,NA,NA,NA,1,0,FALSE,3,"1743 Miller Creek Loop, Johnson City, TX, US",30.2460718574,-98.4212516135,13980,NA,NA,NA,13980,NA,open,FALSE,NA,NA,Red-spotted Toad,Anaxyrus punctatus,Red-spotted Toad,Amphibia,64984
2998842,b459066d-9e46-4ee8-bcf5-073c7a5046f2,2016-04-21 5:05:35 PM CDT,2016-04-21,2016-04-22 07:05:35 +0900,Central Time (US & Canada),35496,jaredholmes,Jared Holmes,2016-04-22 09:22:36 +0900,2017-09-26 17:58:32 +0900,research,CC-BY-NC,http://www.inaturalist.org/observations/2998842,https://inaturalist-open-data.s3.amazonaws.com/photos/3448973/medium.jpeg,NA,NA,NA,1,0,FALSE,2,"Blanco County, US-TX, US",30.2123813629,-98.4363327026,NA,NA,NA,NA,NA,NA,open,FALSE,gps,gps,Red-spotted Toad,Anaxyrus punctatus,Red-spotted Toad,Amphibia,64984
3010946,0aaf238f-74e7-425b-a049-f813dbcadfee,Sat Apr 23 2016 01:47:22 GMT-0500 (CDT),2016-04-23,2016-04-23 15:47:22 +0900,Central Time (US & Canada),13156,romeyswanson,Romey Swanson,2016-04-23 23:18:29 +0900,2017-09-26 18:05:18 +0900,research,CC-BY-NC,http://www.inaturalist.org/observations/3010946,https://inaturalist-open-data.s3.amazonaws.com/photos/3463718/medium.jpg,NA,NA,NA,2,0,FALSE,3,"78840, Del Rio, TX, US",29.7918079351,-100.9664600177,19,NA,NA,NA,19,NA,open,FALSE,NA,NA,Red-spotted Toad,Anaxyrus punctatus,Red-spotted Toad,Amphibia,64984
3018396,990f0c85-b72e-4c43-95b6-e20876a0a032,Sat Apr 23 2016 22:21:34 GMT-0500 (CDT),2016-04-23,2016-04-24 12:21:34 +0900,Central Time (US & Canada),218258,eyswanson,Erin,2016-04-24 12:35:32 +0900,2017-09-26 18:09:07 +0900,research,CC-BY-NC,http://www.inaturalist.org/observations/3018396,https://inaturalist-open-data.s3.amazonaws.com/photos/3472921/medium.jpg,NA,NA,NA,1,0,FALSE,3,"78840, Del Rio, TX, US",29.7887383333,-100.96392,NA,NA,NA,NA,NA,NA,open,FALSE,NA,NA,Red-spotted Toad,Anaxyrus punctatus,Red-spotted Toad,Amphibia,64984
3077156,94065d1e-84f3-4d1d-8ece-a1625ccfa182,2016-04-30,2016-04-30,NA,Central Time (US & Canada),173577,salamandersquad,Simon Scarpetta,2016-05-02 10:48:46 +0900,2021-10-18 11:59:24 +0900,research,CC-BY-NC,http://www.inaturalist.org/observations/3077156,https://static.inaturalist.org/photos/3547435/medium.jpg,NA,"Anaxyrus, Texas",NA,1,0,FALSE,NA,"Gillespie, Texas, United States",30.498975,-98.819275,NA,NA,NA,NA,NA,NA,open,FALSE,NA,NA,Red-spotted Toad,Anaxyrus punctatus,Red-spotted Toad,Amphibia,64984
3125550,fd7ff0db-dc7d-4340-b2dc-e28f847db950,Tue Apr 19 2016 20:53:02 GMT-0500 (CDT),2016-04-19,2016-04-20 10:53:02 +0900,Central Time (US & Canada),66466,dracorjc,Ryan Collister,2016-05-09 00:49:22 +0900,2024-10-02 04:38:42 +0900,research,CC-BY-NC,http://www.inaturalist.org/observations/3125550,https://inaturalist-open-data.s3.amazonaws.com/photos/3615202/medium.jpg,NA,NA,NA,2,0,FALSE,3,"W Ranch Road 337, Leakey, TX, US",29.7408366667,-99.6109616667,NA,NA,NA,NA,NA,NA,open,FALSE,NA,NA,Red-spotted Toad,Anaxyrus punctatus,Red-spotted Toad,Amphibia,64984
3127972,fc5c49ee-212c-471f-a621-d50035c78318,Sat May 07 2016 03:52:18 GMT-0500 (CDT),2016-05-07,2016-05-07 17:52:18 +0900,Central Time (US & Canada),112877,dgeckogirl,Delaney K,2016-05-09 08:01:14 +0900,2017-09-26 18:56:25 +0900,research,NA,http://www.inaturalist.org/observations/3127972,https://static.inaturalist.org/photos/3618574/medium.jpg,NA,NA,NA,1,0,FALSE,3,"Kickapoo Cavern State Park, Brackettville, TX, US",29.6113666667,-100.4528366667,NA,NA,NA,NA,NA,NA,open,FALSE,NA,NA,Red-spotted Toad,Anaxyrus punctatus,Red-spotted Toad,Amphibia,64984
3136206,3020d26b-f50f-49ef-a2c8-90c7b78e18f1,Mon May 09 2016 10:16:00 GMT-0500 (CDT),2016-05-09,2016-05-10 00:16:00 +0900,Central Time (US & Canada),66021,jeandotson,NA,2016-05-10 12:08:42 +0900,2020-12-14 15:20:50 +0900,research,CC-BY-NC,http://www.inaturalist.org/observations/3136206,https://inaturalist-open-data.s3.amazonaws.com/photos/3628998/medium.jpg,NA,NA,NA,3,0,FALSE,3,"Abilene State Park, Tuscola, TX, US",32.2357533333,-99.8807366667,NA,NA,NA,NA,NA,NA,open,FALSE,NA,NA,Red-spotted Toad,Anaxyrus punctatus,Red-spotted Toad,Amphibia,64984
3296976,1a30cae7-3e4a-43db-8b43-35301d71d280,Tue May 24 2016 23:08:26 GMT-0500 (CDT),2016-05-24,2016-05-25 13:08:26 +0900,Central Time (US & Canada),10766,connor22,Connor Adams,2016-05-25 15:46:10 +0900,2016-05-26 01:17:48 +0900,research,NA,http://www.inaturalist.org/observations/3296976,https://static.inaturalist.org/photos/3810801/medium.jpg,NA,NA,NA,1,0,FALSE,3,"US-277 N, Del Rio, TX, US",29.918875,-100.773955,NA,NA,NA,NA,NA,NA,open,FALSE,NA,NA,Red-spotted Toad,Anaxyrus punctatus,Red-spotted Toad,Amphibia,64984
3309012,e87d8e4a-e136-4edc-970c-7e63968a18c1,Sun Apr 10 2016 21:15:20 GMT-0500 (CDT),2016-04-10,2016-04-11 11:15:20 +0900,Central Time (US & Canada),18373,leehoy,Lee Hoy,2016-05-27 05:22:19 +0900,2017-09-26 19:41:21 +0900,research,CC-BY,http://www.inaturalist.org/observations/3309012,https://inaturalist-open-data.s3.amazonaws.com/photos/3824323/medium.jpg,NA,NA,NA,1,0,FALSE,3,"1028–1154 RM 2400, Dryden, TX, US",30.3967533333,-102.1845383333,NA,NA,NA,NA,NA,NA,open,FALSE,NA,NA,Red-spotted Toad,Anaxyrus punctatus,Red-spotted Toad,Amphibia,64984
3311694,5bb8554c-5996-41d1-a787-05215cdcd7b5,2015/06/13 10:25 PM -0500,2015-06-13,2015-06-14 12:25:00 +0900,Bogota,18373,leehoy,Lee Hoy,2016-05-27 11:44:30 +0900,2017-09-26 19:41:59 +0900,research,CC-BY,http://www.inaturalist.org/observations/3311694,https://inaturalist-open-data.s3.amazonaws.com/photos/3827495/medium.JPG,NA,NA,NA,1,0,FALSE,NA,"Presidio, Texas, United States",29.2943805556,-103.9174944444,NA,NA,NA,NA,NA,NA,open,FALSE,NA,NA,Red-spotted Toad,Anaxyrus punctatus,Red-spotted Toad,Amphibia,64984
3312724,e0deef94-ed97-4b39-b765-b1b333777820,Fri May 27 2016 00:04:14 GMT-0500 (CDT),2016-05-27,2016-05-27 14:04:14 +0900,Central Time (US & Canada),2281,cullen,Cullen Hanks,2016-05-27 15:47:55 +0900,2021-08-17 03:53:27 +0900,research,CC0,http://www.inaturalist.org/observations/3312724,https://inaturalist-open-data.s3.amazonaws.com/photos/3828971/medium.jpg,NA,NA,NA,3,0,FALSE,3,"Ranch Road 335, Rocksprings, TX, US",30.0354168238,-100.059785843,5,NA,NA,NA,5,NA,open,FALSE,NA,NA,Red-spotted Toad,Anaxyrus punctatus,Red-spotted Toad,Amphibia,64984
3312725,2f5a0eb6-44e6-491d-aca1-c34363209a4b,Fri May 27 2016 00:42:05 GMT-0500 (CDT),2016-05-27,2016-05-27 14:42:05 +0900,Central Time (US & Canada),2281,cullen,Cullen Hanks,2016-05-27 15:48:06 +0900,2021-08-17 04:27:45 +0900,research,CC0,http://www.inaturalist.org/observations/3312725,https://inaturalist-open-data.s3.amazonaws.com/photos/3828973/medium.jpg,NA,NA,NA,2,0,FALSE,3,"Real County, US-TX, US",29.8433637433,-100.0264247787,5,NA,NA,NA,5,NA,open,FALSE,NA,NA,Red-spotted Toad,Anaxyrus punctatus,Red-spotted Toad,Amphibia,64984
3316470,1c2dffae-6f72-47cf-be48-3f305954ab25,Fri Jul 19 2013 22:35:19 GMT-0500 (CDT),2013-07-19,2013-07-20 12:35:19 +0900,Central Time (US & Canada),18373,leehoy,Lee Hoy,2016-05-28 04:31:02 +0900,2023-09-06 20:32:06 +0900,research,CC-BY,http://www.inaturalist.org/observations/3316470,https://inaturalist-open-data.s3.amazonaws.com/photos/3832537/medium.jpg,NA,NA,NA,2,0,FALSE,3,"TX-54, Van Horn, TX, US",31.2225,-104.8505,NA,NA,NA,NA,NA,NA,open,FALSE,NA,NA,Red-spotted Toad,Anaxyrus punctatus,Red-spotted Toad,Amphibia,64984
3342656,05ab9fb6-c440-4b0c-b94b-ec54fdb3aa1b,Sun May 29 2016 21:40:26 GMT-0500 (CDT),2016-05-29,2016-05-30 11:40:26 +0900,Central Time (US & Canada),43772,gtsalmon,Gerry Salmon,2016-05-31 07:06:34 +0900,2024-09-24 09:10:01 +0900,research,CC-BY-NC,http://www.inaturalist.org/observations/3342656,https://inaturalist-open-data.s3.amazonaws.com/photos/3859850/medium.jpg,NA,NA,Adult found walking w Austin Alleman. Imaged only. GTS 2352.,2,0,FALSE,3,"78851, Dryden, TX, US",29.81383,-102.0481195,3,NA,NA,NA,3,NA,open,FALSE,NA,NA,Red-spotted Toad,Anaxyrus punctatus,Red-spotted Toad,Amphibia,64984
3342674,eeaaf09f-776e-4809-ad40-117317775770,Sun May 29 2016 22:56:51 GMT-0500 (CDT),2016-05-29,2016-05-30 12:56:51 +0900,Central Time (US & Canada),43772,gtsalmon,Gerry Salmon,2016-05-31 07:08:39 +0900,2024-09-24 09:10:03 +0900,research,CC-BY-NC,http://www.inaturalist.org/observations/3342674,https://inaturalist-open-data.s3.amazonaws.com/photos/3859867/medium.jpg,NA,NA,Found while walking w Austin Alleman. Imaged only. GTS 2353.,2,0,FALSE,3,"78851, Dryden, TX, US",29.8134716667,-102.0483083333,3,NA,NA,NA,3,NA,open,FALSE,NA,NA,Red-spotted Toad,Anaxyrus punctatus,Red-spotted Toad,Amphibia,64984
3346966,7093b4b6-3233-4b2b-ae0b-d2e0bc8fb401,Mon May 30 2016 22:49:03 GMT-0500 (CDT),2016-05-30,2016-05-31 12:49:03 +0900,Central Time (US & Canada),3142,mdwarriner,Michael D. Warriner,2016-05-31 22:53:43 +0900,2016-05-31 23:51:44 +0900,research,CC0,http://www.inaturalist.org/observations/3346966,https://inaturalist-open-data.s3.amazonaws.com/photos/3865702/medium.jpg,NA,NA,NA,2,0,FALSE,3,"Presidio County, US-TX, US",29.5549077541,-104.1771737394,5,NA,NA,NA,5,NA,open,FALSE,NA,NA,Red-spotted Toad,Anaxyrus punctatus,Red-spotted Toad,Amphibia,64984
3346968,6f9200ac-aa53-4e1c-899f-d6316f1e2b79,Mon May 30 2016 22:48:25 GMT-0500 (CDT),2016-05-30,2016-05-31 12:48:25 +0900,Central Time (US & Canada),2281,cullen,Cullen Hanks,2016-05-31 22:53:54 +0900,2017-09-26 19:52:33 +0900,research,CC0,http://www.inaturalist.org/observations/3346968,https://inaturalist-open-data.s3.amazonaws.com/photos/3865695/medium.jpg,NA,NA,NA,2,0,FALSE,3,"Presidio County, US-TX, US",29.5549181477,-104.1773290561,5,NA,NA,NA,5,NA,open,FALSE,NA,NA,Red-spotted Toad,Anaxyrus punctatus,Red-spotted Toad,Amphibia,64984
3346992,1c851d54-097d-49e3-9af1-af9006f4fc87,Mon May 30 2016 23:16:14 GMT-0500 (CDT),2016-05-30,2016-05-31 13:16:14 +0900,Central Time (US & Canada),2281,cullen,Cullen Hanks,2016-05-31 22:59:07 +0900,2017-09-26 19:52:35 +0900,research,CC0,http://www.inaturalist.org/observations/3346992,https://inaturalist-open-data.s3.amazonaws.com/photos/3865726/medium.jpg,NA,NA,NA,3,0,FALSE,3,"Presidio County, US-TX, US",29.5443177223,-104.1591590178,5,NA,NA,NA,5,NA,open,FALSE,NA,NA,Red-spotted Toad,Anaxyrus punctatus,Red-spotted Toad,Amphibia,64984
3347003,e88634b7-df5b-4b76-8b76-993d7f517cf6,Tue May 31 2016 00:26:14 GMT-0500 (CDT),2016-05-31,2016-05-31 14:26:14 +0900,Central Time (US & Canada),2281,cullen,Cullen Hanks,2016-05-31 23:00:59 +0900,2017-09-26 19:52:35 +0900,research,CC0,http://www.inaturalist.org/observations/3347003,https://inaturalist-open-data.s3.amazonaws.com/photos/3865750/medium.jpg,NA,NA,NA,3,0,FALSE,3,"Presidio County, US-TX, US",29.5447973768,-104.1597219464,5,NA,NA,NA,5,NA,open,FALSE,NA,NA,Red-spotted Toad,Anaxyrus punctatus,Red-spotted Toad,Amphibia,64984
3347010,e3e7a7c4-2b0d-41f9-9f25-bdbbc822eb53,Tue May 31 2016 01:03:06 GMT-0500 (CDT),2016-05-31,2016-05-31 15:03:06 +0900,Central Time (US & Canada),2281,cullen,Cullen Hanks,2016-05-31 23:02:51 +0900,2017-09-26 19:52:36 +0900,research,CC0,http://www.inaturalist.org/observations/3347010,https://inaturalist-open-data.s3.amazonaws.com/photos/3865772/medium.jpg,NA,NA,NA,3,0,FALSE,3,"Presidio County, US-TX, US",29.5556364768,-104.1326045618,5,NA,NA,NA,5,NA,open,FALSE,NA,NA,Red-spotted Toad,Anaxyrus punctatus,Red-spotted Toad,Amphibia,64984
3347047,805d9ffa-6666-4d63-aa82-d0ed996e95df,Tue May 31 2016 01:14:56 GMT-0500 (CDT),2016-05-31,2016-05-31 15:14:56 +0900,Central Time (US & Canada),2281,cullen,Cullen Hanks,2016-05-31 23:05:59 +0900,2017-09-26 19:52:36 +0900,research,CC0,http://www.inaturalist.org/observations/3347047,https://inaturalist-open-data.s3.amazonaws.com/photos/3865821/medium.jpg,NA,NA,NA,3,0,FALSE,3,"Presidio County, US-TX, US",29.5555910468,-104.1324601417,5,NA,NA,NA,5,NA,open,FALSE,NA,NA,Red-spotted Toad,Anaxyrus punctatus,Red-spotted Toad,Amphibia,64984
3347347,eb79ac2d-5d62-4677-9f0e-22261cf99d1b,Mon May 30 2016 23:14:59 GMT-0500 (CDT),2016-05-30,2016-05-31 13:14:59 +0900,Central Time (US & Canada),3142,mdwarriner,Michael D. Warriner,2016-05-31 23:32:55 +0900,2016-10-26 06:21:20 +0900,research,CC0,http://www.inaturalist.org/observations/3347347,https://inaturalist-open-data.s3.amazonaws.com/photos/3866047/medium.jpg,NA,NA,NA,3,0,FALSE,3,"Presidio County, US-TX, US",29.5445025014,-104.159241831,5,NA,NA,NA,5,NA,open,FALSE,NA,NA,Red-spotted Toad,Anaxyrus punctatus,Red-spotted Toad,Amphibia,64984
3350631,9d51d5f3-446a-40e3-adeb-11236d8d107b,2016-05-28,2016-05-28,NA,Central Time (US & Canada),9531,kucycads,Kenneth Bader,2016-06-01 06:25:15 +0900,2021-06-01 02:48:37 +0900,research,CC-BY-NC,http://www.inaturalist.org/observations/3350631,https://inaturalist-open-data.s3.amazonaws.com/photos/3869363/medium.JPG,NA,NA,NA,1,0,FALSE,NA,"Texas, US",30.0112149853,-100.1412622491,459,Texas,30.118151,-100.105448,29407,obscured,open,TRUE,NA,NA,Red-spotted Toad,Anaxyrus punctatus,Red-spotted Toad,Amphibia,64984
3356486,36fea056-31e4-4b64-a2ca-c5905b387522,Tue May 31 2016 23:32:01 GMT-0500 (CDT),2016-05-31,2016-06-01 13:32:01 +0900,Central Time (US & Canada),3142,mdwarriner,Michael D. Warriner,2016-06-02 00:32:58 +0900,2016-06-02 04:47:23 +0900,research,CC0,http://www.inaturalist.org/observations/3356486,https://inaturalist-open-data.s3.amazonaws.com/photos/3875610/medium.jpg,NA,NA,NA,2,0,FALSE,3,"Jeff Davis County, US-TX, US",30.7234912785,-104.1797350814,5,NA,NA,NA,5,NA,open,FALSE,NA,NA,Red-spotted Toad,Anaxyrus punctatus,Red-spotted Toad,Amphibia,64984
3356529,85cd568c-1807-46fc-9c37-cda8eb2f7f9f,Tue May 31 2016 21:20:17 GMT-0500 (CDT),2016-05-31,2016-06-01 11:20:17 +0900,Central Time (US & Canada),2281,cullen,Cullen Hanks,2016-06-02 00:40:44 +0900,2017-09-26 19:55:28 +0900,research,CC0,http://www.inaturalist.org/observations/3356529,https://inaturalist-open-data.s3.amazonaws.com/photos/3875680/medium.jpg,NA,NA,NA,1,0,FALSE,3,"Jeff Davis County, US-TX, US",30.6090800185,-103.9623436333,5,NA,NA,NA,5,NA,open,FALSE,NA,NA,Red-spotted Toad,Anaxyrus punctatus,Red-spotted Toad,Amphibia,64984
3356533,cee769d5-c652-4c7d-a1f0-4c3dd0b439d8,Tue May 31 2016 21:51:11 GMT-0500 (CDT),2016-05-31,2016-06-01 11:51:11 +0900,Central Time (US & Canada),2281,cullen,Cullen Hanks,2016-06-02 00:41:26 +0900,2017-09-26 19:55:28 +0900,research,CC0,http://www.inaturalist.org/observations/3356533,https://inaturalist-open-data.s3.amazonaws.com/photos/3875684/medium.jpg,NA,NA,NA,1,0,FALSE,3,"Jeff Davis County, US-TX, US",30.6815115642,-104.0787009616,5,NA,NA,NA,5,NA,open,FALSE,NA,NA,Red-spotted Toad,Anaxyrus punctatus,Red-spotted Toad,Amphibia,64984
3356542,c2c64e58-70a8-4aa2-823c-e76a30126f0c,Tue May 31 2016 23:32:29 GMT-0500 (CDT),2016-05-31,2016-06-01 13:32:29 +0900,Central Time (US & Canada),2281,cullen,Cullen Hanks,2016-06-02 00:43:14 +0900,2017-09-26 19:55:29 +0900,research,CC0,http://www.inaturalist.org/observations/3356542,https://inaturalist-open-data.s3.amazonaws.com/photos/3875725/medium.jpg,NA,NA,NA,1,0,FALSE,3,"Jeff Davis County, US-TX, US",30.7234918652,-104.1796337442,5,NA,NA,NA,5,NA,open,FALSE,NA,NA,Red-spotted Toad,Anaxyrus punctatus,Red-spotted Toad,Amphibia,64984
3356564,cfd04fb0-e569-40f3-9819-cff12ebb9707,Tue May 31 2016 23:34:06 GMT-0500 (CDT),2016-05-31,2016-06-01 13:34:06 +0900,Central Time (US & Canada),2281,cullen,Cullen Hanks,2016-06-02 00:45:19 +0900,2017-09-26 19:55:29 +0900,research,CC0,http://www.inaturalist.org/observations/3356564,https://inaturalist-open-data.s3.amazonaws.com/photos/3875732/medium.jpg,NA,NA,NA,2,0,FALSE,3,"Jeff Davis County, US-TX, US",30.7234691503,-104.1795863026,5,NA,NA,NA,5,NA,open,FALSE,NA,NA,Red-spotted Toad,Anaxyrus punctatus,Red-spotted Toad,Amphibia,64984
3356584,ae68d4b6-7814-46c2-b4c7-0f1be874680c,Tue May 31 2016 23:45:13 GMT-0500 (CDT),2016-05-31,2016-06-01 13:45:13 +0900,Central Time (US & Canada),2281,cullen,Cullen Hanks,2016-06-02 00:47:50 +0900,2017-09-26 19:55:30 +0900,research,CC0,http://www.inaturalist.org/observations/3356584,https://inaturalist-open-data.s3.amazonaws.com/photos/3875752/medium.jpg,NA,NA,NA,2,0,FALSE,3,"Jeff Davis County, US-TX, US",30.6546111871,-104.2627736741,5,NA,NA,NA,5,NA,open,FALSE,NA,NA,Red-spotted Toad,Anaxyrus punctatus,Red-spotted Toad,Amphibia,64984
3365258,19084c85-e12d-48bf-9431-b4d8312b2811,Wed Jun 01 2016 05:25:03 GMT-0500 (CDT),2016-06-01,2016-06-01 19:25:03 +0900,Central Time (US & Canada),13156,romeyswanson,Romey Swanson,2016-06-03 03:41:29 +0900,2017-09-26 19:57:43 +0900,research,CC-BY-NC,http://www.inaturalist.org/observations/3365258,https://inaturalist-open-data.s3.amazonaws.com/photos/3885467/medium.jpg,NA,NA,NA,1,0,FALSE,3,"Brewster County, US-TX, US",29.6890594438,-103.157938337,5,NA,NA,NA,5,NA,open,FALSE,NA,NA,Red-spotted Toad,Anaxyrus punctatus,Red-spotted Toad,Amphibia,64984
3365259,4be41077-141a-43da-86ff-d8f351c8814f,Wed Jun 01 2016 05:32:38 GMT-0500 (CDT),2016-06-01,2016-06-01 19:32:38 +0900,Central Time (US & Canada),13156,romeyswanson,Romey Swanson,2016-06-03 03:41:40 +0900,2017-09-26 19:57:44 +0900,research,CC-BY-NC,http://www.inaturalist.org/observations/3365259,https://inaturalist-open-data.s3.amazonaws.com/photos/3885469/medium.jpg,NA,NA,NA,1,0,FALSE,3,"Brewster County, US-TX, US",29.6561545646,-103.1078747381,5,NA,NA,NA,5,NA,open,FALSE,NA,NA,Red-spotted Toad,Anaxyrus punctatus,Red-spotted Toad,Amphibia,64984
3365262,86ff3468-52b8-4157-af22-0e98a0685baf,Wed Jun 01 2016 05:38:20 GMT-0500 (CDT),2016-06-01,2016-06-01 19:38:20 +0900,Central Time (US & Canada),13156,romeyswanson,Romey Swanson,2016-06-03 03:41:52 +0900,2017-09-26 19:57:44 +0900,research,CC-BY-NC,http://www.inaturalist.org/observations/3365262,https://inaturalist-open-data.s3.amazonaws.com/photos/3885474/medium.jpg,NA,NA,NA,1,0,FALSE,3,"Brewster County, US-TX, US",29.6507429984,-103.0925019925,5,NA,NA,NA,5,NA,open,FALSE,NA,NA,Red-spotted Toad,Anaxyrus punctatus,Red-spotted Toad,Amphibia,64984
3365266,705d7a85-a64f-4b90-85be-dfe4e36d122e,Wed Jun 01 2016 06:00:14 GMT-0500 (CDT),2016-06-01,2016-06-01 20:00:14 +0900,Central Time (US & Canada),13156,romeyswanson,Romey Swanson,2016-06-03 03:42:13 +0900,2017-09-26 19:57:45 +0900,research,CC-BY-NC,http://www.inaturalist.org/observations/3365266,https://inaturalist-open-data.s3.amazonaws.com/photos/3885477/medium.jpg,NA,NA,NA,1,0,FALSE,3,"Brewster County, US-TX, US",29.580980544,-102.9784262181,5,NA,NA,NA,5,NA,open,FALSE,NA,NA,Red-spotted Toad,Anaxyrus punctatus,Red-spotted Toad,Amphibia,64984
3365271,fe896d8c-fd90-41df-b33b-3d7f3ababe87,Wed Jun 01 2016 21:52:30 GMT-0500 (CDT),2016-06-01,2016-06-02 11:52:30 +0900,Central Time (US & Canada),13156,romeyswanson,Romey Swanson,2016-06-03 03:42:45 +0900,2017-09-26 19:57:45 +0900,research,CC-BY-NC,http://www.inaturalist.org/observations/3365271,https://inaturalist-open-data.s3.amazonaws.com/photos/3885485/medium.jpg,NA,NA,NA,2,0,FALSE,3,"Jeff Davis County, US-TX, US",30.7062766096,-104.107992109,5,NA,NA,NA,5,NA,open,FALSE,NA,NA,Red-spotted Toad,Anaxyrus punctatus,Red-spotted Toad,Amphibia,64984
3365274,70a05519-63b5-4fa2-992c-e199689f8e76,Wed Jun 01 2016 21:56:31 GMT-0500 (CDT),2016-06-01,2016-06-02 11:56:31 +0900,Central Time (US & Canada),13156,romeyswanson,Romey Swanson,2016-06-03 03:42:56 +0900,2017-09-26 19:57:45 +0900,research,CC-BY-NC,http://www.inaturalist.org/observations/3365274,https://inaturalist-open-data.s3.amazonaws.com/photos/3885488/medium.jpg,NA,NA,NA,2,0,FALSE,3,"Jeff Davis County, US-TX, US",30.7064593351,-104.1049948243,5,NA,NA,NA,5,NA,open,FALSE,NA,NA,Red-spotted Toad,Anaxyrus punctatus,Red-spotted Toad,Amphibia,64984
3370077,4d2e7841-7d07-43a2-8e81-e6a26d21405b,Thu Jun 02 2016 21:24:35 GMT-0500 (CDT),2016-06-02,2016-06-03 11:24:35 +0900,Central Time (US & Canada),10595,dh1303,NA,2016-06-03 18:37:48 +0900,2017-09-26 19:58:41 +0900,research,NA,http://www.inaturalist.org/observations/3370077,https://static.inaturalist.org/photos/3892463/medium.jpg,NA,NA,NA,1,0,FALSE,3,"Brewster County, US-TX, US",29.5041352976,-102.8845595476,5,NA,NA,NA,5,NA,open,FALSE,NA,NA,Red-spotted Toad,Anaxyrus punctatus,Red-spotted Toad,Amphibia,64984
3370345,13a26826-ddf3-411c-8c8f-7d3ff76eee0c,Thu Jun 02 2016 21:58:19 GMT-0500 (CDT),2016-06-02,2016-06-03 11:58:19 +0900,Central Time (US & Canada),2098,toby,Toby Hibbitts,2016-06-03 22:00:28 +0900,2021-03-13 02:26:33 +0900,research,NA,http://www.inaturalist.org/observations/3370345,https://static.inaturalist.org/photos/3891245/medium.jpg,NA,NA,NA,2,0,FALSE,3,"165 Kenwood, Del Rio, TX, US",29.4508583333,-100.9339916667,500,NA,NA,NA,500,NA,open,FALSE,NA,NA,Red-spotted Toad,Anaxyrus punctatus,Red-spotted Toad,Amphibia,64984
3371066,84e26a9f-4300-450b-9d81-d55a19277450,Fri Jun 03 2016 02:38:12 GMT-0500 (CDT),2016-06-03,2016-06-03 16:38:12 +0900,Central Time (US & Canada),218258,eyswanson,Erin,2016-06-04 00:52:28 +0900,2017-09-26 19:59:03 +0900,research,CC-BY-NC,http://www.inaturalist.org/observations/3371066,https://inaturalist-open-data.s3.amazonaws.com/photos/3892108/medium.jpg,NA,NA,NA,2,0,FALSE,3,"Brewster County, US-TX, US",29.8104383333,-103.1980283333,NA,NA,NA,NA,NA,NA,open,FALSE,NA,NA,Red-spotted Toad,Anaxyrus punctatus,Red-spotted Toad,Amphibia,64984
3371082,676c56d6-26e0-4247-b51d-d63810b1f0d8,Fri Jun 03 2016 03:05:10 GMT-0500 (CDT),2016-06-03,2016-06-03 17:05:10 +0900,Central Time (US & Canada),218258,eyswanson,Erin,2016-06-04 00:54:17 +0900,2017-09-26 19:59:04 +0900,research,CC-BY-NC,http://www.inaturalist.org/observations/3371082,https://inaturalist-open-data.s3.amazonaws.com/photos/3892143/medium.jpg,NA,NA,NA,2,0,FALSE,3,"Brewster County, US-TX, US",29.6728966667,-103.1289,NA,NA,NA,NA,NA,NA,open,FALSE,NA,NA,Red-spotted Toad,Anaxyrus punctatus,Red-spotted Toad,Amphibia,64984
3373821,0044b8cb-3628-4b89-94b4-271a4fcf5e36,Thu Jun 02 2016 22:02:28 GMT-0500 (CDT),2016-06-02,2016-06-03 12:02:28 +0900,Central Time (US & Canada),18365,timcole,NA,2016-06-04 07:29:09 +0900,2017-09-26 20:00:05 +0900,research,CC-BY-NC,http://www.inaturalist.org/observations/3373821,https://inaturalist-open-data.s3.amazonaws.com/photos/3895973/medium.jpg,NA,NA,NA,2,0,FALSE,3,"US-90 E, Fort Stockton, TX, US",30.1608361667,-102.6338716667,NA,NA,NA,NA,NA,NA,open,FALSE,NA,NA,Red-spotted Toad,Anaxyrus punctatus,Red-spotted Toad,Amphibia,64984
3385232,32ba540e-9ee2-4b56-a63e-7f47b14444bb,Sat Jun 04 2016 22:20:20 GMT-0500 (CDT),2016-06-04,2016-06-05 12:20:20 +0900,Central Time (US & Canada),14339,cliftonladd,"Clifton Ladd, C.W.B.",2016-06-05 16:12:52 +0900,2017-09-26 20:03:41 +0900,research,CC-BY-NC,http://www.inaturalist.org/observations/3385232,https://inaturalist-open-data.s3.amazonaws.com/photos/3912643/medium.jpg,NA,NA,With Cullen Hanks and James Evans,1,0,FALSE,3,"Brewster County, US-TX, US",29.5847036178,-102.9909134937,5,NA,NA,NA,5,NA,open,FALSE,NA,NA,Red-spotted Toad,Anaxyrus punctatus,Red-spotted Toad,Amphibia,64984
3385259,bb7ea4a1-7818-405b-91da-d8a82a6cf609,Sat Jun 04 2016 22:19:06 GMT-0500 (CDT),2016-06-04,2016-06-05 12:19:06 +0900,Central Time (US & Canada),14339,cliftonladd,"Clifton Ladd, C.W.B.",2016-06-05 16:22:15 +0900,2018-01-04 09:56:36 +0900,research,CC-BY-NC,http://www.inaturalist.org/observations/3385259,https://inaturalist-open-data.s3.amazonaws.com/photos/3912649/medium.jpg,NA,NA,With Cullen Hanks and James Evans.,0,0,FALSE,3,"Brewster County, US-TX, US",29.5847383333,-102.9909216667,NA,NA,NA,NA,NA,NA,open,FALSE,NA,NA,Red-spotted Toad,Anaxyrus punctatus,Red-spotted Toad,Amphibia,64984
3385263,b1972f1c-c686-449f-88eb-470c9beffac2,Sun Jun 05 2016 00:11:32 GMT-0500 (CDT),2016-06-05,2016-06-05 14:11:32 +0900,Central Time (US & Canada),14339,cliftonladd,"Clifton Ladd, C.W.B.",2016-06-05 16:23:06 +0900,2017-09-26 20:03:43 +0900,research,CC-BY-NC,http://www.inaturalist.org/observations/3385263,https://inaturalist-open-data.s3.amazonaws.com/photos/3912656/medium.jpg,NA,NA,With Cullen Hanks and James Evans.,2,0,FALSE,3,"Brewster County, US-TX, US",29.512355,-102.8991383333,NA,NA,NA,NA,NA,NA,open,FALSE,NA,NA,Red-spotted Toad,Anaxyrus punctatus,Red-spotted Toad,Amphibia,64984
3385415,54cd254a-4b94-47ec-85cf-cd256f3ab845,Sun Jun 05 2016 00:12:15 GMT-0500 (CDT),2016-06-05,2016-06-05 14:12:15 +0900,Central Time (US & Canada),2281,cullen,Cullen Hanks,2016-06-05 18:12:52 +0900,2017-09-26 20:03:52 +0900,research,CC0,http://www.inaturalist.org/observations/3385415,https://inaturalist-open-data.s3.amazonaws.com/photos/3912956/medium.jpg,NA,NA,NA,1,0,FALSE,3,"Brewster County, US-TX, US",29.5123558492,-102.89917239,5,NA,NA,NA,5,NA,open,FALSE,NA,NA,Red-spotted Toad,Anaxyrus punctatus,Red-spotted Toad,Amphibia,64984
3385420,e5a42d08-a139-4e59-9838-1c179ddaeed2,Sun Jun 05 2016 02:35:50 GMT-0500 (CDT),2016-06-05,2016-06-05 16:35:50 +0900,Central Time (US & Canada),2281,cullen,Cullen Hanks,2016-06-05 18:16:33 +0900,2017-09-26 20:03:52 +0900,research,CC0,http://www.inaturalist.org/observations/3385420,https://inaturalist-open-data.s3.amazonaws.com/photos/3912969/medium.jpg,NA,NA,NA,2,0,FALSE,3,"2–198 N Avenue D, Marathon, TX, US",30.2066547051,-103.2453428117,5,NA,NA,NA,5,NA,open,FALSE,NA,NA,Red-spotted Toad,Anaxyrus punctatus,Red-spotted Toad,Amphibia,64984
3392466,a14bc3f6-cd5d-4ed1-8e68-9e310d301c3b,Sun Jun 05 2016 23:08:31 GMT-0500 (CDT),2016-06-05,2016-06-06 13:08:31 +0900,Central Time (US & Canada),43772,gtsalmon,Gerry Salmon,2016-06-06 14:28:40 +0900,2024-09-24 09:10:09 +0900,research,CC-BY-NC,http://www.inaturalist.org/observations/3392466,https://inaturalist-open-data.s3.amazonaws.com/photos/3923345/medium.jpg,NA,NA,Adult in parking lot. Imaged only. GTS 2369.,3,0,FALSE,3,"TX-118, Terlingua, TX, US",29.4968333333,-103.5359116667,3,NA,NA,NA,3,NA,open,FALSE,NA,NA,Red-spotted Toad,Anaxyrus punctatus,Red-spotted Toad,Amphibia,64984
3392873,afab3baa-94a6-49c3-8479-9dd8f3492e40,Sun Jun 05 2016 22:11:16 GMT-0500 (CDT),2016-06-05,2016-06-06 12:11:16 +0900,Central Time (US & Canada),2281,cullen,Cullen Hanks,2016-06-06 15:42:36 +0900,2017-09-26 20:07:15 +0900,research,CC0,http://www.inaturalist.org/observations/3392873,https://inaturalist-open-data.s3.amazonaws.com/photos/3923943/medium.jpg,NA,NA,NA,2,0,FALSE,3,"Ranch Road 1871, Junction, TX, US",30.5876316084,-99.5129821637,5,NA,NA,NA,5,NA,open,FALSE,NA,NA,Red-spotted Toad,Anaxyrus punctatus,Red-spotted Toad,Amphibia,64984
3392949,bf1098ec-2b6d-45e9-9557-72795e400e79,Sun Apr 17 2016 11:23:52 GMT-0500 (CDT),2016-04-17,2016-04-18 01:23:52 +0900,Central Time (US & Canada),150198,benwalker505,Ben,2016-06-06 16:17:44 +0900,2024-12-27 20:23:42 +0900,research,CC-BY-NC,http://www.inaturalist.org/observations/3392949,https://inaturalist-open-data.s3.amazonaws.com/photos/3924085/medium.jpg,NA,NA,Under rocks alone sandy roadside,1,0,FALSE,3,"76470, Ranger, TX, US",32.6657616784,-98.6639186349,4534,NA,NA,NA,4534,NA,open,FALSE,NA,NA,Red-spotted Toad,Anaxyrus punctatus,Red-spotted Toad,Amphibia,64984
3394586,75855ffd-0a70-496b-acb3-ddb1b815818f,Sun Jun 05 2016 21:58:25 GMT-0500 (CDT),2016-06-05,2016-06-06 11:58:25 +0900,Central Time (US & Canada),18365,timcole,NA,2016-06-07 00:57:19 +0900,2017-09-26 20:07:42 +0900,research,CC-BY-NC,http://www.inaturalist.org/observations/3394586,https://inaturalist-open-data.s3.amazonaws.com/photos/3926655/medium.jpg,NA,NA,NA,1,0,FALSE,3,"RM 2627, Marathon, TX, US",29.4680366667,-102.842445,NA,NA,NA,NA,NA,NA,open,FALSE,NA,NA,Red-spotted Toad,Anaxyrus punctatus,Red-spotted Toad,Amphibia,64984
3407425,d683bad1-2277-4647-8378-0d5c96a202b8,2015-06-11 23:30:54,2015-06-11,2015-06-12 13:30:54 +0900,Central Time (US & Canada),18373,leehoy,Lee Hoy,2016-06-08 15:16:15 +0900,2017-09-26 20:11:33 +0900,research,CC-BY,http://www.inaturalist.org/observations/3407425,https://inaturalist-open-data.s3.amazonaws.com/photos/3944045/medium.JPG,NA,NA,AOR,2,0,FALSE,NA,"Brewster, Texas, United States",29.695175,-103.1636277778,NA,NA,NA,NA,NA,NA,open,FALSE,NA,NA,Red-spotted Toad,Anaxyrus punctatus,Red-spotted Toad,Amphibia,64984
3426084,0939449b-7a3d-4836-b369-afb37da1a0ab,Thu Jun 09 2016 22:08:18 GMT-0500 (CDT),2016-06-09,2016-06-10 12:08:18 +0900,Central Time (US & Canada),2281,cullen,Cullen Hanks,2016-06-10 22:47:33 +0900,2017-09-26 20:17:12 +0900,research,CC0,http://www.inaturalist.org/observations/3426084,https://inaturalist-open-data.s3.amazonaws.com/photos/3968735/medium.jpg,NA,NA,NA,1,0,FALSE,3,"Presidio County, US-TX, US",29.7063398687,-103.953119265,5,NA,NA,NA,5,NA,open,FALSE,NA,NA,Red-spotted Toad,Anaxyrus punctatus,Red-spotted Toad,Amphibia,64984
3431777,1f731058-f0be-4116-8ee6-b2b2a4ab0d55,Fri Jun 10 2016 22:51:57 GMT-0500 (CDT),2016-06-10,2016-06-11 12:51:57 +0900,Central Time (US & Canada),109125,jrotzeke,NA,2016-06-11 11:52:25 +0900,2017-09-26 20:18:53 +0900,research,CC-BY-NC,http://www.inaturalist.org/observations/3431777,https://inaturalist-open-data.s3.amazonaws.com/photos/3976044/medium.jpg,NA,NA,NA,2,0,FALSE,3,"Monahans Sand Hills State Park, Monahans, TX, US",31.6352121765,-102.8158631456,5,NA,NA,NA,5,NA,open,FALSE,NA,NA,Red-spotted Toad,Anaxyrus punctatus,Red-spotted Toad,Amphibia,64984
3432491,66622aab-7da7-4539-8907-8205fdbe4952,Fri Jun 10 2016 21:14:52 GMT-0500 (CDT),2016-06-10,2016-06-11 11:14:52 +0900,Central Time (US & Canada),2281,cullen,Cullen Hanks,2016-06-11 13:34:13 +0900,2017-09-26 20:19:21 +0900,research,CC0,http://www.inaturalist.org/observations/3432491,https://inaturalist-open-data.s3.amazonaws.com/photos/3977005/medium.jpg,NA,NA,NA,1,0,FALSE,3,"Presidio County, US-TX, US",29.5921565127,-103.8389817999,5,NA,NA,NA,5,NA,open,FALSE,NA,NA,Red-spotted Toad,Anaxyrus punctatus,Red-spotted Toad,Amphibia,64984
3432597,d8513700-1342-40cf-a908-5bdfc2066c12,Fri Jun 10 2016 22:17:44 GMT-0500 (CDT),2016-06-10,2016-06-11 12:17:44 +0900,Central Time (US & Canada),2281,cullen,Cullen Hanks,2016-06-11 13:51:51 +0900,2017-09-26 20:19:24 +0900,research,CC0,http://www.inaturalist.org/observations/3432597,https://inaturalist-open-data.s3.amazonaws.com/photos/3977156/medium.jpg,NA,NA,NA,2,0,FALSE,3,"Presidio County, US-TX, US",29.6354254475,-103.8697508444,5,NA,NA,NA,5,NA,open,FALSE,NA,NA,Red-spotted Toad,Anaxyrus punctatus,Red-spotted Toad,Amphibia,64984
3439970,60f8cdbe-37e5-4d20-ac0d-fa896277aef7,2016/06/05 11:13 PM -0500,2016-06-05,2016-06-06 13:13:00 +0900,Bogota,87743,bennypoo,Ben Machado,2016-06-12 11:42:36 +0900,2017-09-26 20:22:33 +0900,research,CC-BY-NC,http://www.inaturalist.org/observations/3439970,https://inaturalist-open-data.s3.amazonaws.com/photos/3987175/medium.JPG,NA,NA,NA,2,0,FALSE,NA,"Brewster, Texas, United States",29.48369,-102.8580733333,NA,NA,NA,NA,NA,NA,open,FALSE,NA,NA,Red-spotted Toad,Anaxyrus punctatus,Red-spotted Toad,Amphibia,64984
3440484,01afbb96-3fa0-4f63-abb6-69b975ab9a04,Sat Jun 11 2016 22:31:52 GMT-0500 (CDT),2016-06-11,2016-06-12 12:31:52 +0900,Central Time (US & Canada),36776,biopope,Bio Pope,2016-06-12 13:34:02 +0900,2017-09-26 20:22:45 +0900,research,NA,http://www.inaturalist.org/observations/3440484,https://static.inaturalist.org/photos/3988282/medium.jpg,NA,NA,NA,1,0,FALSE,3,"Presidio County, US-TX, US",29.6680620639,-103.8785404434,5,NA,NA,NA,5,NA,open,FALSE,NA,NA,Red-spotted Toad,Anaxyrus punctatus,Red-spotted Toad,Amphibia,64984
3440525,79565a36-6945-4ee5-83d6-539b66f4828d,Sat Jun 11 2016 21:11:33 GMT-0500 (CDT),2016-06-11,2016-06-12 11:11:33 +0900,Central Time (US & Canada),2281,cullen,Cullen Hanks,2016-06-12 13:42:38 +0900,2017-09-26 20:22:45 +0900,research,CC0,http://www.inaturalist.org/observations/3440525,https://inaturalist-open-data.s3.amazonaws.com/photos/3995501/medium.jpg,NA,NA,NA,1,0,FALSE,3,"Presidio County, US-TX, US",29.6109694848,-103.8490576019,5,NA,NA,NA,5,NA,open,FALSE,NA,NA,Red-spotted Toad,Anaxyrus punctatus,Red-spotted Toad,Amphibia,64984
3448328,61593987-776b-404f-bd83-3dd5c370bc6b,Sat Jun 11 2016 23:01:38 GMT-0500 (CDT),2016-06-11,2016-06-12 13:01:38 +0900,Central Time (US & Canada),2281,cullen,Cullen Hanks,2016-06-13 14:14:29 +0900,2017-09-26 20:25:29 +0900,research,CC0,http://www.inaturalist.org/observations/3448328,https://inaturalist-open-data.s3.amazonaws.com/photos/4000167/medium.jpg,NA,NA,NA,1,0,FALSE,3,"Presidio County, US-TX, US",29.6054624906,-103.8446915523,5,NA,NA,NA,5,NA,open,FALSE,NA,NA,Red-spotted Toad,Anaxyrus punctatus,Red-spotted Toad,Amphibia,64984
3448346,3dc2da26-aded-4d00-b112-7c43e03ac35e,Fri Jun 10 2016 21:09:19 GMT-0500 (CDT),2016-06-10,2016-06-11 11:09:19 +0900,Central Time (US & Canada),9560,dianaterryhibbitts,Diana-Terry Hibbitts,2016-06-13 14:19:40 +0900,2017-09-26 20:25:31 +0900,research,CC-BY-NC,http://www.inaturalist.org/observations/3448346,https://inaturalist-open-data.s3.amazonaws.com/photos/4000212/medium.jpg,NA,NA,NA,3,0,FALSE,3,"79843, Marfa, TX, US",29.58863,-103.83718,NA,NA,NA,NA,NA,NA,open,FALSE,NA,NA,Red-spotted Toad,Anaxyrus punctatus,Red-spotted Toad,Amphibia,64984
3450940,3119b1d2-dd61-4ad4-838c-acc02b315c56,2016-06-11 22:42:54,2016-06-11,2016-06-12 12:42:54 +0900,Central Time (US & Canada),39170,allopatry,Alex Hall,2016-06-14 03:57:02 +0900,2017-09-26 20:26:08 +0900,research,CC-BY-NC,http://www.inaturalist.org/observations/3450940,https://inaturalist-open-data.s3.amazonaws.com/photos/4003642/medium.jpg,NA,NA,Texas Herpetology Society field meet at Dalquest Research Station June 2016.,2,0,FALSE,NA,"Presidio, Texas, United States",29.563523,-103.806154,10,NA,NA,NA,10,NA,open,FALSE,NA,NA,Red-spotted Toad,Anaxyrus punctatus,Red-spotted Toad,Amphibia,64984
3451272,e88c857f-cfee-4c11-80db-594eb8a25a27,2016-06-10 9:47:25 PM CDT,2016-06-10,2016-06-11 11:47:25 +0900,Central Time (US & Canada),34495,troyhibbitts,Troy Hibbitts,2016-06-14 04:55:33 +0900,2017-09-26 20:26:10 +0900,research,NA,http://www.inaturalist.org/observations/3451272,https://static.inaturalist.org/photos/4004014/medium.jpeg,NA,NA,NA,2,0,FALSE,2,"Presidio County, US-TX, US",29.5661584483,-103.806881554,32,NA,NA,NA,32,NA,open,FALSE,NA,NA,Red-spotted Toad,Anaxyrus punctatus,Red-spotted Toad,Amphibia,64984
3452821,bf530e97-1129-4c1c-abed-5ce15f5bab39,2016-06-11 10:17:09 PM CDT,2016-06-11,2016-06-12 12:17:09 +0900,Central Time (US & Canada),29086,shelbyfrizzell,Shelby Frizzell,2016-06-14 09:18:43 +0900,2017-09-26 20:26:36 +0900,research,NA,http://www.inaturalist.org/observations/3452821,https://static.inaturalist.org/photos/4006030/medium.jpeg,NA,NA,NA,2,0,FALSE,2,"Presidio County, US-TX, US",29.4890556335,-104.0745620728,NA,NA,NA,NA,NA,NA,open,FALSE,gps,gps,Red-spotted Toad,Anaxyrus punctatus,Red-spotted Toad,Amphibia,64984
3453226,78dd29b8-bf17-4f8c-a3b3-4c15a2ebb6d9,2016/06/07 10:23 PM -0500,2016-06-07,2016-06-08 12:23:00 +0900,Bogota,87743,bennypoo,Ben Machado,2016-06-14 10:41:32 +0900,2017-09-26 20:26:46 +0900,research,CC-BY-NC,http://www.inaturalist.org/observations/3453226,https://inaturalist-open-data.s3.amazonaws.com/photos/4006765/medium.JPG,NA,NA,NA,1,0,FALSE,NA,"Brewster, Texas, United States",29.483815,-102.8583883333,NA,NA,NA,NA,NA,NA,open,FALSE,NA,NA,Red-spotted Toad,Anaxyrus punctatus,Red-spotted Toad,Amphibia,64984
3455981,f91d3818-0253-40c5-a23c-86a1cae96d16,Mon Jun 13 2016 21:32:19 GMT-0500 (CDT),2016-06-13,2016-06-14 11:32:19 +0900,Central Time (US & Canada),3288,marv-n,Marv,2016-06-15 00:24:45 +0900,2017-09-26 20:27:49 +0900,research,NA,http://www.inaturalist.org/observations/3455981,https://static.inaturalist.org/photos/4010879/medium.jpg,NA,NA,NA,1,0,FALSE,3,"Terlingua, Alpine, TX, US",29.3213216667,-103.6166,NA,NA,NA,NA,NA,NA,open,FALSE,NA,NA,Red-spotted Toad,Anaxyrus punctatus,Red-spotted Toad,Amphibia,64984
3458119,7601294f-594e-4c77-960e-764d2ec13cc6,2016-06-13 1:15:30 AM CDT,2016-06-13,2016-06-13 15:15:30 +0900,Central Time (US & Canada),35496,jaredholmes,Jared Holmes,2016-06-15 08:02:56 +0900,2018-11-27 11:16:51 +0900,research,CC-BY-NC,http://www.inaturalist.org/observations/3458119,https://inaturalist-open-data.s3.amazonaws.com/photos/4013757/medium.jpeg,NA,NA,NA,3,0,FALSE,2,"Park Route 12 Big Bend National Park, TX 79834",29.2753295898,-103.1612701416,NA,NA,NA,NA,NA,NA,open,FALSE,gps,gps,Red-spotted Toad,Anaxyrus punctatus,Red-spotted Toad,Amphibia,64984
3477900,b997a6ed-7ed9-4754-8371-339a26e910aa,2016-06-11 10:31:37 PM CDT,2016-06-11,2016-06-12 12:31:37 +0900,Central Time (US & Canada),16488,dneuharth,Dalton Neuharth,2016-06-19 03:15:29 +0900,2016-10-26 06:20:15 +0900,research,CC-BY-NC,http://www.inaturalist.org/observations/3477900,https://inaturalist-open-data.s3.amazonaws.com/photos/4043342/medium.jpeg,NA,NA,NA,2,0,FALSE,2,"Unnamed Rd Redford, TX 79846",29.4847888947,-104.0614929199,NA,NA,NA,NA,NA,NA,open,FALSE,gps,gps,Red-spotted Toad,Anaxyrus punctatus,Red-spotted Toad,Amphibia,64984
3507678,c92fd5d4-3cbc-41e0-82e6-13ead10b10cc,Sat Jun 11 2016 11:31:59 GMT-0500 (CDT),2016-06-11,2016-06-12 01:31:59 +0900,Central Time (US & Canada),9065,andygluesenkamp,andy gluesenkamp,2016-06-24 00:56:36 +0900,2017-09-26 20:43:22 +0900,research,CC-BY-NC,http://www.inaturalist.org/observations/3507678,https://inaturalist-open-data.s3.amazonaws.com/photos/4082694/medium.jpg,NA,NA,Metamorph found in small pool.,2,0,FALSE,3,"Big Bend Ranch State Park, Marfa, TX, US",29.4854883333,-103.9420916667,NA,NA,NA,NA,NA,NA,open,FALSE,NA,NA,Red-spotted Toad,Anaxyrus punctatus,Red-spotted Toad,Amphibia,64984
3524229,2f319b2b-7b5b-44ef-a952-6a1bfcf52d8e,2016-06-01 21:06:13,2016-06-01,2016-06-02 11:06:13 +0900,Central Time (US & Canada),263959,bsku,NA,2016-06-26 19:28:08 +0900,2017-09-26 20:49:04 +0900,research,CC-BY-NC,http://www.inaturalist.org/observations/3524229,https://inaturalist-open-data.s3.amazonaws.com/photos/4106376/medium.JPG,NA,NA,NA,2,0,FALSE,NA,"Presidio, Texas, United States",30.0338233333,-104.69035,NA,NA,NA,NA,NA,NA,open,FALSE,NA,NA,Red-spotted Toad,Anaxyrus punctatus,Red-spotted Toad,Amphibia,64984
3537576,9d2f047a-e630-429d-b82f-6aa8e9864db8,Sun May 29 2016 23:05:25 GMT-0500 (CDT),2016-05-29,2016-05-30 13:05:25 +0900,Central Time (US & Canada),36543,langaha,Michael Sager,2016-06-28 14:53:09 +0900,2017-09-26 20:52:20 +0900,research,NA,http://www.inaturalist.org/observations/3537576,https://static.inaturalist.org/photos/4142315/medium.jpg,NA,NA,NA,2,0,FALSE,3,"Big Bend National Park, Big Bend National Park, TX, US",29.2496283333,-103.0980221667,NA,NA,NA,NA,NA,NA,open,FALSE,NA,NA,Red-spotted Toad,Anaxyrus punctatus,Red-spotted Toad,Amphibia,64984
3538560,a716009f-81f6-4a83-bd6e-90f62db7147d,Sun May 29 2016 23:35:40 GMT-0500 (CDT),2016-05-29,2016-05-30 13:35:40 +0900,Central Time (US & Canada),36543,langaha,Michael Sager,2016-06-28 21:55:58 +0900,2017-09-26 20:52:22 +0900,research,NA,http://www.inaturalist.org/observations/3538560,https://static.inaturalist.org/photos/4142347/medium.jpg,NA,NA,NA,1,0,FALSE,3,"Big Bend National Park, Big Bend National Park, TX, US",29.18323,-102.961595,NA,NA,NA,NA,NA,NA,open,FALSE,NA,NA,Red-spotted Toad,Anaxyrus punctatus,Red-spotted Toad,Amphibia,64984
3538637,8d88b5a6-10ca-40fb-b969-8534563f06cc,Wed Jun 01 2016 10:08:16 GMT-0500 (CDT),2016-06-01,2016-06-02 00:08:16 +0900,Central Time (US & Canada),36543,langaha,Michael Sager,2016-06-28 22:24:50 +0900,2017-09-26 20:52:29 +0900,research,NA,http://www.inaturalist.org/observations/3538637,https://static.inaturalist.org/photos/4124280/medium.jpg,NA,NA,NA,1,0,FALSE,3,"Big Bend National Park, Brewster County, US-TX, US",29.2010216667,-103.0307833333,NA,NA,NA,NA,NA,NA,open,FALSE,NA,NA,Red-spotted Toad,Anaxyrus punctatus,Red-spotted Toad,Amphibia,64984
3564722,b5ff8dc8-7853-45ab-ab79-784af5eab528,2016-06-28,2016-06-28,NA,Central Time (US & Canada),27034,ptexis,David G. Barker,2016-06-30 12:21:53 +0900,2023-07-07 01:25:05 +0900,research,CC-BY-NC,http://www.inaturalist.org/observations/3564722,https://inaturalist-open-data.s3.amazonaws.com/photos/4140712/medium.jpg,NA,"toad, amphibian, Devils River, Val Verde County, Texas",Out hopping in the dark,1,0,FALSE,NA,"Devils River, 1 mile north of confuence with Dry Devils River, Val Verde County, Texas",29.797362,-100.996889,117,NA,NA,NA,117,NA,open,FALSE,NA,NA,Red-spotted Toad,Anaxyrus punctatus,Red-spotted Toad,Amphibia,64984
3573727,36387128-dfea-41a1-afb5-d59299a7d776,Thu Jun 30 2016 22:19:50 GMT-0500 (CDT),2016-06-30,2016-07-01 12:19:50 +0900,Central Time (US & Canada),9370,skystevens,NA,2016-07-01 12:22:43 +0900,2017-09-26 20:57:10 +0900,research,CC-BY-NC,http://www.inaturalist.org/observations/3573727,https://inaturalist-open-data.s3.amazonaws.com/photos/4148600/medium.jpg,NA,NA,NA,2,0,FALSE,3,"Pinto Canyon Rd, Marfa, TX, US",30.218495,-104.2156666667,NA,NA,NA,NA,NA,NA,open,FALSE,NA,NA,Red-spotted Toad,Anaxyrus punctatus,Red-spotted Toad,Amphibia,64984
3583590,dd78485d-e9e2-464c-a4dd-0bb5d611f817,2016-06-26,2016-06-26,NA,Central Time (US & Canada),9531,kucycads,Kenneth Bader,2016-07-02 07:31:07 +0900,2021-06-01 02:49:35 +0900,research,CC-BY-NC,http://www.inaturalist.org/observations/3583590,https://inaturalist-open-data.s3.amazonaws.com/photos/4154514/medium.JPG,NA,NA,DOR,3,0,FALSE,NA,Big Bend National Park,29.325577,-103.379207,14,NA,NA,NA,14,NA,open,FALSE,NA,NA,Red-spotted Toad,Anaxyrus punctatus,Red-spotted Toad,Amphibia,64984
3640600,24caeee1-550f-4637-8d3e-2569d9e679b1,2016/04/25 11:39 PM CDT,2016-04-25,2016-04-26 13:39:00 +0900,Central Time (US & Canada),18994,johnkarges,John Karges,2016-07-08 10:17:02 +0900,2016-07-08 12:31:34 +0900,research,CC-BY-NC,http://www.inaturalist.org/observations/3640600,https://inaturalist-open-data.s3.amazonaws.com/photos/4209827/medium.JPG,NA,"Anaxyrus punctatus, Devils River State Natural Area, Val Verde County, Texas","Adult AOR on caliche road in Tamaulipan thornscrub vegetation
N29.92139867	W-100.9857533
JPK-2805",1,0,FALSE,NA,"Dolan Creek Road, Devils River State Natural Area, Val Verde County, TX, USA",29.92139867,-100.9857533,10,NA,NA,NA,10,NA,open,FALSE,NA,NA,Red-spotted Toad,Anaxyrus punctatus,Red-spotted Toad,Amphibia,64984
3668649,c8a11161-165f-4e97-835d-61cd62a55a61,2016-04-20 10:56:39,2016-04-20,2016-04-20 23:56:39 +0900,Eastern Time (US & Canada),81145,beepboop,NA,2016-07-13 07:06:35 +0900,2024-07-20 22:59:55 +0900,research,CC-BY-NC,http://www.inaturalist.org/observations/3668649,https://inaturalist-open-data.s3.amazonaws.com/photos/20041870/medium.jpg,NA,NA,NA,4,0,FALSE,NA,"Manning Mountains, Fort Hood, TX",31.271802,-97.794285,786,NA,NA,NA,786,NA,open,FALSE,NA,manual,Red-spotted Toad,Anaxyrus punctatus,Red-spotted Toad,Amphibia,64984
3675774,b75c8e33-b10b-4da7-bd9f-7ae2da4e2258,2016-06-06 10:12:29 PM CDT,2016-06-06,2016-06-07 12:12:29 +0900,Central Time (US & Canada),19614,dlay,NA,2016-07-14 13:50:19 +0900,2017-09-26 21:19:38 +0900,research,CC-BY-NC,http://www.inaturalist.org/observations/3675774,https://inaturalist-open-data.s3.amazonaws.com/photos/4258520/medium.jpeg,NA,NA,NA,2,0,FALSE,2,"Comanche Outpost Road Leakey, TX 78873",29.8591673012,-99.6566853672,86,NA,NA,NA,86,NA,open,FALSE,gps,gps,Red-spotted Toad,Anaxyrus punctatus,Red-spotted Toad,Amphibia,64984
3675775,0ed6c071-87c0-4430-b11d-0df004d0b563,2016-03-09 9:19:20 PM CST,2016-03-09,2016-03-10 12:19:20 +0900,Central Time (US & Canada),19614,dlay,NA,2016-07-14 13:50:20 +0900,2017-09-26 21:19:38 +0900,research,CC-BY-NC,http://www.inaturalist.org/observations/3675775,https://inaturalist-open-data.s3.amazonaws.com/photos/4258522/medium.jpeg,NA,NA,Enchanted Rock  -  by small creek during a rain - next to the loop trail,1,0,FALSE,2,"Unnamed Road Llano, TX 78643",30.4959049225,-98.8294906616,NA,NA,NA,NA,NA,NA,open,FALSE,gps,gps,Red-spotted Toad,Anaxyrus punctatus,Red-spotted Toad,Amphibia,64984
3700413,985707e4-972e-4948-9722-d2a1314aa6e9,Sun Jun 12 2016 08:09:37 GMT-0500 (CDT),2016-06-12,2016-06-12 22:09:37 +0900,Central Time (US & Canada),231248,txfrogger,NA,2016-07-19 05:20:45 +0900,2024-12-27 20:23:53 +0900,research,CC-BY-NC,http://www.inaturalist.org/observations/3700413,https://inaturalist-open-data.s3.amazonaws.com/photos/4294724/medium.jpg,NA,NA,NA,2,0,FALSE,3,"Presidio County, US-TX, US",29.4784416667,-103.97403,NA,NA,NA,NA,NA,NA,open,FALSE,NA,NA,Red-spotted Toad,Anaxyrus punctatus,Red-spotted Toad,Amphibia,64984
3769839,7e7cee3a-8512-42af-8e4c-4daae7265995,2016-07-29 10:33:43 PM CDT,2016-07-29,2016-07-30 12:33:43 +0900,Central Time (US & Canada),38920,rjnjr,"Robert J. ""Bob"" Nuelle, Jr. AICEZS",2016-07-30 22:25:48 +0900,2020-06-25 11:49:42 +0900,research,CC-BY-NC,http://www.inaturalist.org/observations/3769839,https://inaturalist-open-data.s3.amazonaws.com/photos/4393491/medium.jpeg,NA,NA,NA,2,0,FALSE,2,"Jeff Davis County, US-TX, US",30.60236359,-104.20556119,10,NA,NA,NA,10,NA,open,FALSE,NA,NA,Red-spotted Toad,Anaxyrus punctatus,Red-spotted Toad,Amphibia,64984
3789227,e6540000-122b-455e-b197-138c9a05b847,2012/09/22 10:14 PM CDT,2012-09-22,2012-09-23 12:14:00 +0900,Central Time (US & Canada),19402,chris_and_pamela_pipes,Chris (CP) and Pamela (PP) Pipes,2016-08-03 02:10:11 +0900,2024-09-13 06:44:29 +0900,research,CC0,http://www.inaturalist.org/observations/3789227,https://inaturalist-open-data.s3.amazonaws.com/photos/4423599/medium.jpeg,NA,NA,"Field guide used: Peterson, 4th ed.  Round paratoid glands.  Photos by PP.  Entry by CP.",4,0,FALSE,NA,"Fort Davis, TX 79734, USA",30.5654596783,-103.884153217,5,NA,NA,NA,5,NA,open,FALSE,NA,NA,Red-spotted Toad,Anaxyrus punctatus,Red-spotted Toad,Amphibia,64984
3835491,6063be55-9a33-489f-8fe1-2a68d4eed060,2016-08-01 10:45:47 PM CDT,2016-08-01,2016-08-02 12:45:47 +0900,Central Time (US & Canada),34495,troyhibbitts,Troy Hibbitts,2016-08-09 03:43:10 +0900,2017-09-26 22:01:04 +0900,research,NA,http://www.inaturalist.org/observations/3835491,https://static.inaturalist.org/photos/4488267/medium.jpeg,NA,NA,NA,2,0,FALSE,2,"Jeff Davis County, US-TX, US",30.695489389,-104.079606642,24,NA,NA,NA,24,NA,open,FALSE,NA,NA,Red-spotted Toad,Anaxyrus punctatus,Red-spotted Toad,Amphibia,64984
3835493,d712b048-91ec-4026-98a8-19ae94afebc0,2016-08-01 11:07:12 PM CDT,2016-08-01,2016-08-02 13:07:12 +0900,Central Time (US & Canada),34495,troyhibbitts,Troy Hibbitts,2016-08-09 03:43:13 +0900,2017-09-26 22:01:05 +0900,research,NA,http://www.inaturalist.org/observations/3835493,https://static.inaturalist.org/photos/4488279/medium.jpeg,NA,NA,NA,2,0,FALSE,2,"Jeff Davis County, US-TX, US",30.6962018357,-104.0752766132,8,NA,NA,NA,8,NA,open,FALSE,NA,NA,Red-spotted Toad,Anaxyrus punctatus,Red-spotted Toad,Amphibia,64984
3872583,c227ee06-6cf5-43f3-b4eb-1b46aa0dfb04,2016-08-12 9:21:45 PM CDT,2016-08-12,2016-08-13 11:21:45 +0900,Central Time (US & Canada),6690,sandboa,Chris Harrison,2016-08-13 14:15:02 +0900,2024-09-24 01:19:19 +0900,research,CC-BY,http://www.inaturalist.org/observations/3872583,https://inaturalist-open-data.s3.amazonaws.com/photos/4541520/medium.jpeg,NA,NA,NA,1,0,FALSE,2,"Bandera County, US-TX, US",29.76763462,-99.49047259,5,NA,NA,NA,5,NA,open,FALSE,NA,NA,Red-spotted Toad,Anaxyrus punctatus,Red-spotted Toad,Amphibia,64984
3879413,09154c5f-6047-4d86-aca5-9f3262b32e35,Sat Aug 13 2016 16:12:27 GMT-0500 (CDT),2016-08-13,2016-08-14 06:12:27 +0900,Central Time (US & Canada),117307,christian8,Christian Cazares,2016-08-14 09:33:41 +0900,2017-09-26 22:11:26 +0900,research,NA,http://www.inaturalist.org/observations/3879413,https://static.inaturalist.org/photos/4550832/medium.jpg,NA,NA,NA,1,0,FALSE,3,"78880, Rocksprings, TX, US",29.9764055388,-100.2940877974,3228,NA,NA,NA,3228,NA,open,FALSE,NA,NA,Red-spotted Toad,Anaxyrus punctatus,Red-spotted Toad,Amphibia,64984
3881852,92a4c693-ff64-42ec-b989-1d5c50a55868,2016-08-13 9:35:01 PM CDT,2016-08-13,2016-08-14 11:35:01 +0900,Central Time (US & Canada),6690,sandboa,Chris Harrison,2016-08-14 16:41:28 +0900,2024-09-24 01:19:19 +0900,research,CC-BY,http://www.inaturalist.org/observations/3881852,https://inaturalist-open-data.s3.amazonaws.com/photos/4554476/medium.jpeg,NA,NA,NA,1,0,FALSE,2,"Edwards County, US-TX, US",29.71950516,-100.42711215,10,NA,NA,NA,10,NA,open,FALSE,NA,NA,Red-spotted Toad,Anaxyrus punctatus,Red-spotted Toad,Amphibia,64984
3881857,48d73a4c-b439-4189-892d-53aa79c2aa06,2016-08-13 10:30:35 PM CDT,2016-08-13,2016-08-14 12:30:35 +0900,Central Time (US & Canada),6690,sandboa,Chris Harrison,2016-08-14 16:41:34 +0900,2024-09-24 01:19:19 +0900,research,CC-BY,http://www.inaturalist.org/observations/3881857,https://inaturalist-open-data.s3.amazonaws.com/photos/4554485/medium.jpeg,NA,NA,NA,1,0,FALSE,2,"Edwards County, US-TX, US",29.66443048,-100.43007778,5,NA,NA,NA,5,NA,open,FALSE,NA,NA,Red-spotted Toad,Anaxyrus punctatus,Red-spotted Toad,Amphibia,64984
3890281,0b3dfe27-2b6b-4a95-a1b5-f8f789b1678b,Sun Aug 14 2016 10:18:59 GMT-0500 (CDT),2016-08-14,2016-08-15 00:18:59 +0900,Central Time (US & Canada),218258,eyswanson,Erin,2016-08-15 13:41:12 +0900,2017-09-26 22:14:46 +0900,research,CC-BY-NC,http://www.inaturalist.org/observations/3890281,https://inaturalist-open-data.s3.amazonaws.com/photos/4567881/medium.jpg,NA,NA,NA,2,0,FALSE,3,"79734, Fort Davis, TX, US",30.6986583333,-104.1155778333,NA,NA,NA,NA,NA,NA,open,FALSE,NA,NA,Red-spotted Toad,Anaxyrus punctatus,Red-spotted Toad,Amphibia,64984
3956573,8b9713ea-28b5-4edb-bb00-76fbe355ca3d,2016/06/02 11:49 PM EDT,2016-06-02,2016-06-03 12:49:00 +0900,Eastern Time (US & Canada),49094,cannizag,Andrew Cannizzaro,2016-08-25 08:37:17 +0900,2017-09-26 22:38:08 +0900,research,CC-BY,http://www.inaturalist.org/observations/3956573,https://inaturalist-open-data.s3.amazonaws.com/photos/4662490/medium.jpeg,NA,NA,NA,3,0,FALSE,NA,"Terrell County, TX, USA",30.467003775,-101.7999601364,656,NA,NA,NA,656,NA,open,FALSE,NA,NA,Red-spotted Toad,Anaxyrus punctatus,Red-spotted Toad,Amphibia,64984
3957106,fd13ddb4-1163-4022-8f98-c6e8b2a04282,Wed Aug 24 2016 19:07:05 GMT-0600 (MDT),2016-08-24,2016-08-25 10:07:05 +0900,Mountain Time (US & Canada),6474,teresajmayfield,Teresa Mayfield,2016-08-25 10:19:58 +0900,2023-07-08 20:48:55 +0900,research,CC-BY,http://www.inaturalist.org/observations/3957106,https://inaturalist-open-data.s3.amazonaws.com/photos/4663882/medium.jpg,NA,NA,NA,3,0,FALSE,3,"1975–2271 McKinley Ave, El Paso, TX, US",31.81055,-106.47048,500,NA,NA,NA,500,NA,open,FALSE,NA,NA,Red-spotted Toad,Anaxyrus punctatus,Red-spotted Toad,Amphibia,64984
3994716,abe95347-3f2e-4131-bae2-aea60a86881e,2016/08/28 2:01 PM CDT,2016-08-28,2016-08-29 04:01:00 +0900,Central Time (US & Canada),9706,greglasley,Greg Lasley,2016-08-30 23:16:54 +0900,2017-09-26 22:48:46 +0900,research,CC-BY-NC,http://www.inaturalist.org/observations/3994716,https://inaturalist-open-data.s3.amazonaws.com/photos/4716862/medium.jpg,NA,NA,On the edge of a shallow desert stream,2,0,FALSE,NA,"Brewster County, TX, USA",29.17473,-103.157425,NA,NA,NA,NA,NA,NA,open,FALSE,NA,NA,Red-spotted Toad,Anaxyrus punctatus,Red-spotted Toad,Amphibia,64984
4023209,f3f8303d-dd81-495a-ada3-8ad2d93d057f,2016-08-25 21:08:26,2016-08-25,2016-08-26 11:08:26 +0900,Central Time (US & Canada),10779,jcabbott,John Abbott,2016-09-03 15:15:57 +0900,2017-09-26 22:58:01 +0900,research,CC-BY,http://www.inaturalist.org/observations/4023209,https://static.inaturalist.org/photos/4754425/medium.jpg,NA,NA,"Red-spotted Toad (Anaxyrus punctatus)
United States: Texas: Brewster Co.
Big Bend National Park off Gano Springs Rd.
25.Aug.2016
J.C. Abbott #2860",1,0,FALSE,NA,"Texas, United States",29.241507,-103.291225,NA,NA,NA,NA,NA,NA,open,FALSE,NA,NA,Red-spotted Toad,Anaxyrus punctatus,Red-spotted Toad,Amphibia,64984
4042296,a8971cdb-8c61-4c9e-97dd-b61cb83171e4,2016-09-05 11:59:05 AM CDT,2016-09-05,2016-09-06 01:59:05 +0900,Central Time (US & Canada),196148,atrox08,Zev King,2016-09-06 05:29:16 +0900,2017-09-26 23:05:55 +0900,research,CC-BY-NC,http://www.inaturalist.org/observations/4042296,https://inaturalist-open-data.s3.amazonaws.com/photos/4783074/medium.jpeg,NA,NA,NA,3,0,FALSE,2,"Presidio County, US-TX, US",30.0273442968,-104.6536394209,3669,NA,NA,NA,3669,NA,open,FALSE,gps,gps,Red-spotted Toad,Anaxyrus punctatus,Red-spotted Toad,Amphibia,64984
4052462,66b54f48-065e-4395-94d7-1a72a34efced,2016/09/03 8:52 PM MDT,2016-09-03,2016-09-04 11:52:00 +0900,Mountain Time (US & Canada),219786,ryand,NA,2016-09-07 09:44:03 +0900,2017-09-26 23:10:11 +0900,research,CC-BY-NC,http://www.inaturalist.org/observations/4052462,https://inaturalist-open-data.s3.amazonaws.com/photos/4799446/medium.jpeg,NA,NA,NA,3,0,FALSE,NA,"Brewster County, TX, USA",29.2876527948,-103.3715415001,244,NA,NA,NA,244,NA,open,FALSE,NA,NA,Red-spotted Toad,Anaxyrus punctatus,Red-spotted Toad,Amphibia,64984
4069422,61940d25-d539-4d24-8702-d44d2286d26b,Sun Sep 04 2016 02:20:23 GMT-0500 (CDT),2016-09-04,2016-09-04 16:20:23 +0900,Central Time (US & Canada),88101,jcaceves,NA,2016-09-09 12:54:00 +0900,2017-09-26 23:17:17 +0900,research,NA,http://www.inaturalist.org/observations/4069422,https://static.inaturalist.org/photos/4823806/medium.jpg,NA,NA,NA,1,0,FALSE,3,"Brewster County, US-TX, US",29.280768,-103.73774,5,NA,NA,NA,5,NA,open,FALSE,NA,NA,Red-spotted Toad,Anaxyrus punctatus,Red-spotted Toad,Amphibia,64984
4091626,9a119fb0-001e-4dd0-9c80-72b1fdb5f39e,Sun Sep 11 2016 19:25:09 GMT-0600 (MDT),2016-09-11,2016-09-12 10:25:09 +0900,Mountain Time (US & Canada),6474,teresajmayfield,Teresa Mayfield,2016-09-12 12:42:24 +0900,2023-07-08 20:41:50 +0900,research,CC-BY,http://www.inaturalist.org/observations/4091626,https://inaturalist-open-data.s3.amazonaws.com/photos/4857060/medium.jpg,NA,NA,NA,1,0,FALSE,3,"2435 McKinley Ave, El Paso, TX, US",31.8111833333,-106.4696883333,NA,NA,NA,NA,NA,NA,open,FALSE,NA,NA,Red-spotted Toad,Anaxyrus punctatus,Red-spotted Toad,Amphibia,64984
4111952,ca5da96f-2c1e-4f5e-b35e-f04c36e2f16f,Fri Sep 09 2016 22:17:51 GMT-0500 (CDT),2016-09-09,2016-09-10 12:17:51 +0900,Central Time (US & Canada),2281,cullen,Cullen Hanks,2016-09-15 10:52:26 +0900,2017-09-26 23:36:03 +0900,research,CC0,http://www.inaturalist.org/observations/4111952,https://inaturalist-open-data.s3.amazonaws.com/photos/4916757/medium.jpg,NA,NA,NA,3,0,FALSE,3,"Jeff Davis County, US-TX, US",30.7526485669,-104.1130968557,5,NA,NA,NA,5,NA,open,FALSE,NA,NA,Red-spotted Toad,Anaxyrus punctatus,Red-spotted Toad,Amphibia,64984
4249840,42457d03-3793-4916-96ca-918764f0f40b,2016-08-26,2016-08-26,NA,Central Time (US & Canada),22589,sambiology,Sam Kieschnick,2016-10-02 11:38:22 +0900,2017-09-27 00:35:34 +0900,research,CC-BY,http://www.inaturalist.org/observations/4249840,https://inaturalist-open-data.s3.amazonaws.com/photos/5082051/medium.jpeg,NA,NA,"Second day of the Big Bend Nature Fest -- Elizabeth and I went to excellent lectures by Greg Lasley, Chuck Sexton and others. Learned a ton. The star-gazing event was a bit too cloudy, however, we still spotted neat things on the drive!  :)

I'll have to work on the ID's for many of these later on. LOTS of new plants and critters for me in Big Bend! :)
",1,0,FALSE,NA,"Big Bend National Park, Texas",29.19108,-103.020856,7,NA,NA,NA,7,NA,open,FALSE,NA,NA,Red-spotted Toad,Anaxyrus punctatus,Red-spotted Toad,Amphibia,64984
4249842,4fa55bf3-99a7-4e33-9b2e-4c23f9a00a3c,2016-08-26,2016-08-26,NA,Central Time (US & Canada),22589,sambiology,Sam Kieschnick,2016-10-02 11:38:58 +0900,2017-09-27 00:35:35 +0900,research,CC-BY,http://www.inaturalist.org/observations/4249842,https://inaturalist-open-data.s3.amazonaws.com/photos/5082059/medium.jpeg,NA,NA,"Second day of the Big Bend Nature Fest -- Elizabeth and I went to excellent lectures by Greg Lasley, Chuck Sexton and others. Learned a ton. The star-gazing event was a bit too cloudy, however, we still spotted neat things on the drive!  :)

I'll have to work on the ID's for many of these later on. LOTS of new plants and critters for me in Big Bend! :)
",1,0,FALSE,NA,"Big Bend National Park, Texas",29.213318,-103.041447,14,NA,NA,NA,14,NA,open,FALSE,NA,NA,Red-spotted Toad,Anaxyrus punctatus,Red-spotted Toad,Amphibia,64984
4250977,7bdc814e-fcea-4854-b498-1ad273617db8,2016-08-27,2016-08-27,NA,Central Time (US & Canada),22589,sambiology,Sam Kieschnick,2016-10-02 15:21:00 +0900,2017-09-27 00:36:10 +0900,research,CC-BY,http://www.inaturalist.org/observations/4250977,https://inaturalist-open-data.s3.amazonaws.com/photos/5083744/medium.jpeg,NA,NA,"Day three  of the Big Bend Nature Fest!  Elizabeth and I were super lucky to go out and look for herps with Lee Hoy (@leehoy ) -- it was fantastic.  :)

I'll have to work on the ID's for many of these later on. LOTS of new plants and critters for me in Big Bend! :)",3,0,FALSE,NA,"Big Bend National Park, Texas",29.133333,-103.514053,3,NA,NA,NA,3,NA,open,FALSE,NA,NA,Red-spotted Toad,Anaxyrus punctatus,Red-spotted Toad,Amphibia,64984
4267908,f0f54c75-f521-4dc4-87ec-3586c68f9c0d,2016-09-30 9:07:09 PM CDT,2016-09-30,2016-10-01 11:07:09 +0900,Central Time (US & Canada),34495,troyhibbitts,Troy Hibbitts,2016-10-04 23:33:53 +0900,2017-09-27 00:43:57 +0900,research,NA,http://www.inaturalist.org/observations/4267908,https://static.inaturalist.org/photos/5115582/medium.jpeg,NA,NA,NA,2,0,FALSE,2,"Brewster County, US-TX, US",29.5513620005,-102.9411881359,12,NA,NA,NA,12,NA,open,FALSE,NA,NA,Red-spotted Toad,Anaxyrus punctatus,Red-spotted Toad,Amphibia,64984
4303697,57989b5b-89fa-4fb5-823a-65b03f529fa2,2016/07/30 9:24 PM UTC,2016-07-30,NA,UTC,327614,rubengamez,NA,2016-10-09 17:17:40 +0900,2017-09-27 01:04:58 +0900,research,CC-BY-NC,http://www.inaturalist.org/observations/4303697,https://inaturalist-open-data.s3.amazonaws.com/photos/5166320/medium.jpg,NA,NA,"Individual seen near Crotalus lepidus in Van Horn, TX area.",1,0,FALSE,NA,"Hudspeth County, TX, USA",31.5707433,-105.5943388,80760,NA,NA,NA,80760,NA,open,FALSE,NA,NA,Red-spotted Toad,Anaxyrus punctatus,Red-spotted Toad,Amphibia,64984
4435364,01c87974-c9ba-4f2f-878d-c13e55560379,2016/09/22 5:06 PM CDT,2016-09-22,2016-09-23 07:06:00 +0900,Central Time (US & Canada),43815,nathantaylor,Nathan Taylor,2016-10-26 05:33:41 +0900,2016-10-26 06:51:03 +0900,research,CC-BY,http://www.inaturalist.org/observations/4435364,https://inaturalist-open-data.s3.amazonaws.com/photos/5337511/medium.jpeg,NA,NA,NA,3,0,FALSE,NA,"Brewster County, TX, USA",29.3369474738,-103.395914733,33,NA,NA,NA,33,NA,open,FALSE,NA,NA,Red-spotted Toad,Anaxyrus punctatus,Red-spotted Toad,Amphibia,64984
4459784,d7e57823-7cbd-4274-a754-53eefa5118b8,2016/06/24 11:58 PM CDT,2016-06-24,2016-06-25 13:58:00 +0900,Central Time (US & Canada),313750,jsatler,NA,2016-10-30 14:44:50 +0900,2016-10-30 16:20:45 +0900,research,CC-BY-NC,http://www.inaturalist.org/observations/4459784,https://inaturalist-open-data.s3.amazonaws.com/photos/5377007/medium.jpg,NA,NA,NA,1,0,FALSE,NA,"Big Bend National Park, TX 79834, USA",29.1274869,-103.2425379,70146,NA,NA,NA,70146,NA,open,FALSE,NA,NA,Red-spotted Toad,Anaxyrus punctatus,Red-spotted Toad,Amphibia,64984
4572580,b0525d1c-48db-43da-9e0d-0e72fee174c8,2016-11-14 14:15:00-06:00,2016-11-14,2016-11-15 05:15:00 +0900,Central Time (US & Canada),23415,nancyed,Nancye Saunders Drukker,2016-11-15 07:48:17 +0900,2022-04-12 20:54:31 +0900,research,CC-BY-NC,http://www.inaturalist.org/observations/4572580,https://inaturalist-open-data.s3.amazonaws.com/photos/5519777/medium.jpeg,NA,NA,"Kendall County, TX
burrowed under a rock w/an eastern hognose snake coming his way",2,0,FALSE,NA,"Texas, US",29.650635832,-98.8036575106,15,"Texas, US",29.7491953399,-98.8373690844,29458,obscured,open,TRUE,NA,NA,Red-spotted Toad,Anaxyrus punctatus,Red-spotted Toad,Amphibia,64984
4598127,b9bc7c24-4107-46c4-ad31-0d2a48c83cd1,2016-10-29,2016-10-29,NA,Central Time (US & Canada),22312,beschwar,Benjamin Schwartz,2016-11-19 15:04:08 +0900,2016-12-19 13:15:47 +0900,research,CC-BY-NC,http://www.inaturalist.org/observations/4598127,https://inaturalist-open-data.s3.amazonaws.com/photos/5558214/medium.jpg,NA,NA,"My first time seeing this species!

On a night walk.

Dolan Falls Preserve is owned by The Nature Conservancy and is not open to the public. Access is through special permission only. The preserve is adjacent to Devil's River State Natural Area, which is open to the public on a restricted schedule.",2,0,FALSE,NA,"Val Verde County, US-TX, US",29.893797,-100.996993,3,NA,NA,NA,3,NA,open,FALSE,NA,NA,Red-spotted Toad,Anaxyrus punctatus,Red-spotted Toad,Amphibia,64984
4659198,7d1cfc79-8874-44d9-89db-fda29fc23fa7,2009/05/23 11:40 PM HST,2009-05-23,2009-05-24 18:40:00 +0900,Hawaii,206492,wild-about-texas,Michael Price,2016-11-29 12:27:34 +0900,2023-07-08 20:37:58 +0900,research,CC-BY-NC,http://www.inaturalist.org/observations/4659198,https://inaturalist-open-data.s3.amazonaws.com/photos/5640549/medium.jpeg,NA,NA,NA,4,0,FALSE,NA,"Brewster County, TX, USA",29.4506643011,-102.8243601322,4,NA,NA,NA,4,NA,open,FALSE,NA,NA,Red-spotted Toad,Anaxyrus punctatus,Red-spotted Toad,Amphibia,64984
4659207,22bcf4c6-0172-4db3-8ecc-f29ef64cb3f4,2009/06/23 1:38 AM HST,2009-06-23,2009-06-23 20:38:00 +0900,Hawaii,206492,wild-about-texas,Michael Price,2016-11-29 12:30:58 +0900,2023-07-08 20:38:00 +0900,research,CC-BY-NC,http://www.inaturalist.org/observations/4659207,https://inaturalist-open-data.s3.amazonaws.com/photos/5640559/medium.jpeg,NA,NA,NA,3,0,FALSE,NA,"Brewster County, TX, USA",29.4965510356,-103.5365992785,4,NA,NA,NA,4,NA,open,FALSE,NA,NA,Red-spotted Toad,Anaxyrus punctatus,Red-spotted Toad,Amphibia,64984
4659213,98a8a8df-4962-4957-b496-1969c3622171,2009/05/12 11:46 PM HST,2009-05-12,2009-05-13 18:46:00 +0900,Hawaii,206492,wild-about-texas,Michael Price,2016-11-29 12:32:49 +0900,2023-07-08 20:38:03 +0900,research,CC-BY-NC,http://www.inaturalist.org/observations/4659213,https://inaturalist-open-data.s3.amazonaws.com/photos/5640570/medium.jpeg,NA,NA,NA,2,0,FALSE,NA,"Crockett County, TX, USA",30.5812300584,-101.2895894051,4,NA,NA,NA,4,NA,open,FALSE,NA,NA,Red-spotted Toad,Anaxyrus punctatus,Red-spotted Toad,Amphibia,64984
4659217,0c860128-d8ab-40c9-98c6-4b76b298a89c,2006/08/07 9:49 PM HST,2006-08-07,2006-08-08 16:49:00 +0900,Hawaii,206492,wild-about-texas,Michael Price,2016-11-29 12:34:09 +0900,2023-07-08 20:38:05 +0900,research,CC-BY-NC,http://www.inaturalist.org/observations/4659217,https://inaturalist-open-data.s3.amazonaws.com/photos/5640586/medium.jpeg,NA,NA,NA,2,0,FALSE,NA,"Hudspeth County, TX, USA",31.1263923259,-105.355745851,4,NA,NA,NA,4,NA,open,FALSE,NA,NA,Red-spotted Toad,Anaxyrus punctatus,Red-spotted Toad,Amphibia,64984
4659224,dc18d54f-1281-4807-9df5-a7e676a014fb,2013/06/27 11:46 PM HST,2013-06-27,2013-06-28 18:46:00 +0900,Hawaii,206492,wild-about-texas,Michael Price,2016-11-29 12:36:24 +0900,2023-07-08 20:38:07 +0900,research,CC-BY-NC,http://www.inaturalist.org/observations/4659224,https://inaturalist-open-data.s3.amazonaws.com/photos/5640595/medium.jpeg,NA,13-25,NA,3,0,FALSE,NA,"Jeff Davis County, TX, USA",30.8141696856,-103.930871933,2,NA,NA,NA,2,NA,open,FALSE,NA,NA,Red-spotted Toad,Anaxyrus punctatus,Red-spotted Toad,Amphibia,64984
4659228,3a1f4fe7-4537-4c00-ac77-8be9e02dca68,2010/07/07 11:06 PM HST,2010-07-07,2010-07-08 18:06:00 +0900,Hawaii,206492,wild-about-texas,Michael Price,2016-11-29 12:38:32 +0900,2023-07-08 20:38:09 +0900,research,CC-BY-NC,http://www.inaturalist.org/observations/4659228,https://inaturalist-open-data.s3.amazonaws.com/photos/5640599/medium.jpg,NA,NA,NA,3,0,FALSE,NA,"Pecos County, TX, USA",30.8141535606,-102.1611839533,2,NA,NA,NA,2,NA,open,FALSE,NA,NA,Red-spotted Toad,Anaxyrus punctatus,Red-spotted Toad,Amphibia,64984
4659258,42d45e6a-83ac-4fb0-af95-5036bd8188ee,2006/10/11 6:01 PM HST,2006-10-11,2006-10-12 13:01:00 +0900,Hawaii,206492,wild-about-texas,Michael Price,2016-11-29 12:45:29 +0900,2023-07-08 20:38:13 +0900,research,CC-BY-NC,http://www.inaturalist.org/observations/4659258,https://inaturalist-open-data.s3.amazonaws.com/photos/5640603/medium.jpeg,NA,NA,NA,3,0,FALSE,NA,"Pecos County, US-TX, US",30.8410351399,-102.4486976423,2,"Pecos County, TX, USA",30.9582982001,-102.581192404,29304,obscured,open,TRUE,NA,NA,Red-spotted Toad,Anaxyrus punctatus,Red-spotted Toad,Amphibia,64984
4659305,f7e24aeb-61c8-445f-96ce-92f516e467d8,2014/06/07 11:23 PM HST,2014-06-07,2014-06-08 18:23:00 +0900,Hawaii,206492,wild-about-texas,Michael Price,2016-11-29 12:58:22 +0900,2023-07-08 20:38:25 +0900,research,CC-BY-NC,http://www.inaturalist.org/observations/4659305,https://inaturalist-open-data.s3.amazonaws.com/photos/5640810/medium.jpg,NA,NA,NA,3,0,FALSE,NA,"Sutton County, TX, USA",30.6989659926,-100.8541274071,4,NA,NA,NA,4,NA,open,FALSE,NA,NA,Red-spotted Toad,Anaxyrus punctatus,Red-spotted Toad,Amphibia,64984
4659399,b831070e-a34b-438f-bd14-bcf3ead7ea35,2013/06/09 12:38 AM HST,2013-06-09,2013-06-09 19:38:00 +0900,Hawaii,206492,wild-about-texas,Michael Price,2016-11-29 13:03:54 +0900,2023-07-08 20:38:27 +0900,research,CC-BY-NC,http://www.inaturalist.org/observations/4659399,https://inaturalist-open-data.s3.amazonaws.com/photos/5640844/medium.jpeg,NA,NA,NA,4,0,FALSE,NA,"Presidio County, TX, USA",29.3218016649,-104.007029235,2,NA,NA,NA,2,NA,open,FALSE,NA,NA,Red-spotted Toad,Anaxyrus punctatus,Red-spotted Toad,Amphibia,64984
4659422,7c6fda5d-3086-45c6-bc83-8f4dfcea989e,2013/06/09 12:37 AM HST,2013-06-09,2013-06-09 19:37:00 +0900,Hawaii,206492,wild-about-texas,Michael Price,2016-11-29 13:10:43 +0900,2023-07-08 20:38:29 +0900,research,CC-BY-NC,http://www.inaturalist.org/observations/4659422,https://inaturalist-open-data.s3.amazonaws.com/photos/5640857/medium.jpeg,NA,NA,NA,5,0,FALSE,NA,"Presidio County, TX, USA",29.3216403032,-104.006915241,8,NA,NA,NA,8,NA,open,FALSE,NA,NA,Red-spotted Toad,Anaxyrus punctatus,Red-spotted Toad,Amphibia,64984
4752339,a50eeedd-3bc6-4699-b5b3-7056cbba9b8b,1991-05-25,1991-05-25,NA,Hawaii,206492,wild-about-texas,Michael Price,2016-12-11 03:47:08 +0900,2023-07-07 01:26:25 +0900,research,CC-BY-NC,http://www.inaturalist.org/observations/4752339,https://inaturalist-open-data.s3.amazonaws.com/photos/5779947/medium.jpg,NA,NA,"Scurry County Record - TNHC #92934

Month & Year are accurate; date is approximate

Private Residence",2,0,FALSE,NA,"Scurry County, TX, USA",32.69028,-101.04617,NA,NA,NA,NA,NA,NA,open,FALSE,NA,NA,Red-spotted Toad,Anaxyrus punctatus,Red-spotted Toad,Amphibia,64984
4756897,103f8b18-cf2e-4b3a-b963-024383e47503,2016/08/28 2:38 PM CDT,2016-08-28,2016-08-29 04:38:00 +0900,Central Time (US & Canada),27047,gcwarbler,Chuck Sexton,2016-12-12 02:56:01 +0900,2023-01-11 22:22:06 +0900,research,CC0,http://www.inaturalist.org/observations/4756897,https://inaturalist-open-data.s3.amazonaws.com/photos/5787406/medium.jpg,NA,"Amphibian, Big Bend NP, Frog, Herp",NA,2,0,FALSE,NA,"Glenn Spring, Big Bend NP, Brewster Co., TX",29.1749972222,-103.157425,100,NA,NA,NA,100,NA,open,FALSE,NA,NA,Red-spotted Toad,Anaxyrus punctatus,Red-spotted Toad,Amphibia,64984
4921269,dde72c04-473d-4472-a10c-9499a13172bc,2012/07/14 9:54 PM EDT,2012-07-14,2012-07-15 10:54:00 +0900,Eastern Time (US & Canada),388333,clint_morgan,Clint Morgan,2017-01-10 11:17:13 +0900,2017-02-03 23:50:06 +0900,research,CC-BY-NC,https://www.inaturalist.org/observations/4921269,https://inaturalist-open-data.s3.amazonaws.com/photos/5994026/medium.jpeg,NA,NA,NA,2,0,FALSE,NA,"Tom Green County, TX, USA",31.183030411,-100.4959774017,50,NA,NA,NA,50,NA,open,FALSE,NA,NA,Red-spotted Toad,Anaxyrus punctatus,Red-spotted Toad,Amphibia,64984
5143820,80a294c2-b56d-4d2a-b9ee-e0a14e27ea8f,1988-05-24,1988-05-24,NA,Central Time (US & Canada),380122,dcarrie,Dawn Carrie,2017-02-21 06:48:40 +0900,2020-07-10 08:46:49 +0900,research,CC-BY-NC,https://www.inaturalist.org/observations/5143820,https://inaturalist-open-data.s3.amazonaws.com/photos/6334096/medium.jpeg,NA,NA,NA,2,0,FALSE,NA,"Val Verde County, TX, USA",30.126124182,-101.5323829299,183,NA,NA,NA,183,NA,open,FALSE,NA,NA,Red-spotted Toad,Anaxyrus punctatus,Red-spotted Toad,Amphibia,64984
5241380,8d221739-69ab-414a-b134-5795274774ec,2017-03-06 19:02:00-06:00,2017-03-06,2017-03-07 10:02:00 +0900,Central Time (US & Canada),23415,nancyed,Nancye Saunders Drukker,2017-03-07 13:05:06 +0900,2024-05-27 04:55:50 +0900,research,CC-BY-NC,https://www.inaturalist.org/observations/5241380,https://inaturalist-open-data.s3.amazonaws.com/photos/6482656/medium.jpeg,NA,NA,"Bandera County, TX
",3,0,FALSE,NA,"Texas, US",29.6227940111,-98.9494279561,4,"Texas, US",29.743743683,-98.837216198,29458,obscured,open,TRUE,NA,NA,Red-spotted Toad,Anaxyrus punctatus,Red-spotted Toad,Amphibia,64984
5244538,0e9c08fb-9728-4a01-9b04-b16c0445f89c,2017-03-07 10:26:39-06:00,2017-03-07,2017-03-08 01:26:39 +0900,Central Time (US & Canada),23415,nancyed,Nancye Saunders Drukker,2017-03-08 05:06:05 +0900,2024-05-27 04:57:58 +0900,research,CC-BY-NC,https://www.inaturalist.org/observations/5244538,https://inaturalist-open-data.s3.amazonaws.com/photos/6493380/medium.jpeg,NA,NA,"Kendall County, TX",3,0,FALSE,3,"Texas, US",29.6943196873,-98.9995951648,29445,"Texas, US",29.75332,-98.8399666667,29458,obscured,open,TRUE,NA,NA,Red-spotted Toad,Anaxyrus punctatus,Red-spotted Toad,Amphibia,64984
5287130,2f3370b8-e4d9-4845-8595-eee5fb238f51,2017-03-11 8:25:00 PM CST,2017-03-11,2017-03-12 11:25:00 +0900,Central Time (US & Canada),385811,jvwest,James V West,2017-03-12 13:30:40 +0900,2018-01-30 05:53:44 +0900,research,CC-BY-NC,https://www.inaturalist.org/observations/5287130,https://inaturalist-open-data.s3.amazonaws.com/photos/6539081/medium.jpeg,NA,NA,"Found on a cloudy, cool night",1,0,FALSE,2,"Brewster County, US-TX, US",29.5714365732,-102.9463419691,33,NA,NA,NA,33,NA,open,FALSE,gps,gps,Red-spotted Toad,Anaxyrus punctatus,Red-spotted Toad,Amphibia,64984
5298525,71d2cf7e-b8aa-4c35-95e2-9d9b6a55a6d4,Mon Mar 13 2017 12:36:46 GMT-0500 (CDT),2017-03-13,2017-03-14 02:36:46 +0900,Central Time (US & Canada),35592,donarburn,Don Arburn,2017-03-14 02:38:15 +0900,2017-06-08 04:23:19 +0900,research,NA,https://www.inaturalist.org/observations/5298525,https://static.inaturalist.org/photos/6557581/medium.jpg,NA,NA,NA,2,0,FALSE,3,"78840, Rocksprings, TX, US",29.7337189031,-100.646343168,24,NA,NA,NA,24,NA,open,FALSE,NA,NA,Red-spotted Toad,Anaxyrus punctatus,Red-spotted Toad,Amphibia,64984
5305485,bd298835-4f8f-48a5-bcb2-84e2d6c0d684,2017-03-14 10:08:44 AM CDT,2017-03-14,2017-03-15 00:08:44 +0900,Central Time (US & Canada),178937,dilljone,Dillon Jones,2017-03-15 01:13:10 +0900,2018-01-30 05:53:25 +0900,research,CC-BY-NC,https://www.inaturalist.org/observations/5305485,https://inaturalist-open-data.s3.amazonaws.com/photos/6568427/medium.jpeg,NA,NA,NA,2,0,FALSE,2,"Brewster County, US-TX, US",29.57121607,-102.95467457,5,NA,NA,NA,5,NA,open,FALSE,NA,NA,Red-spotted Toad,Anaxyrus punctatus,Red-spotted Toad,Amphibia,64984
5391447,430b38fb-bbcd-494c-aa3b-dce035315b58,2017-03-14 10:07:39 AM CDT,2017-03-14,2017-03-15 00:07:39 +0900,Central Time (US & Canada),403778,hayley16,Hayley Tipton,2017-03-19 07:02:54 +0900,2018-01-30 05:53:28 +0900,research,NA,https://www.inaturalist.org/observations/5391447,https://static.inaturalist.org/photos/6622763/medium.jpeg,NA,NA,NA,2,0,FALSE,2,"Brewster County, US-TX, US",29.571315935,-102.9545866312,4,NA,NA,NA,4,NA,open,FALSE,NA,NA,anaxyrus punctatus,Anaxyrus punctatus,Red-spotted Toad,Amphibia,64984
5393273,d73e0c56-f8ed-464d-b109-662cd195b872,2017-03-18 11:20:00-05:00,2017-03-18,2017-03-19 01:20:00 +0900,Bogota,23415,nancyed,Nancye Saunders Drukker,2017-03-19 10:42:17 +0900,2022-04-12 21:00:00 +0900,research,CC-BY-NC,https://www.inaturalist.org/observations/5393273,https://inaturalist-open-data.s3.amazonaws.com/photos/6625662/medium.jpg,NA,NA,NA,2,0,FALSE,NA,"Texas, US",29.6090302649,-98.9011553078,61,"Texas, US",29.7515240222,-98.8452386856,29458,obscured,open,TRUE,NA,NA,Red-spotted Toad,Anaxyrus punctatus,Red-spotted Toad,Amphibia,64984
5426032,c1cc3da4-3d38-4485-b9a5-cc6fdb68dafc,2012/05/04 7:12 AM CDT,2012-05-04,2012-05-04 21:12:00 +0900,Central Time (US & Canada),3564,leigh,Leigh Stuemke,2017-03-23 00:32:47 +0900,2017-03-24 00:05:06 +0900,research,NA,https://www.inaturalist.org/observations/5426032,https://static.inaturalist.org/photos/6672936/medium.jpeg,NA,NA,NA,3,0,FALSE,NA,"Texas, US",29.679286930500002,-99.3903130681,13446,"Bandera County, TX, USA",29.7404135,-99.2785583,29458,obscured,open,TRUE,NA,NA,Red-spotted Toad,Anaxyrus punctatus,Red-spotted Toad,Amphibia,64984
5570231,771ec669-a204-4068-aa8c-9636dcb1e054,Tue Apr 04 2017 09:58:34 GMT-0500 (CDT),2017-04-04,2017-04-04 23:58:34 +0900,Central Time (US & Canada),11202,kuykenwil,Mark Wilson,2017-04-05 03:50:52 +0900,2024-09-05 04:45:25 +0900,research,CC0,https://www.inaturalist.org/observations/5570231,https://inaturalist-open-data.s3.amazonaws.com/photos/6877078/medium.jpg,NA,NA,Seen in Christmas Mountains when rock was turned over.  At 4468 ft elevation.,2,0,FALSE,3,"79830, Alpine, TX, US",29.4354960602,-103.4204920662,500,NA,NA,NA,500,NA,open,FALSE,NA,NA,Red-spotted Toad,Anaxyrus punctatus,Red-spotted Toad,Amphibia,64984
5620455,8c8d2d1a-b089-466b-8912-bfc2729e6249,2017/04/07 10:57 AM HST,2017-04-07,2017-04-08 05:57:00 +0900,Hawaii,260982,joshualively,Joshua Lively,2017-04-09 13:16:44 +0900,2017-04-09 13:31:26 +0900,research,CC-BY-NC,https://www.inaturalist.org/observations/5620455,https://inaturalist-open-data.s3.amazonaws.com/photos/6948389/medium.jpeg,NA,NA,NA,1,0,FALSE,NA,"Terrell County, TX, USA",29.83471218,-101.7816309926,72,NA,NA,NA,72,NA,open,FALSE,NA,NA,Red-spotted Toad,Anaxyrus punctatus,Red-spotted Toad,Amphibia,64984
5620989,78224b81-650b-42c1-ac4d-c5759891ab3a,2014/10/02 6:04 PM CDT,2014-10-02,2014-10-03 08:04:00 +0900,Central Time (US & Canada),281095,k8thegr8,k8thegr8,2017-04-09 14:10:15 +0900,2017-04-09 15:14:17 +0900,research,CC-BY-NC-ND,https://www.inaturalist.org/observations/5620989,https://inaturalist-open-data.s3.amazonaws.com/photos/6949262/medium.jpeg,NA,NA,NA,1,0,FALSE,NA,"Fort Davis, TX 79734, USA",30.5813963162,-103.8830548525,4,NA,NA,NA,4,NA,open,FALSE,NA,NA,Red-spotted Toad,Anaxyrus punctatus,Red-spotted Toad,Amphibia,64984
5647869,112970e6-2798-4cbf-9c1c-ade7032359c2,2017-04-08 4:40:34 PM CDT,2017-04-08,2017-04-09 06:40:34 +0900,Central Time (US & Canada),40084,jacobk,Jacob Kemmer,2017-04-11 22:12:54 +0900,2017-04-15 00:18:52 +0900,research,CC-BY-NC,https://www.inaturalist.org/observations/5647869,https://inaturalist-open-data.s3.amazonaws.com/photos/6990087/medium.jpeg,NA,NA,NA,1,0,FALSE,2,"Big Bend National Park, TX 79834",29.1501262587,-103.489068187,516,NA,NA,NA,516,NA,open,FALSE,gps,gps,Sapo de puntos rojos,Anaxyrus punctatus,Red-spotted Toad,Amphibia,64984
5677208,1bcd9b24-dd98-41f4-a4bd-c1db2847e1f3,Wed Apr 12 2017 20:59:58 GMT-0500 (GMT-5),2017-04-12,2017-04-13 10:59:58 +0900,Bogota,344755,noahfields,Noah Fields,2017-04-14 05:03:04 +0900,2020-09-26 00:39:09 +0900,research,CC-BY-NC,https://www.inaturalist.org/observations/5677208,https://inaturalist-open-data.s3.amazonaws.com/photos/7031570/medium.jpg,NA,NA,NA,3,0,FALSE,3,"Presidio County, US-TX, US",29.3340564659,-104.0536248219,5,NA,NA,NA,5,NA,open,FALSE,NA,NA,Red-spotted Toad,Anaxyrus punctatus,Red-spotted Toad,Amphibia,64984
5679078,ff289789-05a0-4c11-be8c-6ce172427bae,Thu Apr 13 2017 16:11:30 GMT-0500 (CDT),2017-04-13,2017-04-14 06:11:30 +0900,Central Time (US & Canada),9560,dianaterryhibbitts,Diana-Terry Hibbitts,2017-04-14 07:24:40 +0900,2023-01-25 04:00:32 +0900,research,CC-BY-NC,https://www.inaturalist.org/observations/5679078,https://inaturalist-open-data.s3.amazonaws.com/photos/7034171/medium.jpg,NA,NA,Under a rock,2,0,FALSE,3,"78828, Barksdale, TX, US",29.6513716667,-100.0695583333,NA,NA,NA,NA,NA,NA,open,FALSE,NA,NA,Red-spotted Toad,Anaxyrus punctatus,Red-spotted Toad,Amphibia,64984
5811855,77f76fd9-edc5-4017-b9ff-e08ea75b1c9b,Mon Apr 17 2017 21:16:41 GMT-0500 (CDT),2017-04-17,2017-04-18 11:16:41 +0900,Central Time (US & Canada),289985,matt82,Matt Soucie,2017-04-18 12:08:38 +0900,2017-04-18 22:51:05 +0900,research,CC-BY-NC,https://www.inaturalist.org/observations/5811855,https://static.inaturalist.org/photos/7237187/medium.jpg,NA,NA,NA,1,0,FALSE,3,"Camino Primero, Leakey, TX, US",29.7315716667,-99.7285383333,NA,NA,NA,NA,NA,NA,open,FALSE,NA,NA,Red-spotted Toad,Anaxyrus punctatus,Red-spotted Toad,Amphibia,64984
5818918,05885a0a-91ba-4357-b6e2-d56e1ac30549,Mon Apr 17 2017 21:42:41 GMT-0500 (CDT),2017-04-17,2017-04-18 11:42:41 +0900,Central Time (US & Canada),289985,matt82,Matt Soucie,2017-04-18 22:33:25 +0900,2021-08-17 04:28:08 +0900,research,CC-BY-NC,https://www.inaturalist.org/observations/5818918,https://static.inaturalist.org/photos/7237368/medium.jpg,NA,NA,NA,3,0,FALSE,3,"Camino Primero, Leakey, TX, US",29.7317716667,-99.7284916667,NA,NA,NA,NA,NA,NA,open,FALSE,NA,NA,Red-spotted Toad,Anaxyrus punctatus,Red-spotted Toad,Amphibia,64984
5900462,813f9db4-8d51-4b30-8391-75403fe7ff23,2017-04-21 9:10:34 PM CDT,2017-04-21,2017-04-22 11:10:34 +0900,Central Time (US & Canada),28584,jmuller51,John Muller,2017-04-22 11:52:36 +0900,2017-06-15 09:03:18 +0900,research,CC-BY-NC,https://www.inaturalist.org/observations/5900462,https://inaturalist-open-data.s3.amazonaws.com/photos/7356973/medium.jpeg,NA,NA,NA,2,0,FALSE,2,"Unnamed Road Alpine, TX 79830",29.4511108398,-103.3949966431,NA,NA,NA,NA,NA,NA,open,FALSE,gps,gps,Red-spotted Toad,Anaxyrus punctatus,Red-spotted Toad,Amphibia,64984
6025696,c871af71-19d6-495e-b1fe-cf3dd83f3d81,Sat Mar 11 2017 20:30:54 GMT-0600 (CST),2017-03-11,2017-03-12 11:30:54 +0900,Central Time (US & Canada),413502,jamiecooper1015,NA,2017-05-01 04:35:29 +0900,2018-01-30 05:53:40 +0900,research,NA,https://www.inaturalist.org/observations/6025696,https://static.inaturalist.org/photos/7542147/medium.jpg,NA,NA,NA,1,0,FALSE,3,"79842, Marathon, TX, US",29.5722833333,-102.9464716667,NA,NA,NA,NA,NA,NA,open,FALSE,NA,NA,Red-spotted Toad,Anaxyrus punctatus,Red-spotted Toad,Amphibia,64984
6161066,cf75790e-b00d-41bd-9940-c133d1539d4f,2017-03-12 9:06:46 PM CDT,2017-03-12,2017-03-13 11:06:46 +0900,Central Time (US & Canada),422142,shameshoes,NA,2017-05-11 01:30:30 +0900,2018-01-30 05:53:59 +0900,research,CC-BY-NC,https://www.inaturalist.org/observations/6161066,https://inaturalist-open-data.s3.amazonaws.com/photos/7725201/medium.jpeg,NA,NA,Witond one found on Black Gap trip. Seemed to be dying. Stained thighs thighs from Orange/yellow liquid,1,0,FALSE,2,"Unnamed Road Alpine, TX 79830",29.5714359283,-102.9463424683,NA,NA,NA,NA,NA,NA,open,FALSE,gps,gps,Red-spotted Toad,Anaxyrus punctatus,Red-spotted Toad,Amphibia,64984
6183852,98775c16-33c6-4865-a2d4-920653fbd14c,Fri May 12 2017 13:28:06 GMT-0500 (CDT),2017-05-12,2017-05-13 03:28:06 +0900,Central Time (US & Canada),74396,ben_stupavsky,Ben Stupavsky,2017-05-13 03:31:48 +0900,2017-05-13 03:45:19 +0900,research,CC-BY-NC,https://www.inaturalist.org/observations/6183852,https://inaturalist-open-data.s3.amazonaws.com/photos/7758933/medium.jpg,NA,NA,NA,1,0,FALSE,3,"79256, Roaring Springs, TX, US",33.8528479331,-100.8650780344,35,NA,NA,NA,35,NA,open,FALSE,NA,NA,Red-spotted Toad,Anaxyrus punctatus,Red-spotted Toad,Amphibia,64984
6203004,ff5315c4-9a8b-45a0-bb28-c384feae080e,2012/11/17,2012-11-17,NA,Central Time (US & Canada),18780,hydaticus,Robby Deans,2017-05-14 13:12:53 +0900,2017-05-14 14:00:00 +0900,research,CC-BY-NC,https://www.inaturalist.org/observations/6203004,https://inaturalist-open-data.s3.amazonaws.com/photos/7788289/medium.jpeg,NA,NA,NA,1,0,FALSE,NA,"Val Verde County, TX, USA",29.8955311814,-100.995426178,492,NA,NA,NA,492,NA,open,FALSE,NA,NA,Red-spotted Toad,Anaxyrus punctatus,Red-spotted Toad,Amphibia,64984
6266743,4b04fc32-5f0e-4765-b18f-80be69f70e6c,2017-05-17 9:41:06 PM CDT,2017-05-17,2017-05-18 11:41:06 +0900,Central Time (US & Canada),6690,sandboa,Chris Harrison,2017-05-19 10:04:33 +0900,2024-09-24 01:19:19 +0900,research,CC-BY,https://www.inaturalist.org/observations/6266743,https://inaturalist-open-data.s3.amazonaws.com/photos/7882362/medium.jpeg,NA,NA,NA,2,0,FALSE,2,"Crockett County, US-TX, US",30.31447542,-101.53383797,6,NA,NA,NA,6,NA,open,FALSE,NA,NA,Red-spotted Toad,Anaxyrus punctatus,Red-spotted Toad,Amphibia,64984
6310930,e6d73c22-5893-455b-affb-2ed2792c5611,Sun May 21 2017 19:11:23 GMT-0500 (CDT),2017-05-21,2017-05-22 09:11:23 +0900,Central Time (US & Canada),109125,jrotzeke,NA,2017-05-22 09:12:03 +0900,2017-05-25 04:20:25 +0900,research,CC-BY-NC,https://www.inaturalist.org/observations/6310930,https://inaturalist-open-data.s3.amazonaws.com/photos/7947429/medium.jpg,NA,NA,NA,2,0,FALSE,3,"Texas, US",30.7204082749,-100.9656591784,5,"Private Road 1140, Eldorado, TX, US",30.734251421,-100.826384565,29330,obscured,open,TRUE,NA,NA,Red-spotted Toad,Anaxyrus punctatus,Red-spotted Toad,Amphibia,64984
6312917,1fc30c1e-d085-43fc-acfc-af75b5a56887,Sun May 21 2017 21:37:52 GMT-0500 (CDT),2017-05-21,2017-05-22 11:37:52 +0900,Central Time (US & Canada),109125,jrotzeke,NA,2017-05-22 11:39:04 +0900,2017-05-25 04:19:00 +0900,research,CC-BY-NC,https://www.inaturalist.org/observations/6312917,https://inaturalist-open-data.s3.amazonaws.com/photos/7949260/medium.jpg,NA,NA,NA,2,0,FALSE,3,"FM 2129, Eldorado, TX, US",30.7666976005,-100.7983176784,5,NA,NA,NA,5,NA,open,FALSE,NA,NA,Red-spotted Toad,Anaxyrus punctatus,Red-spotted Toad,Amphibia,64984
6320722,72b57cca-b402-451a-849d-d6bd7510f041,Sun May 21 2017 23:00:40 GMT-0500 (CDT),2017-05-21,2017-05-22 13:00:40 +0900,Central Time (US & Canada),218258,eyswanson,Erin,2017-05-23 02:49:31 +0900,2017-05-23 06:08:59 +0900,research,CC-BY-NC,https://www.inaturalist.org/observations/6320722,https://inaturalist-open-data.s3.amazonaws.com/photos/7960364/medium.jpg,NA,NA,NA,1,0,FALSE,3,"Brewster County, US-TX, US",29.6849662113,-103.1505456217,5,NA,NA,NA,5,NA,open,FALSE,NA,NA,Red-spotted Toad,Anaxyrus punctatus,Red-spotted Toad,Amphibia,64984
6324018,8480507f-b388-4f41-ae76-add2633efa83,Sun May 21 2017 22:24:12 GMT-0500 (CDT),2017-05-21,2017-05-22 12:24:12 +0900,Central Time (US & Canada),13156,romeyswanson,Romey Swanson,2017-05-23 06:53:52 +0900,2017-06-01 00:03:43 +0900,research,CC-BY-NC,https://www.inaturalist.org/observations/6324018,https://inaturalist-open-data.s3.amazonaws.com/photos/7965661/medium.jpg,NA,NA,NA,2,0,FALSE,3,"Brewster County, US-TX, US",29.858747595,-103.2478497551,5,NA,NA,NA,5,NA,open,FALSE,NA,NA,Red-spotted Toad,Anaxyrus punctatus,Red-spotted Toad,Amphibia,64984
6329965,21b72cd5-31ef-4872-9e1d-7a822dac7d2a,2017/05/21 9:21 PM CDT,2017-05-21,2017-05-22 11:21:00 +0900,Central Time (US & Canada),18812,mako252,Jon McIntyre,2017-05-23 13:47:39 +0900,2019-05-16 15:24:42 +0900,research,CC-BY-NC,https://www.inaturalist.org/observations/6329965,https://inaturalist-open-data.s3.amazonaws.com/photos/7974419/medium.jpeg,NA,NA,NA,2,0,FALSE,NA,"Brewster County, TX, USA",29.4143822561,-103.141141086,2,NA,NA,NA,2,NA,open,FALSE,NA,NA,Red-spotted Toad,Anaxyrus punctatus,Red-spotted Toad,Amphibia,64984
6329971,eea6dcae-066c-4266-882b-fe1569e4c1f2,2017/05/21 9:45 PM CDT,2017-05-21,2017-05-22 11:45:00 +0900,Central Time (US & Canada),18812,mako252,Jon McIntyre,2017-05-23 13:47:41 +0900,2024-09-06 00:31:17 +0900,research,CC-BY-NC,https://www.inaturalist.org/observations/6329971,https://inaturalist-open-data.s3.amazonaws.com/photos/7974441/medium.jpeg,NA,NA,NA,3,0,FALSE,NA,"Brewster County, TX, USA",29.4181730705,-103.141110241,4,NA,NA,NA,4,NA,open,FALSE,NA,NA,Red-spotted Toad,Anaxyrus punctatus,Red-spotted Toad,Amphibia,64984
6329976,7b1035a8-9a85-4416-a9e0-f6d5137af096,2017/05/21 10:31 PM CDT,2017-05-21,2017-05-22 12:31:00 +0900,Central Time (US & Canada),18812,mako252,Jon McIntyre,2017-05-23 13:47:44 +0900,2019-05-16 15:25:01 +0900,research,CC-BY-NC,https://www.inaturalist.org/observations/6329976,https://inaturalist-open-data.s3.amazonaws.com/photos/7974462/medium.jpeg,NA,NA,NA,2,0,FALSE,NA,"Brewster County, TX, USA",29.2773053042,-103.28345105,2,NA,NA,NA,2,NA,open,FALSE,NA,NA,Red-spotted Toad,Anaxyrus punctatus,Red-spotted Toad,Amphibia,64984
6330269,576b6ba7-9b19-45c3-9385-3a9fb7e63c11,Mon May 22 2017 22:22:04 GMT-0500 (CDT),2017-05-22,2017-05-23 12:22:04 +0900,Central Time (US & Canada),21609,trans-pecos-herpetology,R. Reed McClure,2017-05-23 14:16:45 +0900,2021-07-20 03:47:59 +0900,research,NA,https://www.inaturalist.org/observations/6330269,https://static.inaturalist.org/photos/7975056/medium.jpg,NA,NA,NA,2,0,FALSE,3,"Jeff Davis County, US-TX, US",30.8056588841,-103.9115456766,NA,"RM 1832, Mcdonald Obs, TX, US",30.8175966667,-103.8358916667,29304,obscured,open,TRUE,NA,NA,Red-spotted Toad,Anaxyrus punctatus,Red-spotted Toad,Amphibia,64984
6342869,151ddb9d-7049-4f0e-b536-05f9f577b4e6,Tue May 23 2017 22:43:44 GMT-0500 (CDT),2017-05-23,2017-05-24 12:43:44 +0900,Central Time (US & Canada),21609,trans-pecos-herpetology,R. Reed McClure,2017-05-24 16:25:32 +0900,2021-07-20 02:49:25 +0900,research,NA,https://www.inaturalist.org/observations/6342869,https://static.inaturalist.org/photos/7994337/medium.jpg,NA,NA,NA,4,0,FALSE,3,"Texas, US",29.3664091048,-103.9582206136,NA,"Big Bend Ranch State Park, Marfa, TX, US",29.296025,-103.8525166667,29508,obscured,open,TRUE,NA,NA,Red-spotted Toad,Anaxyrus punctatus,Red-spotted Toad,Amphibia,64984
6420771,4bbacc6a-3300-49ba-82c7-5e5af2938942,Mon May 22 2017 12:40:53 GMT-0500 (CDT),2017-05-22,2017-05-23 02:40:53 +0900,Central Time (US & Canada),36543,langaha,Michael Sager,2017-05-30 05:56:52 +0900,2017-05-30 07:59:33 +0900,research,NA,https://www.inaturalist.org/observations/6420771,https://static.inaturalist.org/photos/8105225/medium.jpg,NA,NA,NA,2,0,FALSE,3,"Big Bend National Park, Brewster County, US-TX, US",29.3085383333,-103.4561216667,NA,NA,NA,NA,NA,NA,open,FALSE,NA,NA,Red-spotted Toad,Anaxyrus punctatus,Red-spotted Toad,Amphibia,64984
6428663,fa3ce093-75d3-4918-96ce-0ffdd654a9e0,Mon May 29 2017 23:44:15 GMT-0500 (CDT),2017-05-29,2017-05-30 13:44:15 +0900,Central Time (US & Canada),36776,biopope,Bio Pope,2017-05-30 15:46:40 +0900,2017-05-30 22:25:05 +0900,research,NA,https://www.inaturalist.org/observations/6428663,https://static.inaturalist.org/photos/8117251/medium.jpg,NA,NA,NA,1,0,FALSE,3,"RM 2627, Big Bend National Park, TX, US",29.668505,-103.1216721667,NA,NA,NA,NA,NA,NA,open,FALSE,NA,NA,Red-spotted Toad,Anaxyrus punctatus,Red-spotted Toad,Amphibia,64984
6431405,35fe2124-d14c-4a01-9c7a-8aff2a5a5651,2017-05-29 11:34:47 PM CDT,2017-05-29,2017-05-30 13:34:47 +0900,Central Time (US & Canada),34495,troyhibbitts,Troy Hibbitts,2017-05-31 00:57:42 +0900,2017-05-31 01:36:16 +0900,research,NA,https://www.inaturalist.org/observations/6431405,https://static.inaturalist.org/photos/8121400/medium.jpeg,NA,NA,NA,1,0,FALSE,2,"Val Verde County, US-TX, US",29.8553006904,-101.6927641084,6,NA,NA,NA,6,NA,open,FALSE,NA,NA,Red-spotted Toad,Anaxyrus punctatus,Red-spotted Toad,Amphibia,64984
6465020,e2a821ed-e849-4a37-a959-34a0d4e014de,Thu Jun 01 2017 20:57:47 GMT-0500 (CDT),2017-06-01,2017-06-02 10:57:47 +0900,Central Time (US & Canada),21609,trans-pecos-herpetology,R. Reed McClure,2017-06-02 16:47:22 +0900,2021-07-20 03:57:14 +0900,research,NA,https://www.inaturalist.org/observations/6465020,https://static.inaturalist.org/photos/8173869/medium.jpg,NA,NA,NA,2,0,FALSE,3,"Brewster County, US-TX, US",29.5307377379,-102.999834689,NA,"RM 2627, Big Bend National Park, TX, US",29.4531383333,-102.8259883333,29483,obscured,open,TRUE,NA,NA,Red-spotted Toad,Anaxyrus punctatus,Red-spotted Toad,Amphibia,64984
6465022,7a93a325-fa53-4893-91b1-90c411baf273,Thu Jun 01 2017 21:09:38 GMT-0500 (CDT),2017-06-01,2017-06-02 11:09:38 +0900,Central Time (US & Canada),21609,trans-pecos-herpetology,R. Reed McClure,2017-06-02 16:48:07 +0900,2024-09-06 00:32:09 +0900,research,NA,https://www.inaturalist.org/observations/6465022,https://static.inaturalist.org/photos/8173872/medium.jpg,NA,NA,NA,3,0,FALSE,3,"Brewster County, US-TX, US",29.4449041795,-102.9649352212,NA,"RM 2627, Big Bend National Park, TX, US",29.4820416667,-102.8565883333,29483,obscured,open,TRUE,NA,NA,Red-spotted Toad,Anaxyrus punctatus,Red-spotted Toad,Amphibia,64984
6465026,076a5030-61c7-40bc-8504-dbfa27c73a1c,Thu Jun 01 2017 21:24:31 GMT-0500 (CDT),2017-06-01,2017-06-02 11:24:31 +0900,Central Time (US & Canada),21609,trans-pecos-herpetology,R. Reed McClure,2017-06-02 16:49:17 +0900,2021-07-20 03:57:41 +0900,research,NA,https://www.inaturalist.org/observations/6465026,https://static.inaturalist.org/photos/8173876/medium.jpg,NA,NA,NA,2,0,FALSE,3,"Brewster County, US-TX, US",29.4135090021,-102.8188732638,NA,"RM 2627, Marathon, TX, US",29.5233883333,-102.9112466667,29483,obscured,open,TRUE,NA,NA,Red-spotted Toad,Anaxyrus punctatus,Red-spotted Toad,Amphibia,64984
6465036,676610ce-2601-4ced-8a25-11082f7a50fb,Thu Jun 01 2017 21:55:56 GMT-0500 (CDT),2017-06-01,2017-06-02 11:55:56 +0900,Central Time (US & Canada),21609,trans-pecos-herpetology,R. Reed McClure,2017-06-02 16:53:48 +0900,2021-07-20 03:58:46 +0900,research,NA,https://www.inaturalist.org/observations/6465036,https://static.inaturalist.org/photos/8173894/medium.jpg,NA,NA,NA,2,0,FALSE,3,"Brewster County, US-TX, US",29.415187743,-102.9248482814,NA,"RM 2627, Big Bend National Park, TX, US",29.5760166667,-102.9683216667,29483,obscured,open,TRUE,NA,NA,Red-spotted Toad,Anaxyrus punctatus,Red-spotted Toad,Amphibia,64984
6465054,bfa7a434-0e7a-4964-a808-cce1a80ead87,Thu Jun 01 2017 22:31:06 GMT-0500 (CDT),2017-06-01,2017-06-02 12:31:06 +0900,Central Time (US & Canada),21609,trans-pecos-herpetology,R. Reed McClure,2017-06-02 16:59:18 +0900,2021-07-20 04:00:23 +0900,research,NA,https://www.inaturalist.org/observations/6465054,https://static.inaturalist.org/photos/8173920/medium.jpg,NA,NA,NA,2,0,FALSE,3,"Brewster County, US-TX, US",29.6109956115,-103.0125973611,NA,"RM 2627, Big Bend National Park, TX, US",29.654225,-103.1047278333,29458,obscured,open,TRUE,NA,NA,Red-spotted Toad,Anaxyrus punctatus,Red-spotted Toad,Amphibia,64984
6477729,3abc54a4-47f5-4dfb-b880-c72b5198e834,Fri Jun 02 2017 15:18:00 GMT-0500 (CDT),2017-06-02,2017-06-03 05:18:00 +0900,Central Time (US & Canada),21609,trans-pecos-herpetology,R. Reed McClure,2017-06-03 20:02:14 +0900,2018-01-31 01:45:03 +0900,research,NA,https://www.inaturalist.org/observations/6477729,https://static.inaturalist.org/photos/8192821/medium.jpg,NA,NA,NA,1,0,FALSE,3,"Jeff Davis County, US-TX, US",30.6484641869,-104.1134668416,NA,"Madera Canyon Roadside Park, Fort Davis, TX, US",30.705995,-104.1078805,29330,obscured,open,TRUE,NA,NA,Red-spotted Toad,Anaxyrus punctatus,Red-spotted Toad,Amphibia,64984
6477730,2239ce70-764f-4416-bde8-9dce4daf104f,Fri Jun 02 2017 15:19:35 GMT-0500 (CDT),2017-06-02,2017-06-03 05:19:35 +0900,Central Time (US & Canada),21609,trans-pecos-herpetology,R. Reed McClure,2017-06-03 20:02:41 +0900,2021-07-20 04:05:12 +0900,research,NA,https://www.inaturalist.org/observations/6477730,https://static.inaturalist.org/photos/8192826/medium.jpg,NA,NA,NA,1,0,FALSE,3,"Jeff Davis County, US-TX, US",30.680879664,-104.1155184078,NA,"Madera Canyon Roadside Park, Fort Davis, TX, US",30.7057033333,-104.1078721667,29330,obscured,open,TRUE,NA,NA,Red-spotted Toad,Anaxyrus punctatus,Red-spotted Toad,Amphibia,64984
6477750,dc631360-74d6-4cc7-89a7-44624ad5b021,Fri Jun 02 2017 21:29:21 GMT-0500 (CDT),2017-06-02,2017-06-03 11:29:21 +0900,Central Time (US & Canada),21609,trans-pecos-herpetology,R. Reed McClure,2017-06-03 20:07:42 +0900,2021-07-20 04:06:04 +0900,research,NA,https://www.inaturalist.org/observations/6477750,https://static.inaturalist.org/photos/8192855/medium.jpg,NA,NA,NA,1,0,FALSE,3,"Texas, US",29.3558627032,-103.5643926601,NA,"FM 170, Terlingua, TX, US",29.3219283333,-103.596245,29508,obscured,open,TRUE,NA,NA,Red-spotted Toad,Anaxyrus punctatus,Red-spotted Toad,Amphibia,64984
6485686,948fd236-56bf-4c95-90bb-940d1c9c679b,Sat Jun 03 2017 10:52:20 GMT-0500 (CDT),2017-06-03,2017-06-04 00:52:20 +0900,Central Time (US & Canada),9560,dianaterryhibbitts,Diana-Terry Hibbitts,2017-06-04 07:00:02 +0900,2017-06-04 23:35:11 +0900,research,CC-BY-NC,https://www.inaturalist.org/observations/6485686,https://inaturalist-open-data.s3.amazonaws.com/photos/8203732/medium.jpg,NA,NA,NA,2,0,FALSE,3,"78828, Barksdale, TX, US",29.6503916667,-100.0691083333,NA,NA,NA,NA,NA,NA,open,FALSE,NA,NA,Red-spotted Toad,Anaxyrus punctatus,Red-spotted Toad,Amphibia,64984
6541067,83ca1345-b01c-4092-a8d2-85cc06faa649,2017-06-04 11:11:58 PM CDT,2017-06-04,2017-06-05 13:11:58 +0900,Central Time (US & Canada),16488,dneuharth,Dalton Neuharth,2017-06-08 08:04:56 +0900,2017-06-08 22:56:21 +0900,research,CC-BY-NC,https://www.inaturalist.org/observations/6541067,https://inaturalist-open-data.s3.amazonaws.com/photos/8289811/medium.jpeg,NA,NA,NA,1,0,FALSE,2,"Recreational Road 2 Del Rio, TX 78840",29.5937919617,-100.9090423584,NA,NA,NA,NA,NA,NA,open,FALSE,gps,gps,Red-spotted Toad,Anaxyrus punctatus,Red-spotted Toad,Amphibia,64984
6567565,27e9c161-2429-4044-8866-867767af77d4,Sat Mar 11 2017 22:31:42 GMT-0600 (CST),2017-03-11,2017-03-12 13:31:42 +0900,Central Time (US & Canada),23082,dkwalkup,NA,2017-06-10 09:44:17 +0900,2017-06-10 10:01:57 +0900,research,CC-BY-NC-SA,https://www.inaturalist.org/observations/6567565,https://inaturalist-open-data.s3.amazonaws.com/photos/8331082/medium.jpg,NA,NA,NA,1,0,FALSE,3,"79842, Marathon, TX, US",29.5713966667,-102.94628,500,NA,NA,NA,500,NA,open,FALSE,NA,NA,Red-spotted Toad,Anaxyrus punctatus,Red-spotted Toad,Amphibia,64984
6572791,d5b4de54-5393-4b3c-834b-b0ea977742d6,Fri Jun 09 2017 23:26:13 GMT-0600 (MDT),2017-06-09,2017-06-10 14:26:13 +0900,Mountain Time (US & Canada),174073,santillanaale,Alejandro Santillana,2017-06-10 21:00:49 +0900,2022-12-20 05:41:37 +0900,research,CC0,https://www.inaturalist.org/observations/6572791,https://inaturalist-open-data.s3.amazonaws.com/photos/8340602/medium.jpg,NA,NA,NA,1,0,FALSE,3,"El Paso County, US-TX, US",31.9285616667,-106.5083833333,NA,NA,NA,NA,NA,NA,open,FALSE,NA,NA,Red-spotted Toad,Anaxyrus punctatus,Red-spotted Toad,Amphibia,64984
6616329,28f09c94-a7e4-491d-b7a4-16e86cf290b6,2017-06-12 3:57:12 PM CDT,2017-06-12,2017-06-13 05:57:12 +0900,Central Time (US & Canada),444793,jeffreyjenkerson,jeffrey jenkerson,2017-06-13 10:56:11 +0900,2021-03-05 05:12:59 +0900,research,NA,https://www.inaturalist.org/observations/6616329,https://static.inaturalist.org/photos/8404225/medium.jpeg,NA,NA,NA,1,0,FALSE,2,"350 Baltrusol Drive Graford, TX 76449",32.8412513733,-98.4405288696,NA,NA,NA,NA,NA,NA,open,FALSE,gps,gps,Red-spotted Toad,Anaxyrus punctatus,Red-spotted Toad,Amphibia,64984
6740276,120e5e26-aacb-4eb0-b26a-eede105806fc,2016/06/04 8:45 PM CDT,2016-06-04,2016-06-05 10:45:00 +0900,Central Time (US & Canada),13713,bethd,Beth Duncan,2017-06-21 16:19:07 +0900,2017-06-27 01:34:12 +0900,research,CC-BY-NC,https://www.inaturalist.org/observations/6740276,https://inaturalist-open-data.s3.amazonaws.com/photos/8559567/medium.jpeg,NA,NA,This was a lifer.  During Snake Days.  Rained night before.,2,0,FALSE,NA,"Sanderson, TX 79848, USA",30.1424083,-102.3940324,2487,NA,NA,NA,2487,NA,open,FALSE,NA,NA,Red-spotted Toad,Anaxyrus punctatus,Red-spotted Toad,Amphibia,64984
6774051,13bd16f4-d088-45aa-a430-9df19b8094d5,Fri Jun 23 2017 23:53:42 GMT-0500 (CDT),2017-06-23,2017-06-24 13:53:42 +0900,Central Time (US & Canada),21609,trans-pecos-herpetology,R. Reed McClure,2017-06-24 16:24:13 +0900,2021-07-20 04:19:13 +0900,research,NA,https://www.inaturalist.org/observations/6774051,https://static.inaturalist.org/photos/8611048/medium.jpg,NA,NA,NA,2,0,FALSE,3,"Jeff Davis County, US-TX, US",30.6854210075,-104.2420830664,NA,"State Highway 166, Fort Davis, TX, US",30.6483616667,-104.2779166667,29330,obscured,open,TRUE,NA,NA,Red-spotted Toad,Anaxyrus punctatus,Red-spotted Toad,Amphibia,64984
6774053,a8e45b09-0d73-4f49-bb36-44338923155d,Fri Jun 23 2017 23:55:56 GMT-0500 (CDT),2017-06-23,2017-06-24 13:55:56 +0900,Central Time (US & Canada),21609,trans-pecos-herpetology,R. Reed McClure,2017-06-24 16:24:28 +0900,2021-07-20 04:19:22 +0900,research,NA,https://www.inaturalist.org/observations/6774053,https://static.inaturalist.org/photos/8611050/medium.jpg,NA,NA,NA,2,0,FALSE,3,"Jeff Davis County, US-TX, US",30.7673653314,-104.3623512575,NA,"State Highway 166, Fort Davis, TX, US",30.651975,-104.2708133333,29330,obscured,open,TRUE,NA,NA,Red-spotted Toad,Anaxyrus punctatus,Red-spotted Toad,Amphibia,64984
6774054,dae94bd4-eb8a-43f0-8c8a-7f90e4def71b,Sat Jun 24 2017 00:00:26 GMT-0500 (CDT),2017-06-24,2017-06-24 14:00:26 +0900,Central Time (US & Canada),21609,trans-pecos-herpetology,R. Reed McClure,2017-06-24 16:24:41 +0900,2021-07-20 04:19:39 +0900,research,NA,https://www.inaturalist.org/observations/6774054,https://static.inaturalist.org/photos/8611051/medium.jpg,NA,NA,NA,2,0,FALSE,3,"Jeff Davis County, US-TX, US",30.6787994257,-104.3332587231,NA,"State Highway 166, Fort Davis, TX, US",30.6651083333,-104.2438283333,29330,obscured,open,TRUE,NA,NA,Red-spotted Toad,Anaxyrus punctatus,Red-spotted Toad,Amphibia,64984
6774059,9b54e735-8922-4f74-8a6a-01a5ed97f425,Sat Jun 24 2017 00:30:04 GMT-0500 (CDT),2017-06-24,2017-06-24 14:30:04 +0900,Central Time (US & Canada),21609,trans-pecos-herpetology,R. Reed McClure,2017-06-24 16:25:10 +0900,2021-07-20 04:20:01 +0900,research,NA,https://www.inaturalist.org/observations/6774059,https://static.inaturalist.org/photos/8611053/medium.jpg,NA,NA,NA,1,0,FALSE,3,"Jeff Davis County, US-TX, US",30.6560511727,-104.1394075482,NA,"State Highway 118, Fort Davis, TX, US",30.7059633333,-104.1098555,29330,obscured,open,TRUE,NA,NA,Red-spotted Toad,Anaxyrus punctatus,Red-spotted Toad,Amphibia,64984
6774060,02a0a690-8436-4ed0-afa5-b32129649365,Sat Jun 24 2017 00:33:33 GMT-0500 (CDT),2017-06-24,2017-06-24 14:33:33 +0900,Central Time (US & Canada),21609,trans-pecos-herpetology,R. Reed McClure,2017-06-24 16:25:24 +0900,2021-07-20 04:20:27 +0900,research,NA,https://www.inaturalist.org/observations/6774060,https://static.inaturalist.org/photos/8611055/medium.jpg,NA,NA,NA,1,0,FALSE,3,"Jeff Davis County, US-TX, US",30.6075743731,-104.0677774451,NA,"Madera Canyon Roadside Park, Fort Davis, TX, US",30.7062166667,-104.1066888333,29330,obscured,open,TRUE,NA,NA,Red-spotted Toad,Anaxyrus punctatus,Red-spotted Toad,Amphibia,64984
6774868,8ac12d91-90d1-4bca-a773-cd58d749f9fe,Fri Jun 23 2017 21:44:50 GMT-0500 (CDT),2017-06-23,2017-06-24 11:44:50 +0900,Central Time (US & Canada),456794,drew_harvey,Drew Harvey,2017-06-24 21:15:38 +0900,2017-06-28 00:31:53 +0900,research,NA,https://www.inaturalist.org/observations/6774868,https://static.inaturalist.org/photos/8612875/medium.jpg,NA,NA,NA,1,0,FALSE,3,"Pinto Canyon Rd, Marfa, TX, US",30.116675,-104.4141533333,NA,NA,NA,NA,NA,NA,open,FALSE,NA,NA,Red-spotted Toad,Anaxyrus punctatus,Red-spotted Toad,Amphibia,64984
6775337,e12cbcba-770b-4691-bf2f-572ba284923c,Fri Jun 23 2017 22:10:39 GMT-0500 (CDT),2017-06-23,2017-06-24 12:10:39 +0900,Central Time (US & Canada),456794,drew_harvey,Drew Harvey,2017-06-24 22:28:50 +0900,2017-06-28 00:31:17 +0900,research,NA,https://www.inaturalist.org/observations/6775337,https://static.inaturalist.org/photos/8612884/medium.jpg,NA,NA,NA,1,0,FALSE,3,"Pinto Canyon Rd, Marfa, TX, US",30.1154028333,-104.4159916667,NA,NA,NA,NA,NA,NA,open,FALSE,NA,NA,Red-spotted Toad,Anaxyrus punctatus,Red-spotted Toad,Amphibia,64984
6800129,39af291a-9aeb-46d6-a75a-a76aaad28e13,2017-06-23 10:36:06 PM CDT,2017-06-23,2017-06-24 12:36:06 +0900,Central Time (US & Canada),24857,andrewbrinker,Andrew Brinker,2017-06-26 09:21:09 +0900,2017-06-26 22:32:45 +0900,research,CC-BY-NC,https://www.inaturalist.org/observations/6800129,https://inaturalist-open-data.s3.amazonaws.com/photos/8650502/medium.jpeg,NA,NA,NA,1,0,FALSE,2,"Fort Davis, TX 79734",30.8429279327,-103.8248062134,NA,NA,NA,NA,NA,NA,open,FALSE,gps,gps,Red-spotted Toad,Anaxyrus punctatus,Red-spotted Toad,Amphibia,64984
6800130,a8863670-0250-4f00-b8e6-32cd88b1c0a1,2017-06-23 10:40:38 PM CDT,2017-06-23,2017-06-24 12:40:38 +0900,Central Time (US & Canada),24857,andrewbrinker,Andrew Brinker,2017-06-26 09:21:20 +0900,2017-06-26 22:28:31 +0900,research,CC-BY-NC,https://www.inaturalist.org/observations/6800130,https://inaturalist-open-data.s3.amazonaws.com/photos/8650509/medium.jpeg,NA,NA,NA,1,0,FALSE,2,"Fort Davis, TX 79734",30.8346290588,-103.8295593262,NA,NA,NA,NA,NA,NA,open,FALSE,gps,gps,Red-spotted Toad,Anaxyrus punctatus,Red-spotted Toad,Amphibia,64984
6800133,02c15225-9ae2-468c-a7b9-13ef651364cd,2017-06-23 10:52:16 PM CDT,2017-06-23,2017-06-24 12:52:16 +0900,Central Time (US & Canada),24857,andrewbrinker,Andrew Brinker,2017-06-26 09:21:40 +0900,2017-06-26 22:33:37 +0900,research,CC-BY-NC,https://www.inaturalist.org/observations/6800133,https://inaturalist-open-data.s3.amazonaws.com/photos/8650525/medium.jpeg,NA,NA,NA,1,0,FALSE,2,"Fort Davis, TX 79734",30.8301410675,-103.8311767578,NA,NA,NA,NA,NA,NA,open,FALSE,gps,gps,Red-spotted Toad,Anaxyrus punctatus,Red-spotted Toad,Amphibia,64984
6800141,a968234b-8a6f-49d6-9593-563a35e916ce,2017-06-23 11:23:02 PM CDT,2017-06-23,2017-06-24 13:23:02 +0900,Central Time (US & Canada),24857,andrewbrinker,Andrew Brinker,2017-06-26 09:22:07 +0900,2018-08-31 12:34:15 +0900,research,CC-BY-NC,https://www.inaturalist.org/observations/6800141,https://inaturalist-open-data.s3.amazonaws.com/photos/8650552/medium.jpeg,NA,NA,NA,2,0,FALSE,2,"Fort Davis, TX 79734",30.7597198486,-103.7624664307,NA,NA,NA,NA,NA,NA,open,FALSE,gps,gps,Red-spotted Toad,Anaxyrus punctatus,Red-spotted Toad,Amphibia,64984
6802297,47c51126-ecce-48d4-8910-94e3e3d5dd1a,Sat Jun 24 2017 02:16:11 GMT-0500 (CDT),2017-06-24,2017-06-24 16:16:11 +0900,Central Time (US & Canada),18780,hydaticus,Robby Deans,2017-06-26 11:16:10 +0900,2017-06-26 13:16:23 +0900,research,CC-BY-NC,https://www.inaturalist.org/observations/6802297,https://inaturalist-open-data.s3.amazonaws.com/photos/8654384/medium.jpg,NA,NA,NA,1,0,FALSE,3,"US-90 E, Marathon, TX, US",30.2059866667,-102.981505,NA,NA,NA,NA,NA,NA,open,FALSE,NA,NA,Red-spotted Toad,Anaxyrus punctatus,Red-spotted Toad,Amphibia,64984
6809118,58c0bd81-c39c-4cba-a1f1-f942865cbfb7,Sun Jun 25 2017 01:15:12 GMT-0600 (GMT-6),2017-06-25,2017-06-25 16:15:12 +0900,Central America,13156,romeyswanson,Romey Swanson,2017-06-27 01:42:18 +0900,2017-06-28 02:00:48 +0900,research,CC-BY-NC,https://www.inaturalist.org/observations/6809118,https://inaturalist-open-data.s3.amazonaws.com/photos/8664251/medium.jpg,NA,NA,Road cruised. With EYS.,1,0,FALSE,3,"Presidio County, US-TX, US",29.4392069802,-104.1849008483,5,NA,NA,NA,5,NA,open,FALSE,NA,NA,Red-spotted Toad,Anaxyrus punctatus,Red-spotted Toad,Amphibia,64984
6828740,44257296-06be-4eeb-8b56-48c56db6d239,Sun Jun 25 2017 03:42:13 GMT-0500 (CDT),2017-06-25,2017-06-25 17:42:13 +0900,Central Time (US & Canada),218258,eyswanson,Erin,2017-06-28 09:11:38 +0900,2017-06-28 11:11:54 +0900,research,CC-BY-NC,https://www.inaturalist.org/observations/6828740,https://inaturalist-open-data.s3.amazonaws.com/photos/8694072/medium.jpg,NA,NA,NA,1,0,FALSE,3,"Brewster County, US-TX, US",29.2626727838,-103.7707807683,30,NA,NA,NA,30,NA,open,FALSE,NA,NA,Red-spotted Toad,Anaxyrus punctatus,Red-spotted Toad,Amphibia,64984
6828763,287db2fa-4d56-4c01-80e2-34d56c9677d2,Sun Jun 25 2017 01:16:26 GMT-0600 (GMT-6),2017-06-25,2017-06-25 16:16:26 +0900,Central America,218258,eyswanson,Erin,2017-06-28 09:13:27 +0900,2017-06-28 11:11:57 +0900,research,CC-BY-NC,https://www.inaturalist.org/observations/6828763,https://inaturalist-open-data.s3.amazonaws.com/photos/8694100/medium.jpg,NA,NA,NA,1,0,FALSE,3,"Presidio County, US-TX, US",29.4390482689,-104.1849081405,NA,NA,NA,NA,NA,NA,open,FALSE,NA,NA,Red-spotted Toad,Anaxyrus punctatus,Red-spotted Toad,Amphibia,64984
6830086,4f6ad458-90db-4721-809e-1836df2983af,Fri Jun 02 2017 21:33:48 GMT-0500 (CDT),2017-06-02,2017-06-03 11:33:48 +0900,Central Time (US & Canada),18373,leehoy,Lee Hoy,2017-06-28 11:12:45 +0900,2017-07-04 14:05:18 +0900,research,CC-BY,https://www.inaturalist.org/observations/6830086,https://inaturalist-open-data.s3.amazonaws.com/photos/8696308/medium.jpg,NA,NA,NA,2,0,FALSE,3,"746–754 US Highway 90 W, Dryden, TX, US",30.1527638333,-102.5335833333,NA,NA,NA,NA,NA,NA,open,FALSE,NA,NA,Red-spotted Toad,Anaxyrus punctatus,Red-spotted Toad,Amphibia,64984
6858109,e8c065e0-20f0-47c6-b4be-3fe74b1ebbb9,2017-06-24 2:27:54 AM CDT,2017-06-24,2017-06-24 16:27:54 +0900,Central Time (US & Canada),9521,shane_lowe,Shane Lowe,2017-06-30 19:31:25 +0900,2017-08-09 00:28:24 +0900,research,NA,https://www.inaturalist.org/observations/6858109,https://static.inaturalist.org/photos/8740089/medium.jpeg,NA,NA,NA,2,0,FALSE,2,"Presidio County, US-TX, US",29.293888092,-103.9336090088,NA,NA,NA,NA,NA,NA,open,FALSE,gps,gps,Red-spotted Toad,Anaxyrus punctatus,Red-spotted Toad,Amphibia,64984
6940141,185bd546-156b-4ae2-bac0-b5e8fc638e2e,Thu Jul 06 2017 00:01:35 GMT-0500 (CDT),2017-07-06,2017-07-06 14:01:35 +0900,Central Time (US & Canada),109113,rwbrown,Richard Brown,2017-07-06 14:03:45 +0900,2017-09-13 09:25:41 +0900,research,CC-BY-NC,https://www.inaturalist.org/observations/6940141,https://inaturalist-open-data.s3.amazonaws.com/photos/8868793/medium.jpg,NA,NA,NA,3,0,FALSE,3,"US-385 N, Fort Stockton, TX, US",30.487664463,-102.9333940242,5,NA,NA,NA,5,NA,open,FALSE,NA,NA,Red-spotted Toad,Anaxyrus punctatus,Red-spotted Toad,Amphibia,64984
6993999,ea9b6f7b-5c87-46a5-af21-af57251d9d6c,Sun Jul 09 2017 23:37:51 GMT-0500 (CDT),2017-07-09,2017-07-10 13:37:51 +0900,Central Time (US & Canada),21609,trans-pecos-herpetology,R. Reed McClure,2017-07-10 16:46:07 +0900,2021-07-20 04:30:45 +0900,research,NA,https://www.inaturalist.org/observations/6993999,https://static.inaturalist.org/photos/8955925/medium.jpg,NA,NA,NA,1,0,FALSE,3,"Presidio County, US-TX, US",30.123051727,-104.2756085477,NA,"Pinto Canyon Rd, Marfa, TX, US",30.1524445,-104.37835,29407,obscured,open,TRUE,NA,NA,Red-spotted Toad,Anaxyrus punctatus,Red-spotted Toad,Amphibia,64984
7014489,ff3e03d8-199f-4447-825f-977481d231e2,Mon Jul 10 2017 22:52:33 GMT-0500 (CDT),2017-07-10,2017-07-11 12:52:33 +0900,Central Time (US & Canada),18373,leehoy,Lee Hoy,2017-07-12 03:27:30 +0900,2017-07-12 12:24:46 +0900,research,CC-BY,https://www.inaturalist.org/observations/7014489,https://inaturalist-open-data.s3.amazonaws.com/photos/8991774/medium.jpg,NA,NA,NA,3,0,FALSE,3,"Pinto Canyon Rd, Marfa, TX, US",30.156925,-104.36902,NA,NA,NA,NA,NA,NA,open,FALSE,NA,NA,Red-spotted Toad,Anaxyrus punctatus,Red-spotted Toad,Amphibia,64984
7074827,6b74be69-a6b2-4586-ada6-3fa6251bd61c,2015/05/22 8:58 PM HST,2015-05-22,2015-05-23 15:58:00 +0900,Hawaii,313643,farkleberry,Christopher Garza,2017-07-17 00:00:54 +0900,2018-07-18 01:55:04 +0900,research,NA,https://www.inaturalist.org/observations/7074827,https://static.inaturalist.org/photos/9085960/medium.jpg,NA,NA,NA,2,0,FALSE,NA,"Brewster County, TX, USA",29.1329701309,-103.2495117188,15625,NA,NA,NA,15625,NA,open,FALSE,NA,NA,Red-spotted Toad,Anaxyrus punctatus,Red-spotted Toad,Amphibia,64984
7094367,5e068656-a898-47c1-b580-046debad9858,2017/07/15 10:34 PM CDT,2017-07-15,2017-07-16 12:34:00 +0900,Central Time (US & Canada),19402,chris_and_pamela_pipes,Chris (CP) and Pamela (PP) Pipes,2017-07-18 07:18:46 +0900,2024-09-13 06:44:29 +0900,research,CC0,https://www.inaturalist.org/observations/7094367,https://inaturalist-open-data.s3.amazonaws.com/photos/9114843/medium.jpeg,NA,NA,Observed on wet asphalt after dark following a day of good rain. Photos by PP. Entry by CP.,1,0,FALSE,NA,"Fort Davis, TX 79734, USA",30.564872222200002,-103.8796916667,5,NA,NA,NA,5,NA,open,FALSE,NA,NA,Red-spotted Toad,Anaxyrus punctatus,Red-spotted Toad,Amphibia,64984
7094660,b2f1018a-7591-4e0e-b0f1-2c1ae84ea9bb,2017/07/10 10:51 PM CDT,2017-07-10,2017-07-11 12:51:00 +0900,Central Time (US & Canada),9685,mikaelb,Mikael Behrens,2017-07-18 07:31:52 +0900,2017-07-18 09:40:07 +0900,research,CC-BY-NC,https://www.inaturalist.org/observations/7094660,https://inaturalist-open-data.s3.amazonaws.com/photos/9115005/medium.jpg,NA,"FortDavis, Texas, Wildlife, amphibian, mikael_behrens","Taken while road crusing with Lee Hoy near Fort Davis, TX on roads 166 and 2810.",1,0,FALSE,NA,"Presidio, Texas, United States",30.15695,-104.3689833333,5,NA,NA,NA,5,NA,open,FALSE,NA,NA,Red-spotted Toad,Anaxyrus punctatus,Red-spotted Toad,Amphibia,64984
7102996,0bca966c-04f5-4461-a7b8-e23ad544837c,Mon Jul 17 2017 21:59:07 GMT-0500 (CDT),2017-07-17,2017-07-18 11:59:07 +0900,Central Time (US & Canada),43772,gtsalmon,Gerry Salmon,2017-07-19 00:22:59 +0900,2024-09-24 09:05:48 +0900,research,CC-BY-NC,https://www.inaturalist.org/observations/7102996,https://inaturalist-open-data.s3.amazonaws.com/photos/9132484/medium.jpg,NA,NA,DOR. With Bernd Skubowius. Imaged only. GTS 2864.,3,0,FALSE,3,"RM 1832, Jeff Davis Co., TX, US",30.812548,-103.941311,3,NA,NA,NA,3,NA,open,FALSE,NA,NA,Red-spotted Toad,Anaxyrus punctatus,Red-spotted Toad,Amphibia,64984
7103007,5e4cd5bf-d16f-4d1a-a1d0-c8072e5f621e,Mon Jul 17 2017 21:48:23 GMT-0500 (CDT),2017-07-17,2017-07-18 11:48:23 +0900,Central Time (US & Canada),43772,gtsalmon,Gerry Salmon,2017-07-19 00:23:50 +0900,2024-09-24 09:05:48 +0900,research,CC-BY-NC,https://www.inaturalist.org/observations/7103007,https://inaturalist-open-data.s3.amazonaws.com/photos/9132508/medium.jpg,NA,NA,With Bernd Skubowius. Imaged only. GTS 2866.,1,0,FALSE,3,"RM 1832, Jeff Davis Co., TX, US",30.8130083333,-103.9264666667,3,NA,NA,NA,3,NA,open,FALSE,NA,NA,Red-spotted Toad,Anaxyrus punctatus,Red-spotted Toad,Amphibia,64984
7103011,0a46e73c-5633-4be7-99d2-b2303e4e80e5,Mon Jul 17 2017 21:38:44 GMT-0500 (CDT),2017-07-17,2017-07-18 11:38:44 +0900,Central Time (US & Canada),43772,gtsalmon,Gerry Salmon,2017-07-19 00:24:26 +0900,2024-09-24 09:05:48 +0900,research,CC-BY-NC,https://www.inaturalist.org/observations/7103011,https://inaturalist-open-data.s3.amazonaws.com/photos/9132523/medium.jpg,NA,NA,With Bernd Skubowius. Imaged only. GTS 2867.,1,0,FALSE,3,"RM 1832, Jeff Davis Co., TX, US",30.812326,-103.924691,3,NA,NA,NA,3,NA,open,FALSE,NA,NA,Red-spotted Toad,Anaxyrus punctatus,Red-spotted Toad,Amphibia,64984
7103020,4969d28c-8b1f-4955-b8ac-ef23ce7a3a89,Mon Jul 17 2017 21:35:13 GMT-0500 (CDT),2017-07-17,2017-07-18 11:35:13 +0900,Central Time (US & Canada),43772,gtsalmon,Gerry Salmon,2017-07-19 00:24:58 +0900,2024-09-24 09:05:48 +0900,research,CC-BY-NC,https://www.inaturalist.org/observations/7103020,https://inaturalist-open-data.s3.amazonaws.com/photos/9132536/medium.jpg,NA,NA,With Bernd Skubowius. Imaged only. GTS 2868.,2,0,FALSE,3,"RM 1832, Jeff Davis Co., TX, US",30.814526999999998,-103.936109,3,NA,NA,NA,3,NA,open,FALSE,NA,NA,Red-spotted Toad,Anaxyrus punctatus,Red-spotted Toad,Amphibia,64984
7103026,99e2f1bb-94bc-4363-afe5-f653c2abe47d,Mon Jul 17 2017 21:34:51 GMT-0500 (CDT),2017-07-17,2017-07-18 11:34:51 +0900,Central Time (US & Canada),43772,gtsalmon,Gerry Salmon,2017-07-19 00:25:26 +0900,2024-09-24 09:05:48 +0900,research,CC-BY-NC,https://www.inaturalist.org/observations/7103026,https://inaturalist-open-data.s3.amazonaws.com/photos/9132546/medium.jpg,NA,NA,With Bernd Skubowius. Imaged only. GTS 2869.,1,0,FALSE,3,"RM 1832, Jeff Davis Co., TX, US",30.814537,-103.936103,10,NA,NA,NA,10,NA,open,FALSE,NA,NA,Red-spotted Toad,Anaxyrus punctatus,Red-spotted Toad,Amphibia,64984
7148063,8f61a070-fca8-4573-a071-a7a098ecb599,2014-06-27 12:07:56,2014-06-27,2014-06-28 02:07:56 +0900,Central Time (US & Canada),24071,bob777,Bob O'Kennon,2017-07-22 05:42:27 +0900,2024-04-12 11:24:08 +0900,research,CC-BY-NC,https://www.inaturalist.org/observations/7148063,https://inaturalist-open-data.s3.amazonaws.com/photos/9204494/medium.jpeg,NA,NA,NA,2,0,FALSE,NA,Enchanted Rock State Natural Area,30.508405,-98.825583,2,NA,NA,NA,2,NA,open,FALSE,NA,NA,Red-spotted Toad,Anaxyrus punctatus,Red-spotted Toad,Amphibia,64984
7185382,493de9dc-c2b1-4bed-a92a-9dd87ecbe1e1,Sun Jul 23 2017 21:59:46 GMT-0500 (CDT),2017-07-23,2017-07-24 11:59:46 +0900,Central Time (US & Canada),21609,trans-pecos-herpetology,R. Reed McClure,2017-07-24 15:12:38 +0900,2021-07-20 04:33:40 +0900,research,NA,https://www.inaturalist.org/observations/7185382,https://static.inaturalist.org/photos/9263792/medium.jpg,NA,NA,NA,2,0,FALSE,3,"Jeff Davis County, US-TX, US",30.6992349029,-103.6529622146,NA,"41874–41912 Balmorhea, Fort Davis, TX, US",30.7396216667,-103.7724216667,29330,obscured,open,TRUE,NA,NA,Red-spotted Toad,Anaxyrus punctatus,Red-spotted Toad,Amphibia,64984
7185384,f241600c-5323-4ec2-bbe1-a135785cf728,Sun Jul 23 2017 23:09:16 GMT-0500 (CDT),2017-07-23,2017-07-24 13:09:16 +0900,Central Time (US & Canada),21609,trans-pecos-herpetology,R. Reed McClure,2017-07-24 15:13:02 +0900,2021-07-20 04:33:51 +0900,research,NA,https://www.inaturalist.org/observations/7185384,https://static.inaturalist.org/photos/9263795/medium.jpg,NA,NA,NA,1,0,FALSE,3,"Jeff Davis County, US-TX, US",30.7880424166,-104.036852966,NA,"TX-118, Fort Davis, TX, US",30.7039666667,-104.0984583333,29330,obscured,open,TRUE,NA,NA,Red-spotted Toad,Anaxyrus punctatus,Red-spotted Toad,Amphibia,64984
7185392,d17ea205-ad5a-42e0-aa28-be540755ccaf,Mon Jul 24 2017 00:06:35 GMT-0500 (CDT),2017-07-24,2017-07-24 14:06:35 +0900,Central Time (US & Canada),21609,trans-pecos-herpetology,R. Reed McClure,2017-07-24 15:13:41 +0900,2021-07-20 04:34:14 +0900,research,NA,https://www.inaturalist.org/observations/7185392,https://static.inaturalist.org/photos/9263808/medium.jpg,NA,NA,NA,2,0,FALSE,3,"Texas, US",30.5446922918,-103.8016409217,NA,"TX-118, Fort Davis, TX, US",30.5387416667,-103.8487466667,29356,obscured,open,TRUE,NA,NA,Red-spotted Toad,Anaxyrus punctatus,Red-spotted Toad,Amphibia,64984
7188577,59f6d16b-16c4-420a-9f98-61cfe4b4cf12,2017-07-20 11:56:30 PM CDT,2017-07-20,2017-07-21 13:56:30 +0900,Central Time (US & Canada),34495,troyhibbitts,Troy Hibbitts,2017-07-25 00:31:54 +0900,2017-08-22 23:32:24 +0900,research,NA,https://www.inaturalist.org/observations/7188577,https://static.inaturalist.org/photos/9883454/medium.jpeg,NA,NA,NA,1,0,FALSE,2,"TPWD Davis Mountains State Park, Jeff Davis County, US-TX, US",30.5989002948,-103.9227371905,4,NA,NA,NA,4,NA,open,FALSE,NA,NA,Red-spotted Toad,Anaxyrus punctatus,Red-spotted Toad,Amphibia,64984
7245083,3711e4fd-371f-4dfc-9890-bb5dccbf2a5c,Fri Jul 28 2017 00:16:38 GMT-0500 (CDT),2017-07-28,2017-07-28 14:16:38 +0900,Central Time (US & Canada),206492,wild-about-texas,Michael Price,2017-07-28 16:26:59 +0900,2023-07-08 21:12:37 +0900,research,CC-BY-NC,https://www.inaturalist.org/observations/7245083,https://inaturalist-open-data.s3.amazonaws.com/photos/9360827/medium.jpeg,NA,NA,NA,1,0,FALSE,3,"Culberson County, US-TX, US",31.1140644132,-104.2099933327,5,NA,NA,NA,5,NA,open,FALSE,NA,NA,Red-spotted Toad,Anaxyrus punctatus,Red-spotted Toad,Amphibia,64984
7280726,f7d64b59-fa16-431a-9696-410349a526b6,Sun Jul 30 2017 09:45:17 GMT-0500 (CDT),2017-07-30,2017-07-30 23:45:17 +0900,Central Time (US & Canada),43772,gtsalmon,Gerry Salmon,2017-07-31 03:45:42 +0900,2024-09-24 09:05:50 +0900,research,CC-BY-NC,https://www.inaturalist.org/observations/7280726,https://inaturalist-open-data.s3.amazonaws.com/photos/9414742/medium.jpg,NA,NA,Under tin cover. With Bernd Skubowius. Imaged only. GTS 2965.,4,0,FALSE,3,"FM 3078, Balmorhea, TX, US",30.940453,-103.841863,3,NA,NA,NA,3,NA,open,FALSE,NA,NA,Red-spotted Toad,Anaxyrus punctatus,Red-spotted Toad,Amphibia,64984
7430704,35ce907f-d3e5-4d29-a0e8-40aead2bbf85,2017/08/08 12:06 AM CDT,2017-08-08,2017-08-08 14:06:00 +0900,Central Time (US & Canada),115786,oddfitz,Todd Fitzgerald,2017-08-10 13:21:44 +0900,2020-05-13 10:37:25 +0900,research,CC-BY-NC,https://www.inaturalist.org/observations/7430704,https://inaturalist-open-data.s3.amazonaws.com/photos/9656943/medium.jpeg,NA,NA,NA,2,0,FALSE,NA,"Kent County, TX, USA",33.0409647696,-100.5611765385,8,NA,NA,NA,8,NA,open,FALSE,NA,NA,Red-spotted Toad,Anaxyrus punctatus,Red-spotted Toad,Amphibia,64984
7528334,db7c27c4-d1ee-4e72-b3ee-296ccc6689b2,Wed Aug 09 2017 19:38:24 GMT-0500 (CDT),2017-08-09,2017-08-10 09:38:24 +0900,Central Time (US & Canada),553120,mlgray12,Michael Gray,2017-08-17 14:03:17 +0900,2017-08-20 01:51:34 +0900,research,CC-BY-NC-ND,https://www.inaturalist.org/observations/7528334,https://static.inaturalist.org/photos/9818068/medium.jpg,NA,NA,NA,1,0,FALSE,3,"79734, Fort Davis, TX, US",30.6948083333,-104.0961083333,NA,NA,NA,NA,NA,NA,open,FALSE,NA,NA,Red-spotted Toad,Anaxyrus punctatus,Red-spotted Toad,Amphibia,64984
7577397,803e8857-c5d4-4d75-b8a5-ff6906ec26a4,Sat Aug 19 2017 22:02:41 GMT-0500 (CDT),2017-08-19,2017-08-20 12:02:41 +0900,Central Time (US & Canada),249391,rangercorbin,NA,2017-08-21 08:29:27 +0900,2017-08-21 08:54:24 +0900,research,CC-BY-NC,https://www.inaturalist.org/observations/7577397,https://inaturalist-open-data.s3.amazonaws.com/photos/9897411/medium.jpg,NA,NA,NA,1,0,FALSE,3,"701–783 Webster Ave, Fort Davis, TX, US",30.5880666667,-103.9032666667,NA,NA,NA,NA,NA,NA,open,FALSE,NA,NA,Red-spotted Toad,Anaxyrus punctatus,Red-spotted Toad,Amphibia,64984
7595893,db1af355-88ec-410f-a580-25a0f94274ac,Mon Aug 21 2017 16:14:28 GMT-0500 (CDT),2017-08-21,2017-08-22 06:14:28 +0900,Central Time (US & Canada),18994,johnkarges,John Karges,2017-08-22 07:14:18 +0900,2017-09-03 03:33:12 +0900,research,CC-BY-NC,https://www.inaturalist.org/observations/7595893,https://inaturalist-open-data.s3.amazonaws.com/photos/9923553/medium.jpg,NA,"Anaryxus punctatus, Jeff Davis County, Texas","One of hundreds and hundreds of recently metamorphosed toadlets active on the surface, all with SVL of 1 cm or less.
JPK-3308
N30.6066443 W-103.9412914",1,0,FALSE,3,"Limpia Canyon, SH118, Jeff Davis County, US-TX, US",30.6066443213,-103.9412914776,5,NA,NA,NA,5,NA,open,FALSE,NA,NA,Red-spotted Toad,Anaxyrus punctatus,Red-spotted Toad,Amphibia,64984
7598561,ebe02d3a-2528-4d17-a914-78eed0af5ca0,Mon Aug 21 2017 17:22:07 GMT-0500 (CDT),2017-08-21,2017-08-22 07:22:07 +0900,Central Time (US & Canada),21609,trans-pecos-herpetology,R. Reed McClure,2017-08-22 10:47:02 +0900,2021-07-20 05:14:06 +0900,research,NA,https://www.inaturalist.org/observations/7598561,https://static.inaturalist.org/photos/9927659/medium.jpg,NA,NA,NA,2,0,FALSE,3,"Jeff Davis County, US-TX, US",30.672161885,-104.0758662311,NA,"State Highway 166, Valentine, TX, US",30.7152616667,-104.1926883333,29330,obscured,open,TRUE,NA,NA,Red-spotted Toad,Anaxyrus punctatus,Red-spotted Toad,Amphibia,64984
7620449,f54f94a3-ce6d-4524-be1f-e52a9a964b54,Tue Aug 22 2017 21:31:45 GMT-0500 (CDT),2017-08-22,2017-08-23 11:31:45 +0900,Central Time (US & Canada),13971,thom,NA,2017-08-24 04:10:45 +0900,2017-08-25 11:29:08 +0900,research,CC-BY-NC,https://www.inaturalist.org/observations/7620449,https://static.inaturalist.org/photos/9962065/medium.jpg,NA,NA,NA,1,0,FALSE,3,"RM 1832, Fort Davis, TX, US",30.848605,-103.8033133333,NA,NA,NA,NA,NA,NA,open,FALSE,NA,NA,Red-spotted Toad,Anaxyrus punctatus,Red-spotted Toad,Amphibia,64984
7688420,4234f363-be13-4be5-9377-b2ae5b9ca4ee,2017-08-27 10:53:31 AM CDT,2017-08-27,2017-08-28 00:53:31 +0900,Central Time (US & Canada),500525,dannysanders,NA,2017-08-29 00:42:08 +0900,2018-03-22 03:55:11 +0900,research,NA,https://www.inaturalist.org/observations/7688420,https://static.inaturalist.org/photos/10073984/medium.jpeg,NA,NA,"Two seen, three heard calling at a puddle.",1,0,FALSE,2,"Texas, US",30.6351811515,-98.3443876169,86,"7401 TX-29, Burnet, TX 78611, USA",30.765535639,-98.343841619,29330,obscured,open,TRUE,gps,gps,Red-spotted Toad,Anaxyrus punctatus,Red-spotted Toad,Amphibia,64984
7847974,2d73d6e9-4d12-4b6a-92bd-7f6dad52010f,Sat Aug 12 2017 21:02:41 GMT-0500 (CDT),2017-08-12,2017-08-13 11:02:41 +0900,Central Time (US & Canada),218258,eyswanson,Erin,2017-09-10 03:39:16 +0900,2017-09-10 04:41:15 +0900,research,CC-BY-NC,https://www.inaturalist.org/observations/7847974,https://inaturalist-open-data.s3.amazonaws.com/photos/10336961/medium.jpg,NA,NA,NA,1,0,FALSE,3,"79734, Fort Davis, TX, US",30.7010216667,-104.114875,NA,NA,NA,NA,NA,NA,open,FALSE,NA,NA,Red-spotted Toad,Anaxyrus punctatus,Red-spotted Toad,Amphibia,64984
7921838,8ddd56bd-9900-4ba0-bdc6-2c6ec74bf572,Sat Sep 09 2017 15:50:18 GMT-0500 (CDT),2017-09-09,2017-09-10 05:50:18 +0900,Central Time (US & Canada),19402,chris_and_pamela_pipes,Chris (CP) and Pamela (PP) Pipes,2017-09-15 06:57:04 +0900,2024-09-13 06:44:29 +0900,research,CC0,https://www.inaturalist.org/observations/7921838,https://inaturalist-open-data.s3.amazonaws.com/photos/10455401/medium.jpg,NA,NA,"Penny-sized. Hundreds of penny - quarter-sized frogs and toads in the Davis Mountains State Park, especially in the primitive area along Limpia Creek, running at time of photo and for the previous several weeks. Photo and entry by PP.",1,0,FALSE,3,"Davis Mountains State Park, Fort Davis, TX, US",30.5956833333,-103.9302666667,NA,NA,NA,NA,NA,NA,open,FALSE,NA,NA,Red-spotted Toad,Anaxyrus punctatus,Red-spotted Toad,Amphibia,64984
7976735,673224ac-9920-42fa-b86c-4abd0ac9ebaa,Sun Sep 17 2017 20:34:57 GMT-0500 (CDT),2017-09-17,2017-09-18 10:34:57 +0900,Central Time (US & Canada),21609,trans-pecos-herpetology,R. Reed McClure,2017-09-18 15:30:13 +0900,2021-07-28 10:03:25 +0900,research,NA,https://www.inaturalist.org/observations/7976735,https://static.inaturalist.org/photos/10545410/medium.jpg,NA,NA,NA,1,0,FALSE,3,"Jeff Davis County, US-TX, US",30.9377001553,-103.9219477964,NA,"9923–10129 Ranch Road 1832, Mcdonald Obs, TX, US",30.808,-103.88002,29304,obscured,open,TRUE,NA,NA,Red-spotted Toad,Anaxyrus punctatus,Red-spotted Toad,Amphibia,64984
7979189,e1022adb-2f46-483b-9c9d-116080442bfd,2017/09/16 1:11 PM CDT,2017-09-16,2017-09-17 03:11:00 +0900,Central Time (US & Canada),18812,mako252,Jon McIntyre,2017-09-18 23:55:36 +0900,2019-05-16 16:08:26 +0900,research,CC-BY-NC,https://www.inaturalist.org/observations/7979189,https://inaturalist-open-data.s3.amazonaws.com/photos/10549382/medium.jpeg,NA,NA,NA,2,0,FALSE,NA,"Jeff Davis County, TX, USA",30.5971744939,-103.930859863,2,NA,NA,NA,2,NA,open,FALSE,NA,NA,Red-spotted Toad,Anaxyrus punctatus,Red-spotted Toad,Amphibia,64984
7979470,424bb5de-ec98-4d7e-88ae-bc51c069545c,2017/09/16 8:42 PM CDT,2017-09-16,2017-09-17 10:42:00 +0900,Central Time (US & Canada),18812,mako252,Jon McIntyre,2017-09-19 00:20:31 +0900,2019-05-16 16:09:10 +0900,research,CC-BY-NC,https://www.inaturalist.org/observations/7979470,https://inaturalist-open-data.s3.amazonaws.com/photos/10549642/medium.jpeg,NA,NA,AOR,3,0,FALSE,NA,"Jeff Davis County, TX, USA",30.8083691206,-103.878497779,4,NA,NA,NA,4,NA,open,FALSE,NA,NA,Red-spotted Toad,Anaxyrus punctatus,Red-spotted Toad,Amphibia,64984
7979473,3169797c-f406-4354-841e-51422caa5757,2017/09/16 9:31 PM CDT,2017-09-16,2017-09-17 11:31:00 +0900,Central Time (US & Canada),18812,mako252,Jon McIntyre,2017-09-19 00:20:34 +0900,2019-05-16 16:09:14 +0900,research,CC-BY-NC,https://www.inaturalist.org/observations/7979473,https://inaturalist-open-data.s3.amazonaws.com/photos/10549646/medium.jpeg,NA,NA,AOR,1,0,FALSE,NA,"Jeff Davis County, TX, USA",30.8488551879,-103.802378028,2,NA,NA,NA,2,NA,open,FALSE,NA,NA,Red-spotted Toad,Anaxyrus punctatus,Red-spotted Toad,Amphibia,64984
8006864,35275145-b9c7-4e82-a9f5-e7278789967c,Tue Sep 19 2017 20:49:16 GMT-0500 (CDT),2017-09-19,2017-09-20 10:49:16 +0900,Central Time (US & Canada),21609,trans-pecos-herpetology,R. Reed McClure,2017-09-20 15:56:01 +0900,2021-07-28 10:04:41 +0900,research,NA,https://www.inaturalist.org/observations/8006864,https://static.inaturalist.org/photos/10595330/medium.jpg,NA,NA,NA,2,0,FALSE,3,"Jeff Davis County, US-TX, US",30.9107156162,-103.9420763289,NA,"2606–5656 Ranch Road 1832, Mcdonald Obs, TX, US",30.8419583333,-103.825455,29304,obscured,open,TRUE,NA,NA,Red-spotted Toad,Anaxyrus punctatus,Red-spotted Toad,Amphibia,64984
8150545,f93ec9ed-4e48-45dd-92f9-eef5aa615d27,Wed Sep 27 2017 15:46:07 GMT-0500 (CDT),2017-09-27,2017-09-28 05:46:07 +0900,Central Time (US & Canada),9560,dianaterryhibbitts,Diana-Terry Hibbitts,2017-09-28 15:22:13 +0900,2017-09-28 21:29:25 +0900,research,CC-BY-NC,https://www.inaturalist.org/observations/8150545,https://inaturalist-open-data.s3.amazonaws.com/photos/10790200/medium.jpg,NA,NA,NA,2,0,FALSE,3,"Barksdale, TX  78828, Barksdale, TX, US",29.650495,-100.0692278333,NA,NA,NA,NA,NA,NA,open,FALSE,NA,NA,Red-spotted Toad,Anaxyrus punctatus,Red-spotted Toad,Amphibia,64984
8163790,069e6377-359d-41ce-9942-a1212bd68117,2017/09/23 12:37 AM CDT,2017-09-23,2017-09-23 14:37:00 +0900,Central Time (US & Canada),174073,santillanaale,Alejandro Santillana,2017-09-29 12:05:30 +0900,2022-12-20 05:41:37 +0900,research,CC0,https://www.inaturalist.org/observations/8163790,https://inaturalist-open-data.s3.amazonaws.com/photos/10809779/medium.jpg,NA,"Amphibia, Anura, Bufonidae, Bufo, Anaxyrus, Anaxyrus punctatus, Red-spotted toad, toad, frog, santillanaale","Red-spotted toad (Bufonidae, Anaxyrus punctatus (Baird and Girard)
USA, TX, Jeff Davis Co.
22.ix.2017",1,0,FALSE,NA,"Jeff Davis County, TX, USA",30.5973357235,-103.931350708,1113,NA,NA,NA,1113,NA,open,FALSE,NA,NA,Red-spotted Toad,Anaxyrus punctatus,Red-spotted Toad,Amphibia,64984
8163822,aa16acec-df13-43a6-8da7-04ca227715da,2017/09/23 4:53 PM CDT,2017-09-23,2017-09-24 06:53:00 +0900,Central Time (US & Canada),174073,santillanaale,Alejandro Santillana,2017-09-29 12:06:15 +0900,2022-12-20 05:41:37 +0900,research,CC0,https://www.inaturalist.org/observations/8163822,https://inaturalist-open-data.s3.amazonaws.com/photos/10810655/medium.jpeg,NA,NA,NA,1,0,FALSE,NA,"Jeff Davis County, TX, USA",30.5959564495,-103.9313506805,984,NA,NA,NA,984,NA,open,FALSE,NA,NA,Red-spotted Toad,Anaxyrus punctatus,Red-spotted Toad,Amphibia,64984
8176629,2ee33056-5009-4558-855b-ea66464f8039,Fri Sep 29 2017 14:00:19 GMT-0500 (CDT),2017-09-29,2017-09-30 04:00:19 +0900,Central Time (US & Canada),13118,tadamcochran,NA,2017-09-30 08:44:57 +0900,2017-09-30 11:47:29 +0900,research,CC-BY-NC,https://www.inaturalist.org/observations/8176629,https://static.inaturalist.org/photos/10829183/medium.jpg,NA,NA,NA,1,0,FALSE,3,"Davis Mountains State Park, Fort Davis, TX, US",30.59287,-103.9437633333,NA,NA,NA,NA,NA,NA,open,FALSE,NA,NA,Red-spotted Toad,Anaxyrus punctatus,Red-spotted Toad,Amphibia,64984
8276496,cf9d8ffa-e827-41ad-9331-01a635890185,2017/09/23 1:39 AM CDT,2017-09-23,2017-09-23 15:39:00 +0900,Central Time (US & Canada),201832,conormcmahon,Conor McMahon,2017-10-06 11:32:43 +0900,2017-10-11 14:22:29 +0900,research,CC-BY-NC,https://www.inaturalist.org/observations/8276496,https://inaturalist-open-data.s3.amazonaws.com/photos/10979761/medium.jpeg,NA,NA,NA,1,0,FALSE,NA,"Jeff Davis County, TX, USA",30.5925580236,-103.941052258,6,NA,NA,NA,6,NA,open,FALSE,NA,NA,Red-spotted Toad,Anaxyrus punctatus,Red-spotted Toad,Amphibia,64984
8329999,288ec87c-b63f-43f6-a602-4ef15cb4e716,Sat Oct 07 2017 14:19:22 GMT-0500 (CDT),2017-10-07,2017-10-08 04:19:22 +0900,Central Time (US & Canada),85331,rattlesnakerow,NA,2017-10-10 04:23:55 +0900,2018-02-09 07:48:01 +0900,research,NA,https://www.inaturalist.org/observations/8329999,https://static.inaturalist.org/photos/11066609/medium.jpg,NA,NA,NA,2,0,FALSE,3,"Big Bend National Park, Big Bend National Park, TX, US",29.28283,-103.3420716667,NA,NA,NA,NA,NA,NA,open,FALSE,NA,NA,Red-spotted Toad,Anaxyrus punctatus,Red-spotted Toad,Amphibia,64984
8344184,e63e429d-e8b8-483b-8c48-b94a87c3bcbf,2017-10-10 1:33:10 PM CDT,2017-10-10,2017-10-11 03:33:10 +0900,Central Time (US & Canada),343875,bekky,Bekky Muscher-Hodges,2017-10-11 03:33:52 +0900,2017-10-11 07:29:43 +0900,research,NA,https://www.inaturalist.org/observations/8344184,https://static.inaturalist.org/photos/11091207/medium.jpeg,NA,NA,NA,1,0,FALSE,2,"Unnamed Road, Comstock, TX 78837, USA",29.68217786,-101.30941428,9,NA,NA,NA,9,NA,open,FALSE,NA,NA,Red-spotted Toad,Anaxyrus punctatus,Red-spotted Toad,Amphibia,64984
8441524,77baee87-aedd-4805-9b99-fc0ce6a5dae9,Wed Oct 11 2017 11:09:48 GMT-0500 (CDT),2017-10-11,2017-10-12 01:09:48 +0900,Central Time (US & Canada),21609,trans-pecos-herpetology,R. Reed McClure,2017-10-18 01:29:28 +0900,2021-07-29 09:48:02 +0900,research,NA,https://www.inaturalist.org/observations/8441524,https://static.inaturalist.org/photos/11244798/medium.jpg,NA,NA,NA,1,0,FALSE,3,"Texas, US",30.3286769608,-104.0834557432,4591,"79843, Marfa, TX, US",30.3012540359,-104.0104730685,29382,obscured,open,TRUE,NA,NA,Red-spotted Toad,Anaxyrus punctatus,Red-spotted Toad,Amphibia,64984
8441536,944420b6-8d19-420d-bb27-8b6c6e28ce6b,Wed Oct 11 2017 11:15:22 GMT-0500 (CDT),2017-10-11,2017-10-12 01:15:22 +0900,Central Time (US & Canada),21609,trans-pecos-herpetology,R. Reed McClure,2017-10-18 01:29:42 +0900,2021-07-29 09:48:10 +0900,research,NA,https://www.inaturalist.org/observations/8441536,https://static.inaturalist.org/photos/11244803/medium.jpg,NA,NA,NA,1,0,FALSE,3,"Texas, US",30.2623769087,-104.117738636,3984,"E Madrid St, Marfa, TX, US",30.3035078533,-104.0136710708,29382,obscured,open,TRUE,NA,NA,Red-spotted Toad,Anaxyrus punctatus,Red-spotted Toad,Amphibia,64984
8441546,86785b9a-8856-466b-8479-8c2988d32b79,Wed Oct 11 2017 11:33:47 GMT-0500 (CDT),2017-10-11,2017-10-12 01:33:47 +0900,Central Time (US & Canada),21609,trans-pecos-herpetology,R. Reed McClure,2017-10-18 01:30:06 +0900,2021-07-29 09:48:22 +0900,research,NA,https://www.inaturalist.org/observations/8441546,https://static.inaturalist.org/photos/11244812/medium.jpg,NA,NA,NA,1,0,FALSE,3,"Texas, US",30.2786539759,-104.055679252,3560,"E Madrid St, Marfa, TX, US",30.3029687511,-104.0147519252,29382,obscured,open,TRUE,NA,NA,Red-spotted Toad,Anaxyrus punctatus,Red-spotted Toad,Amphibia,64984
8441549,c87f3419-fbc2-4548-acda-17fd5c8e5e7c,Wed Oct 11 2017 11:36:07 GMT-0500 (CDT),2017-10-11,2017-10-12 01:36:07 +0900,Central Time (US & Canada),21609,trans-pecos-herpetology,R. Reed McClure,2017-10-18 01:30:20 +0900,2021-07-29 09:48:28 +0900,research,NA,https://www.inaturalist.org/observations/8441549,https://static.inaturalist.org/photos/11244815/medium.jpg,NA,NA,NA,1,0,FALSE,3,"Texas, US",30.2500597118,-104.1252088997,4225,"79843, Marfa, TX, US",30.3029162226,-104.0150262211,29382,obscured,open,TRUE,NA,NA,Red-spotted Toad,Anaxyrus punctatus,Red-spotted Toad,Amphibia,64984
8441551,be3b0b32-e52f-4b94-80cd-79321e3c5621,Wed Oct 11 2017 11:36:37 GMT-0500 (CDT),2017-10-11,2017-10-12 01:36:37 +0900,Central Time (US & Canada),21609,trans-pecos-herpetology,R. Reed McClure,2017-10-18 01:30:33 +0900,2021-07-29 09:48:34 +0900,research,NA,https://www.inaturalist.org/observations/8441551,https://static.inaturalist.org/photos/11244819/medium.jpg,NA,NA,NA,1,0,FALSE,3,"Texas, US",30.2413410756,-104.168254352,3911,"E Madrid St, Marfa, TX, US",30.3029786803,-104.0147965691,29382,obscured,open,TRUE,NA,NA,Red-spotted Toad,Anaxyrus punctatus,Red-spotted Toad,Amphibia,64984
8723007,e1844046-2ce0-4bcd-b5df-f9a4c3e28528,Tue Nov 07 2017 09:23:33 GMT-0600 (CST),2017-11-07,2017-11-08 00:23:33 +0900,Central Time (US & Canada),23415,nancyed,Nancye Saunders Drukker,2017-11-08 04:25:05 +0900,2017-11-08 05:15:23 +0900,research,CC-BY-NC,https://www.inaturalist.org/observations/8723007,https://inaturalist-open-data.s3.amazonaws.com/photos/11701051/medium.jpg,NA,NA,NA,1,0,FALSE,3,"Texas, US",29.6563004305,-98.9351543762,8,"Boerne, TX  78006, Boerne, TX, US",29.7528916667,-98.8382116667,29458,obscured,open,TRUE,NA,NA,Red-spotted Toad,Anaxyrus punctatus,Red-spotted Toad,Amphibia,64984
8732046,1d80c730-a85a-4420-92f1-69713fc1fe87,2017/10/26 11:39 PM CDT,2017-10-26,2017-10-27 13:39:00 +0900,Central Time (US & Canada),9560,dianaterryhibbitts,Diana-Terry Hibbitts,2017-11-09 04:21:58 +0900,2017-11-09 04:38:11 +0900,research,CC-BY-NC,https://www.inaturalist.org/observations/8732046,https://inaturalist-open-data.s3.amazonaws.com/photos/11716424/medium.jpg,NA,NA,NA,1,0,FALSE,NA,"Camp Wood Hills, Edwards County, TX, USA",29.6504344366,-100.0696349144,4,NA,NA,NA,4,NA,open,FALSE,NA,NA,Red-spotted Toad,Anaxyrus punctatus,Red-spotted Toad,Amphibia,64984
8756211,d3b50591-42d9-4cc0-84c4-9c9881e73cbc,Fri Nov 10 2017 13:44:49 GMT-0700 (MST),2017-11-10,2017-11-11 05:44:49 +0900,Mountain Time (US & Canada),636504,jessicaslagle,NA,2017-11-11 10:23:14 +0900,2018-01-30 02:08:58 +0900,research,CC-BY-NC,https://www.inaturalist.org/observations/8756211,https://inaturalist-open-data.s3.amazonaws.com/photos/11757339/medium.jpg,NA,NA,Found in the Tom Mays unit of the Franklin Mountains,1,0,FALSE,3,"Canutillo, TX  79835, El Paso, TX, US",31.9378,-106.5094916667,24,NA,NA,NA,24,NA,open,FALSE,NA,NA,Red-spotted Toad,Anaxyrus punctatus,Red-spotted Toad,Amphibia,64984
8797872,ac379e1a-83c3-4309-98a0-e472921547c3,2017/10/23 4:33 PM -0500,2017-10-23,2017-10-24 06:33:00 +0900,Bogota,645335,brngckn,NA,2017-11-14 07:34:23 +0900,2017-11-14 12:26:09 +0900,research,NA,https://www.inaturalist.org/observations/8797872,https://static.inaturalist.org/photos/11812635/medium.jpg,NA,NA,NA,1,0,FALSE,NA,"TX-118, Fort Davis, TX 79734, USA",30.59905,-103.9293852,3240,NA,NA,NA,3240,NA,open,FALSE,NA,NA,Red-spotted Toad,Anaxyrus punctatus,Red-spotted Toad,Amphibia,64984
8890955,3f42f65b-a599-48d6-adc8-ac57b5722171,2013-05-25 22:01:14,2013-05-25,2013-05-26 10:01:14 +0900,Brasilia,1169,diogoprov,Diogo B. Provete,2017-11-22 09:19:38 +0900,2023-07-08 21:48:14 +0900,research,CC-BY-NC-SA,https://www.inaturalist.org/observations/8890955,https://inaturalist-open-data.s3.amazonaws.com/photos/11960797/medium.jpg,NA,Anaxyrus,NA,1,0,FALSE,NA,devil's river park,29.940179,-100.969815,NA,NA,NA,NA,NA,NA,open,FALSE,NA,NA,Sapo-de-pintas-vermelhas,Anaxyrus punctatus,Red-spotted Toad,Amphibia,64984
8955710,da06e55e-52fb-4381-90eb-edff416543dc,2017/10/21 9:03 AM HST,2017-10-21,2017-10-22 04:03:00 +0900,Hawaii,133695,monyamaton,NA,2017-11-28 05:05:05 +0900,2017-11-28 07:00:13 +0900,research,CC-BY-NC,https://www.inaturalist.org/observations/8955710,https://inaturalist-open-data.s3.amazonaws.com/photos/12070942/medium.jpg,NA,NA,NA,2,0,FALSE,NA,"Westcity Ct, El Paso, TX 79902, USA",31.7923633,-106.5106387,196,NA,NA,NA,196,NA,open,FALSE,NA,NA,Red-spotted Toad,Anaxyrus punctatus,Red-spotted Toad,Amphibia,64984
9262583,b784e0e6-62b0-43dd-ad7f-0b738ae31c39,2013/07/18 5:40 PM PDT,2013-07-18,2013-07-19 09:40:00 +0900,Pacific Time (US & Canada),10326,natureali,Nature Ali,2017-12-26 13:12:43 +0900,2019-03-16 12:33:01 +0900,research,CC-BY-NC-ND,https://www.inaturalist.org/observations/9262583,https://inaturalist-open-data.s3.amazonaws.com/photos/12545868/medium.jpg,NA,NA,NA,2,0,FALSE,NA,"Jeff Davis County, TX, USA",30.5972172058,-103.9272522925,NA,NA,NA,NA,NA,NA,open,FALSE,NA,NA,Red-spotted Toad,Anaxyrus punctatus,Red-spotted Toad,Amphibia,64984
10136099,c5611237-b22c-4b4a-a3d7-4228f2a56ce4,2017-06-26 11:38:42 PM CDT,2017-06-26,2017-06-27 13:38:42 +0900,Central Time (US & Canada),76141,timothy214287,Timothy Johnson,2018-03-08 17:04:22 +0900,2018-03-08 22:39:08 +0900,research,NA,https://www.inaturalist.org/observations/10136099,https://inaturalist-open-data.s3.amazonaws.com/photos/13981492/medium.jpeg,NA,NA,NA,1,0,FALSE,2,"1153 US-277, Del Rio, TX 78840, USA",29.9192790985,-100.7744293213,NA,NA,NA,NA,NA,NA,open,FALSE,gps,gps,Red-spotted Toad,Anaxyrus punctatus,Red-spotted Toad,Amphibia,64984
10136211,3e128f99-2af7-4e98-aad6-3e98aa7843b5,2017-06-28 2:39:35 AM CDT,2017-06-28,2017-06-28 16:39:35 +0900,Central Time (US & Canada),76141,timothy214287,Timothy Johnson,2018-03-08 17:40:23 +0900,2018-03-09 05:10:08 +0900,research,NA,https://www.inaturalist.org/observations/10136211,https://inaturalist-open-data.s3.amazonaws.com/photos/13981493/medium.jpeg,NA,NA,NA,2,0,FALSE,2,"6069 US-90, Del Rio, TX 78840, USA",29.4453372955,-100.9194030762,NA,NA,NA,NA,NA,NA,open,FALSE,gps,gps,Red-spotted Toad,Anaxyrus punctatus,Red-spotted Toad,Amphibia,64984
10172433,8dbdafa1-678b-4f9c-86f6-7ce327c47350,2018-03-10 05:42:00-06:00,2018-03-10,2018-03-10 20:42:00 +0900,Central Time (US & Canada),23415,nancyed,Nancye Saunders Drukker,2018-03-11 06:48:31 +0900,2022-04-12 21:04:11 +0900,research,CC-BY-NC,https://www.inaturalist.org/observations/10172433,https://inaturalist-open-data.s3.amazonaws.com/photos/14043049/medium.jpeg,NA,NA,"Under rock, Kendall County, TX
",1,0,FALSE,NA,"Texas, US",29.6344813318,-98.8217839475,8,"Texas, US",29.7472298899,-98.8369131088,29458,obscured,open,TRUE,NA,NA,Red-spotted Toad,Anaxyrus punctatus,Red-spotted Toad,Amphibia,64984
10313124,b85b2d0d-55ac-48c1-bc9d-8afde61730ed,2018-03-16 8:17:01 PM CDT,2018-03-16,2018-03-17 10:17:01 +0900,Central Time (US & Canada),618478,isaacthelord,Isaac Lord,2018-03-20 04:42:16 +0900,2024-01-19 07:52:16 +0900,research,CC-BY-NC,https://www.inaturalist.org/observations/10313124,https://inaturalist-open-data.s3.amazonaws.com/photos/14289244/medium.jpeg,NA,NA,"Found at Panther Junction beneath the potable water spigot. Red spots and head shape consistent with A. punctatus. Cool, dry night, in a moist spot, temp in the 60s-70s.",2,0,FALSE,2,"Big Bend National Park, Brewster County, US-TX, US",29.328118538,-103.2062101364,43,NA,NA,NA,43,NA,open,FALSE,gps,gps,Red-spotted Toad,Anaxyrus punctatus,Red-spotted Toad,Amphibia,64984
10318813,47998a63-45e7-427e-bcd8-35d244992d36,Fri Mar 16 2018 10:08:47 GMT-0500 (CDT),2018-03-16,2018-03-17 00:08:47 +0900,Central Time (US & Canada),231790,k_perez,Karen Perez,2018-03-20 10:05:19 +0900,2018-03-20 10:47:01 +0900,research,NA,https://www.inaturalist.org/observations/10318813,https://static.inaturalist.org/photos/14299927/medium.jpg,NA,NA,NA,2,0,FALSE,3,"Big Bend National Park, Alpine, TX, US",29.2563,-103.0114666667,8,NA,NA,NA,8,NA,open,FALSE,NA,NA,Red-spotted Toad,Anaxyrus punctatus,Red-spotted Toad,Amphibia,64984
10494949,1c1c8c90-920c-48f4-b27b-1a9a36a0b447,2018/03/28 22:01 PM -0500,2018-03-28,2018-03-29 12:01:00 +0900,Bogota,6690,sandboa,Chris Harrison,2018-03-30 06:01:51 +0900,2024-09-24 01:19:19 +0900,research,CC-BY,https://www.inaturalist.org/observations/10494949,NA,https://static.inaturalist.org/sounds/18914.mp3?1522357183,NA,NA,1,0,FALSE,NA,"Medina County, TX, USA",29.57037,-99.07483,5,NA,NA,NA,5,NA,open,FALSE,NA,NA,Red-spotted Toad,Anaxyrus punctatus,Red-spotted Toad,Amphibia,64984
10704305,ed8c3c7a-ef3d-4ea9-9aa3-afc5bfe22c0a,Fri Mar 30 2018 21:49:43 GMT-0500 (CDT),2018-03-30,2018-03-31 11:49:43 +0900,Central Time (US & Canada),36568,anjanaparandhaman,Anjana Parandhaman,2018-04-09 01:19:15 +0900,2018-04-09 02:37:52 +0900,research,CC-BY-NC,https://www.inaturalist.org/observations/10704305,https://inaturalist-open-data.s3.amazonaws.com/photos/14950700/medium.jpg,NA,NA,NA,1,0,FALSE,3,"Alpine, TX  79830, Alpine, TX, US",29.57132,-102.94645,10,NA,NA,NA,10,NA,open,FALSE,NA,NA,Red-spotted Toad,Anaxyrus punctatus,Red-spotted Toad,Amphibia,64984
10815662,1c3e047f-5464-492c-a3f2-61c069edd638,2018-04-09 1:28:00 PM CDT,2018-04-09,2018-04-10 03:28:00 +0900,Central Time (US & Canada),530786,greghall,Gregory L. Hall,2018-04-13 01:29:07 +0900,2018-04-13 03:10:35 +0900,research,NA,https://www.inaturalist.org/observations/10815662,https://static.inaturalist.org/photos/15148773/medium.jpg,NA,NA,NA,1,0,FALSE,2,"507 Legion St, Sanderson, TX 79848, USA",30.1329429047,-102.3892357573,2752,NA,NA,NA,2752,NA,open,FALSE,gps,gps,Red-spotted Toad,Anaxyrus punctatus,Red-spotted Toad,Amphibia,64984
11845925,7f7bfea9-1fc4-4dc7-8892-23ded0201623,Sat Apr 28 2018 23:18:45 GMT-0500 (CDT),2018-04-28,2018-04-29 13:18:45 +0900,Central Time (US & Canada),394806,dherd,NA,2018-04-30 13:12:00 +0900,2018-05-01 23:51:36 +0900,research,NA,https://www.inaturalist.org/observations/11845925,https://static.inaturalist.org/photos/16952640/medium.jpg,NA,NA,NA,2,0,FALSE,3,"Davis Mountains State Park, Fort Davis, TX, US",30.5925166667,-103.938995,30,NA,NA,NA,30,NA,open,FALSE,NA,NA,Red-spotted Toad,Anaxyrus punctatus,Red-spotted Toad,Amphibia,64984
12201132,8a3a46a4-cfa3-49c3-96ef-47a200c7613e,2018-05-05 21:17,2018-05-05,2018-05-06 11:17:00 +0900,Central Time (US & Canada),6690,sandboa,Chris Harrison,2018-05-07 03:06:13 +0900,2024-09-24 01:19:19 +0900,research,CC-BY,https://www.inaturalist.org/observations/12201132,NA,https://static.inaturalist.org/sounds/21077.mp3?1525629972,NA,"calling with
Anaxyrus woodhousii
Incilius nebulifer
Acris blanchardi",1,0,FALSE,NA,"Gillespie County, US-TX, US",30.447891,-98.657479,20,NA,NA,NA,20,NA,open,FALSE,NA,NA,Red-spotted Toad,Anaxyrus punctatus,Red-spotted Toad,Amphibia,64984
12251621,b6f4bd2c-9db3-4782-9170-98b9bf2a096b,2018/05/06 10:52 PM CDT,2018-05-06,2018-05-07 12:52:00 +0900,Central Time (US & Canada),18812,mako252,Jon McIntyre,2018-05-08 09:51:21 +0900,2019-05-16 20:08:31 +0900,research,CC-BY-NC,https://www.inaturalist.org/observations/12251621,https://inaturalist-open-data.s3.amazonaws.com/photos/17612967/medium.jpeg,NA,NA,NA,1,0,FALSE,NA,"Jeff Davis County, TX, USA",30.5954763879,-103.932376653,2,NA,NA,NA,2,NA,open,FALSE,NA,NA,Red-spotted Toad,Anaxyrus punctatus,Red-spotted Toad,Amphibia,64984
12273187,a6758ccf-f050-4d0f-9e89-fb179288dd3b,2018-05-08 09:39:00-05:00,2018-05-08,2018-05-08 23:39:00 +0900,Central Time (US & Canada),23415,nancyed,Nancye Saunders Drukker,2018-05-09 04:42:00 +0900,2024-05-27 08:43:08 +0900,research,CC-BY-NC,https://www.inaturalist.org/observations/12273187,https://inaturalist-open-data.s3.amazonaws.com/photos/17650058/medium.jpg,NA,NA,"Kendall County, TX",2,0,FALSE,NA,"Texas, US",29.7299062298,-98.8368531511,16,"Texas, US",29.7528694444,-98.8381944444,29458,obscured,open,TRUE,NA,NA,Red-spotted Toad,Anaxyrus punctatus,Red-spotted Toad,Amphibia,64984
12278487,fbba5d6f-4039-4eec-ad32-04329c539dd0,2018-05-05 21:59,2018-05-05,2018-05-06 11:59:00 +0900,Central Time (US & Canada),6690,sandboa,Chris Harrison,2018-05-09 07:48:58 +0900,2024-09-24 01:19:19 +0900,research,CC-BY,https://www.inaturalist.org/observations/12278487,NA,https://static.inaturalist.org/sounds/21211.mp3?1525819738,NA,and Incilius nebulifer,1,0,FALSE,NA,"Gillespie County, US-TX, US",30.478133,-98.632103,57,NA,NA,NA,57,NA,open,FALSE,NA,NA,Red-spotted Toad,Anaxyrus punctatus,Red-spotted Toad,Amphibia,64984
12455049,6ba7f438-c8e1-43f8-8bf1-f2ee7e2f38bf,Sat Apr 28 2018 22:47:15 GMT-0500 (CDT),2018-04-28,2018-04-29 12:47:15 +0900,Central Time (US & Canada),961832,dwichman,Dylan,2018-05-15 02:51:31 +0900,2018-08-23 04:53:16 +0900,research,NA,https://www.inaturalist.org/observations/12455049,https://static.inaturalist.org/photos/17968212/medium.jpg,NA,NA,NA,2,0,FALSE,3,"Fort Davis, TX  79734, Fort Davis, TX, US",30.7330181741,-103.9864239993,45272,NA,NA,NA,45272,NA,open,FALSE,NA,NA,Red-spotted Toad,Anaxyrus punctatus,Red-spotted Toad,Amphibia,64984
12574077,ff19b7a6-df77-42c6-91af-1984b63c726a,2018-05-17 11:59:18 PM CDT,2018-05-17,2018-05-18 13:59:18 +0900,Central Time (US & Canada),343875,bekky,Bekky Muscher-Hodges,2018-05-18 22:39:17 +0900,2018-05-19 00:19:39 +0900,research,NA,https://www.inaturalist.org/observations/12574077,https://static.inaturalist.org/photos/18170023/medium.jpeg,NA,NA,NA,1,0,FALSE,2,"Terrell County, US-TX, US",30.47631827,-102.09482632,7,NA,NA,NA,7,NA,open,FALSE,NA,NA,Red-spotted Toad,Anaxyrus punctatus,Red-spotted Toad,Amphibia,64984
12589600,a257a58a-f45e-4406-9cf5-1ab66e1674c5,2018-05-17 9:48:12 PM CDT,2018-05-17,2018-05-18 11:48:12 +0900,Central Time (US & Canada),76141,timothy214287,Timothy Johnson,2018-05-19 08:19:59 +0900,2018-05-19 08:48:20 +0900,research,NA,https://www.inaturalist.org/observations/12589600,https://inaturalist-open-data.s3.amazonaws.com/photos/18196149/medium.jpeg,NA,NA,NA,1,0,FALSE,2,"Pandale Rd, Ozona, TX 76943, USA",30.3575000763,-101.4950027466,NA,NA,NA,NA,NA,NA,open,FALSE,gps,gps,Red-spotted Toad,Anaxyrus punctatus,Red-spotted Toad,Amphibia,64984
12664544,8a9606ea-a703-40d1-9d64-c2a2be39b316,Sat May 19 2018 22:11:14 GMT-0500 (CDT),2018-05-19,2018-05-20 12:11:14 +0900,Central Time (US & Canada),82861,wetlandsuzanne,Suzanne Simpson,2018-05-21 11:24:51 +0900,2018-05-21 19:00:38 +0900,research,NA,https://www.inaturalist.org/observations/12664544,https://static.inaturalist.org/photos/18327136/medium.jpg,NA,NA,NA,2,0,FALSE,3,"Texas, US",30.6980245827,-103.8100270621,182,"Davis Mountains State Park, Fort Davis, TX, US",30.60064058,-103.9255762872,29330,obscured,open,TRUE,NA,NA,Red-spotted Toad,Anaxyrus punctatus,Red-spotted Toad,Amphibia,64984
12699970,5de815ef-c444-4560-8382-8263178d70ce,2018-05-20 10:25:00 PM CDT,2018-05-20,2018-05-21 12:25:00 +0900,Central Time (US & Canada),500525,dannysanders,NA,2018-05-22 13:26:41 +0900,2018-05-23 04:35:22 +0900,research,NA,https://www.inaturalist.org/observations/12699970,https://static.inaturalist.org/photos/18387928/medium.jpeg,NA,NA,NA,1,0,FALSE,2,"Texas, US",30.7772800946,-98.224202451,86,"7401 TX-29, Burnet, TX 78611, USA",30.7656148642,-98.3438147977,29330,obscured,open,TRUE,gps,gps,Red-spotted Toad,Anaxyrus punctatus,Red-spotted Toad,Amphibia,64984
12731912,84edf80c-148e-4b60-b4b9-eeb5c48756fe,Tue May 22 2018 21:43:48 GMT-0500 (CDT),2018-05-22,2018-05-23 11:43:48 +0900,Central Time (US & Canada),21609,trans-pecos-herpetology,R. Reed McClure,2018-05-23 14:06:19 +0900,2018-05-24 01:40:04 +0900,research,NA,https://www.inaturalist.org/observations/12731912,https://static.inaturalist.org/photos/18441612/medium.jpg,NA,NA,NA,1,0,FALSE,3,"Texas, US",30.7700369052,-103.8367772537,5,"100–184 Clear View Dr, Fort Davis, TX, US",30.6108533333,-103.9720916667,29330,obscured,open,TRUE,NA,NA,Red-spotted Toad,Anaxyrus punctatus,Red-spotted Toad,Amphibia,64984
12731932,29ca40e3-3d67-47f5-94d6-feb023328aed,Tue May 22 2018 21:54:57 GMT-0500 (CDT),2018-05-22,2018-05-23 11:54:57 +0900,Central Time (US & Canada),21609,trans-pecos-herpetology,R. Reed McClure,2018-05-23 14:09:02 +0900,2018-05-24 01:39:56 +0900,research,NA,https://www.inaturalist.org/observations/12731932,https://static.inaturalist.org/photos/18441621/medium.jpg,NA,NA,NA,1,0,FALSE,3,"Texas, US",30.6099614848,-103.8680570091,5,"42524–42632 State Highway 118, Fort Davis, TX, US",30.6077333333,-103.986405,29330,obscured,open,TRUE,NA,NA,Red-spotted Toad,Anaxyrus punctatus,Red-spotted Toad,Amphibia,64984
12732063,aaf23994-fd10-46d0-b1f8-8ef4ac521a25,Tue May 22 2018 22:13:17 GMT-0500 (CDT),2018-05-22,2018-05-23 12:13:17 +0900,Central Time (US & Canada),21609,trans-pecos-herpetology,R. Reed McClure,2018-05-23 14:21:27 +0900,2021-07-29 10:26:15 +0900,research,NA,https://www.inaturalist.org/observations/12732063,https://static.inaturalist.org/photos/18441773/medium.jpg,NA,NA,NA,1,0,FALSE,3,"Texas, US",30.4680552426,-103.9935831038,5,"Davis Mountains State Park, Fort Davis, TX, US",30.5993466667,-103.9206616667,29356,obscured,open,TRUE,NA,NA,Red-spotted Toad,Anaxyrus punctatus,Red-spotted Toad,Amphibia,64984
12732139,d04ad008-9195-42f9-ba9f-1df0a5c482db,Tue May 22 2018 22:17:19 GMT-0500 (CDT),2018-05-22,2018-05-23 12:17:19 +0900,Central Time (US & Canada),21609,trans-pecos-herpetology,R. Reed McClure,2018-05-23 14:31:38 +0900,2021-07-29 10:26:21 +0900,research,NA,https://www.inaturalist.org/observations/12732139,https://static.inaturalist.org/photos/18442012/medium.jpg,NA,NA,NA,1,0,FALSE,3,"Texas, US",30.7716892228,-103.8956845025,5,"Davis Mountains State Park, Fort Davis, TX, US",30.6007116667,-103.9160916667,29330,obscured,open,TRUE,NA,NA,Red-spotted Toad,Anaxyrus punctatus,Red-spotted Toad,Amphibia,64984
12732220,8ad5d15f-2fa1-48a0-bb29-318de3bd1f8d,Tue May 22 2018 22:17:29 GMT-0500 (CDT),2018-05-22,2018-05-23 12:17:29 +0900,Central Time (US & Canada),21609,trans-pecos-herpetology,R. Reed McClure,2018-05-23 14:38:58 +0900,2021-07-29 10:26:33 +0900,research,NA,https://www.inaturalist.org/observations/12732220,https://static.inaturalist.org/photos/18442133/medium.jpg,NA,NA,NA,1,0,FALSE,3,"Texas, US",30.7451144847,-103.8882328778,5,"Davis Mountains State Park, Fort Davis, TX, US",30.6006833333,-103.9160833333,29330,obscured,open,TRUE,NA,NA,Red-spotted Toad,Anaxyrus punctatus,Red-spotted Toad,Amphibia,64984
12732228,3bd6f7be-2220-48bb-a528-7f2f40ccf3fc,Tue May 22 2018 22:27:15 GMT-0500 (CDT),2018-05-22,2018-05-23 12:27:15 +0900,Central Time (US & Canada),21609,trans-pecos-herpetology,R. Reed McClure,2018-05-23 14:39:52 +0900,2021-07-29 10:26:44 +0900,research,NA,https://www.inaturalist.org/observations/12732228,https://static.inaturalist.org/photos/18442157/medium.jpg,NA,NA,NA,1,0,FALSE,3,"Texas, US",30.627452423,-103.8866011198,10,"State Highway 118, Fort Davis, TX, US",30.60423,-103.897505,29330,obscured,open,TRUE,NA,NA,Red-spotted Toad,Anaxyrus punctatus,Red-spotted Toad,Amphibia,64984
12788730,860035df-e564-425e-829f-6ddab38d2195,Mon Jun 20 2011 00:34:10 GMT-0500 (CDT),2011-06-20,2011-06-20 14:34:10 +0900,Central Time (US & Canada),516944,jlassiter,NA,2018-05-25 12:03:30 +0900,2018-06-12 17:17:52 +0900,research,NA,https://www.inaturalist.org/observations/12788730,https://static.inaturalist.org/photos/18539857/medium.jpg,NA,NA,NA,1,0,FALSE,3,"Ozona, TX  76943, Ozona, TX, US",30.4486003814,-101.1642392989,18395,NA,NA,NA,18395,NA,open,FALSE,NA,NA,Red-spotted Toad,Anaxyrus punctatus,Red-spotted Toad,Amphibia,64984
12819199,84b152ae-d5a9-4dba-a406-962bb3e01c3f,Fri May 25 2018 22:05:35 GMT-0500 (CDT),2018-05-25,2018-05-26 12:05:35 +0900,Central Time (US & Canada),21609,trans-pecos-herpetology,R. Reed McClure,2018-05-26 14:12:30 +0900,2018-05-27 02:11:48 +0900,research,NA,https://www.inaturalist.org/observations/12819199,https://static.inaturalist.org/photos/18592982/medium.jpg,NA,NA,NA,1,0,FALSE,3,"Jeff Davis County, US-TX, US",30.8577515479,-103.8691364085,5,"12670–13700 Ranch Road 1832, Fort Davis, TX, US",30.806145,-103.9111466667,29304,obscured,open,TRUE,NA,NA,Red-spotted Toad,Anaxyrus punctatus,Red-spotted Toad,Amphibia,64984
12819217,0dd905bd-2dba-40a6-892b-2c2efcd789cc,Fri May 25 2018 22:19:25 GMT-0500 (CDT),2018-05-25,2018-05-26 12:19:25 +0900,Central Time (US & Canada),21609,trans-pecos-herpetology,R. Reed McClure,2018-05-26 14:13:02 +0900,2018-05-26 23:59:37 +0900,research,NA,https://www.inaturalist.org/observations/12819217,https://static.inaturalist.org/photos/18593010/medium.jpg,NA,NA,NA,1,0,FALSE,3,"Jeff Davis County, US-TX, US",30.9207736874,-103.9955489151,5,"9053–9837 RM 1832, Fort Davis, TX, US",30.809595,-103.8723366667,29304,obscured,open,TRUE,NA,NA,Red-spotted Toad,Anaxyrus punctatus,Red-spotted Toad,Amphibia,64984
12819220,41756009-b01b-451b-92a3-076453fc7ea8,Fri May 25 2018 22:17:06 GMT-0500 (CDT),2018-05-25,2018-05-26 12:17:06 +0900,Central Time (US & Canada),21609,trans-pecos-herpetology,R. Reed McClure,2018-05-26 14:13:40 +0900,2018-05-27 02:11:12 +0900,research,NA,https://www.inaturalist.org/observations/12819220,https://static.inaturalist.org/photos/18593026/medium.jpg,NA,NA,NA,1,0,FALSE,3,"Jeff Davis County, US-TX, US",30.9987353045,-103.9540147278,5,"9053–9837 RM 1832, Fort Davis, TX, US",30.8088366667,-103.8752583333,29304,obscured,open,TRUE,NA,NA,Red-spotted Toad,Anaxyrus punctatus,Red-spotted Toad,Amphibia,64984
12819229,eeb0aff0-cacb-4726-b5a2-93a744f5dc31,Fri May 25 2018 22:22:37 GMT-0500 (CDT),2018-05-25,2018-05-26 12:22:37 +0900,Central Time (US & Canada),21609,trans-pecos-herpetology,R. Reed McClure,2018-05-26 14:14:19 +0900,2018-05-27 02:10:56 +0900,research,NA,https://www.inaturalist.org/observations/12819229,https://static.inaturalist.org/photos/18593040/medium.jpg,NA,NA,NA,1,0,FALSE,3,"Jeff Davis County, US-TX, US",30.8438580915,-103.8962222277,5,"6560–9050 Ranch Road 1832, Fort Davis, TX, US",30.8133416667,-103.8676616667,29304,obscured,open,TRUE,NA,NA,Red-spotted Toad,Anaxyrus punctatus,Red-spotted Toad,Amphibia,64984
12819240,cae60a0e-5f2a-494d-b0de-82ad1a09cf25,Fri May 25 2018 22:45:02 GMT-0500 (CDT),2018-05-25,2018-05-26 12:45:02 +0900,Central Time (US & Canada),21609,trans-pecos-herpetology,R. Reed McClure,2018-05-26 14:16:19 +0900,2018-05-27 02:10:40 +0900,research,NA,https://www.inaturalist.org/observations/12819240,https://static.inaturalist.org/photos/18593078/medium.jpg,NA,NA,NA,1,0,FALSE,3,"Jeff Davis County, US-TX, US",30.9655997456,-103.9675469392,5,"1141–1871 Ranch Road 1832, Fort Davis, TX, US",30.8525216667,-103.8184283333,29304,obscured,open,TRUE,NA,NA,Red-spotted Toad,Anaxyrus punctatus,Red-spotted Toad,Amphibia,64984
12829182,e67388de-54a9-4a19-87ea-2264dd76c3e2,Sat May 26 2018 00:29:27 GMT-0500 (CDT),2018-05-26,2018-05-26 14:29:27 +0900,Central Time (US & Canada),206492,wild-about-texas,Michael Price,2018-05-27 01:27:41 +0900,2023-07-07 05:49:32 +0900,research,CC-BY-NC,https://www.inaturalist.org/observations/12829182,https://inaturalist-open-data.s3.amazonaws.com/photos/18610238/medium.jpg,NA,NA,NA,1,0,FALSE,3,"Texas, US",30.2094106559,-101.5279291335,5,"Texas, US",30.3196474118,-101.5303029959,29382,obscured,open,TRUE,NA,NA,Red-spotted Toad,Anaxyrus punctatus,Red-spotted Toad,Amphibia,64984
12850015,de93fb5b-9406-418f-8953-fb755ceefcce,2018/05/26 10:09 PM HST,2018-05-26,2018-05-27 17:09:00 +0900,Hawaii,260982,joshualively,Joshua Lively,2018-05-27 13:41:54 +0900,2018-05-27 22:39:10 +0900,research,CC-BY-NC,https://www.inaturalist.org/observations/12850015,https://inaturalist-open-data.s3.amazonaws.com/photos/18646223/medium.jpeg,NA,NA,NA,1,0,FALSE,NA,"Jeff Davis County, TX, USA",30.5961184433,-103.9348621666,9,NA,NA,NA,9,NA,open,FALSE,NA,NA,Red-spotted Toad,Anaxyrus punctatus,Red-spotted Toad,Amphibia,64984
13081866,45693443-f323-460c-b5e9-46cf354be15f,Sat Jun 02 2018 22:28:23 GMT-0500 (CDT),2018-06-02,2018-06-03 12:28:23 +0900,Central Time (US & Canada),21609,trans-pecos-herpetology,R. Reed McClure,2018-06-04 02:19:39 +0900,2018-06-04 02:31:11 +0900,research,NA,https://www.inaturalist.org/observations/13081866,https://static.inaturalist.org/photos/19056067/medium.jpg,NA,NA,NA,1,0,FALSE,3,"Texas, US",29.5153448697,-103.4159012219,5,"51832–51856 State Highway 118, Alpine, TX, US",29.5689133333,-103.5521783333,29483,obscured,open,TRUE,NA,NA,Red-spotted Toad,Anaxyrus punctatus,Red-spotted Toad,Amphibia,64984
13081902,804ba0a5-1183-48f0-8cdf-268b0447312e,Sat Jun 02 2018 22:30:40 GMT-0500 (CDT),2018-06-02,2018-06-03 12:30:40 +0900,Central Time (US & Canada),21609,trans-pecos-herpetology,R. Reed McClure,2018-06-04 02:20:13 +0900,2024-10-21 04:28:16 +0900,research,NA,https://www.inaturalist.org/observations/13081902,https://static.inaturalist.org/photos/19056101/medium.jpg,NA,NA,NA,2,0,FALSE,3,"Texas, US",29.5661686002,-103.5853648053,5,"51832–51856 State Highway 118, Alpine, TX, US",29.5683716667,-103.5519866667,29483,obscured,open,TRUE,NA,NA,Red-spotted Toad,Anaxyrus punctatus,Red-spotted Toad,Amphibia,64984
13081934,5869aeca-c614-43c0-ae6a-4dfae1b2850f,Sat Jun 02 2018 22:31:31 GMT-0500 (CDT),2018-06-02,2018-06-03 12:31:31 +0900,Central Time (US & Canada),21609,trans-pecos-herpetology,R. Reed McClure,2018-06-04 02:20:56 +0900,2021-07-29 10:27:56 +0900,research,NA,https://www.inaturalist.org/observations/13081934,https://static.inaturalist.org/photos/19056155/medium.jpg,NA,NA,NA,1,0,FALSE,3,"Texas, US",29.5467389013,-103.4748137065,5,"51832–51856 State Highway 118, Alpine, TX, US",29.5680033333,-103.5518883333,29483,obscured,open,TRUE,NA,NA,Red-spotted Toad,Anaxyrus punctatus,Red-spotted Toad,Amphibia,64984
13136082,f65c326b-62de-42f8-8229-ad4e906a2195,Mon Jun 04 2018 21:39:37 GMT-0500 (CDT),2018-06-04,2018-06-05 11:39:37 +0900,Central Time (US & Canada),21609,trans-pecos-herpetology,R. Reed McClure,2018-06-05 14:58:50 +0900,2021-07-29 10:36:39 +0900,research,NA,https://www.inaturalist.org/observations/13136082,https://static.inaturalist.org/photos/19156309/medium.jpg,NA,NA,NA,2,0,FALSE,3,"Texas, US",30.5220024303,-103.9506189172,5,"43583–43655 State Highway 17, Fort Davis, TX, US",30.5692466667,-103.9122616667,29356,obscured,open,TRUE,NA,NA,Red-spotted Toad,Anaxyrus punctatus,Red-spotted Toad,Amphibia,64984
13165754,c54eda11-35cc-4a5c-82fb-7d2b4b4cfedd,2018/05/24 10:50 PM CDT,2018-05-24,2018-05-25 12:50:00 +0900,Central Time (US & Canada),68260,ecarpe,Eric Carpenter,2018-06-06 12:14:33 +0900,2018-06-07 03:19:07 +0900,research,CC-BY-NC,https://www.inaturalist.org/observations/13165754,https://inaturalist-open-data.s3.amazonaws.com/photos/19220160/medium.jpg,NA,NA,NA,4,0,FALSE,NA,"Texas, US",30.8194662604,-104.0017366501,12313,"private ranch, Jeff Davis County, TX, USA",30.8971038255,-104.0252045872,29304,obscured,open,TRUE,NA,NA,Red-spotted Toad,Anaxyrus punctatus,Red-spotted Toad,Amphibia,64984
13242970,a45b392c-63ae-48d8-95a9-21c1b190984e,Fri Jun 08 2018 00:24:35 GMT-0500 (CDT),2018-06-08,2018-06-08 14:24:35 +0900,Central Time (US & Canada),18365,timcole,NA,2018-06-09 06:46:10 +0900,2018-06-10 01:16:38 +0900,research,CC-BY-NC,https://www.inaturalist.org/observations/13242970,https://inaturalist-open-data.s3.amazonaws.com/photos/19374880/medium.jpg,NA,NA,NA,2,0,FALSE,3,"US-385 N, Alpine, TX, US",29.7974383333,-103.1879116667,5,NA,NA,NA,5,NA,open,FALSE,NA,NA,Red-spotted Toad,Anaxyrus punctatus,Red-spotted Toad,Amphibia,64984
13253650,48973453-8d0a-410c-a328-47121fa61f20,2018-06-09 1:24:19 AM CDT,2018-06-09,2018-06-09 15:24:19 +0900,Central Time (US & Canada),343875,bekky,Bekky Muscher-Hodges,2018-06-09 15:24:49 +0900,2018-06-20 02:36:37 +0900,research,NA,https://www.inaturalist.org/observations/13253650,https://static.inaturalist.org/photos/19395026/medium.jpeg,NA,NA,NA,1,0,FALSE,2,"US-67, Marfa, TX 79843, USA",30.27500754,-103.88277214,9,NA,NA,NA,9,NA,open,FALSE,NA,NA,Red-spotted Toad,Anaxyrus punctatus,Red-spotted Toad,Amphibia,64984
13266486,5a871a68-8745-4659-a400-fc0ccbb671ec,2018/06/08 10:35 PM CDT,2018-06-08,2018-06-09 12:35:00 +0900,Central Time (US & Canada),443875,taniahomayoun,Tania Homayoun,2018-06-10 03:03:16 +0900,2021-04-23 01:35:00 +0900,research,CC-BY-NC-ND,https://www.inaturalist.org/observations/13266486,https://inaturalist-open-data.s3.amazonaws.com/photos/19414754/medium.jpeg,NA,NA,NA,1,0,FALSE,NA,"Brewster County, TX, USA",29.904635,-103.2604283333,10,NA,NA,NA,10,NA,open,FALSE,NA,NA,Red-spotted Toad,Anaxyrus punctatus,Red-spotted Toad,Amphibia,64984
13324210,0af3db96-142f-40b7-82d0-a00eede022e2,Fri Jun 08 2018 21:36:13 GMT-0500 (CDT),2018-06-08,2018-06-09 11:36:13 +0900,Central Time (US & Canada),13156,romeyswanson,Romey Swanson,2018-06-11 13:05:43 +0900,2018-06-12 01:53:56 +0900,research,CC-BY-NC,https://www.inaturalist.org/observations/13324210,https://inaturalist-open-data.s3.amazonaws.com/photos/19519445/medium.jpg,NA,NA,NA,2,0,FALSE,3,"TX-118, Alpine, TX, US",29.3174062919,-103.5293744795,24,NA,NA,NA,24,NA,open,FALSE,NA,NA,Red-spotted Toad,Anaxyrus punctatus,Red-spotted Toad,Amphibia,64984
13324239,e00da77c-d957-4f7b-be35-787b65df7475,Fri Jun 08 2018 23:17:25 GMT-0500 (CDT),2018-06-08,2018-06-09 13:17:25 +0900,Central Time (US & Canada),13156,romeyswanson,Romey Swanson,2018-06-11 13:06:44 +0900,2018-06-12 01:52:06 +0900,research,CC-BY-NC,https://www.inaturalist.org/observations/13324239,https://inaturalist-open-data.s3.amazonaws.com/photos/19519478/medium.jpg,NA,NA,"After shower, several noted",2,0,FALSE,3,"Presidio County, US-TX, US",29.2723270795,-103.8186065596,16,NA,NA,NA,16,NA,open,FALSE,NA,NA,Red-spotted Toad,Anaxyrus punctatus,Red-spotted Toad,Amphibia,64984
13355556,9bb5aa64-7da9-450f-9398-9c8683133f3a,2018-06-08 21:40:00,2018-06-08,2018-06-09 11:40:00 +0900,Central Time (US & Canada),710938,paul_crump,Paul Crump,2018-06-12 12:14:41 +0900,2019-05-09 11:38:41 +0900,research,CC-BY-NC,https://www.inaturalist.org/observations/13355556,https://inaturalist-open-data.s3.amazonaws.com/photos/19576091/medium.jpg,NA,NA,NA,1,0,FALSE,NA,"Presidio County, US-TX, US",30.076548,-104.451721,8,NA,NA,NA,8,NA,open,FALSE,NA,NA,Red-spotted Toad,Anaxyrus punctatus,Red-spotted Toad,Amphibia,64984
13418352,633be35f-8e42-48c9-9e93-e6b197ec433c,Wed Jun 13 2018 22:56:01 GMT-0500 (CDT),2018-06-13,2018-06-14 12:56:01 +0900,Central Time (US & Canada),848007,coldbloodedcamera,Nathan Hall,2018-06-14 16:53:08 +0900,2018-06-14 22:50:43 +0900,research,NA,https://www.inaturalist.org/observations/13418352,https://static.inaturalist.org/photos/19687587/medium.jpg,NA,NA,NA,1,0,FALSE,3,"TX-118, Alpine, TX, US",29.493375,-103.5345916667,12,NA,NA,NA,12,NA,open,FALSE,NA,NA,Red-spotted Toad,Anaxyrus punctatus,Red-spotted Toad,Amphibia,64984
13459378,76b57f5a-5db2-4131-b448-cab3023237cb,2017/07/16 8:39 AM CDT,2017-07-16,2017-07-16 22:39:00 +0900,Central Time (US & Canada),488003,mattbuckingham,NA,2018-06-16 05:15:13 +0900,2018-06-16 07:00:44 +0900,research,NA,https://www.inaturalist.org/observations/13459378,https://static.inaturalist.org/photos/19758169/medium.jpg,NA,NA,NA,2,0,FALSE,NA,"Jeff Davis County, US-TX, US",30.6620543215,-104.1314490081,8,NA,NA,NA,29330,obscured,open,TRUE,NA,NA,Red-spotted Toad,Anaxyrus punctatus,Red-spotted Toad,Amphibia,64984
13519221,5b4246f9-57cc-4db1-977e-00a07f682aec,Sat Jun 16 2018 21:30:40 GMT-0500 (CDT),2018-06-16,2018-06-17 11:30:40 +0900,Central Time (US & Canada),848007,coldbloodedcamera,Nathan Hall,2018-06-18 01:28:02 +0900,2018-06-18 01:30:47 +0900,research,NA,https://www.inaturalist.org/observations/13519221,https://static.inaturalist.org/photos/19864193/medium.jpg,NA,NA,NA,1,0,FALSE,3,"Big Bend Ranch State Park, Marfa, TX, US",29.3169366667,-103.9719616667,16,NA,NA,NA,16,NA,open,FALSE,NA,NA,Red-spotted Toad,Anaxyrus punctatus,Red-spotted Toad,Amphibia,64984
13573526,5f548837-cbc0-47ee-b1c9-0a0e8e1205b3,Mon Jun 18 2018 21:30:46 GMT-0500 (CDT),2018-06-18,2018-06-19 11:30:46 +0900,Central Time (US & Canada),21609,trans-pecos-herpetology,R. Reed McClure,2018-06-19 14:36:02 +0900,2018-06-19 22:17:03 +0900,research,NA,https://www.inaturalist.org/observations/13573526,https://static.inaturalist.org/photos/19961973/medium.jpg,NA,NA,NA,1,0,FALSE,3,"Texas, US",30.6223454171,-103.9324102553,5,"Davis Mountains State Park, Fort Davis, TX, US",30.60312,-103.9393466667,29330,obscured,open,TRUE,NA,NA,Red-spotted Toad,Anaxyrus punctatus,Red-spotted Toad,Amphibia,64984
13764125,6c7bed82-0f1d-4c12-8804-b4b876314c7f,Thu Jul 05 2012 16:29:31 GMT-0500 (CDT),2012-07-05,2012-07-06 06:29:31 +0900,Central Time (US & Canada),516944,jlassiter,NA,2018-06-25 14:37:05 +0900,2018-06-25 21:09:48 +0900,research,NA,https://www.inaturalist.org/observations/13764125,https://static.inaturalist.org/photos/20292685/medium.jpg,NA,NA,NA,1,0,FALSE,3,"3655–3757 FM 1217, Dryden, TX, US",30.4482607027,-101.8358129587,128,NA,NA,NA,128,NA,open,FALSE,NA,NA,Red-spotted Toad,Anaxyrus punctatus,Red-spotted Toad,Amphibia,64984
14065473,adfb5b21-cfbc-4985-a063-215ced4005fa,2018-07-03 1:40:45 AM CDT,2018-07-03,2018-07-03 15:40:45 +0900,Central Time (US & Canada),34495,troyhibbitts,Troy Hibbitts,2018-07-05 14:07:12 +0900,2018-07-08 22:21:17 +0900,research,NA,https://www.inaturalist.org/observations/14065473,https://static.inaturalist.org/photos/20817899/medium.jpeg,NA,NA,NA,2,0,FALSE,2,"TPWD Davis Mountains State Park, Jeff Davis County, US-TX, US",30.59904017,-103.92158571,6,NA,NA,NA,6,NA,open,FALSE,NA,NA,Red-spotted Toad,Anaxyrus punctatus,Red-spotted Toad,Amphibia,64984
14106682,65f8e686-873d-43ec-ac04-3fd5a952b025,Thu Jul 05 2018 22:00:25 GMT-0500 (CDT),2018-07-05,2018-07-06 12:00:25 +0900,Central Time (US & Canada),21609,trans-pecos-herpetology,R. Reed McClure,2018-07-07 01:50:19 +0900,2021-07-29 10:40:52 +0900,research,NA,https://www.inaturalist.org/observations/14106682,https://static.inaturalist.org/photos/20892431/medium.jpg,NA,NA,NA,1,0,FALSE,3,"Texas, US",29.6044382737,-103.5228612078,5,"State Highway 118, Alpine, TX, US",29.6056883333,-103.56357,29458,obscured,open,TRUE,NA,NA,Red-spotted Toad,Anaxyrus punctatus,Red-spotted Toad,Amphibia,64984
14106716,5145f257-d3c6-4987-8328-766373bd90d4,Thu Jul 05 2018 22:00:44 GMT-0500 (CDT),2018-07-05,2018-07-06 12:00:44 +0900,Central Time (US & Canada),21609,trans-pecos-herpetology,R. Reed McClure,2018-07-07 01:51:36 +0900,2021-07-29 10:41:04 +0900,research,NA,https://www.inaturalist.org/observations/14106716,https://static.inaturalist.org/photos/20892511/medium.jpg,NA,NA,NA,1,0,FALSE,3,"Texas, US",29.7326798292,-103.508759648,5,"State Highway 118, Alpine, TX, US",29.6056833333,-103.5635833333,29458,obscured,open,TRUE,NA,NA,Red-spotted Toad,Anaxyrus punctatus,Red-spotted Toad,Amphibia,64984
14106732,b6237757-8489-4a41-a3af-71924598de7c,Thu Jul 05 2018 22:01:42 GMT-0500 (CDT),2018-07-05,2018-07-06 12:01:42 +0900,Central Time (US & Canada),21609,trans-pecos-herpetology,R. Reed McClure,2018-07-07 01:52:08 +0900,2021-07-29 10:41:11 +0900,research,NA,https://www.inaturalist.org/observations/14106732,https://static.inaturalist.org/photos/20892536/medium.jpg,NA,NA,NA,1,0,FALSE,3,"Texas, US",29.7422559727,-103.5303541356,5,"State Highway 118, Alpine, TX, US",29.605855,-103.5636283333,29458,obscured,open,TRUE,NA,NA,Red-spotted Toad,Anaxyrus punctatus,Red-spotted Toad,Amphibia,64984
14106796,6ce16ecc-42be-4dc4-9f63-691bc469fb82,Thu Jul 05 2018 22:04:11 GMT-0500 (CDT),2018-07-05,2018-07-06 12:04:11 +0900,Central Time (US & Canada),21609,trans-pecos-herpetology,R. Reed McClure,2018-07-07 01:53:50 +0900,2021-07-29 10:41:25 +0900,research,NA,https://www.inaturalist.org/observations/14106796,https://static.inaturalist.org/photos/20892637/medium.jpg,NA,NA,NA,1,0,FALSE,3,"Texas, US",29.7072120512,-103.5205055065,5,"State Highway 118, Alpine, TX, US",29.60548,-103.5633166667,29458,obscured,open,TRUE,NA,NA,Red-spotted Toad,Anaxyrus punctatus,Red-spotted Toad,Amphibia,64984
14107331,c6712c8e-60bc-4fde-86cb-da7c288bfb9c,Fri Jul 06 2018 03:27:05 GMT-0500 (CDT),2018-07-06,2018-07-06 17:27:05 +0900,Central Time (US & Canada),21609,trans-pecos-herpetology,R. Reed McClure,2018-07-07 02:09:42 +0900,2021-07-29 10:45:53 +0900,research,NA,https://www.inaturalist.org/observations/14107331,https://static.inaturalist.org/photos/20893642/medium.jpg,NA,NA,NA,2,0,FALSE,3,"Brewster County, US-TX, US",29.4674459135,-103.4565260252,5,"TX-118, Alpine, TX, US",29.43203,-103.507195,29483,obscured,open,TRUE,NA,NA,Red-spotted Toad,Anaxyrus punctatus,Red-spotted Toad,Amphibia,64984
14107343,eeaff964-0b14-4cb3-b6dd-c99f1c29b582,Fri Jul 06 2018 03:57:49 GMT-0500 (CDT),2018-07-06,2018-07-06 17:57:49 +0900,Central Time (US & Canada),21609,trans-pecos-herpetology,R. Reed McClure,2018-07-07 02:10:02 +0900,2021-07-29 10:45:59 +0900,research,NA,https://www.inaturalist.org/observations/14107343,https://static.inaturalist.org/photos/20893663/medium.jpg,NA,NA,NA,2,0,FALSE,3,"Texas, US",29.693301258,-103.4413983899,5,"State Highway 118, Alpine, TX, US",29.6556083333,-103.5839383333,29458,obscured,open,TRUE,NA,NA,Red-spotted Toad,Anaxyrus punctatus,Red-spotted Toad,Amphibia,64984
14189019,b59c749d-8d1b-4984-b5b6-3ba8ef9a3d04,2018/07/08 8:55 AM CDT,2018-07-08,2018-07-08 22:55:00 +0900,Central Time (US & Canada),115786,oddfitz,Todd Fitzgerald,2018-07-09 11:24:45 +0900,2018-07-09 13:40:49 +0900,research,CC-BY-NC,https://www.inaturalist.org/observations/14189019,https://inaturalist-open-data.s3.amazonaws.com/photos/21040797/medium.jpeg,NA,NA,"Small wet-weather tank was overrun with what appears to be juvenile Texas, Green, Red-spot and Western Narrowmouth toads.",1,0,FALSE,NA,"Kent County, TX, USA",33.0350416977,-100.5238006032,4,NA,NA,NA,4,NA,open,FALSE,NA,NA,Red-spotted Toad,Anaxyrus punctatus,Red-spotted Toad,Amphibia,64984
14250016,012598a6-9f5d-4fe7-b80d-04a50bcf91ce,Tue Jul 10 2018 21:41:49 GMT-0500 (CDT),2018-07-10,2018-07-11 11:41:49 +0900,Central Time (US & Canada),206492,wild-about-texas,Michael Price,2018-07-11 12:25:15 +0900,2023-07-07 08:04:39 +0900,research,CC-BY-NC,https://www.inaturalist.org/observations/14250016,https://inaturalist-open-data.s3.amazonaws.com/photos/21149694/medium.jpg,NA,NA,NA,2,0,FALSE,3,"Brewster County, US-TX, US",30.0576010393,-103.5834277143,5,NA,NA,NA,5,NA,open,FALSE,NA,NA,Red-spotted Toad,Anaxyrus punctatus,Red-spotted Toad,Amphibia,64984
14250030,6e8d9754-0af7-4c76-b01a-15ca2e8ec793,Tue Jul 10 2018 21:58:01 GMT-0500 (CDT),2018-07-10,2018-07-11 11:58:01 +0900,Central Time (US & Canada),206492,wild-about-texas,Michael Price,2018-07-11 12:26:04 +0900,2023-07-07 08:04:43 +0900,research,CC-BY-NC,https://www.inaturalist.org/observations/14250030,https://inaturalist-open-data.s3.amazonaws.com/photos/21149716/medium.jpg,NA,NA,NA,1,0,FALSE,3,"Brewster County, US-TX, US",30.0991613651,-103.5963292235,5,NA,NA,NA,5,NA,open,FALSE,NA,NA,Red-spotted Toad,Anaxyrus punctatus,Red-spotted Toad,Amphibia,64984
14340698,3feafa7c-d6dd-4c3d-b591-84f25fcd113a,Sat Jul 14 2018 00:07:34 GMT-0500 (CDT),2018-07-14,2018-07-14 14:07:34 +0900,Central Time (US & Canada),21609,trans-pecos-herpetology,R. Reed McClure,2018-07-14 16:28:52 +0900,2021-07-29 10:46:47 +0900,research,NA,https://www.inaturalist.org/observations/14340698,https://static.inaturalist.org/photos/21309498/medium.jpg,NA,NA,NA,1,0,FALSE,3,"Texas, US",30.6888409448,-103.9006904345,10,"42690–42814 State Highway 118, Fort Davis, TX, US",30.6080333333,-103.9674133333,29330,obscured,open,TRUE,NA,NA,Red-spotted Toad,Anaxyrus punctatus,Red-spotted Toad,Amphibia,64984
14396193,68a5ef7b-28ac-4141-8324-3154e4d6b1cf,Fri Jul 13 2018 21:28:51 GMT-0500 (CDT),2018-07-13,2018-07-14 11:28:51 +0900,Central Time (US & Canada),246668,rachelchiroptera,NA,2018-07-16 07:18:07 +0900,2018-07-16 08:32:33 +0900,research,CC-BY-NC,https://www.inaturalist.org/observations/14396193,https://inaturalist-open-data.s3.amazonaws.com/photos/21410417/medium.jpg,NA,NA,NA,1,0,FALSE,3,"Davis Mountains State Park, Fort Davis, TX, US",30.5932883333,-103.9391116667,5,NA,NA,NA,5,NA,open,FALSE,NA,NA,Red-spotted Toad,Anaxyrus punctatus,Red-spotted Toad,Amphibia,64984
14627528,88ea607e-654d-4f20-b856-70e5f0b8682a,2017-03-14 9:13:22 PM EDT,2017-03-14,2017-03-15 10:13:22 +0900,Eastern Time (US & Canada),318224,laurenschramm,Lauren Schramm,2018-07-23 10:17:30 +0900,2018-07-23 12:16:12 +0900,research,CC-BY-NC,https://www.inaturalist.org/observations/14627528,https://inaturalist-open-data.s3.amazonaws.com/photos/21812389/medium.jpeg,NA,NA,NA,1,0,FALSE,2,"Big Bend National Park, TX 79834, USA",29.2239574727,-103.238622956,11154,NA,NA,NA,11154,NA,open,FALSE,gps,gps,Red-spotted Toad,Anaxyrus punctatus,Red-spotted Toad,Amphibia,64984
14950473,27b8091f-7c22-4648-9613-2ad0b82b6f7e,Sun Jul 29 2018 23:09:47 GMT-0500 (CDT),2018-07-29,2018-07-30 13:09:47 +0900,Central Time (US & Canada),21609,trans-pecos-herpetology,R. Reed McClure,2018-07-31 01:22:52 +0900,2018-07-31 10:40:53 +0900,research,NA,https://www.inaturalist.org/observations/14950473,https://static.inaturalist.org/photos/22302040/medium.jpg,NA,NA,NA,3,0,FALSE,3,"Presidio County, US-TX, US",30.3974199805,-104.2505892462,5,"Pinto Canyon Rd, Marfa, TX, US",30.2049033333,-104.228455,29382,obscured,open,TRUE,NA,NA,Red-spotted Toad,Anaxyrus punctatus,Red-spotted Toad,Amphibia,64984
14996907,082dcfac-6575-4e84-8fbb-f0ca640002cb,Tue Jul 24 2018 23:24:19 GMT-0500 (CDT),2018-07-24,2018-07-25 13:24:19 +0900,Central Time (US & Canada),456794,drew_harvey,Drew Harvey,2018-08-01 06:15:10 +0900,2018-08-02 00:05:00 +0900,research,NA,https://www.inaturalist.org/observations/14996907,https://static.inaturalist.org/photos/22372988/medium.jpg,NA,NA,Flipped 53 red spotted roads in 5 minutes,2,0,FALSE,3,"79734, Fort Davis, TX, US",30.6359966667,-103.9478,24,NA,NA,NA,24,NA,open,FALSE,NA,NA,Red-spotted Toad,Anaxyrus punctatus,Red-spotted Toad,Amphibia,64984
15089586,226544f4-9175-4336-b5b3-2bbd42fb81a5,Thu Jul 19 2018 12:46:15 GMT-0500 (CDT),2018-07-19,2018-07-20 02:46:15 +0900,Central Time (US & Canada),317487,thedlund,NA,2018-08-04 09:21:10 +0900,2018-08-05 23:54:35 +0900,research,CC-BY-NC,https://www.inaturalist.org/observations/15089586,https://inaturalist-open-data.s3.amazonaws.com/photos/22536596/medium.jpg,NA,NA,NA,1,0,FALSE,3,"TX-118, Fort Davis, TX, US",30.6419966667,-104.0180583333,5,NA,NA,NA,5,NA,open,FALSE,NA,NA,Red-spotted Toad,Anaxyrus punctatus,Red-spotted Toad,Amphibia,64984
15254256,f6fd6534-bda5-4c0b-825b-d1ffe78fa3e0,Wed Aug 08 2018 21:00:08 GMT-0500 (CDT),2018-08-08,2018-08-09 11:00:08 +0900,Central Time (US & Canada),18365,timcole,NA,2018-08-09 14:00:32 +0900,2018-08-12 05:56:03 +0900,research,CC-BY-NC,https://www.inaturalist.org/observations/15254256,https://inaturalist-open-data.s3.amazonaws.com/photos/22823976/medium.jpg,NA,NA,NA,3,0,FALSE,3,"Davis Mountains State Park, Fort Davis, TX, US",30.599525,-103.9311833333,5,NA,NA,NA,5,NA,open,FALSE,NA,NA,Red-spotted Toad,Anaxyrus punctatus,Red-spotted Toad,Amphibia,64984
15255104,1fb884ab-06e7-440d-a2b1-3937978423ff,Wed Aug 08 2018 21:00:07 GMT-0500 (CDT),2018-08-08,2018-08-09 11:00:07 +0900,Central Time (US & Canada),21609,trans-pecos-herpetology,R. Reed McClure,2018-08-09 15:16:57 +0900,2018-08-09 21:27:35 +0900,research,NA,https://www.inaturalist.org/observations/15255104,https://static.inaturalist.org/photos/22825554/medium.jpg,NA,NA,NA,1,0,FALSE,3,"Texas, US",30.5712646327,-103.9750575327,10,"Davis Mountains State Park, Fort Davis, TX, US",30.599525,-103.9311833333,29356,obscured,open,TRUE,NA,NA,Red-spotted Toad,Anaxyrus punctatus,Red-spotted Toad,Amphibia,64984
15255117,21db19c5-b432-4a22-a2a9-f35773a3669b,Wed Aug 08 2018 21:16:13 GMT-0500 (CDT),2018-08-08,2018-08-09 11:16:13 +0900,Central Time (US & Canada),21609,trans-pecos-herpetology,R. Reed McClure,2018-08-09 15:17:55 +0900,2018-08-09 21:27:17 +0900,research,NA,https://www.inaturalist.org/observations/15255117,https://static.inaturalist.org/photos/22825587/medium.jpg,NA,NA,NA,1,0,FALSE,3,"Texas, US",30.6137466515,-103.9059802255,30,"Davis Mountains State Park, Fort Davis, TX, US",30.600005,-103.9331283333,29330,obscured,open,TRUE,NA,NA,Red-spotted Toad,Anaxyrus punctatus,Red-spotted Toad,Amphibia,64984
15255125,185208fe-2211-41be-bd0b-2fd8d8c37fa7,Wed Aug 08 2018 22:25:37 GMT-0500 (CDT),2018-08-08,2018-08-09 12:25:37 +0900,Central Time (US & Canada),21609,trans-pecos-herpetology,R. Reed McClure,2018-08-09 15:18:50 +0900,2018-08-09 21:27:10 +0900,research,NA,https://www.inaturalist.org/observations/15255125,https://static.inaturalist.org/photos/22825606/medium.jpg,NA,NA,NA,1,0,FALSE,3,"Texas, US",30.7858457679,-103.839958717,5,"Davis Mountains State Park, Fort Davis, TX, US",30.6021666667,-103.938705,29330,obscured,open,TRUE,NA,NA,Red-spotted Toad,Anaxyrus punctatus,Red-spotted Toad,Amphibia,64984
15367494,ae387bb0-8083-41ed-b91f-80a7082713e5,2018-08-11 9:10:49 PM CDT,2018-08-11,2018-08-12 11:10:49 +0900,Central Time (US & Canada),34495,troyhibbitts,Troy Hibbitts,2018-08-13 07:41:40 +0900,2018-09-01 09:21:01 +0900,research,NA,https://www.inaturalist.org/observations/15367494,https://static.inaturalist.org/photos/23026247/medium.jpeg,NA,NA,NA,2,0,FALSE,2,"Brewster County, US-TX, US",29.55504602,-102.94676649,6,NA,NA,NA,6,NA,open,FALSE,NA,NA,Red-spotted Toad,Anaxyrus punctatus,Red-spotted Toad,Amphibia,64984
15374616,d7b92560-afe2-4367-8c0d-f3ee941d4881,Sun Aug 12 2018 09:55:16 GMT-0500 (CDT),2018-08-12,2018-08-12 23:55:16 +0900,Central Time (US & Canada),133749,jedi_biologist,John J. MacFarlane III,2018-08-13 10:45:56 +0900,2018-08-23 04:54:34 +0900,research,NA,https://www.inaturalist.org/observations/15374616,https://static.inaturalist.org/photos/23038439/medium.jpg,NA,NA,NA,3,0,FALSE,3,"Davis Mountains State Park, Fort Davis, TX, US",30.5977116667,-103.92907,5,NA,NA,NA,5,NA,open,FALSE,NA,NA,Red-spotted Toad,Anaxyrus punctatus,Red-spotted Toad,Amphibia,64984
15387287,aa653fcf-4086-414c-b9ee-0b9b1a3ef779,Fri Aug 10 2018 16:19:58 GMT-0500 (CDT),2018-08-10,2018-08-11 06:19:58 +0900,Central Time (US & Canada),13156,romeyswanson,Romey Swanson,2018-08-13 23:30:07 +0900,2018-08-14 00:40:58 +0900,research,CC-BY-NC,https://www.inaturalist.org/observations/15387287,https://inaturalist-open-data.s3.amazonaws.com/photos/23061274/medium.jpg,NA,NA,NA,2,0,FALSE,3,"Jeff Davis County, US-TX, US",30.7010230135,-104.1148027243,16,NA,NA,NA,16,NA,open,FALSE,NA,NA,Red-spotted Toad,Anaxyrus punctatus,Red-spotted Toad,Amphibia,64984
15387330,2c9106ec-47fe-4cba-98e2-321fd8f05183,Sat Aug 11 2018 21:22:17 GMT-0500 (CDT),2018-08-11,2018-08-12 11:22:17 +0900,Central Time (US & Canada),13156,romeyswanson,Romey Swanson,2018-08-13 23:30:43 +0900,2018-08-14 00:41:08 +0900,research,CC-BY-NC,https://www.inaturalist.org/observations/15387330,https://inaturalist-open-data.s3.amazonaws.com/photos/23061305/medium.jpg,NA,NA,11 individuals counted from campground to the end of skyline drive,2,0,FALSE,3,"TPWD Davis Mountains State Park, Jeff Davis County, US-TX, US",30.5965427419,-103.9321129785,24,NA,NA,NA,24,NA,open,FALSE,NA,NA,Red-spotted Toad,Anaxyrus punctatus,Red-spotted Toad,Amphibia,64984
15396354,9fc514df-303a-4fee-9814-ad9c9e589185,2018-08-11 12:08:54 AM CDT,2018-08-11,2018-08-11 14:08:54 +0900,Central Time (US & Canada),108119,dbh,David Heckard,2018-08-14 04:16:39 +0900,2019-07-29 14:48:49 +0900,research,CC-BY-NC,https://www.inaturalist.org/observations/15396354,https://inaturalist-open-data.s3.amazonaws.com/photos/23077619/medium.jpeg,NA,NA,NA,2,0,FALSE,2,"Texas, US",31.9932540653,-104.8768244483,10,NA,NA,NA,29173,obscured,open,TRUE,NA,NA,Red-spotted Toad,Anaxyrus punctatus,Red-spotted Toad,Amphibia,64984
15500319,e245b41b-764a-4cc8-979f-03366e9660f6,Wed Jul 18 2018 22:58:29 GMT-0500 (CDT),2018-07-18,2018-07-19 12:58:29 +0900,Central Time (US & Canada),531326,sdtx,Sonia Duran,2018-08-17 04:13:41 +0900,2018-09-12 23:39:49 +0900,research,NA,https://www.inaturalist.org/observations/15500319,https://static.inaturalist.org/photos/23242477/medium.jpg,NA,NA,NA,2,0,FALSE,3,"Big Bend National Park, Alpine, TX, US",29.5220083333,-103.0482111667,5,NA,NA,NA,5,NA,open,FALSE,NA,NA,Red-spotted Toad,Anaxyrus punctatus,Red-spotted Toad,Amphibia,64984
15500626,3fd8a8d4-1e66-4142-bb41-3e23a1cbc282,Tue Jul 17 2018 10:30:02 GMT-0500 (CDT),2018-07-17,2018-07-18 00:30:02 +0900,Central Time (US & Canada),531326,sdtx,Sonia Duran,2018-08-17 04:19:30 +0900,2018-08-27 02:30:18 +0900,research,NA,https://www.inaturalist.org/observations/15500626,https://static.inaturalist.org/photos/23242834/medium.jpg,NA,NA,NA,2,0,FALSE,3,"Davis Mountains State Park, Fort Davis, TX, US",30.59292,-103.9400716667,5,NA,NA,NA,5,NA,open,FALSE,NA,NA,Red-spotted Toad,Anaxyrus punctatus,Red-spotted Toad,Amphibia,64984
15603691,d4acc880-632e-4950-ac26-60520c4f916f,Fri Aug 17 2018 21:15:40 GMT-0500 (CDT),2018-08-17,2018-08-18 11:15:40 +0900,Central Time (US & Canada),21609,trans-pecos-herpetology,R. Reed McClure,2018-08-18 12:41:20 +0900,2021-08-03 11:55:44 +0900,research,NA,https://www.inaturalist.org/observations/15603691,https://static.inaturalist.org/photos/23327189/medium.jpg,NA,NA,NA,1,0,FALSE,3,"Texas, US",30.4988765797,-103.9556354661,5,"NW Military Rd, Fort Davis, TX, US",30.5960633333,-103.8787466667,29356,obscured,open,TRUE,NA,NA,Red-spotted Toad,Anaxyrus punctatus,Red-spotted Toad,Amphibia,64984
15968268,3f5e6751-3050-4e2e-a6d5-b2940e0d8469,Mon Aug 27 2018 20:38:34 GMT-0500 (CDT),2018-08-27,2018-08-28 10:38:34 +0900,Central Time (US & Canada),21609,trans-pecos-herpetology,R. Reed McClure,2018-08-28 15:21:59 +0900,2024-10-21 04:18:28 +0900,research,NA,https://www.inaturalist.org/observations/15968268,https://static.inaturalist.org/photos/23902136/medium.jpg,NA,NA,NA,1,0,FALSE,3,"Texas, US",30.6898601885,-103.8055618647,5,"42635–42689 State Highway 118, Fort Davis, TX, US",30.6060716667,-103.9753283333,29330,obscured,open,TRUE,NA,NA,Red-spotted Toad,Anaxyrus punctatus,Red-spotted Toad,Amphibia,64984
15968282,9f710fd8-6654-4bf2-9957-df1daf01360c,Mon Aug 27 2018 20:41:40 GMT-0500 (CDT),2018-08-27,2018-08-28 10:41:40 +0900,Central Time (US & Canada),21609,trans-pecos-herpetology,R. Reed McClure,2018-08-28 15:22:30 +0900,2021-08-03 12:01:19 +0900,research,NA,https://www.inaturalist.org/observations/15968282,https://static.inaturalist.org/photos/23902142/medium.jpg,NA,NA,NA,1,0,FALSE,3,"Texas, US",30.6133251007,-103.8546202041,5,"42525–42633 State Highway 118, Fort Davis, TX, US",30.6090033333,-103.9897466667,29330,obscured,open,TRUE,NA,NA,Red-spotted Toad,Anaxyrus punctatus,Red-spotted Toad,Amphibia,64984
15968293,05192281-88c5-4fc9-ab5b-bf4a0f57dcda,Mon Aug 27 2018 20:56:08 GMT-0500 (CDT),2018-08-27,2018-08-28 10:56:08 +0900,Central Time (US & Canada),21609,trans-pecos-herpetology,R. Reed McClure,2018-08-28 15:24:32 +0900,2021-08-03 12:01:37 +0900,research,NA,https://www.inaturalist.org/observations/15968293,https://static.inaturalist.org/photos/23902181/medium.jpg,NA,NA,NA,1,0,FALSE,3,"Jeff Davis County, US-TX, US",30.7030892593,-104.1018259816,5,"TX-118, Fort Davis, TX, US",30.6449,-104.0184471667,29330,obscured,open,TRUE,NA,NA,Red-spotted Toad,Anaxyrus punctatus,Red-spotted Toad,Amphibia,64984
15968304,ffc87324-7a92-4be3-91e0-42ba48aaf46c,Mon Aug 27 2018 21:18:44 GMT-0500 (CDT),2018-08-27,2018-08-28 11:18:44 +0900,Central Time (US & Canada),21609,trans-pecos-herpetology,R. Reed McClure,2018-08-28 15:26:08 +0900,2021-08-03 12:01:49 +0900,research,NA,https://www.inaturalist.org/observations/15968304,https://static.inaturalist.org/photos/23902218/medium.jpg,NA,NA,NA,1,0,FALSE,3,"Jeff Davis County, US-TX, US",30.7893481545,-104.0964085429,5,"State Highway 118, Fort Davis, TX, US",30.6863033333,-104.0544888333,29330,obscured,open,TRUE,NA,NA,Red-spotted Toad,Anaxyrus punctatus,Red-spotted Toad,Amphibia,64984
15968341,18fea2cd-92ee-43f3-b0f9-494587b2794a,Mon Aug 27 2018 21:27:16 GMT-0500 (CDT),2018-08-27,2018-08-28 11:27:16 +0900,Central Time (US & Canada),21609,trans-pecos-herpetology,R. Reed McClure,2018-08-28 15:27:38 +0900,2021-08-03 12:02:02 +0900,research,NA,https://www.inaturalist.org/observations/15968341,https://static.inaturalist.org/photos/23902238/medium.jpg,NA,NA,NA,1,0,FALSE,3,"Jeff Davis County, US-TX, US",30.6189573313,-104.1951976411,5,"State Highway 118, Fort Davis, TX, US",30.6859116667,-104.0555278333,29330,obscured,open,TRUE,NA,NA,Red-spotted Toad,Anaxyrus punctatus,Red-spotted Toad,Amphibia,64984
15968358,17b78558-b1d2-4cd7-bb15-c7e2a3f84f76,Mon Aug 27 2018 21:43:06 GMT-0500 (CDT),2018-08-27,2018-08-28 11:43:06 +0900,Central Time (US & Canada),21609,trans-pecos-herpetology,R. Reed McClure,2018-08-28 15:28:05 +0900,2021-08-03 12:02:08 +0900,research,NA,https://www.inaturalist.org/observations/15968358,https://static.inaturalist.org/photos/23902244/medium.jpg,NA,NA,NA,1,0,FALSE,3,"Jeff Davis County, US-TX, US",30.7373010899,-104.0352677113,5,"TX-118, Fort Davis, TX, US",30.65803,-104.0215388333,29330,obscured,open,TRUE,NA,NA,Red-spotted Toad,Anaxyrus punctatus,Red-spotted Toad,Amphibia,64984
15968363,cc460618-9c0c-451a-b7c6-3828dfd50b64,Mon Aug 27 2018 21:53:12 GMT-0500 (CDT),2018-08-27,2018-08-28 11:53:12 +0900,Central Time (US & Canada),21609,trans-pecos-herpetology,R. Reed McClure,2018-08-28 15:28:40 +0900,2021-08-03 12:02:16 +0900,research,NA,https://www.inaturalist.org/observations/15968363,https://static.inaturalist.org/photos/23902252/medium.jpg,NA,NA,NA,1,0,FALSE,3,"Texas, US",30.7421499857,-104.1605935844,5,NA,NA,NA,29330,obscured,open,TRUE,NA,NA,Red-spotted Toad,Anaxyrus punctatus,Red-spotted Toad,Amphibia,64984
15968368,e11923d4-8071-45ef-bb06-0b090e7665f8,Mon Aug 27 2018 21:53:34 GMT-0500 (CDT),2018-08-27,2018-08-28 11:53:34 +0900,Central Time (US & Canada),21609,trans-pecos-herpetology,R. Reed McClure,2018-08-28 15:29:06 +0900,2021-08-03 12:02:22 +0900,research,NA,https://www.inaturalist.org/observations/15968368,https://static.inaturalist.org/photos/23902257/medium.jpg,NA,NA,NA,1,0,FALSE,3,"Texas, US",30.665160572,-104.1642209747,5,"TX-118, Fort Davis, TX, US",30.625275,-104.0111,29330,obscured,open,TRUE,NA,NA,Red-spotted Toad,Anaxyrus punctatus,Red-spotted Toad,Amphibia,64984
15968376,dff38480-2c8e-4389-a5ea-48222d724a9a,Mon Aug 27 2018 21:59:18 GMT-0500 (CDT),2018-08-27,2018-08-28 11:59:18 +0900,Central Time (US & Canada),21609,trans-pecos-herpetology,R. Reed McClure,2018-08-28 15:30:27 +0900,2021-08-03 12:02:37 +0900,research,NA,https://www.inaturalist.org/observations/15968376,https://static.inaturalist.org/photos/23902280/medium.jpg,NA,NA,NA,1,0,FALSE,3,"Texas, US",30.6003594098,-104.1236246868,5,"42417–42457 State Highway 118, Fort Davis, TX, US",30.6126166667,-104.0000527778,29330,obscured,open,TRUE,NA,NA,Red-spotted Toad,Anaxyrus punctatus,Red-spotted Toad,Amphibia,64984
15968382,4aa5a0e4-b289-498d-b267-a7a9bfd59170,Mon Aug 27 2018 22:24:35 GMT-0500 (CDT),2018-08-27,2018-08-28 12:24:35 +0900,Central Time (US & Canada),21609,trans-pecos-herpetology,R. Reed McClure,2018-08-28 15:31:22 +0900,2024-10-21 04:18:28 +0900,research,NA,https://www.inaturalist.org/observations/15968382,https://static.inaturalist.org/photos/23902303/medium.jpg,NA,NA,NA,2,0,FALSE,3,"Texas, US",30.6117668324,-103.9129019408,5,"42817–42899 State Highway 118, Fort Davis, TX, US",30.60777,-103.9559383333,29330,obscured,open,TRUE,NA,NA,Red-spotted Toad,Anaxyrus punctatus,Red-spotted Toad,Amphibia,64984
15968388,25627f09-9d08-4fa6-816b-c7d1e6048fde,Mon Aug 27 2018 22:26:49 GMT-0500 (CDT),2018-08-27,2018-08-28 12:26:49 +0900,Central Time (US & Canada),21609,trans-pecos-herpetology,R. Reed McClure,2018-08-28 15:32:17 +0900,2021-08-03 12:02:51 +0900,research,NA,https://www.inaturalist.org/observations/15968388,https://static.inaturalist.org/photos/23902310/medium.jpg,NA,NA,NA,2,0,FALSE,3,"Texas, US",30.6620695102,-103.9196215737,5,"42817–42899 State Highway 118, Fort Davis, TX, US",30.6057333333,-103.950005,29330,obscured,open,TRUE,NA,NA,Red-spotted Toad,Anaxyrus punctatus,Red-spotted Toad,Amphibia,64984
15968391,0f35178d-1c39-42a5-9182-ea25d731cbda,Mon Aug 27 2018 22:26:56 GMT-0500 (CDT),2018-08-27,2018-08-28 12:26:56 +0900,Central Time (US & Canada),21609,trans-pecos-herpetology,R. Reed McClure,2018-08-28 15:32:50 +0900,2024-10-21 04:18:27 +0900,research,NA,https://www.inaturalist.org/observations/15968391,https://static.inaturalist.org/photos/23902317/medium.jpg,NA,NA,NA,2,0,FALSE,3,"Texas, US",30.6750007396,-103.9441096999,5,"42817–42899 State Highway 118, Fort Davis, TX, US",30.6056416667,-103.9498966667,29330,obscured,open,TRUE,NA,NA,Red-spotted Toad,Anaxyrus punctatus,Red-spotted Toad,Amphibia,64984
15968393,5b33c22b-df65-43a3-9489-21c9cbbb4dd5,Mon Aug 27 2018 22:27:42 GMT-0500 (CDT),2018-08-27,2018-08-28 12:27:42 +0900,Central Time (US & Canada),21609,trans-pecos-herpetology,R. Reed McClure,2018-08-28 15:33:24 +0900,2024-10-21 04:18:27 +0900,research,NA,https://www.inaturalist.org/observations/15968393,https://static.inaturalist.org/photos/23902327/medium.jpg,NA,NA,NA,2,0,FALSE,3,"Texas, US",30.6746199471,-103.8628583955,10,"42817–42899 State Highway 118, Fort Davis, TX, US",30.6055783333,-103.9496466667,29330,obscured,open,TRUE,NA,NA,Red-spotted Toad,Anaxyrus punctatus,Red-spotted Toad,Amphibia,64984
15968415,b093cde7-3bfb-4270-93f2-9959a00285bb,Mon Aug 27 2018 22:34:37 GMT-0500 (CDT),2018-08-27,2018-08-28 12:34:37 +0900,Central Time (US & Canada),21609,trans-pecos-herpetology,R. Reed McClure,2018-08-28 15:34:31 +0900,2021-08-03 12:03:13 +0900,research,NA,https://www.inaturalist.org/observations/15968415,https://static.inaturalist.org/photos/23902332/medium.jpg,NA,NA,NA,1,0,FALSE,3,"Texas, US",30.5887693926,-103.9946658081,5,"Davis Mountains State Park, Fort Davis, TX, US",30.59905,-103.9295116667,29356,obscured,open,TRUE,NA,NA,Red-spotted Toad,Anaxyrus punctatus,Red-spotted Toad,Amphibia,64984
15968445,9f8b776d-927b-4292-a469-12e6a43ce89e,Mon Aug 27 2018 22:40:16 GMT-0500 (CDT),2018-08-27,2018-08-28 12:40:16 +0900,Central Time (US & Canada),21609,trans-pecos-herpetology,R. Reed McClure,2018-08-28 15:38:06 +0900,2018-08-28 20:40:44 +0900,research,NA,https://www.inaturalist.org/observations/15968445,https://static.inaturalist.org/photos/23902363/medium.jpg,NA,NA,NA,1,0,FALSE,3,"Texas, US",30.5926622289,-103.8765594162,5,"Davis Mountains State Park, Fort Davis, TX, US",30.59777,-103.9305116667,29356,obscured,open,TRUE,NA,NA,Red-spotted Toad,Anaxyrus punctatus,Red-spotted Toad,Amphibia,64984
15968447,940275ab-3994-441b-b79f-58006eb2211d,Mon Aug 27 2018 22:43:28 GMT-0500 (CDT),2018-08-27,2018-08-28 12:43:28 +0900,Central Time (US & Canada),21609,trans-pecos-herpetology,R. Reed McClure,2018-08-28 15:38:36 +0900,2018-08-28 20:40:33 +0900,research,NA,https://www.inaturalist.org/observations/15968447,https://static.inaturalist.org/photos/23902367/medium.jpg,NA,NA,NA,1,0,FALSE,3,"Texas, US",30.5387518751,-103.9873802657,5,"Davis Mountains State Park, Fort Davis, TX, US",30.595445,-103.9323716667,29356,obscured,open,TRUE,NA,NA,Red-spotted Toad,Anaxyrus punctatus,Red-spotted Toad,Amphibia,64984
16178037,fc43582b-22f4-406d-aea6-46959e89bbb6,2018/08/30 8:01 PM UTC,2018-08-30,NA,UTC,618478,isaacthelord,Isaac Lord,2018-09-04 04:19:45 +0900,2018-09-08 02:07:39 +0900,research,CC-BY-NC,https://www.inaturalist.org/observations/16178037,https://inaturalist-open-data.s3.amazonaws.com/photos/24258124/medium.jpeg,NA,NA,NA,1,0,FALSE,NA,"Jeff Davis County, TX, USA",30.5927480556,-103.9400030556,NA,NA,NA,NA,NA,NA,open,FALSE,NA,NA,Red-spotted Toad,Anaxyrus punctatus,Red-spotted Toad,Amphibia,64984
16178155,17dec923-f39a-45e7-8a45-4e3192cbba37,2018/08/31 9:01 PM UTC,2018-08-31,NA,UTC,618478,isaacthelord,Isaac Lord,2018-09-04 04:20:49 +0900,2018-09-08 02:07:19 +0900,research,CC-BY-NC,https://www.inaturalist.org/observations/16178155,https://inaturalist-open-data.s3.amazonaws.com/photos/24259860/medium.jpeg,NA,NA,NA,1,0,FALSE,NA,"Jeff Davis County, TX, USA",30.5937830556,-103.9391380556,NA,NA,NA,NA,NA,NA,open,FALSE,NA,NA,Red-spotted Toad,Anaxyrus punctatus,Red-spotted Toad,Amphibia,64984
16277965,61872f65-b56f-4a43-b489-9b190afcaf47,Thu Sep 06 2018 21:29:33 GMT-0500 (CDT),2018-09-06,2018-09-07 11:29:33 +0900,Central Time (US & Canada),17794,bchambers,Brad Chambers,2018-09-07 12:31:45 +0900,2018-09-07 22:51:32 +0900,research,CC-BY-NC,https://www.inaturalist.org/observations/16277965,https://static.inaturalist.org/photos/24443737/medium.jpg,NA,NA,NA,3,0,FALSE,3,"RM 1837, Fort Davis, TX, US",30.4738666667,-103.7782133333,5,NA,NA,NA,5,NA,open,FALSE,NA,NA,Red-spotted Toad,Anaxyrus punctatus,Red-spotted Toad,Amphibia,64984
16332914,58c9b7ed-6ce3-4160-87f5-18b39bfb7136,Sat Sep 08 2018 15:20:00 GMT-0500 (CDT),2018-09-08,2018-09-09 05:20:00 +0900,Central Time (US & Canada),21609,trans-pecos-herpetology,R. Reed McClure,2018-09-09 06:36:49 +0900,2018-09-10 03:04:11 +0900,research,NA,https://www.inaturalist.org/observations/16332914,https://static.inaturalist.org/photos/24542654/medium.jpg,NA,NA,NA,2,0,FALSE,3,"Jeff Davis County, US-TX, US",30.6348015946,-104.0501900157,5,"TX-118, Fort Davis, TX, US",30.6626833333,-104.026725,29330,obscured,open,TRUE,NA,NA,Red-spotted Toad,Anaxyrus punctatus,Red-spotted Toad,Amphibia,64984
16459543,7868a0e6-6afa-4ce9-9257-690b29d35dcf,Sat Sep 08 2018 21:55:32 GMT-0500 (CDT),2018-09-08,2018-09-09 11:55:32 +0900,Central Time (US & Canada),643267,firebugzy,NA,2018-09-13 04:04:28 +0900,2018-09-19 03:57:34 +0900,research,CC-BY-NC,https://www.inaturalist.org/observations/16459543,https://inaturalist-open-data.s3.amazonaws.com/photos/24773887/medium.jpg,NA,NA,NA,2,0,FALSE,3,"Enchanted Rock State Natural Area, Fredericksburg, TX, US",30.4960033333,-98.8251033333,50,NA,NA,NA,50,NA,open,FALSE,NA,NA,Red-spotted Toad,Anaxyrus punctatus,Red-spotted Toad,Amphibia,64984
16512101,fa3afb40-5875-4a70-ac17-cf3bc958c416,2018/09/09 10:25 PM CDT,2018-09-09,2018-09-10 12:25:00 +0900,Central Time (US & Canada),18812,mako252,Jon McIntyre,2018-09-14 12:34:47 +0900,2019-05-16 22:10:18 +0900,research,CC-BY-NC,https://www.inaturalist.org/observations/16512101,https://inaturalist-open-data.s3.amazonaws.com/photos/24852611/medium.jpeg,NA,NA,NA,3,0,FALSE,NA,"Brewster County, TX, USA",29.661141815,-103.1727307727,2,NA,NA,NA,2,NA,open,FALSE,NA,NA,Red-spotted Toad,Anaxyrus punctatus,Red-spotted Toad,Amphibia,64984
16512287,98875fe1-6d11-48ff-b9f0-d2c4d7dad327,2018/09/09 11:21 PM CDT,2018-09-09,2018-09-10 13:21:00 +0900,Central Time (US & Canada),18812,mako252,Jon McIntyre,2018-09-14 12:46:11 +0900,2019-05-16 22:10:37 +0900,research,CC-BY-NC,https://www.inaturalist.org/observations/16512287,https://inaturalist-open-data.s3.amazonaws.com/photos/24853142/medium.jpeg,NA,NA,NA,4,0,FALSE,NA,"Brewster County, TX, USA",29.3280901505,-103.2062181527,2,NA,NA,NA,2,NA,open,FALSE,NA,NA,Red-spotted Toad,Anaxyrus punctatus,Red-spotted Toad,Amphibia,64984
16531567,bbd99d4f-7010-4802-ba5b-ff02b40e490b,2018/09/12 10:43 PM CDT,2018-09-12,2018-09-13 12:43:00 +0900,Central Time (US & Canada),18812,mako252,Jon McIntyre,2018-09-15 04:37:31 +0900,2018-09-26 06:49:19 +0900,research,CC-BY-NC,https://www.inaturalist.org/observations/16531567,https://inaturalist-open-data.s3.amazonaws.com/photos/24886645/medium.jpeg,NA,NA,NA,4,0,FALSE,NA,"Jeff Davis County, TX, USA",30.5971817967,-103.9307537557,2,NA,NA,NA,2,NA,open,FALSE,NA,NA,Red-spotted Toad,Anaxyrus punctatus,Red-spotted Toad,Amphibia,64984
16617259,970e7488-6460-4d11-a0b5-513473385176,Sun Sep 16 2018 20:50:22 GMT-0500 (CDT),2018-09-16,2018-09-17 10:50:22 +0900,Central Time (US & Canada),21609,trans-pecos-herpetology,R. Reed McClure,2018-09-17 12:43:58 +0900,2024-10-21 04:15:40 +0900,research,NA,https://www.inaturalist.org/observations/16617259,https://static.inaturalist.org/photos/25043221/medium.jpg,NA,NA,NA,2,0,FALSE,3,"Texas, US",29.8044026345,-101.7366580145,5,"US Highway 90, Del Rio, TX, US",29.8306283333,-101.62748,29433,obscured,open,TRUE,NA,NA,Red-spotted Toad,Anaxyrus punctatus,Red-spotted Toad,Amphibia,64984
16617543,50af8cf4-41ee-48af-b0db-794d7d4bd29e,Sun Sep 16 2018 21:20:31 GMT-0500 (CDT),2018-09-16,2018-09-17 11:20:31 +0900,Central Time (US & Canada),21609,trans-pecos-herpetology,R. Reed McClure,2018-09-17 12:55:05 +0900,2024-10-21 04:15:40 +0900,research,NA,https://www.inaturalist.org/observations/16617543,https://static.inaturalist.org/photos/25043276/medium.jpg,NA,NA,NA,2,0,FALSE,3,"Texas, US",29.9369017706,-101.8719327967,5,"3164–3242 US Highway 90, Dryden, TX, US",29.93562,-101.9445333333,29433,obscured,open,TRUE,NA,NA,Red-spotted Toad,Anaxyrus punctatus,Red-spotted Toad,Amphibia,64984
16706795,80666217-af79-4683-8ae9-70fdf7c44737,Tue Sep 18 2018 22:45:53 GMT-0500 (CDT),2018-09-18,2018-09-19 12:45:53 +0900,Central Time (US & Canada),109113,rwbrown,Richard Brown,2018-09-20 11:47:34 +0900,2018-09-20 23:22:18 +0900,research,CC-BY-NC,https://www.inaturalist.org/observations/16706795,https://inaturalist-open-data.s3.amazonaws.com/photos/25204420/medium.jpg,NA,NA,"Patterson Hills, Culberson County Tx. After afternoon shower.",1,0,FALSE,3,"Culberson County, US-TX, US",31.8061833333,-104.9051133333,5,NA,NA,NA,5,NA,open,FALSE,NA,NA,Red-spotted Toad,Anaxyrus punctatus,Red-spotted Toad,Amphibia,64984
16741159,e6da828a-1e22-40eb-bf43-7f463f48f5fc,Thu Sep 20 2018 21:33:51 GMT-0500 (CDT),2018-09-20,2018-09-21 11:33:51 +0900,Central Time (US & Canada),21609,trans-pecos-herpetology,R. Reed McClure,2018-09-21 15:34:35 +0900,2021-08-04 10:35:30 +0900,research,NA,https://www.inaturalist.org/observations/16741159,https://static.inaturalist.org/photos/25264832/medium.jpg,NA,NA,NA,1,0,FALSE,3,"Texas, US",29.5048339796,-104.3272658172,5,"Big Bend Ranch State Park, Marfa, TX, US",29.47323,-104.20465,29483,obscured,open,TRUE,NA,NA,Red-spotted Toad,Anaxyrus punctatus,Red-spotted Toad,Amphibia,64984
16759810,bda93b7a-b7f4-49a0-a8c4-06d0f167f4b0,2018-09-18 11:25:27 PM CDT,2018-09-18,2018-09-19 13:25:27 +0900,Central Time (US & Canada),108119,dbh,David Heckard,2018-09-22 02:18:18 +0900,2018-09-22 02:24:12 +0900,research,CC-BY-NC,https://www.inaturalist.org/observations/16759810,https://inaturalist-open-data.s3.amazonaws.com/photos/25293827/medium.jpeg,NA,NA,NA,1,0,FALSE,2,"Texas, US",31.8147958707,-104.9193724022,6,NA,NA,NA,29173,obscured,open,TRUE,NA,NA,Red-spotted Toad,Anaxyrus punctatus,Red-spotted Toad,Amphibia,64984
16787531,c2ae0c30-d157-4c04-8a09-07482007ff34,Fri Sep 21 2018 20:50:35 GMT-0500 (CDT),2018-09-21,2018-09-22 10:50:35 +0900,Central Time (US & Canada),21609,trans-pecos-herpetology,R. Reed McClure,2018-09-22 18:08:19 +0900,2021-08-04 10:41:41 +0900,research,NA,https://www.inaturalist.org/observations/16787531,https://static.inaturalist.org/photos/25340597/medium.jpg,NA,NA,NA,1,0,FALSE,3,"Brewster County, US-TX, US",29.7669589702,-103.0691375829,5,"RM 2627, Alpine, TX, US",29.6214466667,-103.0326388333,29458,obscured,open,TRUE,NA,NA,Red-spotted Toad,Anaxyrus punctatus,Red-spotted Toad,Amphibia,64984
16787589,b4edce6d-2589-46f2-93df-6175f5870341,Fri Sep 21 2018 21:10:34 GMT-0500 (CDT),2018-09-21,2018-09-22 11:10:34 +0900,Central Time (US & Canada),21609,trans-pecos-herpetology,R. Reed McClure,2018-09-22 18:10:51 +0900,2021-08-04 10:41:53 +0900,research,NA,https://www.inaturalist.org/observations/16787589,https://static.inaturalist.org/photos/25340688/medium.jpg,NA,NA,NA,1,0,FALSE,3,"Brewster County, US-TX, US",29.5488673961,-102.8781396611,5,"RM 2627, Alpine, TX, US",29.5843283333,-102.9896083333,29483,obscured,open,TRUE,NA,NA,Red-spotted Toad,Anaxyrus punctatus,Red-spotted Toad,Amphibia,64984
16787635,e8542186-00cf-4079-8d21-bfcac328dfeb,Fri Sep 21 2018 22:26:35 GMT-0500 (CDT),2018-09-21,2018-09-22 12:26:35 +0900,Central Time (US & Canada),21609,trans-pecos-herpetology,R. Reed McClure,2018-09-22 18:13:39 +0900,2021-08-04 10:42:26 +0900,research,NA,https://www.inaturalist.org/observations/16787635,https://static.inaturalist.org/photos/25340756/medium.jpg,NA,NA,NA,1,0,FALSE,3,"Brewster County, US-TX, US",29.499904511,-102.8840234922,5,"RM 2627, Alpine, TX, US",29.4881633333,-102.8665166667,29483,obscured,open,TRUE,NA,NA,Red-spotted Toad,Anaxyrus punctatus,Red-spotted Toad,Amphibia,64984
16982541,b388a9c0-f365-439e-b8a6-31e895bcd2d5,Thu Sep 27 2018 15:51:04 GMT-0500 (CDT),2018-09-27,2018-09-28 05:51:04 +0900,Central Time (US & Canada),23415,nancyed,Nancye Saunders Drukker,2018-09-28 09:58:03 +0900,2018-09-28 20:15:47 +0900,research,CC-BY-NC,https://www.inaturalist.org/observations/16982541,https://inaturalist-open-data.s3.amazonaws.com/photos/25675722/medium.jpg,NA,NA,NA,1,0,FALSE,3,"Texas, US",29.7231066483,-98.8326602764,6,"7690 State Highway 46, Pipe Creek, TX, US",29.7406166667,-98.8397533333,29458,obscured,open,TRUE,NA,NA,Red-spotted Toad,Anaxyrus punctatus,Red-spotted Toad,Amphibia,64984
17008407,4a22a197-3b31-4a84-ad9c-feadcc386800,Fri Sep 28 2018 10:22:41 GMT-0500 (CDT),2018-09-28,2018-09-29 00:22:41 +0900,Central Time (US & Canada),23415,nancyed,Nancye Saunders Drukker,2018-09-29 05:54:20 +0900,2018-09-29 05:55:38 +0900,research,CC-BY-NC,https://www.inaturalist.org/observations/17008407,https://inaturalist-open-data.s3.amazonaws.com/photos/25719862/medium.jpg,NA,NA,NA,1,0,FALSE,3,"Texas, US",29.6315312705,-98.97679275,8,"78006, Boerne, TX, US",29.752895,-98.8377133333,29458,obscured,open,TRUE,NA,NA,Red-spotted Toad,Anaxyrus punctatus,Red-spotted Toad,Amphibia,64984
17061617,62a3e378-21e0-4e62-a2de-7aca62f29e4e,Fri Sep 28 2018 16:10:54 GMT-0500 (CDT),2018-09-28,2018-09-29 06:10:54 +0900,Central Time (US & Canada),21609,trans-pecos-herpetology,R. Reed McClure,2018-09-30 23:12:14 +0900,2024-10-21 04:13:21 +0900,research,NA,https://www.inaturalist.org/observations/17061617,https://static.inaturalist.org/photos/25856490/medium.jpg,NA,NA,NA,2,0,FALSE,3,"Big Bend National Park, Brewster County, US-TX, US",29.3358202617,-103.2501934056,5,"Panther Junction, Alpine, TX, US",29.3281866667,-103.2062,29508,obscured,open,TRUE,NA,NA,Red-spotted Toad,Anaxyrus punctatus,Red-spotted Toad,Amphibia,64984
17078049,2bac492b-48ed-464d-9b9f-cf89c02d3de7,Sun Sep 30 2018 09:52:29 GMT-0500 (CDT),2018-09-30,2018-09-30 23:52:29 +0900,Central Time (US & Canada),1011486,juliet512,NA,2018-10-01 06:20:55 +0900,2018-10-02 01:57:32 +0900,research,NA,https://www.inaturalist.org/observations/17078049,https://static.inaturalist.org/photos/25849264/medium.jpg,NA,NA,NA,1,0,FALSE,3,"Enchanted Rock State Natural Area, Fredericksburg, TX, US",30.4977567782,-98.818568297,24,NA,NA,NA,24,NA,open,FALSE,NA,NA,Red-spotted Toad,Anaxyrus punctatus,Red-spotted Toad,Amphibia,64984
17081900,e21e7d39-5246-4ca5-a35d-a4588bad05f1,Fri Sep 28 2018 22:17:06 GMT-0500 (CDT),2018-09-28,2018-09-29 12:17:06 +0900,Central Time (US & Canada),21609,trans-pecos-herpetology,R. Reed McClure,2018-10-01 08:14:58 +0900,2018-10-01 08:31:13 +0900,research,NA,https://www.inaturalist.org/observations/17081900,https://static.inaturalist.org/photos/25856885/medium.jpg,NA,NA,NA,1,0,FALSE,3,"Big Bend National Park, Brewster County, US-TX, US",29.3407628889,-103.2360969311,5,"Big Bend National Park, Brewster County, US-TX, US",29.2856966667,-103.3701166667,29508,obscured,open,TRUE,NA,NA,Red-spotted Toad,Anaxyrus punctatus,Red-spotted Toad,Amphibia,64984
17081907,cf7f4b1e-d045-4cf0-91fc-9082fce77805,Fri Sep 28 2018 22:40:05 GMT-0500 (CDT),2018-09-28,2018-09-29 12:40:05 +0900,Central Time (US & Canada),21609,trans-pecos-herpetology,R. Reed McClure,2018-10-01 08:15:20 +0900,2018-10-01 08:31:14 +0900,research,NA,https://www.inaturalist.org/observations/17081907,https://static.inaturalist.org/photos/25856898/medium.jpg,NA,NA,NA,1,0,FALSE,3,"Big Bend National Park, Brewster County, US-TX, US",29.27484368,-103.260174115,5,"Big Bend National Park, Brewster County, US-TX, US",29.217105,-103.382575,29508,obscured,open,TRUE,NA,NA,Red-spotted Toad,Anaxyrus punctatus,Red-spotted Toad,Amphibia,64984
17081917,9f532c0f-1de4-4bc6-bca3-204dd7f5c298,Fri Sep 28 2018 22:43:03 GMT-0500 (CDT),2018-09-28,2018-09-29 12:43:03 +0900,Central Time (US & Canada),21609,trans-pecos-herpetology,R. Reed McClure,2018-10-01 08:15:48 +0900,2018-10-01 08:31:14 +0900,research,NA,https://www.inaturalist.org/observations/17081917,https://static.inaturalist.org/photos/25856919/medium.jpg,NA,NA,NA,1,0,FALSE,3,"Big Bend National Park, Brewster County, US-TX, US",29.2076128419,-103.360726732,5,"Big Bend National Park, Brewster County, US-TX, US",29.2174866667,-103.3840716667,29508,obscured,open,TRUE,NA,NA,Red-spotted Toad,Anaxyrus punctatus,Red-spotted Toad,Amphibia,64984
17082282,8a59b985-e312-4a2a-a6ac-1fd119e22363,Sat Sep 29 2018 00:40:04 GMT-0500 (CDT),2018-09-29,2018-09-29 14:40:04 +0900,Central Time (US & Canada),21609,trans-pecos-herpetology,R. Reed McClure,2018-10-01 08:27:46 +0900,2018-10-29 00:08:32 +0900,research,NA,https://www.inaturalist.org/observations/17082282,https://static.inaturalist.org/photos/25857710/medium.jpg,NA,NA,NA,1,0,FALSE,3,"Texas, US",29.0860928029,-103.5068883286,5,"Big Bend National Park, Terlingua, TX, US",29.1396388333,-103.5252083333,29533,obscured,open,TRUE,NA,NA,Red-spotted Toad,Anaxyrus punctatus,Red-spotted Toad,Amphibia,64984
17082487,15905fdb-55fe-4e73-be94-f54f54a01dea,Sat Sep 29 2018 01:23:15 GMT-0500 (CDT),2018-09-29,2018-09-29 15:23:15 +0900,Central Time (US & Canada),21609,trans-pecos-herpetology,R. Reed McClure,2018-10-01 08:33:34 +0900,2018-10-29 00:08:26 +0900,research,NA,https://www.inaturalist.org/observations/17082487,https://static.inaturalist.org/photos/25858304/medium.jpg,NA,NA,NA,1,0,FALSE,3,"Big Bend National Park, Brewster County, US-TX, US",29.2234710815,-103.5968122246,5,"Big Bend National Park, Alpine, TX, US",29.214675,-103.417795,29508,obscured,open,TRUE,NA,NA,Red-spotted Toad,Anaxyrus punctatus,Red-spotted Toad,Amphibia,64984
17082521,c2dc7a7a-3f45-4a77-b217-92f675480c3e,Sat Sep 29 2018 01:47:21 GMT-0500 (CDT),2018-09-29,2018-09-29 15:47:21 +0900,Central Time (US & Canada),21609,trans-pecos-herpetology,R. Reed McClure,2018-10-01 08:35:05 +0900,2018-10-29 00:08:18 +0900,research,NA,https://www.inaturalist.org/observations/17082521,https://static.inaturalist.org/photos/25858424/medium.jpg,NA,NA,NA,1,0,FALSE,3,"Big Bend National Park, Brewster County, US-TX, US",29.3089173196,-103.3592884528,5,"Big Bend National Park, Alpine, TX, US",29.26483,-103.36953,29508,obscured,open,TRUE,NA,NA,Red-spotted Toad,Anaxyrus punctatus,Red-spotted Toad,Amphibia,64984
17082553,8ab7d06c-ddc0-4346-85ad-2c5dd2e84dce,Sat Sep 29 2018 01:50:20 GMT-0500 (CDT),2018-09-29,2018-09-29 15:50:20 +0900,Central Time (US & Canada),21609,trans-pecos-herpetology,R. Reed McClure,2018-10-01 08:35:48 +0900,2018-10-29 00:08:13 +0900,research,NA,https://www.inaturalist.org/observations/17082553,https://static.inaturalist.org/photos/25858474/medium.jpg,NA,NA,NA,1,0,FALSE,3,"Big Bend National Park, Brewster County, US-TX, US",29.3906608176,-103.305511298,5,"Big Bend National Park, Alpine, TX, US",29.2711366667,-103.368845,29508,obscured,open,TRUE,NA,NA,Red-spotted Toad,Anaxyrus punctatus,Red-spotted Toad,Amphibia,64984
17082576,c968b9bf-224c-4782-afa0-1b3def97b4a7,Sat Sep 29 2018 01:56:01 GMT-0500 (CDT),2018-09-29,2018-09-29 15:56:01 +0900,Central Time (US & Canada),21609,trans-pecos-herpetology,R. Reed McClure,2018-10-01 08:36:35 +0900,2018-10-29 00:08:07 +0900,research,NA,https://www.inaturalist.org/observations/17082576,https://static.inaturalist.org/photos/25858550/medium.jpg,NA,NA,NA,1,0,FALSE,3,"Big Bend National Park, Brewster County, US-TX, US",29.2416522854,-103.3161256224,5,"Big Bend National Park, Alpine, TX, US",29.2954833333,-103.374955,29508,obscured,open,TRUE,NA,NA,Red-spotted Toad,Anaxyrus punctatus,Red-spotted Toad,Amphibia,64984
17089400,5dfdf3fe-dd33-4c9b-9f91-db9d212265c5,Sun Sep 30 2018 00:23:02 GMT-0500 (CDT),2018-09-30,2018-09-30 14:23:02 +0900,Central Time (US & Canada),21609,trans-pecos-herpetology,R. Reed McClure,2018-10-01 12:31:49 +0900,2018-10-01 22:43:43 +0900,research,NA,https://www.inaturalist.org/observations/17089400,https://static.inaturalist.org/photos/25870757/medium.jpg,NA,NA,NA,1,0,FALSE,3,"Brewster County, US-TX, US",29.2264768027,-103.0275292454,5,"Big Bend National Park, Alpine, TX, US",29.20425,-103.0332416667,29508,obscured,open,TRUE,NA,NA,Red-spotted Toad,Anaxyrus punctatus,Red-spotted Toad,Amphibia,64984
17089445,74676ce0-d3bf-433d-bcb8-3d6282af4eea,Sun Sep 30 2018 00:58:20 GMT-0500 (CDT),2018-09-30,2018-09-30 14:58:20 +0900,Central Time (US & Canada),21609,trans-pecos-herpetology,R. Reed McClure,2018-10-01 12:33:11 +0900,2018-10-01 22:43:23 +0900,research,NA,https://www.inaturalist.org/observations/17089445,https://static.inaturalist.org/photos/25870820/medium.jpg,NA,NA,NA,1,0,FALSE,3,"Big Bend National Park, Brewster County, US-TX, US",29.3478295006,-103.0917538957,5,"Panther Junction, Alpine, TX, US",29.3361716667,-103.1995616667,29508,obscured,open,TRUE,NA,NA,Red-spotted Toad,Anaxyrus punctatus,Red-spotted Toad,Amphibia,64984
17130030,c1c78b86-660c-4949-85ac-75436e46a4b6,2014-04-19 22:40:52,2014-04-19,2014-04-20 11:40:52 +0900,Eastern Time (US & Canada),586546,stevecollins,Steve Collins,2018-10-03 00:44:32 +0900,2023-12-11 04:09:05 +0900,research,CC-BY,https://www.inaturalist.org/observations/17130030,https://static.inaturalist.org/photos/25946132/medium.jpg,NA,"Red-spotted Toad, Bufo punctatus, Toad, Bufo, Lubbock County, TX, Red-spotted Toad (Bufo punctatus)","near Slaton, TX",2,0,FALSE,NA,"Slaton, TX",33.492731,-101.618257,2035,NA,NA,NA,2035,NA,open,FALSE,NA,manual,Red-spotted Toad,Anaxyrus punctatus,Red-spotted Toad,Amphibia,64984
17383720,6caaf22c-2995-4183-bfa8-e6bd79fdecc4,Sat May 26 2018 21:43:37 GMT-0500 (CDT),2018-05-26,2018-05-27 11:43:37 +0900,Central Time (US & Canada),1020679,hdr123,NA,2018-10-11 03:15:31 +0900,2018-10-11 04:31:45 +0900,research,NA,https://www.inaturalist.org/observations/17383720,https://static.inaturalist.org/photos/26406214/medium.jpg,NA,NA,NA,1,0,FALSE,3,"79734, Fort Davis, TX, US",30.6985687902,-104.054646146,35684,NA,NA,NA,35684,NA,open,FALSE,NA,NA,Red-spotted Toad,Anaxyrus punctatus,Red-spotted Toad,Amphibia,64984
17622256,edffdd34-6f16-482b-8b6b-e5e7d37585c3,2018/10/12 10:58 AM CDT,2018-10-12,2018-10-13 00:58:00 +0900,Central Time (US & Canada),1155826,hia667,Daniel,2018-10-19 00:59:38 +0900,2018-10-19 23:02:40 +0900,research,CC-BY-NC,https://www.inaturalist.org/observations/17622256,https://inaturalist-open-data.s3.amazonaws.com/photos/26839677/medium.jpeg,NA,NA,NA,2,0,FALSE,NA,"Big Bend National Park, TX 79834, USA",29.2499017,-103.2501638,1892,NA,NA,NA,1892,NA,open,FALSE,NA,NA,Red-spotted Toad,Anaxyrus punctatus,Red-spotted Toad,Amphibia,64984
17684018,81b0d1f1-8660-4cfb-bcac-53f141d487af,2018-10-20 9:58:57 AM CDT,2018-10-20,2018-10-20 23:58:57 +0900,Central Time (US & Canada),854462,gavinandmama,NA,2018-10-21 03:11:14 +0900,2019-03-25 10:07:48 +0900,research,CC-BY-NC,https://www.inaturalist.org/observations/17684018,https://inaturalist-open-data.s3.amazonaws.com/photos/26949623/medium.jpg,NA,NA,NA,1,0,FALSE,2,"Big Bend National Park, Brewster County, US-TX, US",29.6601406373,-103.1738670543,263,NA,NA,NA,263,NA,open,FALSE,gps,gps,Red-spotted Toad,Anaxyrus punctatus,Red-spotted Toad,Amphibia,64984
17708995,fb2af311-abc4-4028-997b-861e68da572c,2018-10-20 7:41:34 PM CDT,2018-10-20,2018-10-21 09:41:34 +0900,Central Time (US & Canada),854462,gavinandmama,NA,2018-10-21 23:15:14 +0900,2021-05-27 06:18:52 +0900,research,CC-BY-NC,https://www.inaturalist.org/observations/17708995,https://inaturalist-open-data.s3.amazonaws.com/photos/26994955/medium.jpeg,NA,NA,"It was in the rental place so we very carefully set it free on the porch. 
Tried to minimize how much toxic stuff was on my hands by rinsing with rain water before moving it outside.",1,0,FALSE,2,"248 Halls Rd, Terlingua, TX 79852, USA",29.47431835,-103.37993994,8,NA,NA,NA,8,NA,open,FALSE,NA,NA,Red-spotted Toad,Anaxyrus punctatus,Red-spotted Toad,Amphibia,64984
17774165,5b4fc5f1-768e-46c1-bad7-dbad888982d1,2018/10/19 8:30 PM UTC,2018-10-19,NA,UTC,659683,sedmundsss,Sarah,2018-10-24 02:46:24 +0900,2018-10-24 05:25:44 +0900,research,NA,https://www.inaturalist.org/observations/17774165,https://static.inaturalist.org/photos/27114855/medium.jpeg,NA,NA,NA,1,0,FALSE,NA,"Brewster County, TX, USA",29.1849583333,-103.707625,5,NA,NA,NA,5,NA,open,FALSE,NA,NA,Red-spotted Toad,Anaxyrus punctatus,Red-spotted Toad,Amphibia,64984
17876623,15eb46b1-39de-47c6-9366-9a1117843464,Sat Oct 27 2018 10:01:26 GMT-0500 (CDT),2018-10-27,2018-10-28 00:01:26 +0900,Central Time (US & Canada),1020679,hdr123,NA,2018-10-28 00:04:30 +0900,2021-08-17 04:40:24 +0900,research,NA,https://www.inaturalist.org/observations/17876623,https://static.inaturalist.org/photos/27295485/medium.jpg,NA,NA,NA,2,0,FALSE,3,"700–798 Scales Ave, Brackettville, TX, US",29.2921854701,-100.4180974813,200,NA,NA,NA,200,NA,open,FALSE,NA,NA,Red-spotted Toad,Anaxyrus punctatus,Red-spotted Toad,Amphibia,64984
18226287,0516f384-d513-4ec3-bd1d-0596961ec98c,Wed Nov 07 2018 16:45:27 GMT-0600 (CST),2018-11-07,2018-11-08 07:45:27 +0900,Central Time (US & Canada),548925,maryrachel,Mary Rachel Tucker,2018-11-08 10:14:47 +0900,2018-12-10 03:11:58 +0900,research,NA,https://www.inaturalist.org/observations/18226287,https://static.inaturalist.org/photos/27851978/medium.jpg,NA,NA,NA,3,0,FALSE,3,"Big Bend National Park, Terlingua, TX, US",29.1782,-102.9524533333,5,NA,NA,NA,5,NA,open,FALSE,NA,NA,Red-spotted Toad,Anaxyrus punctatus,Red-spotted Toad,Amphibia,64984
18339012,c80d709a-9c0f-4384-9fa0-57b56d4c65ed,2018/09/28 9:27 PM CDT,2018-09-28,2018-09-29 11:27:00 +0900,Central Time (US & Canada),22312,beschwar,Benjamin Schwartz,2018-11-12 08:07:29 +0900,2018-11-12 23:15:07 +0900,research,CC-BY-NC,https://www.inaturalist.org/observations/18339012,https://inaturalist-open-data.s3.amazonaws.com/photos/28024337/medium.jpg,NA,NA,Dolan Falls Preserve is a private preserve owned by The Nature Conservancy. Access is restricted and by permission only. We had permission.,2,0,FALSE,NA,"Val Verde County, TX, USA",29.8937825559,-100.9966261625,15,NA,NA,NA,15,NA,open,FALSE,NA,NA,Red-spotted Toad,Anaxyrus punctatus,Red-spotted Toad,Amphibia,64984
18479503,283aa0b3-3f3e-4535-b36e-f359fbbdd357,2018-11-11 10:16:50 AM EST,2018-11-11,2018-11-12 00:16:50 +0900,Eastern Time (US & Canada),276151,melissa_duron,Melissa Duron,2018-11-19 04:58:00 +0900,2018-12-10 02:39:21 +0900,research,CC-BY-NC,https://www.inaturalist.org/observations/18479503,https://inaturalist-open-data.s3.amazonaws.com/photos/28258193/medium.jpg,NA,NA,NA,3,0,FALSE,2,"Brewster County, US-TX, US",29.4742846912,-103.4378710369,1407,NA,NA,NA,29483,obscured,open,TRUE,gps,gps,Red-spotted Toad,Anaxyrus punctatus,Red-spotted Toad,Amphibia,64984
18681283,51b65934-a0d5-43d3-8c88-2649b809586d,Thu May 17 2018 08:52:20 GMT-0500 (CDT),2018-05-17,2018-05-17 22:52:20 +0900,Central Time (US & Canada),1132268,yelenazdec,Elle,2018-11-28 06:44:49 +0900,2018-11-28 11:00:02 +0900,research,CC-BY-NC,https://www.inaturalist.org/observations/18681283,https://inaturalist-open-data.s3.amazonaws.com/photos/28599304/medium.jpg,NA,NA,"Tiny little frog I found out at Fort Davis. I found another bigger one that day as well, but im not sure if this one is the same species.",1,0,FALSE,3,"79734, Fort Davis, TX, US",30.6002143986,-103.848810312,11217,NA,NA,NA,11217,NA,open,FALSE,NA,NA,Red-spotted Toad,Anaxyrus punctatus,Red-spotted Toad,Amphibia,64984
19276517,bd6d15e3-1b20-4077-986f-b25879ff14f8,2010/11/26 2:30 PM CST,2010-11-26,2010-11-27 05:30:00 +0900,Central Time (US & Canada),27047,gcwarbler,Chuck Sexton,2018-12-29 07:06:26 +0900,2023-01-11 22:22:06 +0900,research,CC0,https://www.inaturalist.org/observations/19276517,https://inaturalist-open-data.s3.amazonaws.com/photos/29625529/medium.jpg,NA,"Big Bend Ranch, Herp, Vacation",NA,2,0,FALSE,NA,"Contrabando Cyn, Big Bend Ranch SNA, Presidio Co., TX",29.3007388889,-103.8459083333,200,NA,NA,NA,200,NA,open,FALSE,NA,NA,Red-spotted Toad,Anaxyrus punctatus,Red-spotted Toad,Amphibia,64984
19292414,4251e036-52ec-405e-873c-b0b6ed098e25,2012/03/31 8:22 PM CDT,2012-03-31,2012-04-01 10:22:00 +0900,Central Time (US & Canada),27047,gcwarbler,Chuck Sexton,2018-12-30 03:21:21 +0900,2023-01-11 22:22:06 +0900,research,CC0,https://www.inaturalist.org/observations/19292414,https://inaturalist-open-data.s3.amazonaws.com/photos/29653541/medium.jpg,NA,Herp,"This set of observations was obtained during biological surveys on a private ranch in Real County, TX.",1,0,FALSE,NA,"Texas, US",29.6829408242,-99.8802506936,2000,"Real County, TX, USA",29.6675383357,-99.927420561,29458,obscured,open,TRUE,NA,NA,Sapo de puntos rojos,Anaxyrus punctatus,Red-spotted Toad,Amphibia,64984
19531162,64663dae-aeb8-41bf-8139-f655a010258e,2013/05/25 10:01 PM -03,2013-05-25,NA,Brasilia,1169,diogoprov,Diogo B. Provete,2019-01-09 22:32:21 +0900,2019-01-11 09:39:47 +0900,research,CC-BY-NC-SA,https://www.inaturalist.org/observations/19531162,https://inaturalist-open-data.s3.amazonaws.com/photos/30059929/medium.jpeg,NA,NA,NA,4,0,FALSE,NA,"21715 Dolan Creek Rd, Del Rio, TX 78840, EUA",29.9401792,-100.9698151,200,NA,NA,NA,200,NA,open,FALSE,NA,NA,Red-spotted Toad,Anaxyrus punctatus,Red-spotted Toad,Amphibia,64984
19766482,51873cea-53d9-412f-93c8-073659c5ec39,Fri Nov 09 2018 16:03:32 GMT-0600 (CST),2018-11-09,2018-11-10 07:03:32 +0900,Central Time (US & Canada),13156,romeyswanson,Romey Swanson,2019-01-21 07:56:49 +0900,2019-01-21 11:43:30 +0900,research,CC-BY-NC,https://www.inaturalist.org/observations/19766482,https://inaturalist-open-data.s3.amazonaws.com/photos/30459182/medium.jpg,NA,NA,NA,4,0,FALSE,3,"Big Bend National Park, Brewster County, US-TX, US",29.1622305,-103.42308,12,NA,NA,NA,12,NA,open,FALSE,NA,NA,Red-spotted Toad,Anaxyrus punctatus,Red-spotted Toad,Amphibia,64984
20408052,43ee147c-5851-4262-84a8-4f9e856594c0,Fri Feb 15 2019 15:22:04 GMT-0600 (CST),2019-02-15,2019-02-16 06:22:04 +0900,Central Time (US & Canada),9560,dianaterryhibbitts,Diana-Terry Hibbitts,2019-02-17 13:15:03 +0900,2019-02-17 23:21:40 +0900,research,CC-BY-NC,https://www.inaturalist.org/observations/20408052,https://inaturalist-open-data.s3.amazonaws.com/photos/31513601/medium.jpg,NA,NA,Inside a building,3,0,FALSE,3,"1700–1748 N State Highway 55, Camp Wood, TX, US",29.69,-100.0203166667,12,NA,NA,NA,12,NA,open,FALSE,NA,NA,Red-spotted Toad,Anaxyrus punctatus,Red-spotted Toad,Amphibia,64984
21196670,087333cb-31f5-44e0-b04c-6ee949750e39,Tue Jul 10 2018 21:58:18 GMT-0500 (CDT),2018-07-10,2018-07-11 11:58:18 +0900,Central Time (US & Canada),245618,stephanie_was_here,Stephanie!,2019-03-13 13:37:31 +0900,2019-03-30 16:22:13 +0900,research,NA,https://www.inaturalist.org/observations/21196670,https://static.inaturalist.org/photos/32764405/medium.jpg,NA,NA,NA,1,0,FALSE,3,"Panther Junction, Alpine, TX, US",29.3282866667,-103.2062083333,24,NA,NA,NA,24,NA,open,FALSE,NA,NA,Red-spotted Toad,Anaxyrus punctatus,Red-spotted Toad,Amphibia,64984
21252078,db5cb8be-c0f3-4739-9cc4-83c1536c2622,2017/03/11 11:28 PM -03,2017-03-11,NA,Buenos Aires,7732,npelegrin,Nicolás Pelegrin,2019-03-15 16:14:16 +0900,2019-03-15 23:14:49 +0900,research,CC-BY,https://www.inaturalist.org/observations/21252078,https://static.inaturalist.org/photos/32857603/medium.jpeg,NA,NA,NA,2,0,FALSE,NA,"Condado de Brewster, Texas, EE. UU.",29.5712798494,-102.9460438111,15,NA,NA,NA,15,NA,open,FALSE,NA,NA,Red-spotted Toad,Anaxyrus punctatus,Red-spotted Toad,Amphibia,64984
21506584,262cdfa7-83e9-4bd8-b4c3-e18877478e40,Sat Mar 23 2019 00:00:15 GMT-0500 (CDT),2019-03-23,2019-03-23 14:00:15 +0900,Central Time (US & Canada),43772,gtsalmon,Gerry Salmon,2019-03-23 14:17:20 +0900,2024-09-01 08:22:33 +0900,research,CC-BY-NC,https://www.inaturalist.org/observations/21506584,https://inaturalist-open-data.s3.amazonaws.com/photos/33280795/medium.jpg,NA,NA,Active 56 F. Imaged only. GTS 3348.,4,0,FALSE,3,"42 Wagon Rd, Alpine, TX, US",30.375536,-103.768942,3,NA,NA,NA,3,NA,open,FALSE,NA,NA,Red-spotted Toad,Anaxyrus punctatus,Red-spotted Toad,Amphibia,64984
21520536,267dbf7f-030d-4e5f-a16b-4e92375e016d,2019/03/15 1:55 PM CDT,2019-03-15,2019-03-16 03:55:00 +0900,Central Time (US & Canada),1548062,ospr3y,Liam Wolff,2019-03-24 02:43:04 +0900,2020-03-21 04:01:23 +0900,research,CC-BY-NC,https://www.inaturalist.org/observations/21520536,https://inaturalist-open-data.s3.amazonaws.com/photos/33303472/medium.jpg,NA,NA,NA,5,0,FALSE,NA,"Coryell County, TX, USA",31.2750958445,-97.7777308415,5,NA,NA,NA,5,NA,open,FALSE,NA,NA,Red-spotted Toad,Anaxyrus punctatus,Red-spotted Toad,Amphibia,64984
21962966,6a24685b-c3b9-4dda-afab-3e26d9ba2a31,2019/03/29 9:41 PM CDT,2019-03-29,2019-03-30 11:41:00 +0900,Central Time (US & Canada),9531,kucycads,Kenneth Bader,2019-04-04 08:01:50 +0900,2021-06-01 02:54:02 +0900,research,CC-BY-NC,https://www.inaturalist.org/observations/21962966,https://inaturalist-open-data.s3.amazonaws.com/photos/34038317/medium.jpeg,NA,NA,NA,1,0,FALSE,NA,"Presidio County, TX, USA",29.5589905448,-104.2375252229,2571,NA,NA,NA,2571,NA,open,FALSE,NA,NA,Red-spotted Toad,Anaxyrus punctatus,Red-spotted Toad,Amphibia,64984
22145867,ed897459-d7ad-4f05-ace8-73bc9c454e2f,2019/04/06 1:50 PM CDT,2019-04-06,2019-04-07 03:50:00 +0900,Central Time (US & Canada),348898,amzapp,Lena Zappia,2019-04-08 01:16:53 +0900,2019-04-08 11:24:20 +0900,research,CC-BY-NC,https://www.inaturalist.org/observations/22145867,https://inaturalist-open-data.s3.amazonaws.com/photos/34284463/medium.jpg,NA,NA,Found and identified by J. Crites.,1,0,FALSE,NA,"Scurry County, TX, USA",32.9581773276,-101.1473265652,201,NA,NA,NA,201,NA,open,FALSE,NA,NA,Red-spotted Toad,Anaxyrus punctatus,Red-spotted Toad,Amphibia,64984
22571446,77e4b842-1e79-407d-8b37-b544efeb2316,2019-04-05 8:50:18 PM MDT,2019-04-05,2019-04-06 11:50:18 +0900,Mountain Time (US & Canada),1468973,nlcowgill,NA,2019-04-17 04:28:11 +0900,2023-09-07 12:20:29 +0900,research,CC-BY-NC,https://www.inaturalist.org/observations/22571446,https://inaturalist-open-data.s3.amazonaws.com/photos/34969914/medium.jpeg,NA,NA,"Had brownish red spots, green brown colored body.",3,0,FALSE,2,"Hudspeth County, TX",30.7916139339,-105.0121042505,2104,NA,NA,NA,2104,NA,open,FALSE,gps,gps,Red-spotted Toad,Anaxyrus punctatus,Red-spotted Toad,Amphibia,64984
22584311,1e05e61e-9d7b-4c30-8477-79674af358f6,2019-04-02,2019-04-02,NA,Mountain Time (US & Canada),1461844,akdruckman,NA,2019-04-17 08:56:51 +0900,2020-02-16 12:08:58 +0900,research,CC-BY-NC,https://www.inaturalist.org/observations/22584311,https://inaturalist-open-data.s3.amazonaws.com/photos/34990776/medium.jpg,NA,NA,"This toad is beige with red and black speckles on the top surfaces of the head, legs, and back.  These two toads came out after a short rain shower.",2,0,FALSE,NA,el paso,31.761878,-106.485022,36999,NA,NA,NA,36999,NA,open,FALSE,NA,NA,Red-spotted Toad,Anaxyrus punctatus,Red-spotted Toad,Amphibia,64984
22646451,d634273f-af72-433d-b8b8-a98ce127f3ea,Fri Apr 05 2019 19:50:28 GMT-0600 (MDT),2019-04-05,2019-04-06 10:50:28 +0900,Mountain Time (US & Canada),1464674,danielavilla82,NA,2019-04-18 14:56:07 +0900,2023-09-08 06:29:55 +0900,research,CC-BY-NC,https://www.inaturalist.org/observations/22646451,https://inaturalist-open-data.s3.amazonaws.com/photos/35090243/medium.jpg,NA,NA,NA,2,0,FALSE,3,"79854, Fort Hancock, TX, US",30.7765583333,-105.01625,65,NA,NA,NA,65,NA,open,FALSE,NA,NA,Red-spotted Toad,Anaxyrus punctatus,Red-spotted Toad,Amphibia,64984
22688577,f59b47e1-83d2-4bcb-8ec1-38e4a44e8f4f,2019-04-18 11:32:08 AM CDT,2019-04-18,2019-04-19 01:32:08 +0900,Central Time (US & Canada),1548062,ospr3y,Liam Wolff,2019-04-19 11:48:07 +0900,2020-03-21 03:57:11 +0900,research,CC-BY-NC,https://www.inaturalist.org/observations/22688577,https://inaturalist-open-data.s3.amazonaws.com/photos/35157695/medium.jpeg,NA,NA,NA,2,0,FALSE,2,"Coryell County, US-TX, US",31.2691726685,-97.7838363647,NA,NA,NA,NA,NA,NA,open,FALSE,gps,gps,Red-spotted Toad,Anaxyrus punctatus,Red-spotted Toad,Amphibia,64984
22700851,adbdcfa4-9744-4985-bf16-cb7a2c9eb15c,Sun Nov 06 2016 11:28:39 GMT-0600 (CST),2016-11-06,2016-11-06 20:28:39 +0900,UTC,417791,joedylish,NA,2019-04-19 21:06:25 +0900,2019-04-20 07:32:35 +0900,research,NA,https://www.inaturalist.org/observations/22700851,https://static.inaturalist.org/photos/35177047/medium.jpg,NA,NA,NA,1,0,FALSE,3,"Big Bend Ranch State Park, Marfa, TX, US",29.3232416667,-104.0365528333,100,NA,NA,NA,100,NA,open,FALSE,NA,NA,Red-spotted Toad,Anaxyrus punctatus,Red-spotted Toad,Amphibia,64984
22700949,b3d69f5b-3d82-4d9a-b91c-477caf5afa3f,Sun Nov 06 2016 11:23:23 GMT-0600 (CST),2016-11-06,2016-11-06 20:23:23 +0900,UTC,417791,joedylish,NA,2019-04-19 21:09:35 +0900,2019-04-27 03:37:43 +0900,research,NA,https://www.inaturalist.org/observations/22700949,https://static.inaturalist.org/photos/35177170/medium.jpg,NA,NA,NA,1,0,FALSE,3,"Big Bend Ranch State Park, Marfa, TX, US",29.3246333333,-104.0358805,10,NA,NA,NA,10,NA,open,FALSE,NA,NA,Red-spotted Toad,Anaxyrus punctatus,Red-spotted Toad,Amphibia,64984
23032307,ba0fe13b-02ed-4144-b346-d23d2f584b16,2019-04-24 9:30:10 PM CDT,2019-04-24,2019-04-25 06:30:10 +0900,UTC,1658594,leahbakewell23,Leah Bakewell,2019-04-25 11:30:50 +0900,2019-04-27 03:22:46 +0900,research,NA,https://www.inaturalist.org/observations/23032307,https://static.inaturalist.org/photos/35705363/medium.jpeg,NA,NA,1,1,0,FALSE,2,"FM170, Terlingua, TX 79852, USA",29.26903626,-103.76080002,3,NA,NA,NA,3,NA,open,FALSE,NA,NA,Red-spotted Toad,Anaxyrus punctatus,Red-spotted Toad,Amphibia,64984
23033239,d1000d2f-0e9d-43a4-9332-d0e1a2398094,2019-04-24T21:44:41-05:00,2019-04-24,2019-04-25 11:44:41 +0900,Central Time (US & Canada),147168,eric_keith,Eric Keith,2019-04-25 11:48:02 +0900,2024-08-09 16:29:21 +0900,research,CC-BY-NC,https://www.inaturalist.org/observations/23033239,NA,https://static.inaturalist.org/sounds/35653.mpga?1556160481,NA,Four calling in pool.,1,0,FALSE,NA,fort wolters,32.872687,-98.043408,34,NA,NA,NA,34,NA,open,FALSE,NA,manual,Red-spotted Toad,Anaxyrus punctatus,Red-spotted Toad,Amphibia,64984
23033245,855c65ca-34fb-458c-b5fd-6221a92f2ad3,2019-04-24 9:47:40 PM CDT,2019-04-24,2019-04-25 06:47:40 +0900,UTC,1658594,leahbakewell23,Leah Bakewell,2019-04-25 11:48:12 +0900,2020-07-06 22:26:37 +0900,research,NA,https://www.inaturalist.org/observations/23033245,https://static.inaturalist.org/photos/35707197/medium.jpeg,NA,NA,2,2,0,FALSE,2,"FM170, Terlingua, TX 79852, USA",29.28351497,-103.72757943,3,NA,NA,NA,3,NA,open,FALSE,NA,NA,Red-spotted Toad,Anaxyrus punctatus,Red-spotted Toad,Amphibia,64984
23037637,326f3d7f-ab52-405c-90da-8ee78879f11e,Wed Apr 24 2019 21:27:09 GMT-0500 (CDT),2019-04-24,2019-04-25 11:27:09 +0900,Central Time (US & Canada),21609,trans-pecos-herpetology,R. Reed McClure,2019-04-25 14:14:53 +0900,2019-04-25 14:40:23 +0900,research,NA,https://www.inaturalist.org/observations/23037637,https://static.inaturalist.org/photos/35714072/medium.jpg,NA,NA,NA,1,0,FALSE,3,"Texas, US",29.2164912234,-103.6816229627,5,"FM 170, Terlingua, TX, US",29.269195,-103.7606966667,29508,obscured,open,TRUE,NA,NA,Red-spotted Toad,Anaxyrus punctatus,Red-spotted Toad,Amphibia,64984
23037656,bdbed127-ed30-4738-be5d-fce4a37c7daa,Wed Apr 24 2019 21:46:24 GMT-0500 (CDT),2019-04-24,2019-04-25 11:46:24 +0900,Central Time (US & Canada),21609,trans-pecos-herpetology,R. Reed McClure,2019-04-25 14:16:05 +0900,2019-04-25 14:40:13 +0900,research,NA,https://www.inaturalist.org/observations/23037656,https://static.inaturalist.org/photos/35714121/medium.jpg,NA,NA,NA,1,0,FALSE,3,"Texas, US",29.3925851974,-103.6539345118,5,"FM 170, Terlingua, TX, US",29.283395,-103.7275,29508,obscured,open,TRUE,NA,NA,Red-spotted Toad,Anaxyrus punctatus,Red-spotted Toad,Amphibia,64984
23037693,347a9434-4040-40a4-abde-5a7fe1a51414,Wed Apr 24 2019 22:02:22 GMT-0500 (CDT),2019-04-24,2019-04-25 12:02:22 +0900,Central Time (US & Canada),21609,trans-pecos-herpetology,R. Reed McClure,2019-04-25 14:17:14 +0900,2019-04-25 14:40:03 +0900,research,NA,https://www.inaturalist.org/observations/23037693,https://static.inaturalist.org/photos/35714158/medium.jpg,NA,NA,NA,1,0,FALSE,3,"Texas, US",29.3990690448,-103.7298765834,5,"FM 170, Terlingua, TX, US",29.313275,-103.6662666667,29508,obscured,open,TRUE,NA,NA,Red-spotted Toad,Anaxyrus punctatus,Red-spotted Toad,Amphibia,64984
23037703,fe8dc288-a589-455a-8ad6-b0b35021829c,Wed Apr 24 2019 22:02:39 GMT-0500 (CDT),2019-04-24,2019-04-25 12:02:39 +0900,Central Time (US & Canada),21609,trans-pecos-herpetology,R. Reed McClure,2019-04-25 14:17:44 +0900,2019-04-25 14:39:53 +0900,research,NA,https://www.inaturalist.org/observations/23037703,https://static.inaturalist.org/photos/35714188/medium.jpg,NA,NA,NA,1,0,FALSE,3,"Texas, US",29.3951329207,-103.6591010882,5,"FM 170, Terlingua, TX, US",29.3130916667,-103.6661383333,29508,obscured,open,TRUE,NA,NA,Red-spotted Toad,Anaxyrus punctatus,Red-spotted Toad,Amphibia,64984
23037720,ad017102-dd77-4801-b63e-f5af0db27580,Wed Apr 24 2019 22:28:29 GMT-0500 (CDT),2019-04-24,2019-04-25 12:28:29 +0900,Central Time (US & Canada),21609,trans-pecos-herpetology,R. Reed McClure,2019-04-25 14:18:32 +0900,2019-04-25 14:39:41 +0900,research,NA,https://www.inaturalist.org/observations/23037720,https://static.inaturalist.org/photos/35714241/medium.jpg,NA,NA,NA,1,0,FALSE,3,"Brewster County, US-TX, US",29.2409625733,-103.5341491274,5,"State Highway 118, Alpine, TX, US",29.3302,-103.5342416667,29508,obscured,open,TRUE,NA,NA,Red-spotted Toad,Anaxyrus punctatus,Red-spotted Toad,Amphibia,64984
23451094,43b5c2de-c757-4b00-9f68-d9f4aa6049ed,Sat Apr 27 2019 13:42:19 GMT-0600 (MDT),2019-04-27,2019-04-28 04:42:19 +0900,Mountain Time (US & Canada),133465,maryflor_garcia,Maryflor Garcia,2019-04-28 04:43:33 +0900,2020-02-16 12:06:25 +0900,research,CC-BY-NC,https://www.inaturalist.org/observations/23451094,https://inaturalist-open-data.s3.amazonaws.com/photos/36315915/medium.jpg,NA,NA,NA,0,0,FALSE,3,"1700 McKinley Ave, El Paso, TX, US",31.8096431857,-106.4782945813,5,NA,NA,NA,5,NA,open,FALSE,NA,NA,Red-spotted Toad,Anaxyrus punctatus,Red-spotted Toad,Amphibia,64984
24099886,11a94e2f-2abd-4e5e-bade-c2e741f31880,Fri Apr 26 2019 21:56:26 GMT-0500 (CDT),2019-04-26,2019-04-27 11:56:26 +0900,Central Time (US & Canada),21609,trans-pecos-herpetology,R. Reed McClure,2019-04-30 10:40:09 +0900,2019-05-28 03:24:18 +0900,research,NA,https://www.inaturalist.org/observations/24099886,https://static.inaturalist.org/photos/37269990/medium.jpg,NA,NA,NA,2,0,FALSE,3,"Big Bend National Park, Brewster County, US-TX, US",29.3825856287,-103.3086927008,5,"Big Bend National Park, Alpine, TX, US",29.2712633333,-103.3687666667,29508,obscured,open,TRUE,NA,NA,Red-spotted Toad,Anaxyrus punctatus,Red-spotted Toad,Amphibia,64984
24871740,10652e94-16ca-4ecd-a139-b1ba7426b4c6,Thu May 09 2019 19:17:21 GMT-0500 (CDT),2019-05-09,2019-05-10 09:17:21 +0900,Central Time (US & Canada),115786,oddfitz,Todd Fitzgerald,2019-05-10 13:05:06 +0900,2019-05-10 23:56:06 +0900,research,CC-BY-NC,https://www.inaturalist.org/observations/24871740,https://inaturalist-open-data.s3.amazonaws.com/photos/38470866/medium.jpg,NA,NA,NA,3,0,FALSE,3,"79734, Fort Davis, TX, US",30.70132,-104.1011361667,20,NA,NA,NA,20,NA,open,FALSE,NA,NA,Red-spotted Toad,Anaxyrus punctatus,Red-spotted Toad,Amphibia,64984
25173024,db065628-2313-4309-b325-263de9ede981,Wed May 15 2019 09:20:52 GMT-0500 (CDT),2019-05-15,2019-05-15 23:20:52 +0900,Central Time (US & Canada),23415,nancyed,Nancye Saunders Drukker,2019-05-16 03:40:00 +0900,2019-05-16 05:32:22 +0900,research,CC-BY-NC,https://www.inaturalist.org/observations/25173024,https://inaturalist-open-data.s3.amazonaws.com/photos/38964642/medium.jpg,NA,NA,NA,1,0,FALSE,3,"Texas, US",29.6978783412,-98.84401003,48,"78006, Boerne, TX, US",29.75332,-98.84015,29458,obscured,open,TRUE,NA,NA,Red-spotted Toad,Anaxyrus punctatus,Red-spotted Toad,Amphibia,64984
25249459,4b2e4d13-5f66-43e0-a7d4-2147add66e40,Thu May 16 2019 23:15:20 GMT-0500 (CDT),2019-05-16,2019-05-17 13:15:20 +0900,Central Time (US & Canada),42399,camposey,NA,2019-05-17 13:17:28 +0900,2022-11-07 10:20:54 +0900,research,CC-BY-NC,https://www.inaturalist.org/observations/25249459,https://inaturalist-open-data.s3.amazonaws.com/photos/39089267/medium.jpg,NA,NA,NA,1,0,FALSE,3,"Park Rd-67, Del Rio, TX, US",29.705920417,-101.3538661434,4,NA,NA,NA,4,NA,open,FALSE,NA,NA,Red-spotted Toad,Anaxyrus punctatus,Red-spotted Toad,Amphibia,64984
25338118,a8b3e10c-2224-417b-b64a-2928cf909bfc,Sat May 18 2019 01:50:43 GMT-0500 (CDT),2019-05-18,2019-05-18 15:50:43 +0900,Central Time (US & Canada),21609,trans-pecos-herpetology,R. Reed McClure,2019-05-19 05:11:17 +0900,2019-05-20 11:01:40 +0900,research,NA,https://www.inaturalist.org/observations/25338118,https://static.inaturalist.org/photos/39231463/medium.jpg,NA,NA,NA,2,0,FALSE,3,"Jeff Davis County, US-TX, US",30.6931589533,-104.1975947317,5,"State Highway 118, Fort Davis, TX, US",30.7267833333,-104.1387416667,29330,obscured,open,TRUE,NA,NA,Red-spotted Toad,Anaxyrus punctatus,Red-spotted Toad,Amphibia,64984
25348952,aa1c4c6b-8b26-41a8-b62e-0f426f90c934,Fri May 17 2019 21:50:51 GMT-0500 (CDT),2019-05-17,2019-05-18 11:50:51 +0900,Central Time (US & Canada),9627,badger8181,Bryan Box,2019-05-19 08:09:26 +0900,2022-01-21 13:16:24 +0900,research,CC-BY-NC,https://www.inaturalist.org/observations/25348952,https://inaturalist-open-data.s3.amazonaws.com/photos/39249284/medium.jpg,NA,NA,NA,0,0,FALSE,3,"Texas, US",30.985446498,-101.9904391519,5,"US-190 E, Fort Stockton, TX, US",30.9284480056,-101.9781360124,29304,obscured,open,TRUE,NA,NA,Red-spotted Toad,Anaxyrus punctatus,Red-spotted Toad,Amphibia,64984
25399187,a479696d-7957-45d5-a8d8-317ae1e5d487,Thu May 16 2019 23:53:43 GMT-0500 (CDT),2019-05-16,2019-05-17 13:53:43 +0900,Central Time (US & Canada),17484,drewrdavis,"Drew R. Davis, Ph.D.",2019-05-20 04:24:49 +0900,2019-06-28 02:58:16 +0900,research,CC-BY-NC,https://www.inaturalist.org/observations/25399187,https://inaturalist-open-data.s3.amazonaws.com/photos/39331228/medium.jpg,NA,NA,dead in roadside pool; female,1,0,FALSE,3,"22685–24047 Ranch Road 674, Rocksprings, TX, US",29.7596846442,-100.4076687744,6,NA,NA,NA,6,NA,open,FALSE,NA,NA,Red-spotted Toad,Anaxyrus punctatus,Red-spotted Toad,Amphibia,64984
25766838,a5b0546a-fe6e-4153-bdf6-1c0504f76f03,2019-05-05 11:19:59 PM CDT,2019-05-05,2019-05-06 08:19:59 +0900,UTC,500525,dannysanders,NA,2019-05-26 07:20:26 +0900,2019-05-26 07:40:28 +0900,research,NA,https://www.inaturalist.org/observations/25766838,https://static.inaturalist.org/photos/39943893/medium.jpeg,NA,NA,NA,1,0,FALSE,2,"Texas, US",30.6631597925,-98.3662826475,NA,NA,NA,NA,29330,obscured,open,TRUE,gps,gps,Red-spotted Toad,Anaxyrus punctatus,Red-spotted Toad,Amphibia,64984
26067947,0da6712d-6f1e-4f74-8a0b-2d0f7ddce78d,2019-05-30 12:03:33 PM CDT,2019-05-30,2019-05-30 21:03:33 +0900,UTC,1084446,aya9,Aya Pickett,2019-05-31 02:14:58 +0900,2020-01-11 08:23:21 +0900,research,NA,https://www.inaturalist.org/observations/26067947,https://static.inaturalist.org/photos/40443854/medium.jpeg,NA,NA,NA,1,0,FALSE,2,"Coryell County, US-TX, US",31.27136311,-97.78323345,9,NA,NA,NA,9,NA,open,FALSE,NA,NA,Red-spotted Toad,Anaxyrus punctatus,Red-spotted Toad,Amphibia,64984
26130533,9e09d9e4-f621-4431-866b-6eeb202e01ab,Sat May 18 2019 23:28:09 GMT-0500 (CDT),2019-05-18,2019-05-19 13:28:09 +0900,Central Time (US & Canada),13971,thom,NA,2019-06-01 03:48:57 +0900,2021-09-25 05:34:20 +0900,research,CC-BY-NC,https://www.inaturalist.org/observations/26130533,https://static.inaturalist.org/photos/40545089/medium.jpg,NA,NA,NA,1,0,FALSE,3,"Davis Mountains State Park, Fort Davis, TX, US",30.5944366667,-103.93715,8,NA,NA,NA,8,NA,open,FALSE,NA,NA,Red-spotted Toad,Anaxyrus punctatus,Red-spotted Toad,Amphibia,64984
26149969,d8b54686-ffbd-486a-8f31-888b5f9106a2,Fri May 31 2019 20:25:08 GMT-0500 (CDT),2019-05-31,2019-06-01 10:25:08 +0900,Central Time (US & Canada),24023,calebh,NA,2019-06-01 10:26:14 +0900,2020-01-11 08:23:22 +0900,research,CC-BY-NC,https://www.inaturalist.org/observations/26149969,https://inaturalist-open-data.s3.amazonaws.com/photos/40578035/medium.jpg,NA,NA,NA,1,0,FALSE,3,"Garner State Park, Concan, TX, US",29.5904882912,-99.7378747767,5,NA,NA,NA,5,NA,open,FALSE,NA,NA,Red-spotted Toad,Anaxyrus punctatus,Red-spotted Toad,Amphibia,64984
26210311,bca719c4-68f5-4ed7-bc04-0a610d58574f,Fri May 31 2019 22:44:25 GMT-0500 (CDT),2019-05-31,2019-06-01 07:44:25 +0900,UTC,1816581,west_texas_herpetology,NA,2019-06-02 07:39:21 +0900,2019-06-04 00:14:08 +0900,research,CC-BY-NC,https://www.inaturalist.org/observations/26210311,https://inaturalist-open-data.s3.amazonaws.com/photos/40678866/medium.jpg,NA,NA,NA,1,0,FALSE,3,"79108, Amarillo, TX, US",35.4515116667,-101.9837116667,8000,NA,NA,NA,8000,NA,open,FALSE,NA,NA,Red-spotted Toad,Anaxyrus punctatus,Red-spotted Toad,Amphibia,64984
26279342,2e849458-67d7-434d-b984-746e81d165c7,2019/05/31 7:57 AM CDT,2019-05-31,2019-05-31 21:57:00 +0900,Central Time (US & Canada),1548062,ospr3y,Liam Wolff,2019-06-03 06:07:41 +0900,2020-03-21 08:28:09 +0900,research,CC-BY-NC,https://www.inaturalist.org/observations/26279342,https://inaturalist-open-data.s3.amazonaws.com/photos/40791857/medium.jpg,NA,NA,NA,1,0,FALSE,NA,"Coryell County, TX, USA",31.2685959808,-97.7756054271,7,NA,NA,NA,7,NA,open,FALSE,NA,NA,Red-spotted Toad,Anaxyrus punctatus,Red-spotted Toad,Amphibia,64984
26403101,1c6ae348-f3ca-49a7-a8df-28f6771d94bc,Tue Apr 23 2019 12:43:43 GMT-0500 (CDT),2019-04-23,2019-04-24 02:43:43 +0900,Central Time (US & Canada),1329266,snowbell,Snowbell,2019-06-05 05:11:18 +0900,2021-09-25 05:34:16 +0900,research,CC-BY-NC,https://www.inaturalist.org/observations/26403101,https://inaturalist-open-data.s3.amazonaws.com/photos/48883240/medium.jpg,NA,NA,NA,1,0,FALSE,3,"Edwards County, US-TX, US",29.6560883333,-100.3821633333,4,NA,NA,NA,4,NA,open,FALSE,NA,NA,Red-spotted Toad,Anaxyrus punctatus,Red-spotted Toad,Amphibia,64984
26496174,52490c8c-29e5-4bb3-a786-55a02c81ed15,Tue Jun 04 2019 22:23:10 GMT-0500 (CDT),2019-06-04,2019-06-05 12:23:10 +0900,Central Time (US & Canada),21609,trans-pecos-herpetology,R. Reed McClure,2019-06-07 00:14:17 +0900,2019-06-08 19:54:13 +0900,research,NA,https://www.inaturalist.org/observations/26496174,https://static.inaturalist.org/photos/41149598/medium.jpg,NA,NA,NA,1,0,FALSE,3,"Texas, US",30.5446459022,-103.9553623029,5,"Main St, Fort Davis, TX, US",30.5836366667,-103.8867716667,29356,obscured,open,TRUE,NA,NA,Red-spotted Toad,Anaxyrus punctatus,Red-spotted Toad,Amphibia,64984
26530046,865dbcc0-550b-4d73-8a43-791a2b54bba7,Thu Jun 06 2019 21:23:19 GMT-0500 (CDT),2019-06-06,2019-06-07 06:23:19 +0900,UTC,1128920,amy1216,NA,2019-06-07 11:25:55 +0900,2019-06-08 03:23:10 +0900,research,NA,https://www.inaturalist.org/observations/26530046,https://static.inaturalist.org/photos/41203697/medium.jpg,NA,NA,NA,1,0,FALSE,3,"13341 Wandering Rd, Amarillo, TX, US",35.0718268754,-101.7612130026,584,NA,NA,NA,584,NA,open,FALSE,NA,NA,Red-spotted Toad,Anaxyrus punctatus,Red-spotted Toad,Amphibia,64984
26671339,8ef3944c-93d5-4dc2-90d8-b9ae4e34fcc8,Sat Jun 08 2019 19:03:44 GMT-0500 (CDT),2019-06-08,2019-06-09 09:03:44 +0900,Central Time (US & Canada),2098,toby,Toby Hibbitts,2019-06-09 22:16:59 +0900,2019-11-26 12:55:42 +0900,research,NA,https://www.inaturalist.org/observations/26671339,https://static.inaturalist.org/photos/41428563/medium.jpg,NA,NA,NA,3,0,FALSE,3,"5527–5577 County Road 270, Shamrock, TX, US",35.0991666667,-100.0431445,5,NA,NA,NA,5,NA,open,FALSE,NA,NA,Red-spotted Toad,Anaxyrus punctatus,Red-spotted Toad,Amphibia,64984
26692952,53058b29-cba1-4c82-9125-288a339555df,2019/05/30 10:31 PM CDT,2019-05-30,2019-05-31 12:31:00 +0900,Central Time (US & Canada),330406,jenthebird,Jen Schlauch,2019-06-10 03:45:18 +0900,2023-02-27 05:18:29 +0900,research,CC-BY-NC,https://www.inaturalist.org/observations/26692952,https://inaturalist-open-data.s3.amazonaws.com/photos/41459691/medium.jpeg,NA,NA,on bathrooms by site 62,1,0,FALSE,NA,"TX-118, Fort Davis, TX 79734, USA",30.5991199,-103.9294064,3238,NA,NA,NA,3238,NA,open,FALSE,NA,NA,Red-spotted Toad,Anaxyrus punctatus,Red-spotted Toad,Amphibia,64984
26692953,b75f1d72-a99e-48f8-a7ea-c81d9d8af7d0,2019/05/30 8:45 AM CDT,2019-05-30,2019-05-30 22:45:00 +0900,Central Time (US & Canada),330406,jenthebird,Jen Schlauch,2019-06-10 03:45:18 +0900,2024-10-21 03:32:28 +0900,research,CC-BY-NC,https://www.inaturalist.org/observations/26692953,https://inaturalist-open-data.s3.amazonaws.com/photos/41459709/medium.jpeg,NA,NA,DOR Hwy 105,1,0,FALSE,NA,"Jeff Davis County, TX, USA",30.535,-104.348,NA,NA,NA,NA,NA,NA,open,FALSE,NA,NA,Red-spotted Toad,Anaxyrus punctatus,Red-spotted Toad,Amphibia,64984
26722365,1b792b42-b8d6-4a53-8645-30941174944d,2019/06/05 9:55 PM CDT,2019-06-05,2019-06-06 11:55:00 +0900,Central Time (US & Canada),63375,rkostecke,Rich Kostecke,2019-06-10 11:22:42 +0900,2019-06-10 11:35:21 +0900,research,CC-BY-NC,https://www.inaturalist.org/observations/26722365,https://inaturalist-open-data.s3.amazonaws.com/photos/41510036/medium.jpg,NA,NA,NA,1,0,FALSE,NA,"Terrell County, TX, USA",30.4669916667,-101.80407,NA,NA,NA,NA,NA,NA,open,FALSE,NA,NA,Red-spotted Toad,Anaxyrus punctatus,Red-spotted Toad,Amphibia,64984
26773048,583f9285-4e05-4ab3-86a0-c470018227d6,2019/05/30 10:43 PM CDT,2019-05-30,2019-05-31 12:43:00 +0900,Central Time (US & Canada),213832,dylapodiformes,Dylan Winkler,2019-06-11 07:18:05 +0900,2019-06-12 21:32:37 +0900,research,CC-BY-NC,https://www.inaturalist.org/observations/26773048,https://inaturalist-open-data.s3.amazonaws.com/photos/41592069/medium.jpg,NA,NA,Lifer woo! 2 individuals near bathroom,1,0,FALSE,NA,"Jeff Davis County, TX, USA",30.5954374155,-103.9354091513,200,NA,NA,NA,200,NA,open,FALSE,NA,NA,Red-spotted Toad,Anaxyrus punctatus,Red-spotted Toad,Amphibia,64984
26777373,064477c0-5a36-4b73-afbb-8c1be421b410,2019/06/08 1:07 AM CDT,2019-06-08,2019-06-08 15:07:00 +0900,Central Time (US & Canada),1860744,padraic_robinson,Padraic Robinson,2019-06-11 08:40:54 +0900,2019-10-05 08:58:05 +0900,research,CC-BY-NC,https://www.inaturalist.org/observations/26777373,https://inaturalist-open-data.s3.amazonaws.com/photos/41599393/medium.jpeg,NA,NA,NA,1,0,FALSE,NA,"Terrell County, TX, USA",30.4795472222,-101.8520194444,5,NA,NA,NA,5,NA,open,FALSE,NA,NA,Red-spotted Toad,Anaxyrus punctatus,Red-spotted Toad,Amphibia,64984
26856911,e77f15e3-06f8-4e29-8b00-c0be49c06787,Fri Jun 07 2019 22:09:00 GMT-0500 (CDT),2019-06-07,2019-06-08 07:09:00 +0900,UTC,339345,hannahhayes,Hannah Hayes,2019-06-12 21:58:03 +0900,2021-11-19 14:59:56 +0900,research,NA,https://www.inaturalist.org/observations/26856911,https://static.inaturalist.org/photos/41728222/medium.jpg,NA,NA,NA,3,1,FALSE,3,"Big Bend National Park, Alpine, TX, US",29.1725166667,-103.1567471667,48,NA,NA,NA,48,NA,open,FALSE,NA,NA,Red-spotted Toad,Anaxyrus punctatus,Red-spotted Toad,Amphibia,64984
26979681,20c54724-30a1-41e3-9688-3d6fd440bc0c,Sat Jun 01 2019 12:49:11 GMT-0700 (PDT),2019-06-01,2019-06-02 04:49:11 +0900,Pacific Time (US & Canada),32808,adrianj,AJ Johnson,2019-06-15 04:12:51 +0900,2019-06-15 05:06:42 +0900,research,CC-BY-NC,https://www.inaturalist.org/observations/26979681,https://inaturalist-open-data.s3.amazonaws.com/photos/41930248/medium.jpg,NA,NA,NA,1,0,FALSE,3,"Mt Fowlkes Rd, Fort Davis, TX, US",30.6811862865,-104.0150518849,22,NA,NA,NA,22,NA,open,FALSE,NA,NA,Red-spotted Toad,Anaxyrus punctatus,Red-spotted Toad,Amphibia,64984
27010696,0fbf1cd8-11d8-4388-a0c7-6c1094872801,Fri Jun 14 2019 13:35:21 GMT-0500 (CDT),2019-06-14,2019-06-14 22:35:21 +0900,UTC,1552944,rloera,NA,2019-06-15 18:16:32 +0900,2022-11-07 10:20:44 +0900,research,CC-BY-NC,https://www.inaturalist.org/observations/27010696,https://inaturalist-open-data.s3.amazonaws.com/photos/41982493/medium.jpg,NA,NA,NA,1,0,FALSE,3,"10 Mile Rd, Sabinal, TX, US",29.4314292018,-99.6283145502,1418,NA,NA,NA,1418,NA,open,FALSE,NA,NA,Red-spotted Toad,Anaxyrus punctatus,Red-spotted Toad,Amphibia,64984
27019141,f8ce5add-551c-40ab-b044-f8dc9cb91383,Fri Jun 14 2019 22:23:52 GMT-0500 (CDT),2019-06-14,2019-06-15 07:23:52 +0900,UTC,586462,drew28,Drew Neyland,2019-06-15 22:41:20 +0900,2022-11-07 10:20:36 +0900,research,NA,https://www.inaturalist.org/observations/27019141,https://static.inaturalist.org/photos/41995600/medium.jpg,NA,NA,NA,2,0,FALSE,3,"78801, Uvalde, TX, US",29.6184794075,-100.0141038371,6,NA,NA,NA,6,NA,open,FALSE,NA,NA,Red-spotted Toad,Anaxyrus punctatus,Red-spotted Toad,Amphibia,64984
27358640,2fee515b-4666-4bac-b6f7-ee60bdefbaee,2019/06/14 4:52 PM CDT,2019-06-14,2019-06-15 06:52:00 +0900,Central Time (US & Canada),13118,tadamcochran,NA,2019-06-21 10:34:07 +0900,2019-06-25 08:58:02 +0900,research,CC-BY-NC,https://www.inaturalist.org/observations/27358640,https://static.inaturalist.org/photos/42557646/medium.jpg,NA,NA,NA,1,0,FALSE,NA,"irann, Tx",30.827044,-101.999579,488,NA,NA,NA,488,NA,open,FALSE,NA,manual,Red-spotted Toad,Anaxyrus punctatus,Red-spotted Toad,Amphibia,64984
27506031,eec335ad-75b7-4bbb-8175-b7fa66ef9766,Sat Jun 22 2019 00:18:25 GMT-0500 (CDT),2019-06-22,2019-06-22 14:18:25 +0900,Central Time (US & Canada),21609,trans-pecos-herpetology,R. Reed McClure,2019-06-24 00:27:19 +0900,2019-06-28 02:34:57 +0900,research,NA,https://www.inaturalist.org/observations/27506031,https://static.inaturalist.org/photos/42804102/medium.jpg,NA,NA,NA,1,0,FALSE,3,"Big Bend National Park, Brewster County, US-TX, US",29.2951084222,-103.3552178831,5,"Big Bend National Park, Alpine, TX, US",29.3331883333,-103.366225,29508,obscured,open,TRUE,NA,NA,Red-spotted Toad,Anaxyrus punctatus,Red-spotted Toad,Amphibia,64984
27506075,ce60b664-d5c2-4e47-a635-64dc7b9b008a,Sat Jun 22 2019 00:25:11 GMT-0500 (CDT),2019-06-22,2019-06-22 14:25:11 +0900,Central Time (US & Canada),21609,trans-pecos-herpetology,R. Reed McClure,2019-06-24 00:28:26 +0900,2019-06-25 02:11:42 +0900,research,NA,https://www.inaturalist.org/observations/27506075,https://static.inaturalist.org/photos/42804184/medium.jpg,NA,NA,NA,1,0,FALSE,3,"Big Bend National Park, Brewster County, US-TX, US",29.323896805,-103.3779938365,5,"Big Bend National Park, Alpine, TX, US",29.336375,-103.3302616667,29508,obscured,open,TRUE,NA,NA,Red-spotted Toad,Anaxyrus punctatus,Red-spotted Toad,Amphibia,64984
27612814,685fb8e8-b55f-4630-bee0-4c9a47cfaad1,Sun Jun 23 2019 22:15:59 GMT-0500 (CDT),2019-06-23,2019-06-24 12:15:59 +0900,Central Time (US & Canada),245618,stephanie_was_here,Stephanie!,2019-06-25 12:49:58 +0900,2021-11-19 14:59:45 +0900,research,NA,https://www.inaturalist.org/observations/27612814,https://static.inaturalist.org/photos/42981942/medium.jpg,NA,NA,NA,1,0,FALSE,3,"Big Bend National Park, Brewster County, US-TX, US",29.3602011292,-103.2089252777,10267,NA,NA,NA,29508,obscured,open,TRUE,NA,NA,Red-spotted Toad,Anaxyrus punctatus,Red-spotted Toad,Amphibia,64984
27728313,d0afbad8-a89d-4178-baae-3138b7d50f4d,Fri Jun 21 2019 22:18:25 GMT-0700 (MST),2019-06-21,2019-06-22 13:18:25 +0900,Mountain Time (US & Canada),21609,trans-pecos-herpetology,R. Reed McClure,2019-06-27 09:23:53 +0900,2022-12-14 19:36:07 +0900,needs_id,NA,https://www.inaturalist.org/observations/27728313,https://static.inaturalist.org/photos/43172813/medium.jpg,NA,NA,NA,1,0,FALSE,3,"Big Bend National Park, Brewster County, US-TX, US",29.2787475502,-103.331269539,5,"Big Bend National Park, Alpine, TX, US",29.3331883333,-103.366225,29508,obscured,open,TRUE,NA,NA,Red-spotted Toad,Anaxyrus punctatus,Red-spotted Toad,Amphibia,64984
27728342,1357aef7-3ed1-46e8-8e19-af0e15c9eac2,Fri Jun 21 2019 22:25:11 GMT-0700 (MST),2019-06-21,2019-06-22 13:25:11 +0900,Mountain Time (US & Canada),21609,trans-pecos-herpetology,R. Reed McClure,2019-06-27 09:24:25 +0900,2023-02-24 08:58:16 +0900,research,NA,https://www.inaturalist.org/observations/27728342,https://static.inaturalist.org/photos/43172862/medium.jpg,NA,NA,NA,1,0,FALSE,3,"Big Bend National Park, Brewster County, US-TX, US",29.3943078458,-103.3046624711,5,"Big Bend National Park, Alpine, TX, US",29.336375,-103.3302616667,29508,obscured,open,TRUE,NA,NA,Red-spotted Toad,Anaxyrus punctatus,Red-spotted Toad,Amphibia,64984
27737834,2d466900-93b8-4a93-b19e-a9f62de2d96e,Tue Jun 18 2019 23:19:17 GMT-0500 (CDT),2019-06-18,2019-06-19 08:19:17 +0900,UTC,1711797,amandaemert,Amanda Emert,2019-06-27 12:29:01 +0900,2019-06-28 02:17:51 +0900,research,NA,https://www.inaturalist.org/observations/27737834,https://static.inaturalist.org/photos/43189125/medium.jpg,NA,NA,All individuals observed were toadlets.,1,0,FALSE,3,"79346, Morton, TX, US",33.3970979295,-102.6046008512,209,NA,NA,NA,209,NA,open,FALSE,NA,NA,Red-spotted Toad,Anaxyrus punctatus,Red-spotted Toad,Amphibia,64984
27770439,3b11cd7a-8254-4f2b-a771-44dff41d5e94,Sat Jun 22 2019 23:02:43 GMT-0500 (CDT),2019-06-22,2019-06-23 13:02:43 +0900,Central Time (US & Canada),109125,jrotzeke,NA,2019-06-28 04:17:04 +0900,2019-06-28 05:17:48 +0900,research,CC-BY-NC,https://www.inaturalist.org/observations/27770439,https://inaturalist-open-data.s3.amazonaws.com/photos/43242404/medium.jpg,NA,NA,NA,1,0,FALSE,3,"701–761 US Highway 90, Sanderson, TX, US",30.0627333333,-102.30497,10,NA,NA,NA,10,NA,open,FALSE,NA,NA,Red-spotted Toad,Anaxyrus punctatus,Red-spotted Toad,Amphibia,64984
28280269,757d5e00-071a-4a4b-8611-745cef622092,Sat Jul 06 2019 00:09:15 GMT-0600 (MDT),2019-07-06,2019-07-06 15:09:15 +0900,Mountain Time (US & Canada),240222,grantbassett,Grant Bassett,2019-07-06 17:53:15 +0900,2020-02-16 12:08:49 +0900,research,CC-BY-NC,https://www.inaturalist.org/observations/28280269,https://inaturalist-open-data.s3.amazonaws.com/photos/44074380/medium.jpg,NA,NA,"Found sitting on the bedrock of a desert ravine. Seemingly urinated on me upon capture. 

Temperature: 77 degrees Fahrenheit. Humidity: 39%. Wind: W 20 mph. Pressure: 29.93 inHg. UV index: 0. Air quality index: 68.
",1,0,FALSE,3,"1108 Thunderbird Dr, El Paso, TX, US",31.8510583333,-106.5091866667,8,NA,NA,NA,8,NA,open,FALSE,NA,NA,Red-spotted Toad,Anaxyrus punctatus,Red-spotted Toad,Amphibia,64984
28302116,f678c782-0dc6-4768-81a4-b239202f0b87,Sat Jul 06 2019 11:50:54 GMT-0500 (CDT),2019-07-06,2019-07-07 01:50:54 +0900,Central Time (US & Canada),250779,herpsofnm,Chris Cirrincione (ChrisNM/Herps Of NM),2019-07-07 01:53:01 +0900,2019-07-19 10:15:04 +0900,research,NA,https://www.inaturalist.org/observations/28302116,https://static.inaturalist.org/photos/44107675/medium.jpg,NA,NA,NA,1,0,FALSE,3,"2420 N Hughes St, Amarillo, TX, US",35.2395268064,-101.8344597147,5,NA,NA,NA,5,NA,open,FALSE,NA,NA,Red-spotted Toad,Anaxyrus punctatus,Red-spotted Toad,Amphibia,64984
28420412,c9da6a81-186a-458c-9137-174f09ec1d38,Sun Jul 07 2019 23:58:57 GMT-0600 (MDT),2019-07-07,2019-07-08 14:58:57 +0900,Mountain Time (US & Canada),240222,grantbassett,Grant Bassett,2019-07-08 16:14:01 +0900,2021-06-15 08:41:59 +0900,research,CC-BY-NC,https://www.inaturalist.org/observations/28420412,https://inaturalist-open-data.s3.amazonaws.com/photos/44303911/medium.jpg,NA,NA,"Found hopping along the desert floor after a summer rain. 

Temperature: 68 degrees Fahrenheit. Humidity: 63%. Wind: WNW 9 mph. Pressure: 29.9 inHg. UV index: 0. Air quality index: 51. 

It had rain 0.3 inches earlier in the day/evening.",1,0,FALSE,3,"1112 Thunderbird Dr, El Paso, TX, US",31.8519383333,-106.5095283333,32,NA,NA,NA,32,NA,open,FALSE,NA,NA,Red-spotted Toad,Anaxyrus punctatus,Red-spotted Toad,Amphibia,64984
28448517,60dc5e3e-540b-41c8-bf58-8b027cc56b7a,Sun Jul 07 2019 23:50:19 GMT-0600 (MDT),2019-07-07,2019-07-08 14:50:19 +0900,Mountain Time (US & Canada),240222,grantbassett,Grant Bassett,2019-07-09 03:19:02 +0900,2021-06-15 08:44:43 +0900,research,CC-BY-NC,https://www.inaturalist.org/observations/28448517,https://inaturalist-open-data.s3.amazonaws.com/photos/44347494/medium.jpg,NA,NA,"Found AOR after a summer rain. 

Temperature: 69 degrees Fahrenheit. Humidity: 63%. Wind: W 12 mph. Pressure: 29.9 inHg. Precipitation: 0.5 inches. UV index: 0. Air quality index: 51.",1,0,FALSE,3,"1122 Thunderbird Dr, El Paso, TX, US",31.8527905531,-106.5101741735,22,NA,NA,NA,22,NA,open,FALSE,NA,NA,Red-spotted Toad,Anaxyrus punctatus,Red-spotted Toad,Amphibia,64984
28455031,59e75d14-87ff-4e1d-b78d-f7699c788931,2019/07/08 12:12 PM MDT,2019-07-08,2019-07-09 03:12:00 +0900,Mountain Time (US & Canada),240222,grantbassett,Grant Bassett,2019-07-09 05:10:35 +0900,2024-08-07 23:15:44 +0900,research,CC-BY-NC,https://www.inaturalist.org/observations/28455031,NA,https://static.inaturalist.org/sounds/43125.mp3?1562616309,NA,"Several <i>Anaxyrus punctatus</i> heard chorusing after a summer rain. 

Listen to this track with headphones and with volume at 100% (for some reason the track got a lot quieter once I uploaded it to iNat).",1,0,FALSE,NA,"Northwest El Paso, El Paso, TX, USA",31.8499726968,-106.5088232174,45,NA,NA,NA,45,NA,open,FALSE,NA,NA,Red-spotted Toad,Anaxyrus punctatus,Red-spotted Toad,Amphibia,64984
28480254,7999ffce-a38a-4509-b6a3-1e84e54aa4aa,2019-07-08 9:51:13 PM CDT,2019-07-08,2019-07-09 06:51:13 +0900,UTC,500525,dannysanders,NA,2019-07-09 13:17:28 +0900,2019-07-09 14:38:53 +0900,research,NA,https://www.inaturalist.org/observations/28480254,https://static.inaturalist.org/photos/44400155/medium.jpeg,NA,NA,NA,1,0,FALSE,2,"Texas, US",30.6664112724,-98.3780854011,NA,NA,NA,NA,29330,obscured,open,TRUE,gps,gps,Red-spotted Toad,Anaxyrus punctatus,Red-spotted Toad,Amphibia,64984
28480319,0b316014-8e97-458c-8ae4-f0d9b7f70591,2019-07-08 9:50:54 PM CDT,2019-07-08,2019-07-09 06:50:54 +0900,UTC,500525,dannysanders,NA,2019-07-09 13:19:23 +0900,2019-07-09 14:39:10 +0900,research,NA,https://www.inaturalist.org/observations/28480319,https://static.inaturalist.org/photos/44400240/medium.jpeg,NA,NA,NA,1,0,FALSE,2,"Texas, US",30.6604091003,-98.2436148005,7,NA,NA,NA,29330,obscured,open,TRUE,NA,NA,Red-spotted Toad,Anaxyrus punctatus,Red-spotted Toad,Amphibia,64984
28640110,3baf1cd3-5760-44b3-bd8b-980af2526d84,2019-07-10 11:19:25 PM CDT,2019-07-10,2019-07-11 13:19:25 +0900,Central Time (US & Canada),4568,mracre,mracre,2019-07-12 07:16:50 +0900,2019-07-16 00:05:02 +0900,research,CC-BY,https://www.inaturalist.org/observations/28640110,https://static.inaturalist.org/photos/44658909/medium.jpeg,NA,NA,NA,1,0,FALSE,2,Dolan Creek,29.8902645111,-100.986907959,NA,NA,NA,NA,NA,NA,open,FALSE,gps,gps,Red-spotted Toad,Anaxyrus punctatus,Red-spotted Toad,Amphibia,64984
28703114,057bc602-828c-4c16-b947-ea6154dff9b8,2014/05/26 3:04 AM CDT,2014-05-26,2014-05-26 17:04:00 +0900,Central Time (US & Canada),9627,badger8181,Bryan Box,2019-07-13 08:55:20 +0900,2022-01-21 13:15:53 +0900,research,CC-BY-NC,https://www.inaturalist.org/observations/28703114,https://inaturalist-open-data.s3.amazonaws.com/photos/44760601/medium.jpg,NA,NA,NA,2,0,FALSE,NA,"Brewster County, US-TX, US",29.5151246112,-102.8337354115,11500,"Brewster County, TX, USA",29.5292194928,-102.9212840347,29483,obscured,open,TRUE,NA,NA,Red-spotted Toad,Anaxyrus punctatus,Red-spotted Toad,Amphibia,64984
28713574,b19823b2-405a-474b-989b-e5c978bbbcda,2013/06/10 12:24 AM CDT,2013-06-10,2013-06-10 14:24:00 +0900,Central Time (US & Canada),9627,badger8181,Bryan Box,2019-07-13 13:26:25 +0900,2022-01-21 13:15:53 +0900,research,CC-BY-NC,https://www.inaturalist.org/observations/28713574,https://inaturalist-open-data.s3.amazonaws.com/photos/44778651/medium.jpg,NA,Redspotted Toad,NA,1,0,FALSE,NA,"Jeff Davis County, US-TX, US",30.7580242795,-104.1782762002,2511,"Jeff Davis County, TX, USA",30.6978861645,-104.0861179347,29330,obscured,open,TRUE,NA,NA,Red-spotted Toad,Anaxyrus punctatus,Red-spotted Toad,Amphibia,64984
28713578,9dcde5d2-8184-4338-b11e-f5089b5d9c7b,2013/06/10 12:27 AM CDT,2013-06-10,2013-06-10 14:27:00 +0900,Central Time (US & Canada),9627,badger8181,Bryan Box,2019-07-13 13:26:27 +0900,2019-07-13 14:01:46 +0900,research,CC-BY-NC,https://www.inaturalist.org/observations/28713578,https://inaturalist-open-data.s3.amazonaws.com/photos/44778676/medium.jpg,NA,Redspotted Toad,NA,1,0,FALSE,NA,"Jeff Davis County, US-TX, US",30.6933536477,-104.0801729621,2511,"Jeff Davis County, TX, USA",30.6978861645,-104.0861179347,29330,obscured,open,TRUE,NA,NA,Red-spotted Toad,Anaxyrus punctatus,Red-spotted Toad,Amphibia,64984
29043735,8ec3f54e-9ece-4e06-958a-5740f4db8436,2009/05/29 10:56 PM CDT,2009-05-29,2009-05-30 12:56:00 +0900,Central Time (US & Canada),9627,badger8181,Bryan Box,2019-07-18 17:59:56 +0900,2019-07-19 07:26:33 +0900,research,CC-BY-NC,https://www.inaturalist.org/observations/29043735,https://inaturalist-open-data.s3.amazonaws.com/photos/45310551/medium.jpg,NA,NA,NA,2,0,FALSE,NA,"Brewster County, TX, USA",29.5572676457,-102.9476582623,14493,NA,NA,NA,14493,NA,open,FALSE,NA,NA,Red-spotted Toad,Anaxyrus punctatus,Red-spotted Toad,Amphibia,64984
29378346,109bf963-121f-41ac-8fb4-110224c7b27f,2019-07-23 8:53:44 AM CDT,2019-07-23,2019-07-23 17:53:44 +0900,UTC,1486008,susan413,Susan Sheppard,2019-07-23 22:57:28 +0900,2023-02-24 08:58:14 +0900,research,NA,https://www.inaturalist.org/observations/29378346,https://static.inaturalist.org/photos/45848980/medium.jpg,NA,NA,NA,1,0,FALSE,2,"Borger, TX 79007, USA",35.7086571,-101.4098969,20,NA,NA,NA,20,NA,open,FALSE,NA,NA,Red-spotted Toad,Anaxyrus punctatus,Red-spotted Toad,Amphibia,64984
29416619,efda1f39-787a-43df-8a7d-946d35e6ba8f,2019-07-23 11:03:00 AM CDT,2019-07-23,2019-07-24 01:03:00 +0900,Central Time (US & Canada),105431,shaunmichael,Shaun M. McCoshum,2019-07-24 09:45:23 +0900,2023-07-07 21:31:45 +0900,research,CC-BY-NC,https://www.inaturalist.org/observations/29416619,https://inaturalist-open-data.s3.amazonaws.com/photos/45909236/medium.jpeg,NA,NA,Heavy rains last night,1,0,FALSE,2,"Texas, US",30.7382395959,-103.5982440907,3,"Texas, US",30.79848029,-103.42608125,29330,obscured,open,TRUE,NA,NA,Red-spotted Toad,Anaxyrus punctatus,Red-spotted Toad,Amphibia,64984
29440894,09261b53-945a-4e4a-bede-865b507d3ce9,2019-07-23 10:34:54 PM CDT,2019-07-23,2019-07-24 07:34:54 +0900,UTC,1658594,leahbakewell23,Leah Bakewell,2019-07-24 22:47:43 +0900,2019-10-11 05:08:29 +0900,research,NA,https://www.inaturalist.org/observations/29440894,https://static.inaturalist.org/photos/45948336/medium.jpeg,NA,NA,8,1,0,FALSE,2,"Brewster County, US-TX, US",29.80845415,-103.19641905,5,NA,NA,NA,5,NA,open,FALSE,NA,NA,Red-spotted Toad,Anaxyrus punctatus,Red-spotted Toad,Amphibia,64984
29493701,3bca8d18-273d-4df0-b333-ef6977eb9448,2019-05-30 9:43:48 PM CDT,2019-05-30,2019-05-31 11:43:48 +0900,Central Time (US & Canada),626083,sdecker4,Sydney K. Decker,2019-07-25 13:46:43 +0900,2019-10-11 05:08:24 +0900,research,CC-BY-NC,https://www.inaturalist.org/observations/29493701,https://inaturalist-open-data.s3.amazonaws.com/photos/46033690/medium.jpeg,NA,NA,NA,1,0,FALSE,2,"Big Bend National Park, TX 79834, USA",29.2525005341,-103.1722259521,NA,NA,NA,NA,NA,NA,open,FALSE,gps,gps,Red-spotted Toad,Anaxyrus punctatus,Red-spotted Toad,Amphibia,64984
29875377,53e61650-c62b-4dfc-8264-2dc20f8a867b,2016/05/21 8:56 PM CDT,2016-05-21,2016-05-22 10:56:00 +0900,Central Time (US & Canada),81440,craighensley,Craig Hensley,2019-07-31 05:43:50 +0900,2024-08-30 02:06:20 +0900,research,CC-BY,https://www.inaturalist.org/observations/29875377,https://inaturalist-open-data.s3.amazonaws.com/photos/46648679/medium.jpeg,NA,NA,NA,1,0,FALSE,NA,"Comal County, TX, USA",29.8739563795,-98.4864165425,3,NA,NA,NA,3,NA,open,FALSE,NA,NA,Red-spotted Toad,Anaxyrus punctatus,Red-spotted Toad,Amphibia,64984
29897707,3fa0ab81-f273-46e5-a8c4-e63249276dbb,2019-07-30 11:16:23 PM CDT,2019-07-30,2019-07-31 08:16:23 +0900,UTC,1658594,leahbakewell23,Leah Bakewell,2019-07-31 13:16:47 +0900,2019-10-11 05:08:15 +0900,research,NA,https://www.inaturalist.org/observations/29897707,https://static.inaturalist.org/photos/46685680/medium.jpeg,NA,NA,9,1,0,FALSE,2,"Lajitas, TX 79852, USA",29.27000678,-103.75521023,8,NA,NA,NA,8,NA,open,FALSE,NA,NA,Red-spotted Toad,Anaxyrus punctatus,Red-spotted Toad,Amphibia,64984
29925933,110d497a-7ee8-4bd1-b4f8-86f38c38e397,2019-07-16 11:20:11 AM MDT,2019-07-16,2019-07-17 02:20:11 +0900,Mountain Time (US & Canada),343623,toomanyseed,Aidan R,2019-08-01 02:04:50 +0900,2021-12-03 07:13:28 +0900,research,CC-BY-NC,https://www.inaturalist.org/observations/29925933,https://inaturalist-open-data.s3.amazonaws.com/photos/46730366/medium.jpeg,NA,NA,NA,2,0,FALSE,2,"Texas, US",30.361658757,-101.7278791219,22308,NA,NA,NA,22308,NA,open,FALSE,gps,gps,Red-spotted Toad,Anaxyrus punctatus,Red-spotted Toad,Amphibia,64984
29978684,dfaf0960-b49c-487d-843c-f0e2982ac557,Sat Jun 22 2019 21:16:47 GMT-0500 (CDT),2019-06-22,2019-06-23 16:16:47 +0900,Hawaii,143978,bird_freak,NA,2019-08-01 23:12:41 +0900,2019-10-11 05:07:59 +0900,research,NA,https://www.inaturalist.org/observations/29978684,https://static.inaturalist.org/photos/46814367/medium.jpg,NA,NA,NA,1,0,FALSE,3,"Big Bend National Park, Alpine, TX, US",29.2717833333,-103.1357111667,5,NA,NA,NA,5,NA,open,FALSE,NA,NA,Red-spotted Toad,Anaxyrus punctatus,Red-spotted Toad,Amphibia,64984
30025585,a2490442-c98d-4753-9b79-b19d3b75291f,2019-08-01 11:54:40 PM CDT,2019-08-01,2019-08-02 08:54:40 +0900,UTC,1658594,leahbakewell23,Leah Bakewell,2019-08-02 13:54:59 +0900,2019-10-11 05:07:55 +0900,research,NA,https://www.inaturalist.org/observations/30025585,https://static.inaturalist.org/photos/46889184/medium.jpeg,NA,NA,10,1,0,FALSE,2,"Lajitas, TX 79852, USA",29.26934367,-103.751192,4,NA,NA,NA,4,NA,open,FALSE,NA,NA,Red-spotted Toad,Anaxyrus punctatus,Red-spotted Toad,Amphibia,64984
30025715,c5347a7a-d874-46f4-bacf-f60dec0a3ece,2019-08-01 11:59:15 PM CDT,2019-08-01,2019-08-02 08:59:15 +0900,UTC,1658594,leahbakewell23,Leah Bakewell,2019-08-02 13:59:30 +0900,2019-10-11 05:07:51 +0900,research,NA,https://www.inaturalist.org/observations/30025715,https://static.inaturalist.org/photos/46889418/medium.jpeg,NA,NA,11,1,0,FALSE,2,"Lajitas, TX 79852, USA",29.26929919,-103.7511021,7,NA,NA,NA,7,NA,open,FALSE,NA,NA,Red-spotted Toad,Anaxyrus punctatus,Red-spotted Toad,Amphibia,64984
30025890,4cd71370-e642-4387-9e95-7f86b7f0841b,2019-08-02 12:05:49 AM CDT,2019-08-02,2019-08-02 09:05:49 +0900,UTC,1658594,leahbakewell23,Leah Bakewell,2019-08-02 14:06:13 +0900,2019-10-11 05:07:49 +0900,research,NA,https://www.inaturalist.org/observations/30025890,https://static.inaturalist.org/photos/46889741/medium.jpeg,NA,NA,12,1,0,FALSE,2,"Lajitas, TX 79852, USA",29.26916035,-103.75113973,6,NA,NA,NA,6,NA,open,FALSE,NA,NA,Red-spotted Toad,Anaxyrus punctatus,Red-spotted Toad,Amphibia,64984
30095126,faba24ff-8a3c-47a3-b8a5-64c24311d297,2019-08-03 6:49:37 AM CDT,2019-08-03,2019-08-03 15:49:37 +0900,UTC,1658594,leahbakewell23,Leah Bakewell,2019-08-03 20:50:01 +0900,2019-12-14 09:09:28 +0900,research,NA,https://www.inaturalist.org/observations/30095126,https://static.inaturalist.org/photos/46999118/medium.jpeg,NA,NA,13,2,0,FALSE,2,"Lajitas, TX 79852, USA",29.26921419,-103.75575614,8,NA,NA,NA,8,NA,open,FALSE,NA,NA,Red-spotted Toad,Anaxyrus punctatus,Red-spotted Toad,Amphibia,64984
30095158,2e87aa3f-9964-4852-bade-f2c4545c0b63,2019-08-03 6:50:00 AM CDT,2019-08-03,2019-08-03 15:50:00 +0900,UTC,1658594,leahbakewell23,Leah Bakewell,2019-08-03 20:51:02 +0900,2019-12-14 09:09:11 +0900,research,NA,https://www.inaturalist.org/observations/30095158,https://static.inaturalist.org/photos/47201038/medium.jpeg,NA,NA,14,2,0,FALSE,2,"Brewster County, US-TX, US",29.26928339,-103.75586231,19,NA,NA,NA,19,NA,open,FALSE,NA,NA,Red-spotted Toad,Anaxyrus punctatus,Red-spotted Toad,Amphibia,64984
30554827,20e8370d-f61e-4422-9867-7d5d96cf0882,2019-08-09 11:11:31 PM CDT,2019-08-09,2019-08-10 08:11:31 +0900,UTC,1658594,leahbakewell23,Leah Bakewell,2019-08-11 03:11:25 +0900,2019-10-11 05:06:49 +0900,research,NA,https://www.inaturalist.org/observations/30554827,https://static.inaturalist.org/photos/47740689/medium.jpeg,NA,NA,15,1,0,FALSE,2,"Jeff Davis County, US-TX, US",30.66311968,-104.24825422,6,NA,NA,NA,6,NA,open,FALSE,NA,NA,Red-spotted Toad,Anaxyrus punctatus,Red-spotted Toad,Amphibia,64984
30554840,d1f90d36-68c9-4bac-b38a-61d481079898,2019-08-09 11:15:08 PM CDT,2019-08-09,2019-08-10 08:15:08 +0900,UTC,1658594,leahbakewell23,Leah Bakewell,2019-08-11 03:11:42 +0900,2019-10-11 05:06:46 +0900,research,NA,https://www.inaturalist.org/observations/30554840,https://static.inaturalist.org/photos/47740703/medium.jpeg,NA,NA,16,1,0,FALSE,2,"Jeff Davis County, US-TX, US",30.66359251,-104.2469809,6,NA,NA,NA,6,NA,open,FALSE,NA,NA,Red-spotted Toad,Anaxyrus punctatus,Red-spotted Toad,Amphibia,64984
30554851,bd4a8230-0cc5-4d63-ade1-f549c66f71b5,2019-08-09 11:18:39 PM CDT,2019-08-09,2019-08-10 08:18:39 +0900,UTC,1658594,leahbakewell23,Leah Bakewell,2019-08-11 03:11:54 +0900,2019-10-11 05:06:43 +0900,research,NA,https://www.inaturalist.org/observations/30554851,https://static.inaturalist.org/photos/47740732/medium.jpeg,NA,NA,17,1,0,FALSE,2,"Jeff Davis County, US-TX, US",30.66517469,-104.24356999,9,NA,NA,NA,9,NA,open,FALSE,NA,NA,Red-spotted Toad,Anaxyrus punctatus,Red-spotted Toad,Amphibia,64984
30611884,9eee881a-9e1e-4194-a632-349fcfc42d91,2019-08-10 9:06:56 PM CDT,2019-08-10,2019-08-11 06:06:56 +0900,UTC,1658594,leahbakewell23,Leah Bakewell,2019-08-11 23:35:47 +0900,2019-09-02 03:49:51 +0900,research,NA,https://www.inaturalist.org/observations/30611884,https://static.inaturalist.org/photos/47833581/medium.jpeg,NA,NA,18,1,0,FALSE,2,"Brewster County, US-TX, US",30.1057663,-103.59271786,4,NA,NA,NA,4,NA,open,FALSE,NA,NA,Red-spotted Toad,Anaxyrus punctatus,Red-spotted Toad,Amphibia,64984
30645767,b952e51f-7777-48c0-b41a-31d321fc31f3,Sat Aug 10 2019 07:21:04 GMT-0600 (MDT),2019-08-10,2019-08-10 22:21:04 +0900,Mountain Time (US & Canada),1117778,weegonnafindnature,NA,2019-08-12 07:09:32 +0900,2020-02-16 12:08:48 +0900,research,NA,https://www.inaturalist.org/observations/30645767,https://static.inaturalist.org/photos/47888517/medium.jpg,NA,NA,NA,2,0,FALSE,3,"Vin la Roda Dr, El Paso, TX, US",31.8073216667,-106.5163583333,5,NA,NA,NA,5,NA,open,FALSE,NA,NA,Red-spotted Toad,Anaxyrus punctatus,Red-spotted Toad,Amphibia,64984
30699081,7cc88d57-652b-4c2a-b4a8-7a2656b73341,Fri Aug 09 2019 21:45:55 GMT-0500 (CDT),2019-08-09,2019-08-10 11:45:55 +0900,Central Time (US & Canada),14327,johnwilliams,NA,2019-08-13 03:03:55 +0900,2019-08-13 03:06:48 +0900,research,CC-BY-NC,https://www.inaturalist.org/observations/30699081,https://inaturalist-open-data.s3.amazonaws.com/photos/47972846/medium.jpg,NA,NA,NA,1,0,FALSE,3,"SH-118, Fort Davis, TX, US",30.5378583333,-103.8486166667,5,NA,NA,NA,5,NA,open,FALSE,NA,NA,Red-spotted Toad,Anaxyrus punctatus,Red-spotted Toad,Amphibia,64984
30699611,528138b4-c74d-418b-9cd1-e2c186593b6e,Sat Aug 10 2019 21:49:55 GMT-0500 (CDT),2019-08-10,2019-08-11 11:49:55 +0900,Central Time (US & Canada),14327,johnwilliams,NA,2019-08-13 03:13:40 +0900,2019-08-13 07:14:55 +0900,research,CC-BY-NC,https://www.inaturalist.org/observations/30699611,https://inaturalist-open-data.s3.amazonaws.com/photos/47973816/medium.jpg,NA,NA,NA,3,0,FALSE,3,"SH-166, Fort Davis, TX, US",30.5989666667,-104.2821716667,5,NA,NA,NA,5,NA,open,FALSE,NA,NA,Red-spotted Toad,Anaxyrus punctatus,Red-spotted Toad,Amphibia,64984
30733056,3fa98f65-ac64-43b1-8661-f2734aa5403b,2007/05/27 9:35 PM CDT,2007-05-27,2007-05-28 11:35:00 +0900,Central Time (US & Canada),9627,badger8181,Bryan Box,2019-08-13 13:33:49 +0900,2019-08-14 12:38:41 +0900,research,CC-BY-NC,https://www.inaturalist.org/observations/30733056,https://inaturalist-open-data.s3.amazonaws.com/photos/48030157/medium.jpg,NA,NA,NA,2,0,FALSE,NA,"Culberson County, TX, USA",31.065747257,-104.2153069155,6675,NA,NA,NA,6675,NA,open,FALSE,NA,NA,Red-spotted Toad,Anaxyrus punctatus,Red-spotted Toad,Amphibia,64984
30837650,1b826e22-74a5-463e-a522-a2247e946205,Sun Aug 11 2019 23:43:45 GMT-0500 (CDT),2019-08-11,2019-08-12 13:43:45 +0900,Central Time (US & Canada),190769,austinbohannon,Austin Bohannon,2019-08-15 06:58:46 +0900,2019-08-17 14:00:01 +0900,research,CC-BY-NC,https://www.inaturalist.org/observations/30837650,https://inaturalist-open-data.s3.amazonaws.com/photos/48203310/medium.jpg,NA,NA,NA,1,0,FALSE,3,"SH-118, Fort Davis, TX, US",30.703995,-104.0978083333,5,NA,NA,NA,5,NA,open,FALSE,NA,NA,Red-spotted Toad,Anaxyrus punctatus,Red-spotted Toad,Amphibia,64984
30850613,7f9a9525-fe8e-46c3-b92b-073187d1e538,2019/08/09 5:46 AM CDT,2019-08-09,2019-08-09 19:46:00 +0900,Central Time (US & Canada),14327,johnwilliams,NA,2019-08-15 11:29:42 +0900,2019-08-20 10:12:25 +0900,research,CC-BY-NC,https://www.inaturalist.org/observations/30850613,https://inaturalist-open-data.s3.amazonaws.com/photos/48224876/medium.jpg,NA,NA,NA,1,0,FALSE,NA,"Jeff Davis County, TX, USA",30.6111922151,-103.9722222011,31,NA,NA,NA,31,NA,open,FALSE,NA,NA,Red-spotted Toad,Anaxyrus punctatus,Red-spotted Toad,Amphibia,64984
31889791,fa0af355-de9d-48c3-b227-06378235e456,Sat Aug 31 2019 19:55:11 GMT-0500 (CDT),2019-08-31,2019-09-01 04:55:11 +0900,UTC,954838,kara76,NA,2019-09-01 10:40:26 +0900,2019-09-03 00:01:07 +0900,research,NA,https://www.inaturalist.org/observations/31889791,https://static.inaturalist.org/photos/49959322/medium.jpg,NA,NA,NA,1,0,FALSE,3,"Del Rio, TX, US",29.8803166667,-100.9597166667,12,NA,NA,NA,12,NA,open,FALSE,NA,NA,Red-spotted Toad,Anaxyrus punctatus,Red-spotted Toad,Amphibia,64984
32212893,3a7ddf77-e9ad-44ad-9a34-ae3864a5c1a1,Thu Sep 05 2019 23:19:15 GMT-0500 (CDT),2019-09-05,2019-09-06 13:19:15 +0900,Central Time (US & Canada),21609,trans-pecos-herpetology,R. Reed McClure,2019-09-06 22:38:14 +0900,2019-09-08 10:23:08 +0900,research,NA,https://www.inaturalist.org/observations/32212893,https://static.inaturalist.org/photos/50503490/medium.jpg,NA,NA,NA,4,0,FALSE,3,"Texas, US",30.6617209159,-103.9420922245,10,"Clear View Dr, Fort Davis, TX, US",30.6111916667,-103.971625,29330,obscured,open,TRUE,NA,NA,Red-spotted Toad,Anaxyrus punctatus,Red-spotted Toad,Amphibia,64984
32504187,53cf0646-dc86-4100-9f8e-7bde52867e4b,2019/09/04 11:54 PM CDT,2019-09-04,2019-09-05 13:54:00 +0900,Central Time (US & Canada),18812,mako252,Jon McIntyre,2019-09-11 10:00:50 +0900,2019-09-20 07:21:03 +0900,research,CC-BY-NC,https://www.inaturalist.org/observations/32504187,https://inaturalist-open-data.s3.amazonaws.com/photos/50986566/medium.jpeg,NA,NA,AOR,4,0,FALSE,NA,"Brewster County, TX, USA",29.3352716783,-103.3354582523,15,NA,NA,NA,15,NA,open,FALSE,NA,NA,Red-spotted Toad,Anaxyrus punctatus,Red-spotted Toad,Amphibia,64984
32531953,79f07dc0-5305-4b42-b0ea-4034b9f7fda7,2019-09-10 11:24:35 PM CDT,2019-09-10,2019-09-11 08:24:35 +0900,UTC,1658594,leahbakewell23,Leah Bakewell,2019-09-12 00:50:25 +0900,2019-10-11 05:02:02 +0900,research,NA,https://www.inaturalist.org/observations/32531953,https://static.inaturalist.org/photos/51033584/medium.jpeg,NA,NA,30,2,0,FALSE,2,"Jeff Davis County, US-TX, US",30.68903632,-104.24096477,5,NA,NA,NA,5,NA,open,FALSE,NA,NA,Red-spotted Toad,Anaxyrus punctatus,Red-spotted Toad,Amphibia,64984
32599292,c97cf058-0ab6-4993-8563-d7c3bf067787,Thu Sep 12 2019 02:54:25 GMT-0500 (CDT),2019-09-12,2019-09-12 16:54:25 +0900,Central Time (US & Canada),43772,gtsalmon,Gerry Salmon,2019-09-13 03:30:47 +0900,2024-09-01 08:36:50 +0900,research,CC-BY-NC,https://www.inaturalist.org/observations/32599292,https://inaturalist-open-data.s3.amazonaws.com/photos/51147453/medium.jpg,NA,NA,Juvenile. With Bob Fengya. Imaged only. GTS 3598.,2,0,FALSE,3,"Boy Scout Rd, Fort Davis, TX, US",30.8141116667,-103.9302366667,10,NA,NA,NA,10,NA,open,FALSE,NA,NA,Red-spotted Toad,Anaxyrus punctatus,Red-spotted Toad,Amphibia,64984
32599466,f10a6719-fb6f-4354-90a5-cc09bc1944ac,Thu Sep 12 2019 00:25:31 GMT-0500 (CDT),2019-09-12,2019-09-12 14:25:31 +0900,Central Time (US & Canada),43772,gtsalmon,Gerry Salmon,2019-09-13 03:34:03 +0900,2024-09-01 08:36:40 +0900,research,CC-BY-NC,https://www.inaturalist.org/observations/32599466,https://inaturalist-open-data.s3.amazonaws.com/photos/51144496/medium.jpg,NA,NA,Imaged only. GTS 3600.,2,0,FALSE,3,"RM-2424, Van Horn, TX, US",31.1146388333,-104.209595,5,NA,NA,NA,5,NA,open,FALSE,NA,NA,Red-spotted Toad,Anaxyrus punctatus,Red-spotted Toad,Amphibia,64984
32599529,176a7f69-c440-4684-a35b-edfc61766514,Thu Sep 12 2019 00:02:10 GMT-0500 (CDT),2019-09-12,2019-09-12 14:02:10 +0900,Central Time (US & Canada),43772,gtsalmon,Gerry Salmon,2019-09-13 03:35:17 +0900,2024-09-01 08:36:42 +0900,research,CC-BY-NC,https://www.inaturalist.org/observations/32599529,https://inaturalist-open-data.s3.amazonaws.com/photos/51144604/medium.jpg,NA,NA,Imaged only. GTS 3601.,2,0,FALSE,3,"RM-2424, Van Horn, TX, US",31.124375,-104.20588,5,NA,NA,NA,5,NA,open,FALSE,NA,NA,Red-spotted Toad,Anaxyrus punctatus,Red-spotted Toad,Amphibia,64984
32601435,9c3e6a0e-eeff-4cf0-990a-754744143b91,Thu Sep 12 2019 02:50:51 GMT-0500 (CDT),2019-09-12,2019-09-12 16:50:51 +0900,Central Time (US & Canada),43772,gtsalmon,Gerry Salmon,2019-09-13 04:07:09 +0900,2024-09-01 08:36:48 +0900,research,CC-BY-NC,https://www.inaturalist.org/observations/32601435,https://inaturalist-open-data.s3.amazonaws.com/photos/51147288/medium.jpg,NA,NA,Juvenile. With Bob Fengya. Imaged only. GTS 3605.,3,0,FALSE,3,"Boy Scout Rd, Fort Davis, TX, US",30.8141666667,-103.9309616667,5,NA,NA,NA,5,NA,open,FALSE,NA,NA,Red-spotted Toad,Anaxyrus punctatus,Red-spotted Toad,Amphibia,64984
32624415,ccc781b6-80ce-4cf3-9228-e8213b67e583,2019/09/08 9:21 PM CDT,2019-09-08,2019-09-09 11:21:00 +0900,Central Time (US & Canada),115786,oddfitz,Todd Fitzgerald,2019-09-13 11:59:53 +0900,2019-09-13 23:14:50 +0900,research,CC-BY-NC,https://www.inaturalist.org/observations/32624415,https://inaturalist-open-data.s3.amazonaws.com/photos/51183797/medium.jpeg,NA,NA,NA,1,0,FALSE,NA,"TPWD Davis Mountains State Park, Jeff Davis, Texas, United States",30.5989566667,-103.9229883333,NA,NA,NA,NA,NA,NA,open,FALSE,NA,NA,Red-spotted Toad,Anaxyrus punctatus,Red-spotted Toad,Amphibia,64984
32631652,bfedc90f-c017-4bb5-80b7-35c13a1c9300,Fri Sep 13 2019 00:21:00 GMT-0500 (CDT),2019-09-13,2019-09-13 14:21:00 +0900,Central Time (US & Canada),43772,gtsalmon,Gerry Salmon,2019-09-13 18:15:27 +0900,2024-09-01 08:36:53 +0900,research,CC-BY-NC,https://www.inaturalist.org/observations/32631652,https://inaturalist-open-data.s3.amazonaws.com/photos/51197502/medium.jpg,NA,NA,74 degrees F. With Bob Fengya. Imaged only. GTS 3608.,3,0,FALSE,3,"Presidio County, US-TX, US",29.2962616667,-103.941545,5,NA,NA,NA,5,NA,open,FALSE,NA,NA,Red-spotted Toad,Anaxyrus punctatus,Red-spotted Toad,Amphibia,64984
32981481,09b92da4-b9fb-4c3d-9235-302bb810011b,2019/09/04 11:57 PM EDT,2019-09-04,2019-09-05 12:57:00 +0900,Eastern Time (US & Canada),670908,jugbayjs,NA,2019-09-19 08:05:52 +0900,2019-09-19 14:20:24 +0900,research,CC-BY-NC,https://www.inaturalist.org/observations/32981481,https://inaturalist-open-data.s3.amazonaws.com/photos/51733718/medium.jpeg,NA,NA,NA,1,0,FALSE,NA,"Brewster County, TX, USA",29.335249717,-103.3354690451,16,NA,NA,NA,16,NA,open,FALSE,NA,NA,Red-spotted Toad,Anaxyrus punctatus,Red-spotted Toad,Amphibia,64984
32981804,86859910-814c-4c61-8279-a63dc9c3d0d9,Mon Sep 16 2019 20:51:30 GMT-0500 (CDT),2019-09-16,2019-09-17 10:51:30 +0900,Central Time (US & Canada),111203,jspitler13,NA,2019-09-19 08:10:46 +0900,2020-01-11 08:22:55 +0900,research,CC-BY-NC,https://www.inaturalist.org/observations/32981804,https://inaturalist-open-data.s3.amazonaws.com/photos/51765950/medium.jpg,NA,NA,NA,1,0,FALSE,3,"Blackwell, TX, US",32.1821333333,-100.1987916667,5,NA,NA,NA,5,NA,open,FALSE,NA,NA,Red-spotted Toad,Anaxyrus punctatus,Red-spotted Toad,Amphibia,64984
33209798,b823c721-153d-436e-a6ff-ed679fc3f55c,Sun Sep 22 2019 13:18:54 GMT-0500 (CDT),2019-09-22,2019-09-23 03:18:54 +0900,Central Time (US & Canada),245618,stephanie_was_here,Stephanie!,2019-09-23 03:54:16 +0900,2019-09-26 00:59:59 +0900,research,NA,https://www.inaturalist.org/observations/33209798,https://static.inaturalist.org/photos/52139499/medium.jpg,NA,NA,"Sorry, picture doesn’t show any spots. Promise it’s punctatus!",1,0,FALSE,3,"Salt House Rd, Mertzon, TX, US",31.289505,-101.2390366667,24,NA,NA,NA,24,NA,open,FALSE,NA,NA,Red-spotted Toad,Anaxyrus punctatus,Red-spotted Toad,Amphibia,64984
33436568,b6b744c8-c5e1-4422-a731-6e5f2a07f2fc,Wed Sep 25 2019 22:26:11 GMT-0500 (CDT),2019-09-25,2019-09-26 12:26:11 +0900,Central Time (US & Canada),21609,trans-pecos-herpetology,R. Reed McClure,2019-09-27 02:23:41 +0900,2019-10-01 11:13:17 +0900,research,NA,https://www.inaturalist.org/observations/33436568,https://static.inaturalist.org/photos/52516075/medium.jpg,NA,NA,NA,2,0,FALSE,3,"Texas, US",30.5602983639,-104.089302839,5,"High Lonesome Trail, Fort Davis, TX, US",30.5955,-104.0789333333,29356,obscured,open,TRUE,NA,NA,Red-spotted Toad,Anaxyrus punctatus,Red-spotted Toad,Amphibia,64984
33475429,9c6db56b-9e62-40d6-aa46-81c1b318f660,Thu Sep 26 2019 20:29:33 GMT-0500 (CDT),2019-09-26,2019-09-27 05:29:33 +0900,UTC,417791,joedylish,NA,2019-09-27 21:46:43 +0900,2021-12-28 22:15:47 +0900,research,NA,https://www.inaturalist.org/observations/33475429,https://static.inaturalist.org/photos/52580489/medium.jpg,NA,NA,NA,3,1,FALSE,3,"US-385, Alpine, TX, US",29.76607,-103.1646278333,16,NA,NA,NA,16,NA,open,FALSE,NA,NA,Red-spotted Toad,Anaxyrus punctatus,Red-spotted Toad,Amphibia,64984
33512708,1b6e4407-a9f8-4fbe-a8a0-cfc9dd329881,Fri Sep 27 2019 21:19:16 GMT-0500 (CDT),2019-09-27,2019-09-28 11:19:16 +0900,Central Time (US & Canada),21609,trans-pecos-herpetology,R. Reed McClure,2019-09-28 11:51:39 +0900,2022-12-14 20:35:30 +0900,needs_id,NA,https://www.inaturalist.org/observations/33512708,https://static.inaturalist.org/photos/52646441/medium.jpg,NA,NA,NA,1,0,FALSE,3,"Big Bend National Park, Brewster County, US-TX, US",29.278249401,-103.257982223,5,"Big Bend National Park, Alpine, TX, US",29.311925,-103.3836366667,29508,obscured,open,TRUE,NA,NA,Red-spotted Toad,Anaxyrus punctatus,Red-spotted Toad,Amphibia,64984
33830976,4db2c175-4ccc-492f-90cd-baf699d44d18,Thu Oct 03 2019 22:49:45 GMT-0500 (CDT),2019-10-03,2019-10-04 12:49:45 +0900,Central Time (US & Canada),43772,gtsalmon,Gerry Salmon,2019-10-04 14:44:16 +0900,2024-09-01 08:39:25 +0900,research,CC-BY-NC,https://www.inaturalist.org/observations/33830976,https://inaturalist-open-data.s3.amazonaws.com/photos/53178587/medium.jpg,NA,NA,Imaged only. GTS 3633.,2,0,FALSE,3,"Wagon Rd, Alpine, TX, US",30.375494,-103.768925,5,NA,NA,NA,5,NA,open,FALSE,NA,NA,Red-spotted Toad,Anaxyrus punctatus,Red-spotted Toad,Amphibia,64984
33875081,d175e283-44a1-444f-8485-e5475b8dbf04,Fri Oct 04 2019 21:36:17 GMT-0500 (CDT),2019-10-04,2019-10-05 11:36:17 +0900,Central Time (US & Canada),772461,jjordan2018,Jeremy Jordan,2019-10-05 12:44:44 +0900,2019-10-08 01:59:03 +0900,research,CC-BY-ND,https://www.inaturalist.org/observations/33875081,https://inaturalist-open-data.s3.amazonaws.com/photos/53252372/medium.jpg,NA,NA,NA,1,0,FALSE,3,"Terlingua, TX, US",29.3150392825,-103.6083657464,135,NA,NA,NA,135,NA,open,FALSE,NA,NA,Red-spotted Toad,Anaxyrus punctatus,Red-spotted Toad,Amphibia,64984
33910317,30345340-aff0-4ddb-9bc5-863b409c9ab0,Sat Oct 05 2019 09:48:56 GMT-0500 (CDT),2019-10-05,2019-10-05 23:48:56 +0900,Central Time (US & Canada),23415,nancyed,Nancye Saunders Drukker,2019-10-06 05:05:13 +0900,2020-03-19 14:07:47 +0900,research,CC-BY-NC,https://www.inaturalist.org/observations/33910317,https://inaturalist-open-data.s3.amazonaws.com/photos/53310175/medium.jpg,NA,NA,NA,1,0,FALSE,3,"Texas, US",29.6272467008,-98.8514041615,16,"Boerne, TX, US",29.7530116667,-98.8386383333,29458,obscured,open,TRUE,NA,NA,Red-spotted Toad,Anaxyrus punctatus,Red-spotted Toad,Amphibia,64984
34530062,60e31075-599b-4cfd-876a-791e6c7f85d1,2017/06/24 7:37 PM CDT,2017-06-24,2017-06-25 09:37:00 +0900,Central Time (US & Canada),2373009,williampaulwhite17,NA,2019-10-18 18:53:12 +0900,2019-12-07 03:56:58 +0900,research,CC-BY-NC,https://www.inaturalist.org/observations/34530062,https://inaturalist-open-data.s3.amazonaws.com/photos/54355484/medium.jpeg,NA,NA,NA,1,0,FALSE,NA,"11450 State Hwy Park Rd 5, Canyon, TX 79015, USA",34.954997,-101.669866,434,NA,NA,NA,434,NA,open,FALSE,NA,NA,Red-spotted Toad,Anaxyrus punctatus,Red-spotted Toad,Amphibia,64984
34550730,7a2562ff-4b31-4a3a-8ca3-706f324498bb,2010/07/03 9:35 PM CDT,2010-07-03,2010-07-04 11:35:00 +0900,Central Time (US & Canada),2373009,williampaulwhite17,NA,2019-10-19 04:44:12 +0900,2019-10-25 16:49:07 +0900,research,CC-BY-NC,https://www.inaturalist.org/observations/34550730,https://inaturalist-open-data.s3.amazonaws.com/photos/54388300/medium.jpeg,NA,"bluff, canyon, fritch",NA,1,0,FALSE,NA,"2301 N Soncy Rd, Amarillo, TX 79124, USA",35.2351151,-101.9398872,236,NA,NA,NA,236,NA,open,FALSE,NA,NA,Red-spotted Toad,Anaxyrus punctatus,Red-spotted Toad,Amphibia,64984
34557327,0bc0b949-2277-41f8-ba1f-8bead255ef05,2011/06/28 9:36 AM CDT,2011-06-28,2011-06-28 23:36:00 +0900,Central Time (US & Canada),2373009,williampaulwhite17,NA,2019-10-19 07:09:32 +0900,2019-10-25 16:45:37 +0900,research,CC-BY-NC,https://www.inaturalist.org/observations/34557327,https://inaturalist-open-data.s3.amazonaws.com/photos/54399264/medium.jpeg,NA,palo duro,NA,1,0,FALSE,NA,"Randall County, TX, USA",34.9236187608,-101.6595383948,4656,NA,NA,NA,4656,NA,open,FALSE,NA,NA,Red-spotted Toad,Anaxyrus punctatus,Red-spotted Toad,Amphibia,64984
34557329,0b6875bd-1550-495c-9c60-737c40a3fa79,2011/06/28 9:37 AM CDT,2011-06-28,2011-06-28 23:37:00 +0900,Central Time (US & Canada),2373009,williampaulwhite17,NA,2019-10-19 07:09:33 +0900,2019-10-25 16:45:45 +0900,research,CC-BY-NC,https://www.inaturalist.org/observations/34557329,https://inaturalist-open-data.s3.amazonaws.com/photos/54399272/medium.jpeg,NA,palo duro,NA,1,0,FALSE,NA,"Randall County, TX, USA",34.951200712,-101.6715546911,6661,NA,NA,NA,6661,NA,open,FALSE,NA,NA,Red-spotted Toad,Anaxyrus punctatus,Red-spotted Toad,Amphibia,64984
34557330,32a29ee7-ac3a-40b4-a85b-14b0dad37910,2011/06/28 9:39 AM CDT,2011-06-28,2011-06-28 23:39:00 +0900,Central Time (US & Canada),2373009,williampaulwhite17,NA,2019-10-19 07:09:33 +0900,2019-10-25 16:45:02 +0900,research,CC-BY-NC,https://www.inaturalist.org/observations/34557330,https://inaturalist-open-data.s3.amazonaws.com/photos/54399281/medium.jpeg,NA,palo duro,NA,1,0,FALSE,NA,"Randall County, TX, USA",34.9227742691,-101.6482074002,4280,NA,NA,NA,4280,NA,open,FALSE,NA,NA,Red-spotted Toad,Anaxyrus punctatus,Red-spotted Toad,Amphibia,64984
34558123,17ba3631-073c-4cb5-af1f-4a43a3781473,2011/08/13 11:20 AM CDT,2011-08-13,2011-08-14 01:20:00 +0900,Central Time (US & Canada),2373009,williampaulwhite17,NA,2019-10-19 07:25:52 +0900,2019-10-25 16:43:09 +0900,research,CC-BY-NC,https://www.inaturalist.org/observations/34558123,https://inaturalist-open-data.s3.amazonaws.com/photos/54400294/medium.jpeg,NA,pdsp and alibates,NA,1,0,FALSE,NA,"cassjohnson road, Fritch, TX 79036, USA",35.5836092,-101.6698299,1495,NA,NA,NA,1495,NA,open,FALSE,NA,NA,Red-spotted Toad,Anaxyrus punctatus,Red-spotted Toad,Amphibia,64984
34570645,b0f4bb04-6b88-4328-9540-fad79b5439de,2012/05/16 9:29 AM CDT,2012-05-16,2012-05-16 23:29:00 +0900,Central Time (US & Canada),2373009,williampaulwhite17,NA,2019-10-19 15:15:06 +0900,2019-10-25 16:28:54 +0900,research,CC-BY-NC,https://www.inaturalist.org/observations/34570645,https://inaturalist-open-data.s3.amazonaws.com/photos/54421394/medium.jpeg,NA,pdsp,NA,1,0,FALSE,NA,"11450 State Hwy Park Rd 5, Canyon, TX 79015, USA",34.937254,-101.6475533,8477,NA,NA,NA,8477,NA,open,FALSE,NA,NA,Red-spotted Toad,Anaxyrus punctatus,Red-spotted Toad,Amphibia,64984
34670393,e558f50e-4c28-4df1-aae2-1e97b702cbe9,2019/10/10 10:03 PM UTC,2019-10-10,NA,UTC,2147595,seandaniels,Sean Daniels,2019-10-21 11:16:34 +0900,2019-10-21 11:30:55 +0900,research,CC-BY-NC,https://www.inaturalist.org/observations/34670393,https://inaturalist-open-data.s3.amazonaws.com/photos/54590242/medium.jpeg,NA,NA,AOR,1,0,FALSE,NA,"Texas, US",30.5795393304,-103.913400817,8,"Jeff Davis County, TX, USA",30.5977535885,-103.9305944334,29356,obscured,open,TRUE,NA,NA,Red-spotted Toad,Anaxyrus punctatus,Red-spotted Toad,Amphibia,64984
34764554,ae177513-0810-4bfc-aa43-c45caa78c2ed,2018/08/11 11:10 PM MST,2018-08-11,2018-08-12 15:10:00 +0900,Arizona,142185,phhbrown,NA,2019-10-23 10:54:39 +0900,2019-10-23 12:38:07 +0900,research,CC-BY-NC,https://www.inaturalist.org/observations/34764554,https://inaturalist-open-data.s3.amazonaws.com/photos/54753074/medium.jpg,NA,NA,NA,1,0,FALSE,NA,"Texas, US",31.9039041348,-104.8439174614,2,NA,NA,NA,29173,obscured,open,TRUE,NA,NA,Red-spotted Toad,Anaxyrus punctatus,Red-spotted Toad,Amphibia,64984
34990639,ee6fbb10-fe84-4dbc-b937-1841f2b5edaa,Sun Oct 27 2019 20:22:03 GMT-0500 (CDT),2019-10-27,2019-10-28 10:22:03 +0900,Central Time (US & Canada),21609,trans-pecos-herpetology,R. Reed McClure,2019-10-28 10:24:29 +0900,2022-12-14 20:51:41 +0900,needs_id,NA,https://www.inaturalist.org/observations/34990639,https://static.inaturalist.org/photos/55141141/medium.jpg,NA,NA,NA,1,0,FALSE,3,"Texas, US",30.4088746781,-103.9195701204,10,"Shields Rd, Fort Davis, TX, US",30.5864366424,-103.8758751658,29356,obscured,open,TRUE,NA,NA,Red-spotted Toad,Anaxyrus punctatus,Red-spotted Toad,Amphibia,64984
35213957,8d8a71c0-9962-4c51-a949-cdc0dbcb5dc0,2019-09-12,2019-09-12,NA,Eastern Time (US & Canada),769610,bobbyfingers,NA,2019-11-03 06:44:39 +0900,2019-11-06 11:47:13 +0900,research,CC-BY-NC,https://www.inaturalist.org/observations/35213957,https://inaturalist-open-data.s3.amazonaws.com/photos/55503275/medium.jpeg,NA,NA,"Vicinity of Kent, Texas.  With Gerry Salmon.",2,0,FALSE,NA,"Culberson County, TX, USA",31.073592,-104.220503,NA,NA,NA,NA,NA,NA,open,FALSE,NA,NA,Red-spotted Toad,Anaxyrus punctatus,Red-spotted Toad,Amphibia,64984
35344324,ccff8602-f7eb-47bc-be88-c03a5706487d,Tue Nov 05 2019 09:04:55 GMT-0600 (CST),2019-11-05,2019-11-06 00:04:55 +0900,Central Time (US & Canada),23415,nancyed,Nancye Saunders Drukker,2019-11-06 07:38:24 +0900,2019-11-10 06:38:36 +0900,research,CC-BY-NC,https://www.inaturalist.org/observations/35344324,https://inaturalist-open-data.s3.amazonaws.com/photos/55725074/medium.jpg,NA,NA,NA,1,0,FALSE,3,"Texas, US",29.7121488074,-98.9270070907,4,"Boerne, TX, US",29.75343,-98.83999667,29458,obscured,open,TRUE,NA,NA,Red-spotted Toad,Anaxyrus punctatus,Red-spotted Toad,Amphibia,64984
35344490,f170cd3d-0d30-4dd0-b66e-c947874fa112,Tue Nov 05 2019 09:09:38 GMT-0600 (CST),2019-11-05,2019-11-06 00:09:38 +0900,Central Time (US & Canada),23415,nancyed,Nancye Saunders Drukker,2019-11-06 07:41:41 +0900,2019-11-10 06:38:33 +0900,research,CC-BY-NC,https://www.inaturalist.org/observations/35344490,https://inaturalist-open-data.s3.amazonaws.com/photos/55725304/medium.jpg,NA,NA,NA,1,0,FALSE,3,"Texas, US",29.7350255478,-98.8564617217,32,"Boerne, TX, US",29.75292,-98.838455,29458,obscured,open,TRUE,NA,NA,Red-spotted Toad,Anaxyrus punctatus,Red-spotted Toad,Amphibia,64984
35391123,59634d91-e8a4-49c5-b9a4-bde49997da53,2019-09-12,2019-09-12,NA,Eastern Time (US & Canada),769610,bobbyfingers,NA,2019-11-07 09:28:13 +0900,2019-11-12 10:04:25 +0900,research,CC-BY-NC,https://www.inaturalist.org/observations/35391123,https://inaturalist-open-data.s3.amazonaws.com/photos/55802107/medium.jpeg,NA,NA,"Several observed.  Vicinity of Kent, Texas.  With Gerry Salmon.",4,0,FALSE,NA,"Culberson County, TX, USA",31.072926,-104.216383,NA,NA,NA,NA,NA,NA,open,FALSE,NA,NA,Red-spotted Toad,Anaxyrus punctatus,Red-spotted Toad,Amphibia,64984
35391289,df30646f-5d32-4874-9389-19ac31734c39,2019-09-12,2019-09-12,NA,Eastern Time (US & Canada),769610,bobbyfingers,NA,2019-11-07 09:33:15 +0900,2019-11-12 10:04:31 +0900,research,CC-BY-NC,https://www.inaturalist.org/observations/35391289,https://inaturalist-open-data.s3.amazonaws.com/photos/55802506/medium.jpeg,NA,NA,"Several observed.  Vicinity of Kent, Texas.  With Gerry Salmon.",4,0,FALSE,NA,"Culberson County, TX, USA",31.078513,-104.211748,NA,NA,NA,NA,NA,NA,open,FALSE,NA,NA,Red-spotted Toad,Anaxyrus punctatus,Red-spotted Toad,Amphibia,64984
35592324,5462c501-b823-4f17-9748-8784c8138b4f,2019/11/10 9:49 PM CST,2019-11-10,2019-11-11 12:49:00 +0900,Central Time (US & Canada),15215,centratex,blake hendon,2019-11-12 10:13:42 +0900,2023-04-20 22:35:16 +0900,research,CC-BY-NC,https://www.inaturalist.org/observations/35592324,https://inaturalist-open-data.s3.amazonaws.com/photos/56139888/medium.jpeg,NA,NA,NA,2,0,FALSE,NA,"Uvalde County, TX, USA",29.622767808,-99.8608216698,1000,NA,NA,NA,1000,NA,open,FALSE,NA,NA,Red-spotted Toad,Anaxyrus punctatus,Red-spotted Toad,Amphibia,64984
35687116,d2604034-fa00-4c29-a954-938e75e341b2,Thu Nov 14 2019 14:13:51 GMT-0600 (CST),2019-11-14,2019-11-15 05:13:51 +0900,Central Time (US & Canada),9560,dianaterryhibbitts,Diana-Terry Hibbitts,2019-11-15 09:34:10 +0900,2019-11-21 05:43:35 +0900,research,CC-BY-NC,https://www.inaturalist.org/observations/35687116,https://inaturalist-open-data.s3.amazonaws.com/photos/56303569/medium.jpg,NA,NA,Found in my water valve box.,5,0,FALSE,3,"Camp Wood, TX, US",29.65019667,-100.06971667,6,NA,NA,NA,6,NA,open,FALSE,NA,NA,Red-spotted Toad,Anaxyrus punctatus,Red-spotted Toad,Amphibia,64984
35959966,5977c63a-050c-40f7-8018-65e5dfb8abb1,2019/11/06 4:08 PM CST,2019-11-06,2019-11-07 07:08:00 +0900,Central Time (US & Canada),2455899,dsmith81,NA,2019-11-23 07:10:14 +0900,2019-11-24 03:07:34 +0900,research,CC-BY-NC,https://www.inaturalist.org/observations/35959966,https://inaturalist-open-data.s3.amazonaws.com/photos/56775168/medium.jpg,NA,NA,NA,2,0,FALSE,NA,"11450 State Hwy Park Rd 5, Canyon, TX 79015, USA",34.937254,-101.6475533,8477,NA,NA,NA,8477,NA,open,FALSE,NA,NA,Red-spotted Toad,Anaxyrus punctatus,Red-spotted Toad,Amphibia,64984
36102241,122003f9-170f-49a5-b080-19251f9791b9,2019-11-11,2019-11-11,NA,Mountain Time (US & Canada),2280291,jmendez97,NA,2019-11-27 02:50:14 +0900,2020-10-29 06:16:06 +0900,research,CC-BY-NC,https://www.inaturalist.org/observations/36102241,https://inaturalist-open-data.s3.amazonaws.com/photos/57025816/medium.jpeg,NA,NA,Frog was found in the garden of an abandoned house in the West side of El Paso area (La Guna),3,1,FALSE,NA,La Guna el paso texas,31.789274,-106.522766,9036,NA,NA,NA,9036,NA,open,FALSE,NA,NA,Red-spotted Toad,Anaxyrus punctatus,Red-spotted Toad,Amphibia,64984
36119460,532f3694-136b-4cb5-ad79-0ac5caa37396,Wed Oct 09 2019 20:13:50 GMT-0600 (MDT),2019-10-09,2019-10-10 11:13:50 +0900,Mountain Time (US & Canada),1462635,ahernandez153,NA,2019-11-27 12:15:52 +0900,2023-09-08 09:02:58 +0900,research,CC-BY-NC,https://www.inaturalist.org/observations/36119460,https://inaturalist-open-data.s3.amazonaws.com/photos/57055933/medium.jpg,NA,NA,This toad was in the middle of a camp so it was easy to find and catch.,2,0,FALSE,3,"Fort Hancock, TX, US",30.77654667,-105.01631945,64,NA,NA,NA,64,NA,open,FALSE,NA,NA,Red-spotted Toad,Anaxyrus punctatus,Red-spotted Toad,Amphibia,64984
36903357,2433c8de-9578-4982-bb25-1d719e5c9547,2006/10/10 10:15 PM CDT,2006-10-10,2006-10-11 12:15:00 +0900,Central Time (US & Canada),1396301,mikecong,Mike Cong,2019-12-24 12:37:54 +0900,2019-12-24 16:15:04 +0900,research,CC-BY-NC,https://www.inaturalist.org/observations/36903357,https://inaturalist-open-data.s3.amazonaws.com/photos/58412495/medium.jpeg,NA,"Big Bend National Park, Locations, Red spotted Toad, Toads",NA,2,0,FALSE,NA,"Big Bend National Park, TX, USA",29.1274869,-103.2425379,70146,NA,NA,NA,70146,NA,open,FALSE,NA,NA,Red-spotted Toad,Anaxyrus punctatus,Red-spotted Toad,Amphibia,64984
37063299,e11b15aa-fc86-47da-af47-f302cfd691ee,Thu Dec 26 2019 21:49:50 GMT-0600 (CST),2019-12-26,2019-12-27 06:49:50 +0900,UTC,1086731,insidethebush,NA,2019-12-29 23:01:51 +0900,2021-10-18 11:59:35 +0900,research,NA,https://www.inaturalist.org/observations/37063299,https://static.inaturalist.org/photos/61699488/medium.jpg,NA,NA,NA,2,0,FALSE,3,"Enchanted Rock State Natural Area, Fredericksburg, TX, US",30.5023252475,-98.8202189767,239,NA,NA,NA,239,NA,open,FALSE,NA,NA,Red-spotted Toad,Anaxyrus punctatus,Red-spotted Toad,Amphibia,64984
37387365,5887b1fb-2f15-4eae-a9c6-7eade3d1e41a,Tue Jul 02 2019 21:13:13 GMT-0500 (CDT),2019-07-02,2019-07-03 06:13:13 +0900,UTC,1841033,hannah-loveland,Hannah Loveland,2020-01-08 11:32:15 +0900,2020-03-19 14:19:41 +0900,research,CC-BY-NC,https://www.inaturalist.org/observations/37387365,https://inaturalist-open-data.s3.amazonaws.com/photos/59305763/medium.jpg,NA,NA,NA,2,1,FALSE,3,"Mo-Ranch Rd, Hunt, TX, US",30.0668730759,-99.4707526033,33,NA,NA,NA,33,NA,open,FALSE,NA,NA,Red-spotted Toad,Anaxyrus punctatus,Red-spotted Toad,Amphibia,64984
37404935,a22c9bb2-56bc-46f7-a1f1-a541f6eb287c,Tue Jan 07 2020 11:24:45 GMT-0600 (CST),2020-01-07,2020-01-08 02:24:45 +0900,Central Time (US & Canada),9560,dianaterryhibbitts,Diana-Terry Hibbitts,2020-01-09 04:05:20 +0900,2020-02-13 13:26:41 +0900,research,CC-BY-NC,https://www.inaturalist.org/observations/37404935,https://inaturalist-open-data.s3.amazonaws.com/photos/59292310/medium.jpg,NA,NA,Found in fresh caliche road base,3,0,FALSE,3,"Camp Wood, TX, US",29.65072,-100.06888617,6,NA,NA,NA,6,NA,open,FALSE,NA,NA,Red-spotted Toad,Anaxyrus punctatus,Red-spotted Toad,Amphibia,64984
38129258,187997e2-cdd3-4622-87d7-25b19be6199a,2019/05/18 6:55 PM CDT,2019-05-18,2019-05-19 08:55:00 +0900,Central Time (US & Canada),110617,scincus,NA,2020-01-31 06:52:27 +0900,2023-01-21 00:25:13 +0900,research,CC-BY-NC,https://www.inaturalist.org/observations/38129258,https://inaturalist-open-data.s3.amazonaws.com/photos/60555144/medium.jpg,NA,NA,Found in creek,1,0,FALSE,NA,"Texas, US",30.462431772,-103.966577854,132,"Jeff Davis County, TX, USA",30.5938299251,-103.9372885612,29356,obscured,open,TRUE,NA,NA,Red-spotted Toad,Anaxyrus punctatus,Red-spotted Toad,Amphibia,64984
38205028,1a65df43-a598-43b3-a84d-d1fa7d44768d,Fri Aug 10 2018 23:23:09 GMT-0500 (CDT),2018-08-10,2018-08-11 13:23:09 +0900,Central Time (US & Canada),770125,nloveland,Nick Loveland,2020-02-02 12:04:11 +0900,2020-02-08 23:44:50 +0900,research,CC0,https://www.inaturalist.org/observations/38205028,https://inaturalist-open-data.s3.amazonaws.com/photos/60685358/medium.jpg,NA,NA,NA,2,0,FALSE,3,"Ranch Rim Rd, Ingram, TX, US",30.0966718628,-99.3289635179,28,NA,NA,NA,28,NA,open,FALSE,NA,NA,Red-spotted Toad,Anaxyrus punctatus,Red-spotted Toad,Amphibia,64984
38725594,768eac5b-bd45-4c1b-92df-880b2674cee8,2009/03/23 9:39 AM EDT,2009-03-23,2009-03-23 22:39:00 +0900,Eastern Time (US & Canada),529327,edporopat,NA,2020-02-17 06:16:50 +0900,2020-02-18 20:31:42 +0900,research,CC-BY-NC,https://www.inaturalist.org/observations/38725594,https://inaturalist-open-data.s3.amazonaws.com/photos/61592137/medium.jpeg,NA,NA,NA,2,0,FALSE,NA,"Brewster County, TX, USA",29.3057464138,-103.5148438054,244,NA,NA,NA,244,NA,open,FALSE,NA,NA,Red-spotted Toad,Anaxyrus punctatus,Red-spotted Toad,Amphibia,64984
38871476,8723a7d5-c2d5-4e3a-a4fd-83add6ae3ba4,Wed Jul 19 2017 21:14:54 GMT-0700 (PDT),2017-07-19,2017-07-20 13:14:54 +0900,Pacific Time (US & Canada),91327,pinesnake,NA,2020-02-20 11:58:56 +0900,2021-08-24 12:53:38 +0900,research,NA,https://www.inaturalist.org/observations/38871476,https://static.inaturalist.org/photos/61814342/medium.jpg,NA,NA,NA,1,0,FALSE,3,"Big Bend National Park, Alpine, TX, US",29.33249667,-103.21846167,NA,NA,NA,NA,NA,NA,open,FALSE,NA,NA,Red-spotted Toad,Anaxyrus punctatus,Red-spotted Toad,Amphibia,64984
38936122,1090c488-6ba8-421e-b898-905658a165e1,Wed Oct 23 2019 11:03:51 GMT-0500 (CDT),2019-10-23,2019-10-23 20:03:51 +0900,UTC,2593781,timetravelertx,NA,2020-02-21 08:28:49 +0900,2020-02-21 08:53:49 +0900,research,CC-BY-NC,https://www.inaturalist.org/observations/38936122,https://inaturalist-open-data.s3.amazonaws.com/photos/61861111/medium.jpg,NA,NA,Oct. 23  11:03am,1,0,FALSE,3,"Alpine, TX, US",29.6409685218,-103.3433594779,604,NA,NA,NA,604,NA,open,FALSE,NA,NA,Red-spotted Toad,Anaxyrus punctatus,Red-spotted Toad,Amphibia,64984
39790498,6a3ffda0-0e8c-4af9-9cc4-b0151baa77aa,2011/07/29 9:33 AM CDT,2011-07-29,2011-07-29 23:33:00 +0900,Central Time (US & Canada),2373009,williampaulwhite17,NA,2020-03-10 16:35:08 +0900,2020-03-12 07:30:56 +0900,research,CC-BY-NC,https://www.inaturalist.org/observations/39790498,https://inaturalist-open-data.s3.amazonaws.com/photos/63165463/medium.jpeg,NA,bluff and pdsp,NA,1,0,FALSE,NA,"Randall County, TX, USA",34.9539403219,-101.6679430947,197,NA,NA,NA,197,NA,open,FALSE,NA,NA,Red-spotted Toad,Anaxyrus punctatus,Red-spotted Toad,Amphibia,64984
40554886,b0094baf-21f0-40d0-909e-03369c2f8b9c,2020/03/19 10:35 PM CDT,2020-03-19,2020-03-20 12:35:00 +0900,Central Time (US & Canada),9560,dianaterryhibbitts,Diana-Terry Hibbitts,2020-03-23 07:46:57 +0900,2020-03-23 12:58:23 +0900,research,CC-BY-NC,https://www.inaturalist.org/observations/40554886,https://inaturalist-open-data.s3.amazonaws.com/photos/64272545/medium.jpg,NA,NA,NA,3,0,FALSE,NA,"Edwards County, TX, USA",29.6504033626,-100.0696106278,8,NA,NA,NA,8,NA,open,FALSE,NA,NA,Red-spotted Toad,Anaxyrus punctatus,Red-spotted Toad,Amphibia,64984
40569937,1d392da0-3aef-4480-88c6-cc91c5b90334,Sun Mar 22 2020 13:27:10 GMT-0500 (CDT),2020-03-22,2020-03-22 22:27:10 +0900,UTC,36776,biopope,Bio Pope,2020-03-23 12:37:28 +0900,2020-03-23 12:49:24 +0900,research,NA,https://www.inaturalist.org/observations/40569937,https://static.inaturalist.org/photos/64298303/medium.jpg,NA,NA,NA,1,0,FALSE,3,"Texas, US",31.1208613715,-100.9894640312,6831,"CR-209, Ozona, TX, US",31.0386195,-100.98767167,29278,obscured,open,TRUE,NA,NA,Red-spotted Toad,Anaxyrus punctatus,Red-spotted Toad,Amphibia,64984
40777089,bbb6f778-c7ff-4984-8db8-f4cfd953d711,2020-03-25 10:33:23 PM CDT,2020-03-25,2020-03-26 07:33:23 +0900,UTC,500525,dannysanders,NA,2020-03-27 05:49:46 +0900,2020-03-27 13:15:45 +0900,research,NA,https://www.inaturalist.org/observations/40777089,https://static.inaturalist.org/photos/64639755/medium.jpeg,NA,NA,NA,1,0,FALSE,2,"Texas, US",30.7052186734,-98.2095199477,44,NA,NA,NA,29330,obscured,open,TRUE,gps,gps,Red-spotted Toad,Anaxyrus punctatus,Red-spotted Toad,Amphibia,64984
40777129,7eac78d2-93d4-4d90-a8e3-3f334697fbe0,2020-03-25 10:33:04 PM CDT,2020-03-25,2020-03-26 07:33:04 +0900,UTC,500525,dannysanders,NA,2020-03-27 05:50:13 +0900,2020-03-27 13:15:42 +0900,research,NA,https://www.inaturalist.org/observations/40777129,https://static.inaturalist.org/photos/64639815/medium.jpeg,NA,NA,NA,1,0,FALSE,2,"Texas, US",30.7844843592,-98.2622893202,22,NA,NA,NA,29330,obscured,open,TRUE,gps,gps,Red-spotted Toad,Anaxyrus punctatus,Red-spotted Toad,Amphibia,64984
40860410,3f24dcc9-127e-4710-82c8-3714967351b5,Fri Mar 27 2020 21:52:51 GMT-0500 (CDT),2020-03-27,2020-03-28 11:52:51 +0900,Central Time (US & Canada),2328977,hmwarner,NA,2020-03-28 11:57:58 +0900,2020-03-28 12:06:26 +0900,research,CC-BY-NC,https://www.inaturalist.org/observations/40860410,https://inaturalist-open-data.s3.amazonaws.com/photos/64778742/medium.jpg,NA,NA,NA,1,0,FALSE,3,"US Highway 277 S, Wingate, TX, US",32.21917167,-100.065375,8,NA,NA,NA,8,NA,open,FALSE,NA,NA,Red-spotted Toad,Anaxyrus punctatus,Red-spotted Toad,Amphibia,64984
41448856,e46f1752-aae3-4c1d-991c-cc60f2d0a3d2,2016/05/28 8:56 PM CDT,2016-05-28,2016-05-29 10:56:00 +0900,Central Time (US & Canada),81440,craighensley,Craig Hensley,2020-04-06 00:43:05 +0900,2024-08-30 02:06:20 +0900,research,CC-BY,https://www.inaturalist.org/observations/41448856,https://inaturalist-open-data.s3.amazonaws.com/photos/65755481/medium.jpeg,NA,NA,NA,3,0,FALSE,NA,"Comal County, TX, USA",29.8745815737,-98.4862522303,61,NA,NA,NA,61,NA,open,FALSE,NA,NA,Red-spotted Toad,Anaxyrus punctatus,Red-spotted Toad,Amphibia,64984
44951101,89a63524-db40-4054-9579-56a1643a4c62,Sat May 02 2020 22:32:15 GMT-0500 (CDT),2020-05-02,2020-05-03 12:32:15 +0900,Central Time (US & Canada),21609,trans-pecos-herpetology,R. Reed McClure,2020-05-05 14:13:35 +0900,2023-01-18 11:15:06 +0900,research,NA,https://www.inaturalist.org/observations/44951101,https://static.inaturalist.org/photos/71264375/medium.jpg,NA,NA,NA,1,0,FALSE,3,"Texas, US",30.1215426062,-102.4146913754,5,NA,NA,NA,29407,obscured,open,TRUE,NA,NA,Red-spotted Toad,Anaxyrus punctatus,Red-spotted Toad,Amphibia,64984
44951110,39509411-87c7-49ed-8ff1-192cb920c8bf,Sat May 02 2020 22:56:51 GMT-0500 (CDT),2020-05-02,2020-05-03 12:56:51 +0900,Central Time (US & Canada),21609,trans-pecos-herpetology,R. Reed McClure,2020-05-05 14:13:50 +0900,2023-01-18 11:14:58 +0900,research,NA,https://www.inaturalist.org/observations/44951110,https://static.inaturalist.org/photos/71264398/medium.jpg,NA,NA,NA,1,0,FALSE,3,"Texas, US",30.1947785693,-102.5879716594,5,NA,NA,NA,29407,obscured,open,TRUE,NA,NA,Red-spotted Toad,Anaxyrus punctatus,Red-spotted Toad,Amphibia,64984
45600231,9d51c2c1-9423-4b99-b44a-c865fd4f1074,Sun May 10 2020 23:00:08 GMT-0500 (CDT),2020-05-10,2020-05-11 13:00:08 +0900,Central Time (US & Canada),21609,trans-pecos-herpetology,R. Reed McClure,2020-05-12 01:29:00 +0900,2020-05-13 22:57:04 +0900,research,NA,https://www.inaturalist.org/observations/45600231,https://static.inaturalist.org/photos/72313773/medium.jpg,NA,NA,NA,1,0,FALSE,3,"Texas, US",30.7632421577,-104.1571121671,5,"SH-118, Fort Davis, TX, US",30.61438,-104.00347778,29330,obscured,open,TRUE,NA,NA,Red-spotted Toad,Anaxyrus punctatus,Red-spotted Toad,Amphibia,64984
45600621,fabae61a-cca8-4988-a731-ebfc13195475,Sun May 10 2020 23:10:08 GMT-0500 (CDT),2020-05-10,2020-05-11 13:10:08 +0900,Central Time (US & Canada),21609,trans-pecos-herpetology,R. Reed McClure,2020-05-12 01:33:23 +0900,2020-05-13 22:57:03 +0900,research,NA,https://www.inaturalist.org/observations/45600621,https://static.inaturalist.org/photos/72313922/medium.jpg,NA,NA,NA,1,0,FALSE,3,"Texas, US",30.7874675851,-103.8878088792,24,"SH-118, Fort Davis, TX, US",30.6060161749,-103.9756550062,29330,obscured,open,TRUE,NA,NA,Red-spotted Toad,Anaxyrus punctatus,Red-spotted Toad,Amphibia,64984
45658490,052622b5-a97c-4371-9db9-9ccd9602872f,2020-05-10 11:05:12 PM CDT,2020-05-10,2020-05-11 08:05:12 +0900,UTC,1658594,leahbakewell23,Leah Bakewell,2020-05-12 13:59:45 +0900,2020-10-06 00:06:03 +0900,research,NA,https://www.inaturalist.org/observations/45658490,https://static.inaturalist.org/photos/72772481/medium.jpeg,NA,NA,35,2,0,FALSE,2,"Jeff Davis County, US-TX, US",30.61432858,-104.00369422,11,NA,NA,NA,11,NA,open,FALSE,NA,NA,Red-spotted Toad,Anaxyrus punctatus,Red-spotted Toad,Amphibia,64984
45806595,ef19578e-dc81-4817-814b-8fc642c60a78,Sun Mar 29 2020 21:39:24 GMT-0500 (CDT),2020-03-29,2020-03-30 06:39:24 +0900,UTC,2958632,bonanzajellybean,Hannah Cothren,2020-05-14 04:57:51 +0900,2023-02-24 08:58:02 +0900,research,NA,https://www.inaturalist.org/observations/45806595,https://static.inaturalist.org/photos/72648301/medium.jpg,NA,NA,NA,1,0,FALSE,3,"Terlingua, TX, US",29.40666333,-103.53083833,10,NA,NA,NA,10,NA,open,FALSE,NA,NA,Red-spotted Toad,Anaxyrus punctatus,Red-spotted Toad,Amphibia,64984
45883674,854058e9-0d4c-4d23-815a-1addb62ccb21,2020-05-11 11:42:36 PM CDT,2020-05-11,2020-05-12 08:42:36 +0900,UTC,1658594,leahbakewell23,Leah Bakewell,2020-05-15 01:45:38 +0900,2023-02-24 08:58:04 +0900,research,NA,https://www.inaturalist.org/observations/45883674,https://static.inaturalist.org/photos/72772543/medium.jpeg,NA,NA,49,2,0,FALSE,2,"Brewster County, US-TX, US",29.73797815,-103.1604812,5,NA,NA,NA,5,NA,open,FALSE,NA,NA,Red-spotted Toad,Anaxyrus punctatus,Red-spotted Toad,Amphibia,64984
46103669,473c9d99-5791-40e7-b2b8-5a00831cecb4,Mon May 11 2020 21:02:51 GMT-0500 (CDT),2020-05-11,2020-05-12 11:02:51 +0900,Central Time (US & Canada),21609,trans-pecos-herpetology,R. Reed McClure,2020-05-17 01:43:07 +0900,2023-02-24 08:57:55 +0900,research,NA,https://www.inaturalist.org/observations/46103669,https://static.inaturalist.org/photos/73123163/medium.jpg,NA,NA,NA,1,0,FALSE,3,"Brewster County, US-TX, US",29.8143224651,-103.2144869371,5,"US-385, Alpine, TX, US",29.82489667,-103.21032833,29433,obscured,open,TRUE,NA,NA,Red-spotted Toad,Anaxyrus punctatus,Red-spotted Toad,Amphibia,64984
46104012,50461cef-1797-4e43-910f-e6b020303a12,Mon May 11 2020 21:09:41 GMT-0500 (CDT),2020-05-11,2020-05-12 11:09:41 +0900,Central Time (US & Canada),21609,trans-pecos-herpetology,R. Reed McClure,2020-05-17 01:45:55 +0900,2023-02-24 08:57:56 +0900,research,NA,https://www.inaturalist.org/observations/46104012,https://static.inaturalist.org/photos/73123712/medium.jpg,NA,NA,NA,1,0,FALSE,3,"Brewster County, US-TX, US",29.925886561,-103.2556288949,5,"US-385, Alpine, TX, US",29.82549167,-103.211145,29433,obscured,open,TRUE,NA,NA,Red-spotted Toad,Anaxyrus punctatus,Red-spotted Toad,Amphibia,64984
46104245,88b35516-60c8-41d4-b8a1-987068916d39,Mon May 11 2020 21:17:10 GMT-0500 (CDT),2020-05-11,2020-05-12 11:17:10 +0900,Central Time (US & Canada),21609,trans-pecos-herpetology,R. Reed McClure,2020-05-17 01:47:37 +0900,2023-02-24 08:57:57 +0900,research,NA,https://www.inaturalist.org/observations/46104245,https://static.inaturalist.org/photos/73124046/medium.jpg,NA,NA,NA,1,0,FALSE,3,"Brewster County, US-TX, US",29.8244447172,-103.2400173361,5,"US-385, Alpine, TX, US",29.817905,-103.20351333,29433,obscured,open,TRUE,NA,NA,Red-spotted Toad,Anaxyrus punctatus,Red-spotted Toad,Amphibia,64984
46104468,9f483c3c-dd28-430c-af79-7a3b46c2f74f,Mon May 11 2020 21:17:42 GMT-0500 (CDT),2020-05-11,2020-05-12 11:17:42 +0900,Central Time (US & Canada),21609,trans-pecos-herpetology,R. Reed McClure,2020-05-17 01:49:13 +0900,2023-02-24 08:57:57 +0900,research,NA,https://www.inaturalist.org/observations/46104468,https://static.inaturalist.org/photos/73124255/medium.jpg,NA,NA,NA,1,0,FALSE,3,"Brewster County, US-TX, US",29.9426840062,-103.2242803872,5,"US-385, Alpine, TX, US",29.81799167,-103.20352167,29433,obscured,open,TRUE,NA,NA,Red-spotted Toad,Anaxyrus punctatus,Red-spotted Toad,Amphibia,64984
46104748,393ac260-0658-4829-a977-3735b0b157fa,Mon May 11 2020 21:41:22 GMT-0500 (CDT),2020-05-11,2020-05-12 11:41:22 +0900,Central Time (US & Canada),21609,trans-pecos-herpetology,R. Reed McClure,2020-05-17 01:51:06 +0900,2023-02-24 08:57:58 +0900,research,NA,https://www.inaturalist.org/observations/46104748,https://static.inaturalist.org/photos/73124800/medium.jpg,NA,NA,NA,1,0,FALSE,3,"Brewster County, US-TX, US",29.7708807486,-103.0632512777,5,"US-385, Alpine, TX, US",29.796775,-103.187545,29458,obscured,open,TRUE,NA,NA,Red-spotted Toad,Anaxyrus punctatus,Red-spotted Toad,Amphibia,64984
46104904,511033f7-f8d2-4846-92f3-3bacf2eb151d,Mon May 11 2020 21:58:11 GMT-0500 (CDT),2020-05-11,2020-05-12 11:58:11 +0900,Central Time (US & Canada),21609,trans-pecos-herpetology,R. Reed McClure,2020-05-17 01:52:13 +0900,2020-05-17 01:58:52 +0900,research,NA,https://www.inaturalist.org/observations/46104904,https://static.inaturalist.org/photos/73125067/medium.jpg,NA,NA,NA,1,0,FALSE,3,"Brewster County, US-TX, US",29.6964671834,-103.1747545589,10,"US-385, Alpine, TX, US",29.79360333,-103.18512,29458,obscured,open,TRUE,NA,NA,Red-spotted Toad,Anaxyrus punctatus,Red-spotted Toad,Amphibia,64984
46105071,2d77c0b0-69b1-4f7d-95a8-4d724829adc8,Mon May 11 2020 21:58:25 GMT-0500 (CDT),2020-05-11,2020-05-12 11:58:25 +0900,Central Time (US & Canada),21609,trans-pecos-herpetology,R. Reed McClure,2020-05-17 01:53:18 +0900,2023-02-24 08:57:53 +0900,research,NA,https://www.inaturalist.org/observations/46105071,https://static.inaturalist.org/photos/73125380/medium.jpg,NA,NA,NA,1,0,FALSE,3,"Brewster County, US-TX, US",29.7600234787,-103.0260734767,5,"US-385, Alpine, TX, US",29.793725,-103.18515833,29458,obscured,open,TRUE,NA,NA,Red-spotted Toad,Anaxyrus punctatus,Red-spotted Toad,Amphibia,64984
46106582,73627e58-22b8-47c1-9f43-42b48a77e8df,Mon May 11 2020 22:25:43 GMT-0500 (CDT),2020-05-11,2020-05-12 12:25:43 +0900,Central Time (US & Canada),21609,trans-pecos-herpetology,R. Reed McClure,2020-05-17 02:03:47 +0900,2023-02-24 08:57:52 +0900,research,NA,https://www.inaturalist.org/observations/46106582,https://static.inaturalist.org/photos/73127940/medium.jpg,NA,NA,NA,1,0,FALSE,3,"Brewster County, US-TX, US",29.7436426945,-103.0173262746,10,"US-385, Alpine, TX, US",29.78414667,-103.17672,29458,obscured,open,TRUE,NA,NA,Red-spotted Toad,Anaxyrus punctatus,Red-spotted Toad,Amphibia,64984
46106805,e93f1720-531e-48f4-a3fa-cbe325f16cef,Mon May 11 2020 22:25:43 GMT-0500 (CDT),2020-05-11,2020-05-12 12:25:43 +0900,Central Time (US & Canada),21609,trans-pecos-herpetology,R. Reed McClure,2020-05-17 02:05:22 +0900,2023-02-24 08:57:49 +0900,research,NA,https://www.inaturalist.org/observations/46106805,https://static.inaturalist.org/photos/73128301/medium.jpg,NA,NA,NA,1,0,FALSE,3,"Brewster County, US-TX, US",29.7042797468,-103.0503862456,10,"US-385, Alpine, TX, US",29.78414667,-103.17672,29458,obscured,open,TRUE,NA,NA,Red-spotted Toad,Anaxyrus punctatus,Red-spotted Toad,Amphibia,64984
46107347,cb70a853-ba32-4958-aa6a-20b64f499d83,Mon May 11 2020 22:41:17 GMT-0500 (CDT),2020-05-11,2020-05-12 12:41:17 +0900,Central Time (US & Canada),21609,trans-pecos-herpetology,R. Reed McClure,2020-05-17 02:08:52 +0900,2023-02-24 08:57:44 +0900,research,NA,https://www.inaturalist.org/observations/46107347,https://static.inaturalist.org/photos/73129318/medium.jpg,NA,NA,NA,1,0,FALSE,3,"Brewster County, US-TX, US",29.6886702791,-103.1682087679,5,"US-385, Alpine, TX, US",29.782505,-103.17494167,29458,obscured,open,TRUE,NA,NA,Red-spotted Toad,Anaxyrus punctatus,Red-spotted Toad,Amphibia,64984
46108877,90da694f-ea38-4832-a619-6ba62b8931b6,Mon May 11 2020 23:10:09 GMT-0500 (CDT),2020-05-11,2020-05-12 13:10:09 +0900,Central Time (US & Canada),21609,trans-pecos-herpetology,R. Reed McClure,2020-05-17 02:18:50 +0900,2023-02-24 08:57:44 +0900,research,NA,https://www.inaturalist.org/observations/46108877,https://static.inaturalist.org/photos/73131549/medium.jpg,NA,NA,NA,1,0,FALSE,3,"Brewster County, US-TX, US",29.6627993192,-103.1753596885,5,"US-385, Alpine, TX, US",29.74816333,-103.16005833,29458,obscured,open,TRUE,NA,NA,Red-spotted Toad,Anaxyrus punctatus,Red-spotted Toad,Amphibia,64984
46109546,e8106aba-6a1d-4184-b5d6-5e13dc8be73c,Mon May 11 2020 23:16:37 GMT-0500 (CDT),2020-05-11,2020-05-12 13:16:37 +0900,Central Time (US & Canada),21609,trans-pecos-herpetology,R. Reed McClure,2020-05-17 02:22:31 +0900,2023-02-24 08:57:29 +0900,research,NA,https://www.inaturalist.org/observations/46109546,https://static.inaturalist.org/photos/73132369/medium.jpg,NA,NA,NA,1,0,FALSE,3,"Brewster County, US-TX, US",29.7545071519,-103.1984650982,5,"US-385, Alpine, TX, US",29.74651667,-103.16046117,29458,obscured,open,TRUE,NA,NA,Red-spotted Toad,Anaxyrus punctatus,Red-spotted Toad,Amphibia,64984
46110578,c29f3a92-3b61-4da2-99f4-b50447571acd,Mon May 11 2020 23:37:54 GMT-0500 (CDT),2020-05-11,2020-05-12 13:37:54 +0900,Central Time (US & Canada),21609,trans-pecos-herpetology,R. Reed McClure,2020-05-17 02:28:39 +0900,2023-02-24 08:57:31 +0900,research,NA,https://www.inaturalist.org/observations/46110578,https://static.inaturalist.org/photos/73133854/medium.jpg,NA,NA,NA,1,0,FALSE,3,"Brewster County, US-TX, US",29.7444927239,-103.048586138,5,"US-385, Alpine, TX, US",29.73787833,-103.1605305,29458,obscured,open,TRUE,NA,NA,Red-spotted Toad,Anaxyrus punctatus,Red-spotted Toad,Amphibia,64984
46110716,ee95ed21-e236-4bd2-b310-0d9e13945faf,Mon May 11 2020 23:53:39 GMT-0500 (CDT),2020-05-11,2020-05-12 13:53:39 +0900,Central Time (US & Canada),21609,trans-pecos-herpetology,R. Reed McClure,2020-05-17 02:29:33 +0900,2023-02-24 08:57:32 +0900,research,NA,https://www.inaturalist.org/observations/46110716,https://static.inaturalist.org/photos/73134090/medium.jpg,NA,NA,NA,1,0,FALSE,3,"Brewster County, US-TX, US",29.7686260756,-103.1122174395,5,"US-385, Alpine, TX, US",29.720775,-103.1586,29458,obscured,open,TRUE,NA,NA,Red-spotted Toad,Anaxyrus punctatus,Red-spotted Toad,Amphibia,64984
46110902,55036e9c-3a29-41e4-b13c-d813dbc6e25b,Mon May 11 2020 23:53:39 GMT-0500 (CDT),2020-05-11,2020-05-12 13:53:39 +0900,Central Time (US & Canada),21609,trans-pecos-herpetology,R. Reed McClure,2020-05-17 02:30:39 +0900,2023-02-24 08:57:33 +0900,research,NA,https://www.inaturalist.org/observations/46110902,https://static.inaturalist.org/photos/73134336/medium.jpg,NA,NA,NA,1,0,FALSE,3,"Brewster County, US-TX, US",29.6924308865,-103.0184380172,5,"US-385, Alpine, TX, US",29.720775,-103.1586,29458,obscured,open,TRUE,NA,NA,Red-spotted Toad,Anaxyrus punctatus,Red-spotted Toad,Amphibia,64984
46342500,dfa09e9a-6941-4139-a32c-4c81dff17641,2020-05-16 9:57:55 PM CDT,2020-05-16,2020-05-17 11:57:55 +0900,Central Time (US & Canada),1567351,pops360,Tim Jetton,2020-05-18 14:05:03 +0900,2020-05-26 17:54:17 +0900,research,NA,https://www.inaturalist.org/observations/46342500,https://static.inaturalist.org/photos/73502059/medium.jpeg,NA,NA,NA,1,0,FALSE,2,"Robert Lee, TX 76945, USA",31.81392259,-100.62379431,7,NA,NA,NA,7,NA,open,FALSE,NA,NA,Red-spotted Toad,Anaxyrus punctatus,Red-spotted Toad,Amphibia,64984
46393065,36835ac8-eb79-475d-8bb7-e74464245d66,Mon May 18 2020 12:17:17 GMT-0500 (CDT),2020-05-18,2020-05-19 02:17:17 +0900,Central Time (US & Canada),111150,samwilhelm,NA,2020-05-19 02:19:24 +0900,2020-05-22 04:14:40 +0900,research,CC-BY-NC,https://www.inaturalist.org/observations/46393065,https://inaturalist-open-data.s3.amazonaws.com/photos/73583571/medium.jpg,NA,NA,"Under a rock 
",1,0,FALSE,3,"Jacksboro, TX, US",33.006672659,-98.2305168328,101,NA,NA,NA,101,NA,open,FALSE,NA,NA,Red-spotted Toad,Anaxyrus punctatus,Red-spotted Toad,Amphibia,64984
46946254,d6edf62e-5142-4516-b849-d475bb77431c,2020-05-23 1:31:45 AM CDT,2020-05-23,2020-05-23 10:31:45 +0900,UTC,516944,jlassiter,NA,2020-05-23 19:03:15 +0900,2022-12-19 04:01:43 +0900,research,NA,https://www.inaturalist.org/observations/46946254,https://static.inaturalist.org/photos/74455015/medium.jpeg,NA,NA,NA,1,0,FALSE,2,"Alpine, TX 79830, USA",29.4540949722,-102.8288189722,NA,NA,NA,NA,NA,NA,open,FALSE,gps,gps,Red-spotted Toad,Anaxyrus punctatus,Red-spotted Toad,Amphibia,64984
47097138,50a28a98-7493-4835-b64a-0901862d6404,2020-05-24 5:03:14 AM CDT,2020-05-24,2020-05-24 14:03:14 +0900,UTC,516944,jlassiter,NA,2020-05-24 20:40:19 +0900,2020-05-25 18:31:42 +0900,research,NA,https://www.inaturalist.org/observations/47097138,https://static.inaturalist.org/photos/74694453/medium.jpeg,NA,NA,NA,1,0,FALSE,2,"Fort Stockton, TX 79735, USA",30.7577439722,-102.7784089722,NA,NA,NA,NA,NA,NA,open,FALSE,gps,gps,Red-spotted Toad,Anaxyrus punctatus,Red-spotted Toad,Amphibia,64984
47833342,dc65d758-f260-4e2e-804f-3ff70c234ca1,Tue May 26 2020 22:37:18 GMT-0500 (CDT),2020-05-26,2020-05-27 12:37:18 +0900,Central Time (US & Canada),1188566,kimcadmus,Kim Owens,2020-05-30 21:27:46 +0900,2022-11-04 09:52:47 +0900,research,NA,https://www.inaturalist.org/observations/47833342,https://static.inaturalist.org/photos/75878862/medium.jpg,NA,NA,NA,2,0,FALSE,3,"Terlingua, TX, US",29.32270833,-103.61550333,5,NA,NA,NA,5,NA,open,FALSE,NA,NA,Red-spotted Toad,Anaxyrus punctatus,Red-spotted Toad,Amphibia,64984
48000235,617c7bdf-5e14-43bc-8dfc-26ca58128dcc,Sat May 30 2020 21:43:56 GMT-0500 (CDT),2020-05-30,2020-05-31 11:43:56 +0900,Central Time (US & Canada),190769,austinbohannon,Austin Bohannon,2020-06-01 01:37:44 +0900,2022-09-11 09:15:02 +0900,research,CC-BY-NC,https://www.inaturalist.org/observations/48000235,https://inaturalist-open-data.s3.amazonaws.com/photos/76143291/medium.jpg,NA,NA,NA,1,0,FALSE,3,"Val Verde County, US-TX, US",29.9068324526,-101.096982077,10,NA,NA,NA,29433,obscured,open,TRUE,NA,NA,Red-spotted Toad,Anaxyrus punctatus,Red-spotted Toad,Amphibia,64984
48088377,cd4d5ea6-f45f-4e2f-b6a5-b738fed69477,2020-05-31 10:28:34 PM CDT,2020-05-31,2020-06-01 12:28:34 +0900,Central Time (US & Canada),6690,sandboa,Chris Harrison,2020-06-01 14:02:22 +0900,2024-09-24 01:19:19 +0900,research,CC-BY,https://www.inaturalist.org/observations/48088377,https://inaturalist-open-data.s3.amazonaws.com/photos/76285961/medium.jpeg,NA,NA,NA,3,0,FALSE,2,"Edwards County, US-TX, US",29.71481058,-100.42760256,8,NA,NA,NA,8,NA,open,FALSE,NA,NA,Red-spotted Toad,Anaxyrus punctatus,Red-spotted Toad,Amphibia,64984
49532381,48684e11-25c5-429d-a606-04883ccaba87,Sat Jun 13 2020 21:38:47 GMT-0500 (CDT),2020-06-13,2020-06-14 11:38:47 +0900,Central Time (US & Canada),2645618,threeagoutdoors,Luke Padon,2020-06-14 11:47:40 +0900,2020-06-27 21:22:13 +0900,research,CC-BY,https://www.inaturalist.org/observations/49532381,https://inaturalist-open-data.s3.amazonaws.com/photos/78632754/medium.jpg,NA,NA,NA,2,0,FALSE,3,"County Road 141, Abilene, TX, US",32.2446528254,-99.6539175044,22,NA,NA,NA,22,NA,open,FALSE,NA,NA,Red-spotted Toad,Anaxyrus punctatus,Red-spotted Toad,Amphibia,64984
49666499,875310ef-f745-4594-81f8-566a25b7a328,2020-06-14 7:50:07 AM CDT,2020-06-14,2020-06-14 21:50:07 +0900,Central Time (US & Canada),114297,heatharcadia,Heather Klebs,2020-06-15 09:59:32 +0900,2024-04-12 00:16:38 +0900,research,NA,https://www.inaturalist.org/observations/49666499,https://static.inaturalist.org/photos/78846654/medium.jpeg,NA,NA,NA,1,0,FALSE,2,"Fredericksburg, TX 78624, USA",30.495422305599998,-98.8292690833,NA,NA,NA,NA,NA,NA,open,FALSE,gps,gps,Red-spotted Toad,Anaxyrus punctatus,Red-spotted Toad,Amphibia,64984
50042038,68164adf-d052-467a-8cc5-a7b7eebf1033,Fri Jun 07 2019 11:57:00 GMT-0500 (CDT),2019-06-07,2019-06-07 20:57:00 +0900,UTC,3173905,scardif,Steven W. Cardiff,2020-06-18 22:05:14 +0900,2020-10-03 11:02:37 +0900,research,CC-BY-NC,https://www.inaturalist.org/observations/50042038,https://inaturalist-open-data.s3.amazonaws.com/photos/79459587/medium.jpg,NA,NA,NA,1,0,FALSE,3,"Tony's Pass, Fort Davis, TX, US",30.6221633333,-104.1057805,NA,NA,NA,NA,NA,NA,open,FALSE,NA,NA,Red-spotted Toad,Anaxyrus punctatus,Red-spotted Toad,Amphibia,64984
50287020,ce560272-4cf5-44f7-b815-7faa5f1da6e1,2020-06-19 10:20:39 PM CDT,2020-06-19,2020-06-20 12:20:39 +0900,Central Time (US & Canada),200477,nicholus,Nicholus ledbetter,2020-06-21 01:40:14 +0900,2020-10-05 23:57:11 +0900,research,CC-BY-NC,https://www.inaturalist.org/observations/50287020,https://inaturalist-open-data.s3.amazonaws.com/photos/79850816/medium.jpeg,NA,NA,NA,1,0,FALSE,2,"Alpine, TX 79830, USA",29.6202479257,-103.0542686954,13988,NA,NA,NA,13988,NA,open,FALSE,gps,gps,Red-spotted Toad,Anaxyrus punctatus,Red-spotted Toad,Amphibia,64984
50347887,1b3c6fff-5dd9-4446-868b-e3fd80524840,2020/06/19 9:57 PM CDT,2020-06-19,2020-06-20 11:57:00 +0900,Central Time (US & Canada),1952051,colanegra,NA,2020-06-21 09:37:38 +0900,2020-10-05 23:57:07 +0900,research,CC-BY-NC,https://www.inaturalist.org/observations/50347887,https://static.inaturalist.org/photos/79944175/medium.jpg,NA,NA,NA,1,0,FALSE,NA,"Texas, US",30.0680011466,-103.5159169261,NA,NA,NA,NA,29407,obscured,open,TRUE,NA,NA,Red-spotted Toad,Anaxyrus punctatus,Red-spotted Toad,Amphibia,64984
50368714,916a7a93-caa2-4410-8b33-17de421d5d12,Sat Jun 20 2020 23:11:06 GMT-0500 (CDT),2020-06-20,2020-06-21 13:11:06 +0900,Central Time (US & Canada),66165,crotrox,NA,2020-06-21 14:10:59 +0900,2020-06-29 23:54:48 +0900,research,CC-BY-NC,https://www.inaturalist.org/observations/50368714,https://inaturalist-open-data.s3.amazonaws.com/photos/79981456/medium.jpg,NA,NA,NA,5,0,FALSE,3,"US-90, Sanderson, TX, US",30.13432217,-102.56572833,10,NA,NA,NA,10,NA,open,FALSE,NA,NA,Red-spotted Toad,Anaxyrus punctatus,Red-spotted Toad,Amphibia,64984
50748016,f37b9dc7-4d15-46db-9959-b2b617c9af9d,2020/06/20 10:13 PM CDT,2020-06-20,2020-06-21 12:13:00 +0900,Central Time (US & Canada),200477,nicholus,Nicholus ledbetter,2020-06-24 15:35:45 +0900,2023-02-24 08:57:22 +0900,research,CC-BY-NC,https://www.inaturalist.org/observations/50748016,https://inaturalist-open-data.s3.amazonaws.com/photos/80602975/medium.jpeg,NA,NA,NA,1,0,FALSE,NA,"Terrell County, TX, USA",30.2533250078,-101.9975385396,19769,NA,NA,NA,19769,NA,open,FALSE,NA,NA,Red-spotted Toad,Anaxyrus punctatus,Red-spotted Toad,Amphibia,64984
50748039,44a029cb-cebd-4ec0-b72b-3035b699a2e6,2020/06/21 4:38 PM CDT,2020-06-21,2020-06-22 06:38:00 +0900,Central Time (US & Canada),200477,nicholus,Nicholus ledbetter,2020-06-24 15:35:51 +0900,2020-10-05 23:56:58 +0900,research,CC-BY-NC,https://www.inaturalist.org/observations/50748039,https://inaturalist-open-data.s3.amazonaws.com/photos/80603081/medium.jpeg,NA,NA,NA,1,0,FALSE,NA,"Sanderson, TX 79848, USA",30.1466440446,-102.4011807454,61,NA,NA,NA,61,NA,open,FALSE,NA,NA,Red-spotted Toad,Anaxyrus punctatus,Red-spotted Toad,Amphibia,64984
50945805,2607fdae-758f-4110-a224-934e40abfe50,Sun Jun 21 2020 21:34:16 GMT-0500 (CDT),2020-06-21,2020-06-22 11:34:16 +0900,Central Time (US & Canada),66165,crotrox,NA,2020-06-26 10:16:18 +0900,2021-02-07 02:52:08 +0900,research,CC-BY-NC,https://www.inaturalist.org/observations/50945805,https://inaturalist-open-data.s3.amazonaws.com/photos/80924440/medium.jpg,NA,NA,NA,3,0,FALSE,3,"Brewster County, US-TX, US",29.4741585741,-102.8219361341,5,"RM-2627, Alpine, TX, US",29.50267167,-102.88338333,29483,obscured,open,TRUE,NA,NA,Red-spotted Toad,Anaxyrus punctatus,Red-spotted Toad,Amphibia,64984
51153394,b3a9f681-6853-4774-a8dd-bb55efa40afa,2020-06-20 9:59:35 PM CDT,2020-06-20,2020-06-21 06:59:35 +0900,UTC,1658594,leahbakewell23,Leah Bakewell,2020-06-28 06:58:40 +0900,2023-02-24 08:57:23 +0900,research,NA,https://www.inaturalist.org/observations/51153394,https://static.inaturalist.org/photos/81256434/medium.jpeg,NA,NA,98,2,0,FALSE,2,"Brewster County, US-TX, US",29.90590268,-103.26066685,4,NA,NA,NA,4,NA,open,FALSE,NA,NA,Red-spotted Toad,Anaxyrus punctatus,Red-spotted Toad,Amphibia,64984
51267401,b186699a-a402-4cf4-8fc4-cb0205500be1,Sun Jun 28 2020 00:13:29 GMT-0500 (CDT),2020-06-28,2020-06-28 14:13:29 +0900,Central Time (US & Canada),21609,trans-pecos-herpetology,R. Reed McClure,2020-06-29 04:18:35 +0900,2020-06-29 10:03:09 +0900,research,NA,https://www.inaturalist.org/observations/51267401,https://static.inaturalist.org/photos/81439466/medium.jpg,NA,NA,NA,1,0,FALSE,3,"Texas, US",30.4109930782,-103.8480763871,37,"SH-118, Fort Davis, TX, US",30.53748,-103.84884667,29356,obscured,open,TRUE,NA,NA,Red-spotted Toad,Anaxyrus punctatus,Red-spotted Toad,Amphibia,64984
51291185,80702d91-b421-413a-90ba-4d40b5a47182,2020-06-27 9:19:22 PM CDT,2020-06-27,2020-06-28 06:19:22 +0900,UTC,218634,trey3,Trey Petty,2020-06-29 07:06:39 +0900,2020-06-29 09:26:46 +0900,research,NA,https://www.inaturalist.org/observations/51291185,https://static.inaturalist.org/photos/81478910/medium.jpeg,NA,NA,NA,2,0,FALSE,2,"Brewster County, US-TX, US",29.460478866,-102.813616473,NA,"Alpine, TX 79830, USA",29.479061,-102.854544,29483,obscured,open,TRUE,gps,gps,Red-spotted Toad,Anaxyrus punctatus,Red-spotted Toad,Amphibia,64984
51412682,eb1f6b12-1b66-4620-bd4f-a3fe1e916c1d,Sat Jun 27 2020 21:54:48 GMT-0500 (CDT),2020-06-27,2020-06-28 06:54:48 +0900,UTC,439808,celinaann90,NA,2020-06-30 07:55:44 +0900,2020-06-30 08:33:47 +0900,research,NA,https://www.inaturalist.org/observations/51412682,https://static.inaturalist.org/photos/81682279/medium.jpg,NA,NA,NA,1,0,FALSE,3,"Jeff Davis County, US-TX, US",30.5365385555,-104.1862181213,10,NA,NA,NA,10,NA,open,FALSE,NA,NA,Red-spotted Toad,Anaxyrus punctatus,Red-spotted Toad,Amphibia,64984
51412714,dde7fec1-dfa4-4369-a205-3988a301878e,Sat Jun 27 2020 23:47:51 GMT-0500 (CDT),2020-06-27,2020-06-28 08:47:51 +0900,UTC,439808,celinaann90,NA,2020-06-30 07:56:08 +0900,2020-06-30 08:33:55 +0900,research,NA,https://www.inaturalist.org/observations/51412714,https://static.inaturalist.org/photos/81682333/medium.jpg,NA,NA,NA,1,0,FALSE,3,"Brewster County, US-TX, US",30.0539069543,-103.2799510283,13,NA,NA,NA,13,NA,open,FALSE,NA,NA,Red-spotted Toad,Anaxyrus punctatus,Red-spotted Toad,Amphibia,64984
51412897,cdfab154-e5bc-42ea-abf0-d369f8642543,Sun Jun 28 2020 00:03:32 GMT-0500 (CDT),2020-06-28,2020-06-28 09:03:32 +0900,UTC,439808,celinaann90,NA,2020-06-30 07:58:26 +0900,2020-06-30 08:34:19 +0900,research,NA,https://www.inaturalist.org/observations/51412897,https://static.inaturalist.org/photos/81682658/medium.jpg,NA,NA,NA,1,0,FALSE,3,"US-385, Alpine, TX, US",29.9802033902,-103.2649899489,5,NA,NA,NA,5,NA,open,FALSE,NA,NA,Red-spotted Toad,Anaxyrus punctatus,Red-spotted Toad,Amphibia,64984
51412946,09b98748-f381-49d4-87bf-665c88cbc551,Sun Jun 28 2020 00:14:06 GMT-0500 (CDT),2020-06-28,2020-06-28 09:14:06 +0900,UTC,439808,celinaann90,NA,2020-06-30 07:59:06 +0900,2020-06-30 08:34:28 +0900,research,NA,https://www.inaturalist.org/observations/51412946,https://static.inaturalist.org/photos/81682756/medium.jpg,NA,NA,NA,1,0,FALSE,3,"Brewster County, US-TX, US",29.9800070728,-103.2649115506,12,NA,NA,NA,12,NA,open,FALSE,NA,NA,Red-spotted Toad,Anaxyrus punctatus,Red-spotted Toad,Amphibia,64984
51412961,c2bfee2a-19ff-41e4-b761-2fa82bd39729,Sun Jun 28 2020 00:20:35 GMT-0500 (CDT),2020-06-28,2020-06-28 09:20:35 +0900,UTC,439808,celinaann90,NA,2020-06-30 07:59:21 +0900,2020-06-30 08:34:34 +0900,research,NA,https://www.inaturalist.org/observations/51412961,https://static.inaturalist.org/photos/81682815/medium.jpg,NA,NA,NA,1,0,FALSE,3,"US-385, Alpine, TX, US",29.9701290693,-103.2610732657,4,NA,NA,NA,4,NA,open,FALSE,NA,NA,Red-spotted Toad,Anaxyrus punctatus,Red-spotted Toad,Amphibia,64984
51413035,c12e1fa2-6348-4cef-bf68-7efa5a1503c3,Sun Jun 28 2020 00:35:55 GMT-0500 (CDT),2020-06-28,2020-06-28 09:35:55 +0900,UTC,439808,celinaann90,NA,2020-06-30 08:00:25 +0900,2020-06-30 08:34:52 +0900,research,NA,https://www.inaturalist.org/observations/51413035,https://static.inaturalist.org/photos/81682957/medium.jpg,NA,NA,NA,1,0,FALSE,3,"Brewster County, US-TX, US",29.9317166811,-103.2606649395,6,NA,NA,NA,6,NA,open,FALSE,NA,NA,Red-spotted Toad,Anaxyrus punctatus,Red-spotted Toad,Amphibia,64984
51413433,0a4b8f3f-a34f-4618-b106-55c7de3c7b57,Sun Jun 28 2020 00:56:04 GMT-0500 (CDT),2020-06-28,2020-06-28 09:56:04 +0900,UTC,439808,celinaann90,NA,2020-06-30 08:04:12 +0900,2020-06-30 08:35:41 +0900,research,NA,https://www.inaturalist.org/observations/51413433,https://static.inaturalist.org/photos/81683449/medium.jpg,NA,NA,NA,1,0,FALSE,3,"Brewster County, US-TX, US",29.8936092509,-103.2578308231,77,NA,NA,NA,77,NA,open,FALSE,NA,NA,Red-spotted Toad,Anaxyrus punctatus,Red-spotted Toad,Amphibia,64984
51413518,04bb03f1-2002-469c-96fc-5aa2588fd029,Sun Jun 28 2020 01:11:27 GMT-0500 (CDT),2020-06-28,2020-06-28 10:11:27 +0900,UTC,439808,celinaann90,NA,2020-06-30 08:04:54 +0900,2020-06-30 08:35:29 +0900,research,NA,https://www.inaturalist.org/observations/51413518,https://static.inaturalist.org/photos/81683581/medium.jpg,NA,NA,NA,1,0,FALSE,3,"Brewster County, US-TX, US",29.8674017329,-103.2502490829,38,NA,NA,NA,38,NA,open,FALSE,NA,NA,Red-spotted Toad,Anaxyrus punctatus,Red-spotted Toad,Amphibia,64984
51413709,7bd706c3-4f4d-4bf1-bcb8-70848ab07df3,Sun Jun 28 2020 01:18:24 GMT-0500 (CDT),2020-06-28,2020-06-28 10:18:24 +0900,UTC,439808,celinaann90,NA,2020-06-30 08:07:28 +0900,2020-06-30 08:36:35 +0900,research,NA,https://www.inaturalist.org/observations/51413709,https://static.inaturalist.org/photos/81683869/medium.jpg,NA,NA,NA,1,0,FALSE,3,"Brewster County, US-TX, US",29.8638634936,-103.248887424,6,NA,NA,NA,6,NA,open,FALSE,NA,NA,Red-spotted Toad,Anaxyrus punctatus,Red-spotted Toad,Amphibia,64984
51413764,e7d7d7ea-b540-481d-9ec6-dfe75eee67c9,Sun Jun 28 2020 01:30:59 GMT-0500 (CDT),2020-06-28,2020-06-28 10:30:59 +0900,UTC,439808,celinaann90,NA,2020-06-30 08:08:38 +0900,2020-06-30 08:36:49 +0900,research,NA,https://www.inaturalist.org/observations/51413764,https://static.inaturalist.org/photos/81684045/medium.jpg,NA,NA,NA,1,0,FALSE,3,"Brewster County, US-TX, US",29.8637510609,-103.2488428522,17,NA,NA,NA,17,NA,open,FALSE,NA,NA,Red-spotted Toad,Anaxyrus punctatus,Red-spotted Toad,Amphibia,64984
51414086,176c5f53-f92b-464d-a787-90aa088139b3,Sun Jun 28 2020 02:50:35 GMT-0500 (CDT),2020-06-28,2020-06-28 11:50:35 +0900,UTC,439808,celinaann90,NA,2020-06-30 08:13:06 +0900,2020-06-30 11:29:51 +0900,research,NA,https://www.inaturalist.org/observations/51414086,https://static.inaturalist.org/photos/81684704/medium.jpg,NA,NA,NA,2,0,FALSE,3,"Brewster County, US-TX, US",29.9118366816,-103.2619381461,6,NA,NA,NA,6,NA,open,FALSE,NA,NA,Red-spotted Toad,Anaxyrus punctatus,Red-spotted Toad,Amphibia,64984
51414271,a8112f21-dd16-4911-9f92-6fdfb45a9233,Sun Jun 28 2020 02:58:43 GMT-0500 (CDT),2020-06-28,2020-06-28 11:58:43 +0900,UTC,439808,celinaann90,NA,2020-06-30 08:14:48 +0900,2020-06-30 08:37:19 +0900,research,NA,https://www.inaturalist.org/observations/51414271,https://static.inaturalist.org/photos/81684893/medium.jpg,NA,NA,NA,1,0,FALSE,3,"Brewster County, US-TX, US",29.9370765984,-103.2587034001,9,NA,NA,NA,9,NA,open,FALSE,NA,NA,Red-spotted Toad,Anaxyrus punctatus,Red-spotted Toad,Amphibia,64984
51709785,8f94bda3-edf2-46a7-95b0-bed4caa8bdbf,Tue Jun 02 2020 01:49:08 GMT-0500 (CDT),2020-06-02,2020-06-02 15:49:08 +0900,Central Time (US & Canada),901014,naturallyem,Emily Grizzell,2020-07-03 02:12:55 +0900,2020-07-03 03:46:21 +0900,research,CC-BY-NC,https://www.inaturalist.org/observations/51709785,https://inaturalist-open-data.s3.amazonaws.com/photos/82173470/medium.jpg,NA,NA,NA,1,0,FALSE,3,"Old Blanco Rd, Kendalia, TX, US",30.01400278,-98.505255,6,NA,NA,NA,6,NA,open,FALSE,NA,NA,Red-spotted Toad,Anaxyrus punctatus,Red-spotted Toad,Amphibia,64984
51741609,29403ccc-e74f-4b98-ab85-f1a158c7f26d,2020/06/26 9:04 PM CDT,2020-06-26,2020-06-27 11:04:00 +0900,Central Time (US & Canada),248231,atrox77,Marc L.,2020-07-03 07:40:43 +0900,2022-05-12 04:55:06 +0900,research,CC-BY-NC,https://www.inaturalist.org/observations/51741609,https://inaturalist-open-data.s3.amazonaws.com/photos/82223649/medium.jpeg,NA,NA,NA,2,0,FALSE,NA,"Brewster County, US-TX, US",29.5602059732,-102.9689363397,2289,"Brewster County, TX, USA",29.5113959398,-102.8976599329,29483,obscured,open,TRUE,NA,NA,Red-spotted Toad,Anaxyrus punctatus,Red-spotted Toad,Amphibia,64984
51764703,6ef0f99e-4863-4341-aee7-d34c52ba48de,2020-06-28 12:15:05 AM CDT,2020-06-28,2020-06-28 09:15:05 +0900,UTC,1658594,leahbakewell23,Leah Bakewell,2020-07-03 12:51:23 +0900,2020-10-01 00:51:14 +0900,research,NA,https://www.inaturalist.org/observations/51764703,https://static.inaturalist.org/photos/82263246/medium.jpeg,NA,NA,101,2,0,FALSE,2,"Brewster County, US-TX, US",29.97996769,-103.26484944,8,NA,NA,NA,8,NA,open,FALSE,NA,NA,Red-spotted Toad,Anaxyrus punctatus,Red-spotted Toad,Amphibia,64984
51874868,95a8d603-08a6-42c8-bc5d-43bae4df2bcd,2020-07-03 11:09:03 PM CDT,2020-07-03,2020-07-04 08:09:03 +0900,UTC,1658594,leahbakewell23,Leah Bakewell,2020-07-04 14:24:13 +0900,2022-11-07 10:20:04 +0900,research,NA,https://www.inaturalist.org/observations/51874868,https://static.inaturalist.org/photos/82442298/medium.jpeg,NA,NA,120,2,0,FALSE,2,"Jeff Davis County, US-TX, US",30.90436627,-104.14625842,7,NA,NA,NA,7,NA,open,FALSE,NA,NA,Red-spotted Toad,Anaxyrus punctatus,Red-spotted Toad,Amphibia,64984
51874899,066f252a-1c9a-4379-9308-753ffc500e46,2020-07-03 11:10:50 PM CDT,2020-07-03,2020-07-04 08:10:50 +0900,UTC,1658594,leahbakewell23,Leah Bakewell,2020-07-04 14:24:31 +0900,2022-11-07 10:19:58 +0900,research,NA,https://www.inaturalist.org/observations/51874899,https://static.inaturalist.org/photos/82442302/medium.jpeg,NA,NA,121,2,0,FALSE,2,"Jeff Davis County, US-TX, US",30.90757666,-104.14655865,4,NA,NA,NA,4,NA,open,FALSE,NA,NA,Red-spotted Toad,Anaxyrus punctatus,Red-spotted Toad,Amphibia,64984
51874907,c96bbec3-2ccd-4909-9899-07788ad5d28d,2020-07-03 11:13:22 PM CDT,2020-07-03,2020-07-04 08:13:22 +0900,UTC,1658594,leahbakewell23,Leah Bakewell,2020-07-04 14:24:39 +0900,2022-11-07 10:19:51 +0900,research,NA,https://www.inaturalist.org/observations/51874907,https://static.inaturalist.org/photos/82442315/medium.jpeg,NA,NA,122,2,0,FALSE,2,"Jeff Davis County, US-TX, US",30.90823199,-104.14667492,7,NA,NA,NA,7,NA,open,FALSE,NA,NA,Red-spotted Toad,Anaxyrus punctatus,Red-spotted Toad,Amphibia,64984
51874952,2a5536b5-adb2-4081-86e8-1b1d3dc966b6,2020-07-03 11:29:11 PM CDT,2020-07-03,2020-07-04 08:29:11 +0900,UTC,1658594,leahbakewell23,Leah Bakewell,2020-07-04 14:25:04 +0900,2022-11-07 10:19:42 +0900,research,NA,https://www.inaturalist.org/observations/51874952,https://static.inaturalist.org/photos/82442342/medium.jpeg,NA,NA,126-127,2,0,FALSE,2,"Jeff Davis County, US-TX, US",30.957075240000002,-104.16147782,9,NA,NA,NA,9,NA,open,FALSE,NA,NA,Red-spotted Toad,Anaxyrus punctatus,Red-spotted Toad,Amphibia,64984
51886264,784e35a6-37d3-4ce4-bf54-d52bf1c00d70,Fri Jul 03 2020 22:06:06 GMT-0500 (CDT),2020-07-03,2020-07-04 12:06:06 +0900,Central Time (US & Canada),21609,trans-pecos-herpetology,R. Reed McClure,2020-07-04 19:09:04 +0900,2020-07-04 23:36:09 +0900,research,NA,https://www.inaturalist.org/observations/51886264,https://static.inaturalist.org/photos/82461383/medium.jpg,NA,NA,NA,1,0,FALSE,3,"Jeff Davis County, US-TX, US",30.7521993984,-104.3425077948,5,"SH-166, Fort Davis, TX, US",30.656745,-104.25633333,29330,obscured,open,TRUE,NA,NA,Red-spotted Toad,Anaxyrus punctatus,Red-spotted Toad,Amphibia,64984
51886365,51f52080-3714-4295-936b-7da1701a9a36,Fri Jul 03 2020 22:14:35 GMT-0500 (CDT),2020-07-03,2020-07-04 12:14:35 +0900,Central Time (US & Canada),21609,trans-pecos-herpetology,R. Reed McClure,2020-07-04 19:10:43 +0900,2020-07-04 23:27:16 +0900,research,NA,https://www.inaturalist.org/observations/51886365,https://static.inaturalist.org/photos/82461472/medium.jpg,NA,NA,NA,1,0,FALSE,3,"Jeff Davis County, US-TX, US",30.6428939506,-104.2422111244,11,"SH-166, Fort Davis, TX, US",30.68247167,-104.24237,29330,obscured,open,TRUE,NA,NA,Red-spotted Toad,Anaxyrus punctatus,Red-spotted Toad,Amphibia,64984
51886420,afdc954e-03e4-4bd4-ba19-ba4e4cd3a8ff,Fri Jul 03 2020 22:14:36 GMT-0500 (CDT),2020-07-03,2020-07-04 12:14:36 +0900,Central Time (US & Canada),21609,trans-pecos-herpetology,R. Reed McClure,2020-07-04 19:11:26 +0900,2020-07-04 23:35:44 +0900,research,NA,https://www.inaturalist.org/observations/51886420,https://static.inaturalist.org/photos/82461531/medium.jpg,NA,NA,NA,1,0,FALSE,3,"Jeff Davis County, US-TX, US",30.6630311263,-104.2503040302,9,"SH-166, Fort Davis, TX, US",30.68247167,-104.24237,29330,obscured,open,TRUE,NA,NA,Red-spotted Toad,Anaxyrus punctatus,Red-spotted Toad,Amphibia,64984
51917051,fa9433aa-8349-4a25-b6ca-fad78b50ca00,Fri Jul 03 2020 22:53:45 GMT-0500 (CDT),2020-07-03,2020-07-04 12:53:45 +0900,Central Time (US & Canada),21609,trans-pecos-herpetology,R. Reed McClure,2020-07-05 01:18:31 +0900,2020-07-05 02:38:32 +0900,research,NA,https://www.inaturalist.org/observations/51917051,https://static.inaturalist.org/photos/82510075/medium.jpg,NA,NA,NA,1,0,FALSE,3,"Jeff Davis County, US-TX, US",30.9285933047,-104.1430284878,6,"SH-118, Fort Davis, TX, US",30.86068333,-104.1542195,29304,obscured,open,TRUE,NA,NA,Red-spotted Toad,Anaxyrus punctatus,Red-spotted Toad,Amphibia,64984
51917112,939ebdb3-b0b4-4d14-b256-a88438601ae3,Fri Jul 03 2020 22:53:45 GMT-0500 (CDT),2020-07-03,2020-07-04 12:53:45 +0900,Central Time (US & Canada),21609,trans-pecos-herpetology,R. Reed McClure,2020-07-05 01:19:15 +0900,2020-07-05 02:38:21 +0900,research,NA,https://www.inaturalist.org/observations/51917112,https://static.inaturalist.org/photos/82510174/medium.jpg,NA,NA,NA,1,0,FALSE,3,"Jeff Davis County, US-TX, US",30.9729099967,-104.1319080999,6,"SH-118, Fort Davis, TX, US",30.86068333,-104.1542195,29304,obscured,open,TRUE,NA,NA,Red-spotted Toad,Anaxyrus punctatus,Red-spotted Toad,Amphibia,64984
51917205,aa68c4b1-79fd-472e-82f7-8ed5cea2465d,Fri Jul 03 2020 22:53:56 GMT-0500 (CDT),2020-07-03,2020-07-04 12:53:56 +0900,Central Time (US & Canada),21609,trans-pecos-herpetology,R. Reed McClure,2020-07-05 01:20:06 +0900,2020-07-05 02:37:27 +0900,research,NA,https://www.inaturalist.org/observations/51917205,https://static.inaturalist.org/photos/82510329/medium.jpg,NA,NA,NA,1,0,FALSE,3,"Jeff Davis County, US-TX, US",30.8241954881,-104.0062680079,7,"SH-118, Fort Davis, TX, US",30.86063,-104.15422783,29304,obscured,open,TRUE,NA,NA,Red-spotted Toad,Anaxyrus punctatus,Red-spotted Toad,Amphibia,64984
51917343,1c2a30da-696f-4ab1-a831-2448e25e605d,Fri Jul 03 2020 22:54:12 GMT-0500 (CDT),2020-07-03,2020-07-04 12:54:12 +0900,Central Time (US & Canada),21609,trans-pecos-herpetology,R. Reed McClure,2020-07-05 01:21:29 +0900,2020-07-05 01:29:05 +0900,research,NA,https://www.inaturalist.org/observations/51917343,https://static.inaturalist.org/photos/82510521/medium.jpg,NA,NA,NA,1,0,FALSE,3,"Jeff Davis County, US-TX, US",30.9007911287,-104.0700806001,4,"SH-118, Fort Davis, TX, US",30.86061167,-104.15422783,29304,obscured,open,TRUE,NA,NA,Red-spotted Toad,Anaxyrus punctatus,Red-spotted Toad,Amphibia,64984
51917455,df371258-a490-42ce-a020-2b33d896cedb,Fri Jul 03 2020 23:00:44 GMT-0500 (CDT),2020-07-03,2020-07-04 13:00:44 +0900,Central Time (US & Canada),21609,trans-pecos-herpetology,R. Reed McClure,2020-07-05 01:22:25 +0900,2020-07-05 01:28:57 +0900,research,NA,https://www.inaturalist.org/observations/51917455,https://static.inaturalist.org/photos/82510704/medium.jpg,NA,NA,NA,1,0,FALSE,3,"Jeff Davis County, US-TX, US",30.9739925005,-104.0376817955,18,"SH-118, Fort Davis, TX, US",30.869055,-104.15292217,29304,obscured,open,TRUE,NA,NA,Red-spotted Toad,Anaxyrus punctatus,Red-spotted Toad,Amphibia,64984
51917579,2d62e9de-34cf-411b-8002-b0d47b5b7ad1,Fri Jul 03 2020 23:07:26 GMT-0500 (CDT),2020-07-03,2020-07-04 13:07:26 +0900,Central Time (US & Canada),21609,trans-pecos-herpetology,R. Reed McClure,2020-07-05 01:23:20 +0900,2020-07-05 01:28:56 +0900,research,NA,https://www.inaturalist.org/observations/51917579,https://static.inaturalist.org/photos/82510867/medium.jpg,NA,NA,NA,1,0,FALSE,3,"Texas, US",30.9409139562,-104.1723252548,5,"SH-118, Fort Davis, TX, US",30.90436333,-104.14626383,29304,obscured,open,TRUE,NA,NA,Red-spotted Toad,Anaxyrus punctatus,Red-spotted Toad,Amphibia,64984
51917698,a878d133-51e7-4d7d-9d61-88e8c18e188e,Fri Jul 03 2020 23:10:26 GMT-0500 (CDT),2020-07-03,2020-07-04 13:10:26 +0900,Central Time (US & Canada),21609,trans-pecos-herpetology,R. Reed McClure,2020-07-05 01:24:10 +0900,2020-07-05 01:28:53 +0900,research,NA,https://www.inaturalist.org/observations/51917698,https://static.inaturalist.org/photos/82511027/medium.jpg,NA,NA,NA,1,0,FALSE,3,"Texas, US",30.9578946873,-104.0713924061,26,"SH-118, Fort Davis, TX, US",30.907555,-104.14647783,29304,obscured,open,TRUE,NA,NA,Red-spotted Toad,Anaxyrus punctatus,Red-spotted Toad,Amphibia,64984
51917800,fd2944ab-5996-4e14-a6cc-7b4c154e07f3,Fri Jul 03 2020 23:11:54 GMT-0500 (CDT),2020-07-03,2020-07-04 13:11:54 +0900,Central Time (US & Canada),21609,trans-pecos-herpetology,R. Reed McClure,2020-07-05 01:25:04 +0900,2020-07-05 01:28:54 +0900,research,NA,https://www.inaturalist.org/observations/51917800,https://static.inaturalist.org/photos/82511191/medium.jpg,NA,NA,NA,1,0,FALSE,3,"Texas, US",30.9528332087,-104.1571013921,25,"SH-118, Fort Davis, TX, US",30.90816667,-104.14659167,29304,obscured,open,TRUE,NA,NA,Red-spotted Toad,Anaxyrus punctatus,Red-spotted Toad,Amphibia,64984
51917920,5f1c8906-f30d-45ca-b2f8-ab95254da514,Fri Jul 03 2020 23:12:17 GMT-0500 (CDT),2020-07-03,2020-07-04 13:12:17 +0900,Central Time (US & Canada),21609,trans-pecos-herpetology,R. Reed McClure,2020-07-05 01:26:01 +0900,2020-07-05 01:28:46 +0900,research,NA,https://www.inaturalist.org/observations/51917920,https://static.inaturalist.org/photos/82511351/medium.jpg,NA,NA,Interesting highly pattered individual,1,0,FALSE,3,"Texas, US",30.8095857134,-104.1521089208,5,"SH-118, Fort Davis, TX, US",30.908125,-104.1466055,29304,obscured,open,TRUE,NA,NA,Red-spotted Toad,Anaxyrus punctatus,Red-spotted Toad,Amphibia,64984
51918035,3e2850ff-91d7-4f19-ace2-9ad22b34beaf,Fri Jul 03 2020 23:12:30 GMT-0500 (CDT),2020-07-03,2020-07-04 13:12:30 +0900,Central Time (US & Canada),21609,trans-pecos-herpetology,R. Reed McClure,2020-07-05 01:26:58 +0900,2020-07-05 01:28:45 +0900,research,NA,https://www.inaturalist.org/observations/51918035,https://static.inaturalist.org/photos/82511576/medium.jpg,NA,NA,NA,1,0,FALSE,3,"Texas, US",30.8615287232,-104.1951927694,5,"SH-118, Fort Davis, TX, US",30.90816333,-104.14662217,29304,obscured,open,TRUE,NA,NA,Red-spotted Toad,Anaxyrus punctatus,Red-spotted Toad,Amphibia,64984
51918273,2ddfe621-eca0-406a-b64a-973e22507166,Fri Jul 03 2020 23:22:01 GMT-0500 (CDT),2020-07-03,2020-07-04 13:22:01 +0900,Central Time (US & Canada),21609,trans-pecos-herpetology,R. Reed McClure,2020-07-05 01:29:30 +0900,2020-07-05 17:13:22 +0900,research,NA,https://www.inaturalist.org/observations/51918273,https://static.inaturalist.org/photos/82512030/medium.jpg,NA,NA,NA,1,0,FALSE,3,"Texas, US",30.9756152208,-104.1831723548,200,"SH-118, Fort Davis, TX, US",30.9348,-104.15292217,29304,obscured,open,TRUE,NA,NA,Red-spotted Toad,Anaxyrus punctatus,Red-spotted Toad,Amphibia,64984
51918375,379090bf-9d49-4176-adfc-d1b43bc588a1,Fri Jul 03 2020 23:22:06 GMT-0500 (CDT),2020-07-03,2020-07-04 13:22:06 +0900,Central Time (US & Canada),21609,trans-pecos-herpetology,R. Reed McClure,2020-07-05 01:30:21 +0900,2020-07-05 17:14:27 +0900,research,NA,https://www.inaturalist.org/observations/51918375,https://static.inaturalist.org/photos/82512252/medium.jpg,NA,NA,NA,1,0,FALSE,3,"Texas, US",30.8000741804,-104.1625041185,12,"SH-118, Fort Davis, TX, US",30.93475833,-104.15283883,29304,obscured,open,TRUE,NA,NA,Red-spotted Toad,Anaxyrus punctatus,Red-spotted Toad,Amphibia,64984
51918485,35edfc94-86d0-4054-86ad-b8ccbe0b6cd8,Fri Jul 03 2020 23:27:18 GMT-0500 (CDT),2020-07-03,2020-07-04 13:27:18 +0900,Central Time (US & Canada),21609,trans-pecos-herpetology,R. Reed McClure,2020-07-05 01:31:15 +0900,2020-07-05 10:50:10 +0900,research,NA,https://www.inaturalist.org/observations/51918485,https://static.inaturalist.org/photos/82512444/medium.jpg,NA,NA,NA,1,0,FALSE,3,"Texas, US",30.9970883242,-104.0445541592,23,"SH-118, Fort Davis, TX, US",30.956805,-104.16162783,29304,obscured,open,TRUE,NA,NA,Red-spotted Toad,Anaxyrus punctatus,Red-spotted Toad,Amphibia,64984
51918665,85de0486-b693-4de5-a565-e0504b92daf8,Fri Jul 03 2020 23:27:55 GMT-0500 (CDT),2020-07-03,2020-07-04 13:27:55 +0900,Central Time (US & Canada),21609,trans-pecos-herpetology,R. Reed McClure,2020-07-05 01:33:03 +0900,2020-07-05 17:14:17 +0900,research,NA,https://www.inaturalist.org/observations/51918665,https://static.inaturalist.org/photos/82512816/medium.jpg,NA,NA,NA,1,0,FALSE,3,"Texas, US",30.8553516788,-104.1108947212,4,NA,NA,NA,29304,obscured,open,TRUE,NA,NA,Red-spotted Toad,Anaxyrus punctatus,Red-spotted Toad,Amphibia,64984
51919890,b3aa256d-1c4d-41a9-bda3-ee0f8c06a576,Sat Jul 04 2020 00:00:26 GMT-0500 (CDT),2020-07-04,2020-07-04 14:00:26 +0900,Central Time (US & Canada),21609,trans-pecos-herpetology,R. Reed McClure,2020-07-05 01:41:49 +0900,2020-08-13 03:22:41 +0900,research,NA,https://www.inaturalist.org/observations/51919890,https://static.inaturalist.org/photos/82514344/medium.jpg,NA,NA,NA,2,0,FALSE,3,"Texas, US",31.1144231812,-104.3540962086,115,"RM-2424, Van Horn, TX, US",31.1147805,-104.20961167,29278,obscured,open,TRUE,NA,NA,Red-spotted Toad,Anaxyrus punctatus,Red-spotted Toad,Amphibia,64984
51920008,daf74662-2e1d-4da0-85db-730a3385cb70,Sat Jul 04 2020 00:00:56 GMT-0500 (CDT),2020-07-04,2020-07-04 14:00:56 +0900,Central Time (US & Canada),21609,trans-pecos-herpetology,R. Reed McClure,2020-07-05 01:42:42 +0900,2024-10-21 02:32:42 +0900,research,NA,https://www.inaturalist.org/observations/51920008,https://static.inaturalist.org/photos/82514489/medium.jpg,NA,NA,NA,3,0,FALSE,3,"Texas, US",31.1655582752,-104.2128529781,285,"RM-2424, Van Horn, TX, US",31.1131945,-104.21018333,29278,obscured,open,TRUE,NA,NA,Red-spotted Toad,Anaxyrus punctatus,Red-spotted Toad,Amphibia,64984
51920115,d3379831-52af-41ed-9af6-5ed0b4fda706,Sat Jul 04 2020 00:01:05 GMT-0500 (CDT),2020-07-04,2020-07-04 14:01:05 +0900,Central Time (US & Canada),21609,trans-pecos-herpetology,R. Reed McClure,2020-07-05 01:43:45 +0900,2024-10-21 02:32:41 +0900,research,NA,https://www.inaturalist.org/observations/51920115,https://static.inaturalist.org/photos/82514660/medium.jpg,NA,NA,NA,3,0,FALSE,3,"Texas, US",31.0723281549,-104.2832959509,6,"RM-2424, Van Horn, TX, US",31.11513883,-104.20947167,29278,obscured,open,TRUE,NA,NA,Red-spotted Toad,Anaxyrus punctatus,Red-spotted Toad,Amphibia,64984
51920202,2e401235-bcb5-4ed9-beb1-ff29d0139f8d,Sat Jul 04 2020 00:02:43 GMT-0500 (CDT),2020-07-04,2020-07-04 14:02:43 +0900,Central Time (US & Canada),21609,trans-pecos-herpetology,R. Reed McClure,2020-07-05 01:44:31 +0900,2020-08-13 03:22:37 +0900,research,NA,https://www.inaturalist.org/observations/51920202,https://static.inaturalist.org/photos/82515196/medium.jpg,NA,NA,NA,2,0,FALSE,3,"Texas, US",31.0104223914,-104.3160733569,2015,"RM-2424, Van Horn, TX, US",31.11526383,-104.20948833,29278,obscured,open,TRUE,NA,NA,Red-spotted Toad,Anaxyrus punctatus,Red-spotted Toad,Amphibia,64984
51920588,81affb1c-4b0d-4e63-8259-a6d0c1656741,Sat Jul 04 2020 00:03:10 GMT-0500 (CDT),2020-07-04,2020-07-04 14:03:10 +0900,Central Time (US & Canada),21609,trans-pecos-herpetology,R. Reed McClure,2020-07-05 01:47:41 +0900,2020-08-13 03:22:36 +0900,research,NA,https://www.inaturalist.org/observations/51920588,https://static.inaturalist.org/photos/82515366/medium.jpg,NA,NA,NA,2,0,FALSE,3,"Texas, US",31.0599814148,-104.3492325125,5,"RM-2424, Van Horn, TX, US",31.116225,-104.2091,29278,obscured,open,TRUE,NA,NA,Red-spotted Toad,Anaxyrus punctatus,Red-spotted Toad,Amphibia,64984
51920677,4521f14c-9c97-4537-91e8-cb607b6058f6,Sat Jul 04 2020 00:04:32 GMT-0500 (CDT),2020-07-04,2020-07-04 14:04:32 +0900,Central Time (US & Canada),21609,trans-pecos-herpetology,R. Reed McClure,2020-07-05 01:48:30 +0900,2020-08-13 03:22:35 +0900,research,NA,https://www.inaturalist.org/observations/51920677,https://static.inaturalist.org/photos/82515534/medium.jpg,NA,NA,NA,2,0,FALSE,3,"Texas, US",31.0316272341,-104.374563731,9,"RM-2424, Van Horn, TX, US",31.11776383,-104.20855833,29278,obscured,open,TRUE,NA,NA,Red-spotted Toad,Anaxyrus punctatus,Red-spotted Toad,Amphibia,64984
51921192,77de244a-0ac4-49df-9fc9-d9db6ef4a26f,Sat Jul 04 2020 00:08:50 GMT-0500 (CDT),2020-07-04,2020-07-04 14:08:50 +0900,Central Time (US & Canada),21609,trans-pecos-herpetology,R. Reed McClure,2020-07-05 01:52:58 +0900,2020-08-13 03:22:28 +0900,research,NA,https://www.inaturalist.org/observations/51921192,https://static.inaturalist.org/photos/82516444/medium.jpg,NA,NA,NA,2,0,FALSE,3,"Texas, US",31.1272230162,-104.3070342924,4,"RM-2424, Van Horn, TX, US",31.12010283,-104.20715333,29278,obscured,open,TRUE,NA,NA,Red-spotted Toad,Anaxyrus punctatus,Red-spotted Toad,Amphibia,64984
51921334,73b252e5-7079-47fb-b658-402b97c6031b,Sat Jul 04 2020 00:11:04 GMT-0500 (CDT),2020-07-04,2020-07-04 14:11:04 +0900,Central Time (US & Canada),21609,trans-pecos-herpetology,R. Reed McClure,2020-07-05 01:54:01 +0900,2020-08-13 03:22:28 +0900,research,NA,https://www.inaturalist.org/observations/51921334,https://static.inaturalist.org/photos/82516568/medium.jpg,NA,NA,NA,2,0,FALSE,3,"Texas, US",31.0257465136,-104.3487801649,10,"RM-2424, Van Horn, TX, US",31.12489717,-104.20587167,29278,obscured,open,TRUE,NA,NA,Red-spotted Toad,Anaxyrus punctatus,Red-spotted Toad,Amphibia,64984
51921444,aa36cf0b-4a9b-401a-a0eb-31006c673614,Sat Jul 04 2020 00:11:10 GMT-0500 (CDT),2020-07-04,2020-07-04 14:11:10 +0900,Central Time (US & Canada),21609,trans-pecos-herpetology,R. Reed McClure,2020-07-05 01:54:55 +0900,2020-08-13 03:22:30 +0900,research,NA,https://www.inaturalist.org/observations/51921444,https://static.inaturalist.org/photos/82516782/medium.jpg,NA,NA,NA,2,0,FALSE,3,"Texas, US",31.1493135268,-104.2836367661,10,"RM-2424, Van Horn, TX, US",31.1249,-104.20587167,29278,obscured,open,TRUE,NA,NA,Red-spotted Toad,Anaxyrus punctatus,Red-spotted Toad,Amphibia,64984
51921712,a7ed5a23-3d72-40cb-b00d-346772d110fd,Sat Jul 04 2020 00:13:15 GMT-0500 (CDT),2020-07-04,2020-07-04 14:13:15 +0900,Central Time (US & Canada),21609,trans-pecos-herpetology,R. Reed McClure,2020-07-05 01:57:14 +0900,2020-08-13 03:22:30 +0900,research,NA,https://www.inaturalist.org/observations/51921712,https://static.inaturalist.org/photos/82517186/medium.jpg,NA,NA,NA,2,0,FALSE,3,"Texas, US",31.1192062163,-104.380142464,6,"RM-2424, Van Horn, TX, US",31.1263195,-104.2061,29278,obscured,open,TRUE,NA,NA,Red-spotted Toad,Anaxyrus punctatus,Red-spotted Toad,Amphibia,64984
51922061,d5a23418-9516-426d-b2da-c1c96a70c265,Sat Jul 04 2020 00:16:00 GMT-0500 (CDT),2020-07-04,2020-07-04 14:16:00 +0900,Central Time (US & Canada),21609,trans-pecos-herpetology,R. Reed McClure,2020-07-05 02:00:29 +0900,2020-08-13 03:22:32 +0900,research,NA,https://www.inaturalist.org/observations/51922061,https://static.inaturalist.org/photos/82518030/medium.jpg,NA,NA,NA,2,0,FALSE,3,"Texas, US",31.0053762301,-104.2824802298,39,"RM-2424, Van Horn, TX, US",31.13028333,-104.20627,29278,obscured,open,TRUE,NA,NA,Red-spotted Toad,Anaxyrus punctatus,Red-spotted Toad,Amphibia,64984
51922708,fbded1ce-a42f-442d-9137-d0a46fc67a1e,Sat Jul 04 2020 00:22:27 GMT-0500 (CDT),2020-07-04,2020-07-04 14:22:27 +0900,Central Time (US & Canada),21609,trans-pecos-herpetology,R. Reed McClure,2020-07-05 02:05:47 +0900,2020-08-13 03:22:24 +0900,research,NA,https://www.inaturalist.org/observations/51922708,https://static.inaturalist.org/photos/82518937/medium.jpg,NA,NA,NA,2,0,FALSE,3,"Texas, US",31.1885463186,-104.3583948072,10,"RM-2424, Van Horn, TX, US",31.1452555,-104.20958,29278,obscured,open,TRUE,NA,NA,Red-spotted Toad,Anaxyrus punctatus,Red-spotted Toad,Amphibia,64984
51922881,af450a53-d070-405a-8ffd-48d323222ff8,Sat Jul 04 2020 00:22:29 GMT-0500 (CDT),2020-07-04,2020-07-04 14:22:29 +0900,Central Time (US & Canada),21609,trans-pecos-herpetology,R. Reed McClure,2020-07-05 02:07:10 +0900,2020-08-13 03:22:23 +0900,research,NA,https://www.inaturalist.org/observations/51922881,https://static.inaturalist.org/photos/82519093/medium.jpg,NA,NA,NA,2,0,FALSE,3,"Texas, US",31.1133654327,-104.2179203224,7,"RM-2424, Van Horn, TX, US",31.14526667,-104.20956333,29278,obscured,open,TRUE,NA,NA,Red-spotted Toad,Anaxyrus punctatus,Red-spotted Toad,Amphibia,64984
51923042,7ab72a2c-11a1-4b3d-b7f3-480426335f97,Sat Jul 04 2020 00:26:45 GMT-0500 (CDT),2020-07-04,2020-07-04 14:26:45 +0900,Central Time (US & Canada),21609,trans-pecos-herpetology,R. Reed McClure,2020-07-05 02:08:09 +0900,2020-08-13 03:22:22 +0900,research,NA,https://www.inaturalist.org/observations/51923042,https://static.inaturalist.org/photos/82519345/medium.jpg,NA,NA,NA,2,0,FALSE,3,"Texas, US",31.1723755024,-104.2553832557,9,"RM-2424, Van Horn, TX, US",31.15670833,-104.21553,29278,obscured,open,TRUE,NA,NA,Red-spotted Toad,Anaxyrus punctatus,Red-spotted Toad,Amphibia,64984
51928461,06aaf076-91e0-47fc-a822-47294c5c1fa5,Sat Jul 04 2020 01:01:55 GMT-0500 (CDT),2020-07-04,2020-07-04 15:01:55 +0900,Central Time (US & Canada),21609,trans-pecos-herpetology,R. Reed McClure,2020-07-05 02:54:24 +0900,2020-08-13 03:21:46 +0900,research,NA,https://www.inaturalist.org/observations/51928461,https://static.inaturalist.org/photos/82527916/medium.jpg,NA,NA,NA,2,0,FALSE,3,"Texas, US",31.1751826813,-104.3060581135,5,"RM-2424, Van Horn, TX, US",31.18872167,-104.26571667,29278,obscured,open,TRUE,NA,NA,Red-spotted Toad,Anaxyrus punctatus,Red-spotted Toad,Amphibia,64984
51930499,17687a61-9c99-44d2-b935-bf96addc2866,Sat Jul 04 2020 01:23:15 GMT-0500 (CDT),2020-07-04,2020-07-04 15:23:15 +0900,Central Time (US & Canada),21609,trans-pecos-herpetology,R. Reed McClure,2020-07-05 03:14:33 +0900,2020-08-13 03:21:39 +0900,research,NA,https://www.inaturalist.org/observations/51930499,https://static.inaturalist.org/photos/82531530/medium.jpg,NA,NA,NA,2,0,FALSE,3,"Texas, US",31.004300434,-104.3612855618,253,"RM-2424, Van Horn, TX, US",31.18349667,-104.24938833,29278,obscured,open,TRUE,NA,NA,Red-spotted Toad,Anaxyrus punctatus,Red-spotted Toad,Amphibia,64984
51930919,fd3b6882-8d5e-4cdf-9c65-54078130fb07,Sat Jul 04 2020 01:23:37 GMT-0500 (CDT),2020-07-04,2020-07-04 15:23:37 +0900,Central Time (US & Canada),21609,trans-pecos-herpetology,R. Reed McClure,2020-07-05 03:17:29 +0900,2020-08-13 03:21:39 +0900,research,NA,https://www.inaturalist.org/observations/51930919,https://static.inaturalist.org/photos/82531932/medium.jpg,NA,NA,NA,2,0,FALSE,3,"Texas, US",31.0708774898,-104.3723569826,9,"RM-2424, Van Horn, TX, US",31.18361333,-104.249245,29278,obscured,open,TRUE,NA,NA,Red-spotted Toad,Anaxyrus punctatus,Red-spotted Toad,Amphibia,64984
51933378,59813e29-4dc6-4819-87a4-ad49858acf24,Sat Jul 04 2020 02:18:41 GMT-0500 (CDT),2020-07-04,2020-07-04 16:18:41 +0900,Central Time (US & Canada),21609,trans-pecos-herpetology,R. Reed McClure,2020-07-05 03:40:24 +0900,2020-07-05 10:03:23 +0900,research,NA,https://www.inaturalist.org/observations/51933378,https://static.inaturalist.org/photos/82535221/medium.jpg,NA,NA,NA,1,0,FALSE,3,"Texas, US",30.8698213342,-104.180889655,99,"SH-118, Fort Davis, TX, US",30.95607167,-104.161575,29304,obscured,open,TRUE,NA,NA,Red-spotted Toad,Anaxyrus punctatus,Red-spotted Toad,Amphibia,64984
51933642,4b54289c-e053-42f5-b10e-d9d8db7d5203,Sat Jul 04 2020 02:21:03 GMT-0500 (CDT),2020-07-04,2020-07-04 16:21:03 +0900,Central Time (US & Canada),21609,trans-pecos-herpetology,R. Reed McClure,2020-07-05 03:43:18 +0900,2020-07-05 13:00:20 +0900,research,NA,https://www.inaturalist.org/observations/51933642,https://static.inaturalist.org/photos/82535699/medium.jpg,NA,NA,NA,1,0,FALSE,3,"Texas, US",30.891112778,-104.0185240163,2631,"SH-118, Fort Davis, TX, US",30.956245,-104.16162783,29304,obscured,open,TRUE,NA,NA,Red-spotted Toad,Anaxyrus punctatus,Red-spotted Toad,Amphibia,64984
52033321,f62a74ab-84d4-4764-9b23-0f12987b2e74,Sun Jul 05 2020 10:58:32 GMT-0500 (CDT),2020-07-05,2020-07-05 19:58:32 +0900,UTC,1637682,sarahbullard,Sarah Bullard,2020-07-06 01:08:34 +0900,2020-07-06 01:23:58 +0900,research,NA,https://www.inaturalist.org/observations/52033321,https://static.inaturalist.org/photos/82696897/medium.jpg,NA,NA,NA,1,0,FALSE,3,"Sonora, TX, US",30.481495,-100.15735,32,NA,NA,NA,32,NA,open,FALSE,NA,NA,Red-spotted Toad,Anaxyrus punctatus,Red-spotted Toad,Amphibia,64984
52142410,8853976d-c102-488d-8066-e65775afce7a,2020-07-04 2:19:42 AM CDT,2020-07-04,2020-07-04 11:19:42 +0900,UTC,1658594,leahbakewell23,Leah Bakewell,2020-07-06 22:22:36 +0900,2022-11-07 10:19:21 +0900,research,NA,https://www.inaturalist.org/observations/52142410,https://static.inaturalist.org/photos/82872260/medium.jpeg,NA,NA,142,2,0,FALSE,2,"Jeff Davis County, US-TX, US",30.95628868,-104.16151394,10,NA,NA,NA,10,NA,open,FALSE,NA,NA,Red-spotted Toad,Anaxyrus punctatus,Red-spotted Toad,Amphibia,64984
53627144,1c67ced4-db81-4813-b9e6-191e9a3d272a,Sat Jul 18 2020 22:46:35 GMT-0500 (CDT),2020-07-18,2020-07-19 12:46:35 +0900,Central Time (US & Canada),21609,trans-pecos-herpetology,R. Reed McClure,2020-07-20 02:51:50 +0900,2023-09-08 10:14:24 +0900,research,NA,https://www.inaturalist.org/observations/53627144,https://static.inaturalist.org/photos/85337432/medium.jpg,NA,NA,NA,3,0,FALSE,3,"Texas, US",30.7528108223,-104.7052950911,15,"FM-1523, Van Horn, TX, US",30.79608667,-104.76186333,29330,obscured,open,TRUE,NA,NA,Red-spotted Toad,Anaxyrus punctatus,Red-spotted Toad,Amphibia,64984
54148208,84f47f32-fd41-4c04-ac5c-e99f7adacb86,2020-07-20 11:31:19 PM MDT,2020-07-20,2020-07-21 14:31:19 +0900,Mountain Time (US & Canada),34495,troyhibbitts,Troy Hibbitts,2020-07-24 21:10:17 +0900,2020-07-24 23:39:47 +0900,research,NA,https://www.inaturalist.org/observations/54148208,https://static.inaturalist.org/photos/86144212/medium.jpeg,NA,NA,NA,1,0,FALSE,2,"Hudspeth County, US-TX, US",31.84178852,-105.9775208,8,NA,NA,NA,8,NA,open,FALSE,NA,NA,Red-spotted Toad,Anaxyrus punctatus,Red-spotted Toad,Amphibia,64984
54178943,bd64de60-9fa0-4878-a8f1-aec6464cd1a9,2008/09/03 6:10 PM CDT,2008-09-03,2008-09-04 08:10:00 +0900,Central Time (US & Canada),1541993,r_dobbs,Robert Dobbs,2020-07-25 02:35:36 +0900,2020-09-30 22:36:54 +0900,research,CC-BY-NC,https://www.inaturalist.org/observations/54178943,https://inaturalist-open-data.s3.amazonaws.com/photos/86194376/medium.jpg,NA,NA,NA,1,0,FALSE,NA,"Brewster County, TX, USA",29.4610242528,-103.5188393587,8,NA,NA,NA,8,NA,open,FALSE,NA,NA,Red-spotted Toad,Anaxyrus punctatus,Red-spotted Toad,Amphibia,64984
54351135,d437093b-032f-42a3-a6c3-d0576f4b7ed1,Mon Jul 20 2020 18:59:04 GMT-0700 (MST),2020-07-20,2020-07-21 09:59:04 +0900,Mountain Time (US & Canada),2634745,simonegable,Simone Gable,2020-07-26 11:43:37 +0900,2020-10-06 00:54:48 +0900,research,NA,https://www.inaturalist.org/observations/54351135,https://static.inaturalist.org/photos/86479707/medium.jpg,NA,NA,My best guess is a melanistic red-spotted? Found on a rocky hillside after a thunderstorm (so he’s wet),1,0,FALSE,3,"Davis Mountains State Park, Fort Davis, TX, US",30.59960333,-103.93801167,5,NA,NA,NA,5,NA,open,FALSE,NA,NA,Red-spotted Toad,Anaxyrus punctatus,Red-spotted Toad,Amphibia,64984
54846517,ad670b20-50ef-4f19-b15e-09d551d08fa1,2020-07-29 9:42:32 PM CDT,2020-07-29,2020-07-30 11:42:32 +0900,Central Time (US & Canada),1635794,ian253,Ian Kanda,2020-07-31 00:51:41 +0900,2022-11-07 10:19:10 +0900,research,NA,https://www.inaturalist.org/observations/54846517,https://static.inaturalist.org/photos/87292639/medium.jpeg,NA,NA,NA,1,0,FALSE,2,"Canyon, TX 79015, USA",34.9397239444,-101.6468734722,NA,NA,NA,NA,NA,NA,open,FALSE,gps,gps,Red-spotted Toad,Anaxyrus punctatus,Red-spotted Toad,Amphibia,64984
55005260,e8cf4947-1d70-40c5-a56c-8a1c411c030d,2020/07/31 9:42 PM CDT,2020-07-31,2020-08-01 11:42:00 +0900,Central Time (US & Canada),277496,codystricker,Cody Stricker,2020-08-01 14:01:28 +0900,2024-01-27 13:04:27 +0900,research,CC-BY,https://www.inaturalist.org/observations/55005260,https://inaturalist-open-data.s3.amazonaws.com/photos/87556583/medium.jpeg,NA,aor,NA,1,0,FALSE,NA,"Texas, US",29.9645797951,-98.459029794,4,"Kendall County, TX, USA",29.9426614064,-98.517427339,29433,obscured,open,TRUE,NA,NA,Red-spotted Toad,Anaxyrus punctatus,Red-spotted Toad,Amphibia,64984
55242255,5201fcc6-b515-427f-b34d-bc4444f5995a,Sun Aug 02 2020 22:37:03 GMT-0500 (CDT),2020-08-02,2020-08-03 12:37:03 +0900,Central Time (US & Canada),9560,dianaterryhibbitts,Diana-Terry Hibbitts,2020-08-03 12:41:02 +0900,2020-08-04 10:40:50 +0900,research,CC-BY-NC,https://www.inaturalist.org/observations/55242255,https://inaturalist-open-data.s3.amazonaws.com/photos/87950627/medium.jpg,NA,NA,NA,3,0,FALSE,3,"Camp Wood, TX, US",29.65042,-100.06960283,6,NA,NA,NA,6,NA,open,FALSE,NA,NA,Red-spotted Toad,Anaxyrus punctatus,Red-spotted Toad,Amphibia,64984
57882238,2b55cc2a-b103-4406-8932-deef7116f00a,2020/08/18 10:49 AM CDT,2020-08-18,2020-08-19 00:49:00 +0900,Central Time (US & Canada),22312,beschwar,Benjamin Schwartz,2020-08-29 10:01:44 +0900,2020-08-29 21:44:25 +0900,research,CC-BY-NC,https://www.inaturalist.org/observations/57882238,https://inaturalist-open-data.s3.amazonaws.com/photos/92365187/medium.jpg,NA,NA,"Fresno Creek at the lower trailhead, BBRSP",1,0,FALSE,NA,"Presidio County, TX, USA",29.3009907814,-103.8455013815,2,NA,NA,NA,2,NA,open,FALSE,NA,NA,Red-spotted Toad,Anaxyrus punctatus,Red-spotted Toad,Amphibia,64984
57996381,e74f8162-aee4-4aa9-a4b6-29635f0472de,2020-08-18 12:32:49 AM EDT,2020-08-18,2020-08-18 13:32:49 +0900,Eastern Time (US & Canada),824100,jakeschneider00,NA,2020-08-30 12:43:41 +0900,2020-09-07 05:34:25 +0900,research,CC-BY-NC,https://www.inaturalist.org/observations/57996381,https://inaturalist-open-data.s3.amazonaws.com/photos/92556995/medium.jpeg,NA,NA,NA,1,0,FALSE,2,"Fort Davis, TX 79734, USA",30.7062166667,-104.1055966667,NA,NA,NA,NA,NA,NA,open,FALSE,gps,gps,Red-spotted Toad,Anaxyrus punctatus,Red-spotted Toad,Amphibia,64984
58474547,5cad602b-ca39-4e12-869f-8e653b5de6be,Thu Sep 03 2020 19:58:21 GMT-0600 (MDT),2020-09-03,2020-09-04 10:58:21 +0900,Mountain Time (US & Canada),3547776,marianat1,mariana t,2020-09-04 11:17:46 +0900,2022-11-07 10:19:01 +0900,research,NA,https://www.inaturalist.org/observations/58474547,https://static.inaturalist.org/photos/93359665/medium.jpg,NA,NA,NA,2,0,FALSE,3,"Heritage Ridge Way, El Paso, TX, US",31.87870333,-106.54351167,5,NA,NA,NA,5,NA,open,FALSE,NA,NA,Red-spotted Toad,Anaxyrus punctatus,Red-spotted Toad,Amphibia,64984
58689471,f5416c91-156b-4f2b-b326-3850fe1c2ed8,Mon Aug 31 2020 23:17:28 GMT-0500 (CDT),2020-08-31,2020-09-01 13:17:28 +0900,Central Time (US & Canada),13156,romeyswanson,Romey Swanson,2020-09-06 15:51:45 +0900,2020-09-06 17:04:51 +0900,research,CC-BY-NC,https://www.inaturalist.org/observations/58689471,https://inaturalist-open-data.s3.amazonaws.com/photos/93719163/medium.jpg,NA,NA,NA,1,0,FALSE,3,"TPWD Davis Mountains State Park, Jeff Davis County, US-TX, US",30.5971024663,-103.9307713568,24,NA,NA,NA,24,NA,open,FALSE,NA,NA,Red-spotted Toad,Anaxyrus punctatus,Red-spotted Toad,Amphibia,64984
58810431,eddcdf2b-53ec-4458-83e7-a71f71e2f029,2020-09-06 12:03:00 AM CDT,2020-09-06,2020-09-06 09:03:00 +0900,UTC,500525,dannysanders,NA,2020-09-07 14:08:58 +0900,2020-09-17 12:43:15 +0900,research,NA,https://www.inaturalist.org/observations/58810431,https://static.inaturalist.org/photos/93917836/medium.jpeg,NA,NA,NA,1,0,FALSE,2,"Texas, US",30.6583237465,-98.2220270332,21,NA,NA,NA,29330,obscured,open,TRUE,gps,gps,Red-spotted Toad,Anaxyrus punctatus,Red-spotted Toad,Amphibia,64984
59841664,7a1f9562-5e86-4070-8941-f29af6ef8b42,Wed Sep 16 2020 20:54:01 GMT-0500 (CDT),2020-09-16,2020-09-17 05:54:01 +0900,UTC,538821,jgjulander,NA,2020-09-17 10:59:34 +0900,2020-09-17 11:18:23 +0900,research,NA,https://www.inaturalist.org/observations/59841664,https://static.inaturalist.org/photos/95647871/medium.jpg,NA,NA,NA,1,0,FALSE,3,"Ranch Rd 170, Terlingua, TX, US",29.26781667,-103.76267167,5,NA,NA,NA,5,NA,open,FALSE,NA,NA,Red-spotted Toad,Anaxyrus punctatus,Red-spotted Toad,Amphibia,64984
59967355,3df96a91-7a5c-4dff-99c8-e7f0430f9cdc,Thu Sep 17 2020 20:56:12 GMT-0500 (CDT),2020-09-17,2020-09-18 05:56:12 +0900,UTC,538821,jgjulander,NA,2020-09-18 23:25:40 +0900,2024-09-06 00:27:06 +0900,research,NA,https://www.inaturalist.org/observations/59967355,https://static.inaturalist.org/photos/95988019/medium.jpg,NA,NA,NA,2,0,FALSE,3,"RM-2627, Alpine, TX, US",29.480305,-102.855355,17,NA,NA,NA,17,NA,open,FALSE,NA,NA,Red-spotted Toad,Anaxyrus punctatus,Red-spotted Toad,Amphibia,64984
60386853,13f11a1b-a87c-4cea-8d52-72d4ae1150a4,2020/09/12 9:26 PM CDT,2020-09-12,2020-09-13 11:26:00 +0900,Central Time (US & Canada),435598,jeffmci9,Jeff McIntyre,2020-09-22 11:52:05 +0900,2020-09-22 23:46:10 +0900,research,CC-BY-NC,https://www.inaturalist.org/observations/60386853,https://inaturalist-open-data.s3.amazonaws.com/photos/96554767/medium.jpeg,NA,NA,NA,2,0,FALSE,NA,"Val Verde County, TX, USA",29.7654310288,-101.1289776683,31,NA,NA,NA,31,NA,open,FALSE,NA,NA,Red-spotted Toad,Anaxyrus punctatus,Red-spotted Toad,Amphibia,64984
60488123,ce43db80-99f7-461a-8db4-e91873f97fcc,2020/09/14 8:52 PM CDT,2020-09-14,2020-09-15 10:52:00 +0900,Central Time (US & Canada),18812,mako252,Jon McIntyre,2020-09-23 12:36:09 +0900,2020-09-26 02:54:02 +0900,research,CC-BY-NC,https://www.inaturalist.org/observations/60488123,https://inaturalist-open-data.s3.amazonaws.com/photos/96727777/medium.jpeg,NA,NA,AOR,4,0,FALSE,NA,"Presidio County, TX, USA",29.3117421407,-103.9694872582,8,NA,NA,NA,8,NA,open,FALSE,NA,NA,Red-spotted Toad,Anaxyrus punctatus,Red-spotted Toad,Amphibia,64984
60488125,ee40ec71-6d08-4106-a2e9-44d03bfbda6b,2020/09/14 9:21 PM CDT,2020-09-14,2020-09-15 11:21:00 +0900,Central Time (US & Canada),18812,mako252,Jon McIntyre,2020-09-23 12:36:09 +0900,2020-09-26 02:54:14 +0900,research,CC-BY-NC,https://www.inaturalist.org/observations/60488125,https://inaturalist-open-data.s3.amazonaws.com/photos/96727783/medium.jpeg,NA,NA,AOR,4,0,FALSE,NA,"Presidio County, TX, USA",29.2957690012,-103.920056915,4,NA,NA,NA,4,NA,open,FALSE,NA,NA,Red-spotted Toad,Anaxyrus punctatus,Red-spotted Toad,Amphibia,64984
60533686,62905dc7-a7b1-4bf8-b223-647b34bf396f,Wed Sep 23 2020 09:58:03 GMT-0500 (CDT),2020-09-23,2020-09-23 23:58:03 +0900,Central Time (US & Canada),23415,nancyed,Nancye Saunders Drukker,2020-09-24 03:09:12 +0900,2020-09-24 03:13:00 +0900,research,CC-BY-NC,https://www.inaturalist.org/observations/60533686,https://inaturalist-open-data.s3.amazonaws.com/photos/96807430/medium.jpg,NA,NA,NA,1,0,FALSE,3,"Texas, US",29.7438180693,-98.8700473083,9431,"Pipe Creek, TX, US",29.74106667,-98.853225,29458,obscured,open,TRUE,NA,NA,Red-spotted Toad,Anaxyrus punctatus,Red-spotted Toad,Amphibia,64984
60534009,a2a34f5a-c969-4ae3-927d-163d9f9888cf,Wed Sep 23 2020 10:02:28 GMT-0500 (CDT),2020-09-23,2020-09-24 00:02:28 +0900,Central Time (US & Canada),23415,nancyed,Nancye Saunders Drukker,2020-09-24 03:11:19 +0900,2022-11-07 10:18:46 +0900,research,CC-BY-NC,https://www.inaturalist.org/observations/60534009,https://inaturalist-open-data.s3.amazonaws.com/photos/96807751/medium.jpg,NA,NA,NA,1,0,FALSE,3,"Texas, US",29.7943357111,-98.9055460162,6,"Boerne, TX, US",29.753455,-98.84043833,29458,obscured,open,TRUE,NA,NA,Red-spotted Toad,Anaxyrus punctatus,Red-spotted Toad,Amphibia,64984
60575289,3f070c47-da47-49c1-b9b4-0e1488b145db,2010/04/15 11:11 PM CDT,2010-04-15,2010-04-16 13:11:00 +0900,Central Time (US & Canada),3140,lalinam,Lee Ann Linam,2020-09-24 10:47:51 +0900,2024-01-06 00:51:37 +0900,research,NA,https://www.inaturalist.org/observations/60575289,https://static.inaturalist.org/photos/96872666/medium.jpeg,NA,NA,NA,2,0,FALSE,NA,"200 Hoots Holler, Wimberley, TX 78676, USA",29.9940001,-98.0548553,69,NA,NA,NA,69,NA,open,FALSE,NA,NA,Red-spotted Toad,Anaxyrus punctatus,Red-spotted Toad,Amphibia,64984
60720623,423e5335-b2c4-401f-982e-6333381385ea,2020/09/18 12:11 AM CDT,2020-09-18,2020-09-18 14:11:00 +0900,Central Time (US & Canada),18812,mako252,Jon McIntyre,2020-09-26 00:48:45 +0900,2020-10-11 00:35:43 +0900,research,CC-BY-NC,https://www.inaturalist.org/observations/60720623,https://inaturalist-open-data.s3.amazonaws.com/photos/97111992/medium.jpeg,NA,NA,NA,3,0,FALSE,NA,"Jeff Davis County, TX, USA",30.595474694300002,-103.9324171026,2,NA,NA,NA,2,NA,open,FALSE,NA,NA,Red-spotted Toad,Anaxyrus punctatus,Red-spotted Toad,Amphibia,64984
60794122,3dda3791-94a2-470a-a4e0-744c384d693a,2020/09/13 10:28 PM CDT,2020-09-13,2020-09-14 12:28:00 +0900,Central Time (US & Canada),435598,jeffmci9,Jeff McIntyre,2020-09-26 14:26:25 +0900,2020-09-27 06:11:03 +0900,research,CC-BY-NC,https://www.inaturalist.org/observations/60794122,https://inaturalist-open-data.s3.amazonaws.com/photos/97231739/medium.jpeg,NA,NA,AOR,1,0,FALSE,NA,"Brewster County, TX, USA",30.3868716558,-103.5925051142,122,NA,NA,NA,122,NA,open,FALSE,NA,NA,Red-spotted Toad,Anaxyrus punctatus,Red-spotted Toad,Amphibia,64984
61069050,57a66698-72a2-482e-ac1e-d2ec01a6b9ec,Sun Sep 27 2020 23:07:54 GMT-0500 (CDT),2020-09-27,2020-09-28 13:07:54 +0900,Central Time (US & Canada),234765,vatoverde,Kyle Hahn,2020-09-28 13:11:47 +0900,2022-11-07 10:18:33 +0900,research,NA,https://www.inaturalist.org/observations/61069050,https://static.inaturalist.org/photos/100169126/medium.jpg,NA,NA,NA,1,0,FALSE,3,"Dara Ln, San Marcos, TX, US",29.94219167,-98.11768333,NA,NA,NA,NA,NA,NA,open,FALSE,NA,NA,Red-spotted Toad,Anaxyrus punctatus,Red-spotted Toad,Amphibia,64984
61168876,55901400-1f18-441a-aa7a-59c5575e7cf5,2020/09/14 8:33 PM CDT,2020-09-14,2020-09-15 10:33:00 +0900,Central Time (US & Canada),435598,jeffmci9,Jeff McIntyre,2020-09-29 10:12:20 +0900,2020-10-03 12:20:19 +0900,research,CC-BY-NC,https://www.inaturalist.org/observations/61168876,https://inaturalist-open-data.s3.amazonaws.com/photos/97854377/medium.jpeg,NA,NA,AOR,3,0,FALSE,NA,"Jeff Davis County, TX, USA",30.81280619,-103.8680472948,15,NA,NA,NA,15,NA,open,FALSE,NA,NA,Red-spotted Toad,Anaxyrus punctatus,Red-spotted Toad,Amphibia,64984
61168877,b11304f8-2f60-4d53-bf82-d74553656be5,2020/09/14 8:36 PM CDT,2020-09-14,2020-09-15 10:36:00 +0900,Central Time (US & Canada),435598,jeffmci9,Jeff McIntyre,2020-09-29 10:12:20 +0900,2020-10-03 12:20:20 +0900,research,CC-BY-NC,https://www.inaturalist.org/observations/61168877,https://inaturalist-open-data.s3.amazonaws.com/photos/97854382/medium.jpeg,NA,NA,AOR,3,0,FALSE,NA,"Jeff Davis County, TX, USA",30.8158443619,-103.8556321434,15,NA,NA,NA,15,NA,open,FALSE,NA,NA,Red-spotted Toad,Anaxyrus punctatus,Red-spotted Toad,Amphibia,64984
61168881,04fa74d8-0640-4570-b560-2afb350ad1de,2020/09/14 8:53 PM CDT,2020-09-14,2020-09-15 10:53:00 +0900,Central Time (US & Canada),435598,jeffmci9,Jeff McIntyre,2020-09-29 10:12:21 +0900,2020-10-03 12:20:22 +0900,research,CC-BY-NC,https://www.inaturalist.org/observations/61168881,https://inaturalist-open-data.s3.amazonaws.com/photos/97854402/medium.jpeg,NA,NA,AOR,3,0,FALSE,NA,"Jeff Davis County, TX, USA",30.8222871175,-103.8338258558,31,NA,NA,NA,31,NA,open,FALSE,NA,NA,Red-spotted Toad,Anaxyrus punctatus,Red-spotted Toad,Amphibia,64984
61168884,5ff09477-753f-49d3-bf86-e228b3c31d13,2020/09/14 8:55 PM CDT,2020-09-14,2020-09-15 10:55:00 +0900,Central Time (US & Canada),435598,jeffmci9,Jeff McIntyre,2020-09-29 10:12:22 +0900,2020-10-03 12:20:23 +0900,research,CC-BY-NC,https://www.inaturalist.org/observations/61168884,https://inaturalist-open-data.s3.amazonaws.com/photos/97854411/medium.jpeg,NA,NA,AOR,3,0,FALSE,NA,"Jeff Davis County, TX, USA",30.831167668,-103.8307899593,31,NA,NA,NA,31,NA,open,FALSE,NA,NA,Red-spotted Toad,Anaxyrus punctatus,Red-spotted Toad,Amphibia,64984
61173495,59e4038c-fd99-4a9e-bcb3-6cd30b0b4198,2020/09/14 9:52 PM EDT,2020-09-14,2020-09-15 10:52:00 +0900,Eastern Time (US & Canada),670908,jugbayjs,NA,2020-09-29 11:07:29 +0900,2020-09-30 03:23:05 +0900,research,CC-BY-NC,https://www.inaturalist.org/observations/61173495,https://inaturalist-open-data.s3.amazonaws.com/photos/97844239/medium.jpeg,NA,NA,NA,2,0,FALSE,NA,"Presidio County, TX, USA",29.3117365886,-103.969458783,4,NA,NA,NA,4,NA,open,FALSE,NA,NA,Red-spotted Toad,Anaxyrus punctatus,Red-spotted Toad,Amphibia,64984
61173496,66cf1dac-b12f-46ab-9af3-32db9d92602a,2020/09/14 10:22 PM EDT,2020-09-14,2020-09-15 11:22:00 +0900,Eastern Time (US & Canada),670908,jugbayjs,NA,2020-09-29 11:07:29 +0900,2020-09-30 03:23:04 +0900,research,CC-BY-NC,https://www.inaturalist.org/observations/61173496,https://inaturalist-open-data.s3.amazonaws.com/photos/97844252/medium.jpeg,NA,NA,NA,2,0,FALSE,NA,"Canyon Madera, Texas 79846, USA",29.2957676134,-103.9200859116,10,NA,NA,NA,10,NA,open,FALSE,NA,NA,Red-spotted Toad,Anaxyrus punctatus,Red-spotted Toad,Amphibia,64984
61514612,c9ae9920-e0f1-4c84-87b0-2f0d3395fdba,2020/09/18 1:11 AM EDT,2020-09-18,2020-09-18 14:11:00 +0900,Eastern Time (US & Canada),670908,jugbayjs,NA,2020-10-03 07:13:56 +0900,2020-10-05 12:36:33 +0900,research,CC-BY-NC,https://www.inaturalist.org/observations/61514612,https://inaturalist-open-data.s3.amazonaws.com/photos/98416878/medium.jpeg,NA,NA,NA,2,0,FALSE,NA,"Davis Mtns State Park, Jeff Davis County, TX, USA",30.5957082121,-103.9341058233,117,NA,NA,NA,117,NA,open,FALSE,NA,NA,Red-spotted Toad,Anaxyrus punctatus,Red-spotted Toad,Amphibia,64984
62166488,d3ee23d9-221e-4137-8d45-fcf7b2ef9752,2020/09/18 12:06 AM CDT,2020-09-18,2020-09-18 14:06:00 +0900,Central Time (US & Canada),435598,jeffmci9,Jeff McIntyre,2020-10-10 12:02:24 +0900,2020-10-10 22:48:34 +0900,research,CC-BY-NC,https://www.inaturalist.org/observations/62166488,https://inaturalist-open-data.s3.amazonaws.com/photos/99569854/medium.jpeg,NA,NA,NA,1,0,FALSE,NA,"Jeff Davis County, TX, USA",30.5954654087,-103.9324036223,4,NA,NA,NA,4,NA,open,FALSE,NA,NA,Red-spotted Toad,Anaxyrus punctatus,Red-spotted Toad,Amphibia,64984
62611619,baf58962-6924-45bb-a6b3-e1650a1a3dd6,Wed Oct 14 2020 21:02:21 GMT-0600 (MDT),2020-10-14,2020-10-15 12:02:21 +0900,Mountain Time (US & Canada),3746359,gwen_lopez,Gwen lopez,2020-10-15 12:02:55 +0900,2021-01-22 12:40:30 +0900,research,NA,https://www.inaturalist.org/observations/62611619,https://static.inaturalist.org/photos/100347306/medium.jpg,NA,NA,NA,3,0,FALSE,3,"Montecillo Blvd, El Paso, TX, US",31.8109359671,-106.5141470683,110,NA,NA,NA,110,NA,open,FALSE,NA,NA,Red-spotted Toad,Anaxyrus punctatus,Red-spotted Toad,Amphibia,64984
63540005,1fae4dd4-99a0-4b12-9a67-edfb80a37947,2014/05/23 9:32 AM CDT,2014-05-23,2014-05-23 23:32:00 +0900,Central Time (US & Canada),63375,rkostecke,Rich Kostecke,2020-10-26 10:45:16 +0900,2020-10-26 12:40:10 +0900,research,CC-BY-NC,https://www.inaturalist.org/observations/63540005,https://inaturalist-open-data.s3.amazonaws.com/photos/101989092/medium.jpg,NA,NA,NA,1,0,FALSE,NA,"Jeff Davis County, TX, USA",30.731582315,-104.0490857824,828,NA,NA,NA,828,NA,open,FALSE,NA,NA,Red-spotted Toad,Anaxyrus punctatus,Red-spotted Toad,Amphibia,64984
63540241,c13f46ff-4f89-4cfc-a120-a0a99f095d2a,2016/06/02 10:00 PM CDT,2016-06-02,2016-06-03 12:00:00 +0900,Central Time (US & Canada),63375,rkostecke,Rich Kostecke,2020-10-26 10:49:37 +0900,2020-10-26 12:40:07 +0900,research,CC-BY-NC,https://www.inaturalist.org/observations/63540241,https://inaturalist-open-data.s3.amazonaws.com/photos/101989779/medium.jpg,NA,NA,NA,1,0,FALSE,NA,"Jeff Davis County, TX, USA",30.6573324101,-104.1659259706,1297,NA,NA,NA,1297,NA,open,FALSE,NA,NA,Red-spotted Toad,Anaxyrus punctatus,Red-spotted Toad,Amphibia,64984
63540397,e0c35607-2c14-4573-a660-2a1e9f51d714,2016/04/26 9:04 PM CDT,2016-04-26,2016-04-27 11:04:00 +0900,Central Time (US & Canada),63375,rkostecke,Rich Kostecke,2020-10-26 10:52:23 +0900,2020-10-26 12:40:00 +0900,research,CC-BY-NC,https://www.inaturalist.org/observations/63540397,https://inaturalist-open-data.s3.amazonaws.com/photos/101990038/medium.jpg,NA,"Amphibia, Anura, Bufonidae, Devils River, Dolan Falls Preserve, Texas, Val Verde County, amphibian, anuran, toad",NA,1,0,FALSE,NA,"Val Verde County, TX, USA",29.8860216667,-100.9944916667,5,NA,NA,NA,5,NA,open,FALSE,NA,NA,Red-spotted Toad,Anaxyrus punctatus,Red-spotted Toad,Amphibia,64984
63540398,32af59f2-2fc1-4e99-8649-831ac00b3e1d,2013/04/04 8:58 PM CDT,2013-04-04,2013-04-05 10:58:00 +0900,Central Time (US & Canada),63375,rkostecke,Rich Kostecke,2020-10-26 10:52:23 +0900,2020-10-26 12:39:56 +0900,research,CC-BY-NC,https://www.inaturalist.org/observations/63540398,https://inaturalist-open-data.s3.amazonaws.com/photos/101990054/medium.jpg,NA,"Amphibia, Anura, Bufonidae, Devils River, Dolan Falls Preserve, Texas, Val Verde County, amphibian, anuran, toad",NA,1,0,FALSE,NA,"Val Verde County, TX, USA",29.8859567246,-100.9945030661,190,NA,NA,NA,190,NA,open,FALSE,NA,NA,Red-spotted Toad,Anaxyrus punctatus,Red-spotted Toad,Amphibia,64984
63672362,a218846d-5b1d-4d84-8564-0856148e04e0,2020/09/04 9:25 PM CDT,2020-09-04,2020-09-05 11:25:00 +0900,Central Time (US & Canada),1635794,ian253,Ian Kanda,2020-10-28 09:47:58 +0900,2020-10-31 14:11:45 +0900,research,NA,https://www.inaturalist.org/observations/63672362,https://static.inaturalist.org/photos/102214491/medium.jpeg,NA,NA,NA,1,0,FALSE,NA,"Pecos County, TX, USA",30.7011955823,-102.3110171864,31250,NA,NA,NA,31250,NA,open,FALSE,NA,NA,Red-spotted Toad,Anaxyrus punctatus,Red-spotted Toad,Amphibia,64984
63672363,ce43c548-9dde-44f7-a707-aac871cedc31,2020/09/05 9:48 PM CDT,2020-09-05,2020-09-06 11:48:00 +0900,Central Time (US & Canada),1635794,ian253,Ian Kanda,2020-10-28 09:47:59 +0900,2020-10-31 14:11:42 +0900,research,NA,https://www.inaturalist.org/observations/63672363,https://static.inaturalist.org/photos/102214514/medium.jpeg,NA,NA,NA,1,0,FALSE,NA,"Pecos County, TX, USA",30.7767379917,-103.4755679676,31250,NA,NA,NA,31250,NA,open,FALSE,NA,NA,Red-spotted Toad,Anaxyrus punctatus,Red-spotted Toad,Amphibia,64984
63672364,ffca4cdf-04ba-462a-a19c-b3cef1686df9,2020/09/05 4:49 PM CDT,2020-09-05,2020-09-06 06:49:00 +0900,Central Time (US & Canada),1635794,ian253,Ian Kanda,2020-10-28 09:47:59 +0900,2020-10-28 11:33:30 +0900,research,NA,https://www.inaturalist.org/observations/63672364,https://static.inaturalist.org/photos/102214516/medium.jpg,NA,NA,NA,1,0,FALSE,NA,"Texas, US",30.6823007286,-103.5854312489,31250,NA,NA,NA,31250,NA,open,FALSE,NA,NA,Red-spotted Toad,Anaxyrus punctatus,Red-spotted Toad,Amphibia,64984
64358810,9e954de8-972a-46f8-9f32-0308bfea0fa7,2020-11-07 7:00:26 AM CST,2020-11-07,2020-11-08 02:00:26 +0900,Hawaii,1786711,brandymidura,brandy midura,2020-11-07 22:53:39 +0900,2020-12-25 08:27:38 +0900,research,NA,https://www.inaturalist.org/observations/64358810,https://static.inaturalist.org/photos/103457036/medium.jpeg,NA,NA,NA,2,0,FALSE,2,"Texas, US",29.2420120486,-103.778971668,NA,NA,NA,NA,29508,obscured,open,TRUE,gps,gps,Red-spotted Toad,Anaxyrus punctatus,Red-spotted Toad,Amphibia,64984
64605168,dcd79285-366c-4ec0-b1f1-2225fa5604cc,2020-11-10 10:20:39 AM CST,2020-11-10,2020-11-10 19:20:39 +0900,UTC,2276994,brandtbuchanan,brandt buchanan,2020-11-11 01:24:41 +0900,2020-11-11 05:09:27 +0900,research,NA,https://www.inaturalist.org/observations/64605168,https://static.inaturalist.org/photos/103887706/medium.jpeg,NA,NA,NA,1,0,FALSE,2,"Marfa, TX 79843, USA",29.8970832825,-104.1250839233,NA,NA,NA,NA,NA,NA,open,FALSE,gps,gps,Red-spotted Toad,Anaxyrus punctatus,Red-spotted Toad,Amphibia,64984
65000748,07240772-edfb-4156-9464-ea4771972952,Sat Nov 14 2020 18:32:04 GMT-0600 (CST),2020-11-14,2020-11-15 09:32:04 +0900,Central Time (US & Canada),9627,badger8181,Bryan Box,2020-11-16 15:24:23 +0900,2020-11-16 15:52:20 +0900,research,CC-BY-NC,https://www.inaturalist.org/observations/65000748,https://inaturalist-open-data.s3.amazonaws.com/photos/104583362/medium.jpg,NA,NA,NA,1,0,FALSE,3,"Edwards County, US-TX, US",29.9059504504,-100.006961329,10,NA,NA,NA,10,NA,open,FALSE,NA,NA,Red-spotted Toad,Anaxyrus punctatus,Red-spotted Toad,Amphibia,64984
65433839,a6a2d06c-5807-452b-9dce-13bbee1021ac,2020/02/26 11:24 AM MST,2020-02-26,2020-02-27 03:24:00 +0900,Mountain Time (US & Canada),181124,brian35,Brian Long,2020-11-23 07:00:11 +0900,2020-12-25 08:20:42 +0900,research,CC-BY-NC,https://www.inaturalist.org/observations/65433839,https://inaturalist-open-data.s3.amazonaws.com/photos/105317518/medium.jpg,NA,NA,NA,2,0,FALSE,NA,"Texas, US",29.180700982,-103.4412226255,61,NA,NA,NA,29533,obscured,open,TRUE,NA,NA,Red-spotted Toad,Anaxyrus punctatus,Red-spotted Toad,Amphibia,64984
65451290,c9baa8f3-437c-43f4-92a4-a962eb844b8e,2020/03/08 2:07 PM MDT,2020-03-08,2020-03-09 05:07:00 +0900,Mountain Time (US & Canada),181124,brian35,Brian Long,2020-11-23 11:52:33 +0900,2020-11-27 06:04:10 +0900,research,CC-BY-NC,https://www.inaturalist.org/observations/65451290,https://inaturalist-open-data.s3.amazonaws.com/photos/105349551/medium.jpg,NA,NA,NA,1,0,FALSE,NA,"Brewster County, TX, USA",29.2999801749,-103.6418165878,15,NA,NA,NA,15,NA,open,FALSE,NA,NA,Red-spotted Toad,Anaxyrus punctatus,Red-spotted Toad,Amphibia,64984
66862893,fe5c3338-5691-4baa-8145-e30e646f30d6,Wed Sep 09 2020 20:44:31 GMT-0500 (CDT),2020-09-09,2020-09-10 05:44:31 +0900,UTC,2683399,kevin193,Kevin B Babbitt,2020-12-21 13:30:52 +0900,2020-12-25 08:09:38 +0900,research,NA,https://www.inaturalist.org/observations/66862893,https://static.inaturalist.org/photos/107885781/medium.jpg,NA,NA,NA,2,0,FALSE,3,"Big Bend Ranch State Park, Marfa, TX, US",29.3165133333,-103.9928366667,500,NA,NA,NA,500,NA,open,FALSE,NA,NA,Red-spotted Toad,Anaxyrus punctatus,Red-spotted Toad,Amphibia,64984
70856759,19b567f9-e5e2-441b-8a57-be1a9d87163e,2021-03-08 9:46:46 PM CST,2021-03-08,2021-03-09 06:46:46 +0900,UTC,2739560,rconnally,Rachael Connally,2021-03-09 12:53:56 +0900,2021-05-15 02:17:39 +0900,research,NA,https://www.inaturalist.org/observations/70856759,https://static.inaturalist.org/photos/115267938/medium.jpeg,NA,NA,NA,1,0,FALSE,2,"Texas, US",30.2150149208,-103.6982872302,6,NA,NA,NA,29382,obscured,open,TRUE,gps,gps,Red-spotted Toad,Anaxyrus punctatus,Red-spotted Toad,Amphibia,64984
71643309,7e254944-e0ab-4ded-a09e-b0ac7b8e148e,2021/03/19 3:01 PM CDT,2021-03-19,2021-03-20 05:01:00 +0900,Central Time (US & Canada),643267,firebugzy,NA,2021-03-21 05:04:23 +0900,2021-10-18 11:59:28 +0900,research,CC-BY-NC,https://www.inaturalist.org/observations/71643309,https://inaturalist-open-data.s3.amazonaws.com/photos/116672772/medium.jpg,NA,NA,NA,2,0,FALSE,NA,"Gillespie County, TX, USA",30.4967947979,-98.8231957114,183,NA,NA,NA,183,NA,open,FALSE,NA,NA,Red-spotted Toad,Anaxyrus punctatus,Red-spotted Toad,Amphibia,64984
71847160,8f31da4f-65d5-45c5-a8c2-f3005635dd2d,Mon Mar 22 2021 21:04:03 GMT-0500 (CDT),2021-03-22,2021-03-23 11:04:03 +0900,Central Time (US & Canada),2407052,jaymurter,Jay,2021-03-23 11:21:54 +0900,2021-03-28 05:25:59 +0900,research,CC-BY-NC-ND,https://www.inaturalist.org/observations/71847160,https://inaturalist-open-data.s3.amazonaws.com/photos/117040983/medium.jpg,NA,NA,NA,1,0,FALSE,3,"Terlingua, TX, US",29.331495,-103.5532616667,9,NA,NA,NA,9,NA,open,FALSE,NA,NA,Sapo de puntos rojos,Anaxyrus punctatus,Red-spotted Toad,Amphibia,64984
72053606,ce8b85e3-d3bd-4590-b6d3-96baa547db99,2014/06/25 12:20 PM CDT,2014-06-25,2014-06-26 02:20:00 +0900,Central Time (US & Canada),4042860,tdmac,TDMac,2021-03-26 08:50:19 +0900,2021-04-25 23:05:27 +0900,research,CC-BY-ND,https://www.inaturalist.org/observations/72053606,https://inaturalist-open-data.s3.amazonaws.com/photos/117410808/medium.jpeg,NA,NA,NA,1,0,FALSE,NA,"Jeff Davis County, TX, USA",30.5960382691,-103.9335049048,210,NA,NA,NA,210,NA,open,FALSE,NA,NA,Sapo de puntos rojos,Anaxyrus punctatus,Red-spotted Toad,Amphibia,64984
72064419,1a363995-42c0-4973-9b79-08088e6a3292,Thu Mar 25 2021 21:49:29 GMT-0500 (CDT),2021-03-25,2021-03-26 11:49:29 +0900,Central Time (US & Canada),2407052,jaymurter,Jay,2021-03-26 11:52:53 +0900,2021-03-28 05:24:37 +0900,research,CC-BY-NC-ND,https://www.inaturalist.org/observations/72064419,https://inaturalist-open-data.s3.amazonaws.com/photos/117431683/medium.jpg,NA,NA,NA,2,0,FALSE,3,"Terlingua, TX, US",29.33165,-103.5531466667,5,NA,NA,NA,5,NA,open,FALSE,NA,NA,Red-spotted Toad,Anaxyrus punctatus,Red-spotted Toad,Amphibia,64984
73739906,2ae33409-d56f-4568-afbc-d09145c48337,Sat Apr 10 2021 14:36:17 GMT-0500 (CDT),2021-04-10,2021-04-11 04:36:17 +0900,Central Time (US & Canada),770125,nloveland,Nick Loveland,2021-04-12 22:46:37 +0900,2021-04-13 09:14:14 +0900,research,CC0,https://www.inaturalist.org/observations/73739906,https://inaturalist-open-data.s3.amazonaws.com/photos/120427500/medium.jpg,NA,NA,NA,3,0,FALSE,3,"Alpine, TX, US",29.54832167,-103.62233667,6,NA,NA,NA,6,NA,open,FALSE,NA,NA,Red-spotted Toad,Anaxyrus punctatus,Red-spotted Toad,Amphibia,64984
74906184,b2772d08-9d90-42f0-ba0e-150f2bda0219,Wed Mar 17 2021 21:56:00 GMT-0600 (MDT),2021-03-17,2021-03-18 12:56:00 +0900,Mountain Time (US & Canada),3627873,lgoitia,NA,2021-04-23 14:44:15 +0900,2021-04-24 03:33:24 +0900,research,CC-BY-NC,https://www.inaturalist.org/observations/74906184,https://inaturalist-open-data.s3.amazonaws.com/photos/122485034/medium.jpg,NA,NA,"Small toad found under a rock, it had a bumpy texture and red spots all over his body.",1,0,FALSE,3,"Waymore Dr, El Paso, TX, US",31.7882139811,-106.5098239663,25,NA,NA,NA,25,NA,open,FALSE,NA,NA,Red-spotted Toad,Anaxyrus punctatus,Red-spotted Toad,Amphibia,64984
76175257,571a3e32-889b-41cc-9176-32cf25ca39d4,Sat May 01 2021 09:49:42 GMT-0600 (MDT),2021-05-01,2021-05-02 00:49:42 +0900,Mountain Time (US & Canada),1529974,joe348,Joe Garibay,2021-05-02 00:52:28 +0900,2021-05-28 04:48:00 +0900,research,NA,https://www.inaturalist.org/observations/76175257,https://static.inaturalist.org/photos/124635357/medium.jpg,NA,NA,NA,2,0,FALSE,3,"Franklin Mountains State Park, El Paso, TX, US",31.9105658261,-106.5179010854,5,NA,NA,NA,5,NA,open,FALSE,NA,NA,Red-spotted Toad,Anaxyrus punctatus,Red-spotted Toad,Amphibia,64984
76177035,e723d625-5dfe-4827-8a37-195d7e9b3f66,Sat May 01 2021 09:55:04 GMT-0600 (MDT),2021-05-01,2021-05-02 00:55:04 +0900,Mountain Time (US & Canada),4324041,lrosal5121,NA,2021-05-02 00:57:04 +0900,2021-05-02 01:30:00 +0900,research,CC-BY-NC,https://www.inaturalist.org/observations/76177035,https://inaturalist-open-data.s3.amazonaws.com/photos/124622938/medium.jpg,NA,NA,NA,1,0,FALSE,3,"Franklin Mountains State Park, El Paso, TX, US",31.9106783333,-106.5179583333,4,NA,NA,NA,4,NA,open,FALSE,NA,NA,Red-spotted Toad,Anaxyrus punctatus,Red-spotted Toad,Amphibia,64984
76418494,8720065b-91b5-4fd6-a9b3-b296faf2cea7,2021-05-01 9:01:27 PM CDT,2021-05-01,2021-05-02 11:01:27 +0900,Central Time (US & Canada),1841033,hannah-loveland,Hannah Loveland,2021-05-02 13:07:31 +0900,2021-05-07 14:04:31 +0900,research,CC-BY-NC,https://www.inaturalist.org/observations/76418494,https://inaturalist-open-data.s3.amazonaws.com/photos/125008249/medium.jpeg,NA,NA,NA,1,0,FALSE,2,"Ingram, TX 78025, USA",30.0945229722,-99.333128,NA,NA,NA,NA,NA,NA,open,FALSE,gps,gps,Red-spotted Toad,Anaxyrus punctatus,Red-spotted Toad,Amphibia,64984
76425099,ed373704-17d6-4020-a148-395501c9eae2,2021-05-01 23:11:56,2021-05-01,2021-05-02 13:11:56 +0900,Central Time (US & Canada),500525,dannysanders,NA,2021-05-02 13:37:23 +0900,2021-05-03 13:27:04 +0900,research,NA,https://www.inaturalist.org/observations/76425099,https://static.inaturalist.org/photos/125019110/medium.jpeg,NA,NA,NA,1,0,FALSE,2,"Texas, US",30.6774391598,-98.3336174034,5,NA,NA,NA,29330,obscured,open,TRUE,gps,gps,Red-spotted Toad,Anaxyrus punctatus,Red-spotted Toad,Amphibia,64984
76425311,b06ae137-c458-4531-b2bc-b95c842a7f92,2021-05-01 23:12:12,2021-05-01,2021-05-02 13:12:12 +0900,Central Time (US & Canada),500525,dannysanders,NA,2021-05-02 13:38:20 +0900,2021-05-03 13:27:00 +0900,research,NA,https://www.inaturalist.org/observations/76425311,https://static.inaturalist.org/photos/125019254/medium.jpeg,NA,NA,NA,1,0,FALSE,2,"Texas, US",30.7914106996,-98.3759987355,8,NA,NA,NA,29330,obscured,open,TRUE,gps,gps,Red-spotted Toad,Anaxyrus punctatus,Red-spotted Toad,Amphibia,64984
76425459,cf33a5e5-3007-4999-9f40-f1dc0b827daf,2021-05-01 23:13:11,2021-05-01,2021-05-02 13:13:11 +0900,Central Time (US & Canada),500525,dannysanders,NA,2021-05-02 13:39:01 +0900,2021-05-03 13:27:10 +0900,research,NA,https://www.inaturalist.org/observations/76425459,https://static.inaturalist.org/photos/125019420/medium.jpeg,NA,NA,NA,1,0,FALSE,2,"Texas, US",30.7212052477,-98.3525463599,8,NA,NA,NA,29330,obscured,open,TRUE,gps,gps,Red-spotted Toad,Anaxyrus punctatus,Red-spotted Toad,Amphibia,64984
76445072,2be889c8-9f4a-4903-b287-2fef849f3e43,Sat May 01 2021 22:05:53 GMT-0500 (CDT),2021-05-01,2021-05-02 12:05:53 +0900,Central Time (US & Canada),277496,codystricker,Cody Stricker,2021-05-02 15:30:29 +0900,2022-05-30 13:31:37 +0900,research,CC-BY,https://www.inaturalist.org/observations/76445072,https://inaturalist-open-data.s3.amazonaws.com/photos/125052592/medium.jpeg,NA,NA,NA,1,0,FALSE,3,"Texas, US",29.9381313171,-98.5547858206,24,"Edge Falls Rd, Kendalia, TX, US",29.94560973,-98.5179007981,29433,obscured,open,TRUE,NA,NA,Red-spotted Toad,Anaxyrus punctatus,Red-spotted Toad,Amphibia,64984
76935091,e3d5dabb-fb54-4b14-a68f-f2bc121d9e92,2021-05-02 21:03:06,2021-05-02,2021-05-03 11:03:06 +0900,Central Time (US & Canada),6690,sandboa,Chris Harrison,2021-05-03 22:47:29 +0900,2024-09-24 01:19:19 +0900,research,CC-BY,https://www.inaturalist.org/observations/76935091,https://inaturalist-open-data.s3.amazonaws.com/photos/125822746/medium.jpeg,NA,NA,NA,3,0,FALSE,2,"Edwards County, US-TX, US",29.7198975,-100.42691588,4,NA,NA,NA,4,NA,open,FALSE,NA,NA,Red-spotted Toad,Anaxyrus punctatus,Red-spotted Toad,Amphibia,64984
77351914,b2a88c5b-de9a-4b24-8dee-8cc6d7f44df9,2021-04-30 11:07:57,2021-04-30,2021-05-01 02:07:57 +0900,Mountain Time (US & Canada),2642753,estelobo,NA,2021-05-05 06:44:30 +0900,2021-05-16 12:23:05 +0900,research,CC-BY-NC,https://www.inaturalist.org/observations/77351914,https://inaturalist-open-data.s3.amazonaws.com/photos/126496597/medium.jpeg,NA,NA,NA,2,0,FALSE,2,"El Paso, TX 79930, USA",31.8095667758,-106.4765293524,203,NA,NA,NA,203,NA,open,FALSE,gps,gps,Red-spotted Toad,Anaxyrus punctatus,Red-spotted Toad,Amphibia,64984
77743415,06f8af8b-b2cc-4633-ae61-4e11fd75371f,Fri May 07 2021 08:20:03 GMT-0500 (CDT),2021-05-07,2021-05-07 22:20:03 +0900,Central Time (US & Canada),9983,rodent-frugality,Rodent-Frugality,2021-05-07 22:23:08 +0900,2021-05-14 12:58:18 +0900,research,CC-BY-NC,https://www.inaturalist.org/observations/77743415,https://inaturalist-open-data.s3.amazonaws.com/photos/127168764/medium.jpg,NA,NA,NA,1,0,FALSE,3,"Concan, TX, US",29.525325,-99.6883783333,4,NA,NA,NA,4,NA,open,FALSE,NA,NA,Red-spotted Toad,Anaxyrus punctatus,Red-spotted Toad,Amphibia,64984
78269114,2430f2df-62f3-4bd6-afab-5c8c8431838a,2021-05-09 21:12:50,2021-05-09,2021-05-10 11:12:50 +0900,Central Time (US & Canada),42810,bwhite,Britt White,2021-05-11 05:32:07 +0900,2021-05-16 12:14:30 +0900,research,CC-BY-NC,https://www.inaturalist.org/observations/78269114,https://inaturalist-open-data.s3.amazonaws.com/photos/128068872/medium.jpeg,NA,NA,NA,2,0,FALSE,2,"Brewster County, US-TX, US",29.82889609,-103.21580009,9,NA,NA,NA,9,NA,open,FALSE,NA,NA,Red-spotted Toad,Anaxyrus punctatus,Red-spotted Toad,Amphibia,64984
78310920,572bb0a3-0d6a-4930-b66c-8181959ee412,2021-05-10 22:05:48,2021-05-10,2021-05-11 12:05:48 +0900,Central Time (US & Canada),42810,bwhite,Britt White,2021-05-11 12:38:56 +0900,2021-05-16 12:13:37 +0900,research,CC-BY-NC,https://www.inaturalist.org/observations/78310920,https://inaturalist-open-data.s3.amazonaws.com/photos/128144866/medium.jpeg,NA,NA,NA,2,0,FALSE,2,"Brewster County, US-TX, US",30.11602335,-103.5836748,5,NA,NA,NA,5,NA,open,FALSE,NA,NA,Red-spotted Toad,Anaxyrus punctatus,Red-spotted Toad,Amphibia,64984
79021464,93462a13-4e55-42c1-9f43-4debbbabb7a8,2021/05/14 12:01 AM CDT,2021-05-14,2021-05-14 14:01:00 +0900,Central Time (US & Canada),18812,mako252,Jon McIntyre,2021-05-17 02:28:09 +0900,2021-05-26 05:56:34 +0900,research,CC-BY-NC,https://www.inaturalist.org/observations/79021464,https://inaturalist-open-data.s3.amazonaws.com/photos/129384872/medium.jpeg,NA,NA,NA,2,0,FALSE,NA,"Brewster County, TX, USA",29.1823524089,-102.9613932484,2,NA,NA,NA,2,NA,open,FALSE,NA,NA,Red-spotted Toad,Anaxyrus punctatus,Red-spotted Toad,Amphibia,64984
79021470,673b33cf-31c8-4a4f-b788-5ae826563ecc,2021/05/14 12:03 AM CDT,2021-05-14,2021-05-14 14:03:00 +0900,Central Time (US & Canada),18812,mako252,Jon McIntyre,2021-05-17 02:28:10 +0900,2021-05-26 05:56:01 +0900,research,CC-BY-NC,https://www.inaturalist.org/observations/79021470,https://inaturalist-open-data.s3.amazonaws.com/photos/129384972/medium.jpeg,NA,NA,NA,2,0,FALSE,NA,"Brewster County, TX, USA",29.1826107566,-102.9613141232,2,NA,NA,NA,2,NA,open,FALSE,NA,NA,Red-spotted Toad,Anaxyrus punctatus,Red-spotted Toad,Amphibia,64984
79033994,0136b4da-eb40-47c1-8584-2c6280b4ef9c,2021/05/15 12:00 AM CDT,2021-05-15,2021-05-15 14:00:00 +0900,Central Time (US & Canada),18812,mako252,Jon McIntyre,2021-05-17 03:35:40 +0900,2021-05-27 05:12:22 +0900,research,CC-BY-NC,https://www.inaturalist.org/observations/79033994,https://inaturalist-open-data.s3.amazonaws.com/photos/129406205/medium.jpeg,NA,NA,AOR,3,0,FALSE,NA,"Brewster County, TX, USA",29.6295029694,-103.1464095729,8,NA,NA,NA,8,NA,open,FALSE,NA,NA,Red-spotted Toad,Anaxyrus punctatus,Red-spotted Toad,Amphibia,64984
79034000,a3deb7a2-dd21-466a-a6f6-51c27ae40ca8,2021/05/15 12:04 AM CDT,2021-05-15,2021-05-15 14:04:00 +0900,Central Time (US & Canada),18812,mako252,Jon McIntyre,2021-05-17 03:35:41 +0900,2021-05-27 05:12:00 +0900,research,CC-BY-NC,https://www.inaturalist.org/observations/79034000,https://inaturalist-open-data.s3.amazonaws.com/photos/129406254/medium.jpeg,NA,NA,AOR,3,0,FALSE,NA,"Brewster County, TX, USA",29.6233001551,-103.1432936445,8,NA,NA,NA,8,NA,open,FALSE,NA,NA,Red-spotted Toad,Anaxyrus punctatus,Red-spotted Toad,Amphibia,64984
79286157,6587aaba-4938-483b-9a16-734ad4b69c7b,2020-03-18 08:30:12,2020-03-18,2020-03-18 22:30:12 +0900,Central Time (US & Canada),2462633,bcvi,Nick Glover,2021-05-19 01:17:08 +0900,2021-05-31 16:06:24 +0900,research,CC-BY-NC,https://www.inaturalist.org/observations/79286157,https://inaturalist-open-data.s3.amazonaws.com/photos/129852905/medium.jpeg,NA,NA,NA,1,0,FALSE,2,"Texas, US",31.2493919761,-97.9102456319,NA,"Coryell County, TX, USA",31.2346759167,-97.8109246944,29252,obscured,open,TRUE,gps,gps,Red-spotted Toad,Anaxyrus punctatus,Red-spotted Toad,Amphibia,64984
79684503,197ff852-8051-4c5a-98f9-f22d3aeb7bab,2021/05/20 8:11 PM CDT,2021-05-20,2021-05-21 10:11:00 +0900,Central Time (US & Canada),2202431,christian_fernandez,Christian Fernandez,2021-05-22 04:38:16 +0900,2021-05-22 06:04:08 +0900,research,CC-BY-NC,https://www.inaturalist.org/observations/79684503,https://inaturalist-open-data.s3.amazonaws.com/photos/130534614/medium.jpeg,NA,NA,NA,1,0,FALSE,NA,"Brewster County, TX, USA",29.2716129188,-103.1361508369,31,NA,NA,NA,31,NA,open,FALSE,NA,NA,Red-spotted Toad,Anaxyrus punctatus,Red-spotted Toad,Amphibia,64984
79877670,b5f4ecad-8405-47a3-b19e-0a537216c2c0,Wed May 19 2021 23:32:54 GMT-0500 (CDT),2021-05-19,2021-05-20 13:32:54 +0900,Central Time (US & Canada),139044,marissa-b,Marissa,2021-05-23 10:28:00 +0900,2023-01-02 04:34:47 +0900,research,CC-BY-NC,https://www.inaturalist.org/observations/79877670,https://inaturalist-open-data.s3.amazonaws.com/photos/130867647/medium.jpg,NA,NA,NA,1,0,FALSE,3,"Ozona, TX, US",30.6004616667,-101.5546116667,10,NA,NA,NA,10,NA,open,FALSE,NA,NA,Red-spotted Toad,Anaxyrus punctatus,Red-spotted Toad,Amphibia,64984
79932980,675cc8f5-4f93-450b-9ff8-6ebc5632f158,Sun May 23 2021 00:58:18 GMT-0500 (CDT),2021-05-23,2021-05-23 09:58:18 +0900,UTC,1637682,sarahbullard,Sarah Bullard,2021-05-23 22:10:01 +0900,2021-05-24 01:59:58 +0900,research,NA,https://www.inaturalist.org/observations/79932980,https://static.inaturalist.org/photos/130962491/medium.jpg,NA,NA,AOR,1,0,FALSE,3,"CR-310, Sonora, TX, US",30.4648083333,-100.1344528333,4,NA,NA,NA,4,NA,open,FALSE,NA,NA,Red-spotted Toad,Anaxyrus punctatus,Red-spotted Toad,Amphibia,64984
80841368,7d886d0e-eafa-4e7c-a7d3-d0e9dd9a0c2e,2021-05-29 22:20,2021-05-29,2021-05-30 12:20:00 +0900,Central Time (US & Canada),6690,sandboa,Chris Harrison,2021-05-30 15:15:09 +0900,2024-09-24 01:19:19 +0900,research,CC-BY,https://www.inaturalist.org/observations/80841368,NA,https://static.inaturalist.org/sounds/239053.mp3?1622357598,NA,NA,1,0,FALSE,2,"Real County, US-TX, US",29.90399078,-99.79636055,4,NA,NA,NA,4,NA,open,FALSE,NA,NA,Red-spotted Toad,Anaxyrus punctatus,Red-spotted Toad,Amphibia,64984
80841390,244e7aa2-7f72-4966-ba03-d4a885585c45,2021-05-29 22:26,2021-05-29,2021-05-30 12:26:00 +0900,Central Time (US & Canada),6690,sandboa,Chris Harrison,2021-05-30 15:15:16 +0900,2024-09-24 01:19:19 +0900,research,CC-BY,https://www.inaturalist.org/observations/80841390,https://inaturalist-open-data.s3.amazonaws.com/photos/132538651/medium.jpeg,NA,NA,Correct time and date are May 29th 2021 at 10:26 p.m.,2,0,FALSE,2,"Real County, US-TX, US",29.89619744,-99.79556006,6,NA,NA,NA,6,NA,open,FALSE,NA,NA,Red-spotted Toad,Anaxyrus punctatus,Red-spotted Toad,Amphibia,64984
81076261,64e63b59-f0ac-4871-abef-2d7a6358cccd,Mon May 31 2021 14:22:02 GMT-0500 (CDT),2021-05-31,2021-06-01 04:22:02 +0900,Central Time (US & Canada),3086733,allisonhayne,Allison Hayne,2021-06-01 04:30:07 +0900,2021-06-09 14:12:25 +0900,research,NA,https://www.inaturalist.org/observations/81076261,https://static.inaturalist.org/photos/132977959/medium.jpg,NA,NA,NA,1,0,FALSE,3,"Alpine, TX, US",30.0880489028,-103.4536652964,300,NA,NA,NA,300,NA,open,FALSE,NA,NA,Red-spotted Toad,Anaxyrus punctatus,Red-spotted Toad,Amphibia,64984
81082560,a986c07b-eb29-428f-8565-1d5915c145c5,Sun May 30 2021 07:51:16 GMT-0500 (CDT),2021-05-30,2021-05-30 21:51:16 +0900,Central Time (US & Canada),13156,romeyswanson,Romey Swanson,2021-06-01 05:10:29 +0900,2021-06-01 05:24:14 +0900,research,CC-BY-NC,https://www.inaturalist.org/observations/81082560,https://inaturalist-open-data.s3.amazonaws.com/photos/132953771/medium.jpg,NA,NA,Several toadlets observed.,1,0,FALSE,3,"Fredericksburg, TX, US",30.4944883333,-98.8470783333,4,NA,NA,NA,4,NA,open,FALSE,NA,NA,Red-spotted Toad,Anaxyrus punctatus,Red-spotted Toad,Amphibia,64984
81112638,ee803cfc-c9c9-4cab-a19e-7cca3990bc4d,2021/05/19 11:33 PM CDT,2021-05-19,2021-05-20 13:33:00 +0900,Central Time (US & Canada),91751,czktex,John Maresh,2021-06-01 08:50:11 +0900,2021-06-09 14:36:44 +0900,research,CC-BY-NC,https://www.inaturalist.org/observations/81112638,https://inaturalist-open-data.s3.amazonaws.com/photos/133006901/medium.jpg,NA,NA,Crockett Co.,1,0,FALSE,NA,"Crockett County, TX, USA",30.6004388889,-101.55455,NA,NA,NA,NA,NA,NA,open,FALSE,NA,NA,Red-spotted Toad,Anaxyrus punctatus,Red-spotted Toad,Amphibia,64984
81412059,47344dbe-6310-40dc-9e53-d5ae1ff434dd,Sun May 30 2021 19:01:04 GMT-0500 (CDT),2021-05-30,2021-05-31 09:01:04 +0900,Central Time (US & Canada),3314770,calebhelsel,Caleb Helsel,2021-06-03 19:11:16 +0900,2021-06-10 07:43:18 +0900,research,CC-BY-NC,https://www.inaturalist.org/observations/81412059,https://inaturalist-open-data.s3.amazonaws.com/photos/133534475/medium.jpg,NA,NA,NA,1,0,FALSE,3,"Davis Mountains State Park, Fort Davis, TX, US",30.5949179543,-103.9308924109,19,NA,NA,NA,19,NA,open,FALSE,NA,NA,Red-spotted Toad,Anaxyrus punctatus,Red-spotted Toad,Amphibia,64984
81648224,01eb0c17-0891-4d51-a482-676a63983cf8,2021-05-15 11:20:37,2021-05-15,2021-05-16 01:20:37 +0900,Central Time (US & Canada),1228963,doug85,Doug Warner,2021-06-05 10:44:29 +0900,2022-11-07 10:18:22 +0900,research,NA,https://www.inaturalist.org/observations/81648224,https://static.inaturalist.org/photos/133931995/medium.jpeg,NA,NA,NA,1,0,FALSE,2,"Cleburne, TX 76033, USA",32.2644390143,-97.560137026,983,NA,NA,NA,983,NA,open,FALSE,gps,gps,Red-spotted Toad,Anaxyrus punctatus,Red-spotted Toad,Amphibia,64984
81855975,4b4fd515-e23e-46a3-aa34-15bb1348ff96,Sat Jun 05 2021 22:52:41 GMT-0500 (CDT),2021-06-05,2021-06-06 12:52:41 +0900,Central Time (US & Canada),13156,romeyswanson,Romey Swanson,2021-06-06 22:39:52 +0900,2021-06-14 09:16:49 +0900,research,CC-BY-NC,https://www.inaturalist.org/observations/81855975,https://inaturalist-open-data.s3.amazonaws.com/photos/134289412/medium.jpg,NA,NA,NA,1,0,FALSE,3,"US-385, Alpine, TX, US",30.2999133333,-103.1288611667,3,NA,NA,NA,3,NA,open,FALSE,NA,NA,Red-spotted Toad,Anaxyrus punctatus,Red-spotted Toad,Amphibia,64984
81922145,75ec9fd7-d295-490f-84db-f12b05b4c95e,2021-06-05 22:33:24,2021-06-05,2021-06-06 12:33:24 +0900,Central Time (US & Canada),1293535,benjamin189,Benjamin Burgunder,2021-06-07 05:16:03 +0900,2021-10-30 13:16:25 +0900,research,CC-BY,https://www.inaturalist.org/observations/81922145,https://inaturalist-open-data.s3.amazonaws.com/photos/134404780/medium.jpeg,NA,NA,NA,1,0,FALSE,2,"Big Bend National Park, TX 79834, USA",29.3055472222,-103.1782416667,NA,NA,NA,NA,NA,NA,open,FALSE,gps,gps,Red-spotted Toad,Anaxyrus punctatus,Red-spotted Toad,Amphibia,64984
82106516,64ab25e1-ed9a-40e9-858a-227f103c5a99,2021-06-05 23:12:52,2021-06-05,2021-06-06 13:12:52 +0900,Central Time (US & Canada),1293535,benjamin189,Benjamin Burgunder,2021-06-08 10:52:21 +0900,2021-06-30 23:29:15 +0900,research,CC-BY,https://www.inaturalist.org/observations/82106516,https://inaturalist-open-data.s3.amazonaws.com/photos/134730682/medium.jpeg,NA,NA,NA,1,0,FALSE,2,"Big Bend National Park, TX 79834, USA",29.2500679502,-103.2501634955,92190,NA,NA,NA,92190,NA,open,FALSE,gps,gps,Red-spotted Toad,Anaxyrus punctatus,Red-spotted Toad,Amphibia,64984
82361045,38691471-1d43-4f8c-b188-4ccba92647cd,2021/05/25 2:38 PM CDT,2021-05-25,2021-05-26 04:38:00 +0900,Central Time (US & Canada),1976574,catherine_g,Catherine C. Galley,2021-06-10 08:46:59 +0900,2024-08-25 01:41:33 +0900,research,CC-BY,https://www.inaturalist.org/observations/82361045,https://inaturalist-open-data.s3.amazonaws.com/photos/135155667/medium.jpg,NA,NA,NA,1,0,FALSE,NA,"Upper North Prong Trail 3, Briscoe County, TX, USA",34.4636221808,-101.1088287654,500,NA,NA,NA,500,NA,open,FALSE,NA,NA,Red-spotted Toad,Anaxyrus punctatus,Red-spotted Toad,Amphibia,64984
82937483,899727d9-9d03-4679-a05c-e540f7a410b7,2021/06/13 2:17 PM CDT,2021-06-13,2021-06-14 04:17:00 +0900,Central Time (US & Canada),23016,knightericm,Eric Knight,2021-06-14 09:55:28 +0900,2024-10-23 10:41:25 +0900,research,CC-BY-NC,https://www.inaturalist.org/observations/82937483,https://inaturalist-open-data.s3.amazonaws.com/photos/136164120/medium.jpg,NA,NA,NA,1,0,FALSE,NA,"Llano County, TX, USA",30.5052576207,-98.8201066695,15,NA,NA,NA,15,NA,open,FALSE,NA,NA,Red-spotted Toad,Anaxyrus punctatus,Red-spotted Toad,Amphibia,64984
83337198,b0baae62-c990-4899-bf6b-12990718939d,2021-06-15 21:37:34,2021-06-15,2021-06-16 11:37:34 +0900,Central Time (US & Canada),1293535,benjamin189,Benjamin Burgunder,2021-06-17 10:16:00 +0900,2021-06-17 11:50:12 +0900,research,CC-BY,https://www.inaturalist.org/observations/83337198,https://inaturalist-open-data.s3.amazonaws.com/photos/136859912/medium.jpeg,NA,NA,NA,1,0,FALSE,2,"Big Bend National Park, TX 79834, USA",29.3066722222,-103.1764722222,NA,NA,NA,NA,NA,NA,open,FALSE,gps,gps,Red-spotted Toad,Anaxyrus punctatus,Red-spotted Toad,Amphibia,64984
83424872,277f23cc-36f2-45a3-b278-36d26d73ad6b,2021-05-30 18:55:16,2021-05-30,2021-05-31 08:55:16 +0900,Central Time (US & Canada),1798739,jocobirder,Ty Allen,2021-06-18 04:48:21 +0900,2021-06-30 05:51:50 +0900,research,NA,https://www.inaturalist.org/observations/83424872,https://static.inaturalist.org/photos/137012188/medium.jpeg,NA,NA,NA,2,0,FALSE,2,Davis Mountains State Park,30.5952452193,-103.9361518621,197,NA,NA,NA,197,NA,open,FALSE,gps,gps,Red-spotted Toad,Anaxyrus punctatus,Red-spotted Toad,Amphibia,64984
84232966,6660dac1-578b-41c9-8c4f-a01de3f1b8b2,Tue Jun 22 2021 19:44:32 GMT-0500 (CDT),2021-06-22,2021-06-23 09:44:32 +0900,Central Time (US & Canada),643267,firebugzy,NA,2021-06-24 06:50:04 +0900,2021-06-24 07:08:11 +0900,research,CC-BY-NC,https://www.inaturalist.org/observations/84232966,https://inaturalist-open-data.s3.amazonaws.com/photos/138421982/medium.jpg,NA,NA,NA,1,0,FALSE,3,"Llano, TX, US",30.5488883333,-98.9253166667,5,NA,NA,NA,5,NA,open,FALSE,NA,NA,Red-spotted Toad,Anaxyrus punctatus,Red-spotted Toad,Amphibia,64984
84264991,bc6242b8-41ca-4941-bf84-2d1389c12b67,Wed Jun 23 2021 10:17:27 GMT-0500 (CDT),2021-06-23,2021-06-24 00:17:27 +0900,Central Time (US & Canada),14339,cliftonladd,"Clifton Ladd, C.W.B.",2021-06-24 12:13:41 +0900,2021-06-24 12:33:10 +0900,research,CC-BY-NC,https://www.inaturalist.org/observations/84264991,https://inaturalist-open-data.s3.amazonaws.com/photos/138478299/medium.jpg,NA,NA,NA,1,0,FALSE,3,"Uvalde, TX, US",29.4478033333,-99.6714866667,8,NA,NA,NA,8,NA,open,FALSE,NA,NA,Red-spotted Toad,Anaxyrus punctatus,Red-spotted Toad,Amphibia,64984
84397597,f2f9079f-2a24-47bc-81aa-54fbaa69f277,2021-06-24 22:37:57,2021-06-24,2021-06-25 12:37:57 +0900,Central Time (US & Canada),1757006,scottylofland,Scotty Lofland,2021-06-25 16:13:59 +0900,2021-07-03 23:11:00 +0900,research,CC-BY-NC,https://www.inaturalist.org/observations/84397597,https://inaturalist-open-data.s3.amazonaws.com/photos/138710714/medium.jpeg,NA,NA,NA,1,0,FALSE,2,"Pecos County, US-TX, US",30.5172240951,-102.9225046385,NA,"Fort Stockton, TX 79735, USA",30.407426,-102.91033,29356,obscured,open,TRUE,gps,gps,Red-spotted Toad,Anaxyrus punctatus,Red-spotted Toad,Amphibia,64984
84537535,c9656807-dfc2-4fc3-b31a-a210d0990f5f,Fri Jun 25 2021 21:41:51 GMT-0500 (CDT),2021-06-25,2021-06-26 06:41:51 +0900,UTC,1637682,sarahbullard,Sarah Bullard,2021-06-26 21:14:41 +0900,2021-07-13 13:46:19 +0900,research,NA,https://www.inaturalist.org/observations/84537535,https://static.inaturalist.org/photos/138957409/medium.jpg,NA,NA,NA,1,0,FALSE,3,"Alpine, TX, US",29.5716133333,-102.9459533333,11,NA,NA,NA,11,NA,open,FALSE,NA,NA,Red-spotted Toad,Anaxyrus punctatus,Red-spotted Toad,Amphibia,64984
84616675,ec9cef27-770f-46e9-a5e1-b0acc0294f39,Sat Jun 26 2021 08:17:49 GMT-0600 (MDT),2021-06-26,2021-06-26 23:17:49 +0900,Mountain Time (US & Canada),1637682,sarahbullard,Sarah Bullard,2021-06-27 07:05:23 +0900,2021-07-13 13:46:07 +0900,research,NA,https://www.inaturalist.org/observations/84616675,https://static.inaturalist.org/photos/139090837/medium.jpg,NA,NA,NA,1,0,FALSE,3,"Rio Grande, Terlingua, TX, US",29.1657305,-103.6115416667,6,NA,NA,NA,6,NA,open,FALSE,NA,NA,Red-spotted Toad,Anaxyrus punctatus,Red-spotted Toad,Amphibia,64984
84861375,b2b63605-f4d8-4ce0-b154-0ebc561e5545,Fri Jun 25 2021 21:41:52 GMT-0500 (CDT),2021-06-25,2021-06-26 11:41:52 +0900,Central Time (US & Canada),3225700,neckhughes,NA,2021-06-29 00:59:46 +0900,2021-06-29 12:52:47 +0900,research,CC-BY-NC,https://www.inaturalist.org/observations/84861375,https://inaturalist-open-data.s3.amazonaws.com/photos/139529606/medium.jpg,NA,NA,NA,1,0,FALSE,3,"Alpine, TX, US",29.5716220029,-102.9460061825,31,NA,NA,NA,31,NA,open,FALSE,NA,NA,Red-spotted Toad,Anaxyrus punctatus,Red-spotted Toad,Amphibia,64984
84972849,6d2de1a4-fbb5-41d0-b611-7a86f71696fd,2021-06-28 21:31:10,2021-06-28,2021-06-29 11:31:10 +0900,Central Time (US & Canada),1293535,benjamin189,Benjamin Burgunder,2021-06-29 23:02:52 +0900,2021-07-13 13:45:52 +0900,research,CC-BY,https://www.inaturalist.org/observations/84972849,https://inaturalist-open-data.s3.amazonaws.com/photos/139731383/medium.jpeg,NA,NA,NA,1,0,FALSE,2,"Big Bend National Park, TX 79834, USA",29.3055083333,-103.1780583333,NA,NA,NA,NA,NA,NA,open,FALSE,gps,gps,Red-spotted Toad,Anaxyrus punctatus,Red-spotted Toad,Amphibia,64984
85295327,d8c25ec5-4d1d-47bb-8fd8-340e3cddb59b,Thu Jul 01 2021 02:22:27 GMT-0500 (CDT),2021-07-01,2021-07-01 16:22:27 +0900,Central Time (US & Canada),21609,trans-pecos-herpetology,R. Reed McClure,2021-07-02 11:53:01 +0900,2021-07-03 23:08:37 +0900,research,NA,https://www.inaturalist.org/observations/85295327,https://static.inaturalist.org/photos/140317258/medium.jpg,NA,NA,NA,1,0,FALSE,3,"Texas, US",29.274000737,-103.8771794642,9,"Big Bend Ranch State Park, Marfa, TX, US",29.283905,-103.8869333333,29508,obscured,open,TRUE,NA,NA,Red-spotted Toad,Anaxyrus punctatus,Red-spotted Toad,Amphibia,64984
85360038,8d4c1b4e-a0ba-4e2e-88fe-65bfd1df6c06,Thu Jul 01 2021 21:31:01 GMT-0500 (CDT),2021-07-01,2021-07-02 11:31:01 +0900,Central Time (US & Canada),91327,pinesnake,NA,2021-07-03 02:30:35 +0900,2021-07-03 06:18:29 +0900,research,NA,https://www.inaturalist.org/observations/85360038,https://static.inaturalist.org/photos/140431961/medium.jpg,NA,NA,NA,1,0,FALSE,3,"Alpine, TX, US",30.31796667,-103.13368333,6,NA,NA,NA,6,NA,open,FALSE,NA,NA,Red-spotted Toad,Anaxyrus punctatus,Red-spotted Toad,Amphibia,64984
85500511,f0f0efde-14d3-49ee-81bc-8ba47178f7b3,2021/06/22 11:02 AM PDT,2021-06-22,2021-06-23 03:02:00 +0900,Pacific Time (US & Canada),718187,jspaulding,NA,2021-07-04 03:05:22 +0900,2022-02-08 09:23:09 +0900,research,CC-BY-NC,https://www.inaturalist.org/observations/85500511,https://inaturalist-open-data.s3.amazonaws.com/photos/140681357/medium.jpg,NA,NA,NA,1,0,FALSE,NA,Palo Duro State Park near Lighthouse Trailhead,34.9519232873,-101.6672428764,77,NA,NA,NA,77,NA,open,FALSE,NA,NA,Red-spotted Toad,Anaxyrus punctatus,Red-spotted Toad,Amphibia,64984
85810773,33a74758-de26-4e6f-9570-0c372f8e76b2,Mon Jul 05 2021 14:31:24 GMT-0500 (CDT),2021-07-05,2021-07-06 04:31:24 +0900,Central Time (US & Canada),348898,amzapp,Lena Zappia,2021-07-06 04:31:41 +0900,2021-08-12 02:12:56 +0900,research,CC-BY-NC,https://www.inaturalist.org/observations/85810773,https://inaturalist-open-data.s3.amazonaws.com/photos/141299475/medium.jpg,NA,NA,NA,1,0,FALSE,3,"FM-1269, Fluvanna, TX, US",32.9611787154,-101.1481437833,5,NA,NA,NA,5,NA,open,FALSE,NA,NA,Red-spotted Toad,Anaxyrus punctatus,Red-spotted Toad,Amphibia,64984
85815724,a087781e-ae95-4450-bc7c-883eed68f0ba,Mon Jul 05 2021 15:04:22 GMT-0500 (CDT),2021-07-05,2021-07-06 05:04:22 +0900,Central Time (US & Canada),348898,amzapp,Lena Zappia,2021-07-06 05:04:37 +0900,2023-02-24 08:56:58 +0900,research,CC-BY-NC,https://www.inaturalist.org/observations/85815724,https://inaturalist-open-data.s3.amazonaws.com/photos/141258588/medium.jpg,NA,NA,NA,1,0,FALSE,3,"FM-1269, Fluvanna, TX, US",32.9588344647,-101.1474878994,5,NA,NA,NA,5,NA,open,FALSE,NA,NA,Red-spotted Toad,Anaxyrus punctatus,Red-spotted Toad,Amphibia,64984
85935325,278970c4-d2b3-4623-a90b-707ba76e642e,Tue Jul 06 2021 12:31:20 GMT-0500 (CDT),2021-07-06,2021-07-07 02:31:20 +0900,Central Time (US & Canada),268486,brooksy,Jason Brooks,2021-07-07 02:32:31 +0900,2021-08-12 22:53:19 +0900,research,NA,https://www.inaturalist.org/observations/85935325,https://static.inaturalist.org/photos/141479415/medium.jpg,NA,NA,NA,1,0,FALSE,3,"County Road 308, Midkiff, TX, US",31.5392250521,-102.1100010351,9,NA,NA,NA,9,NA,open,FALSE,NA,NA,Red-spotted Toad,Anaxyrus punctatus,Red-spotted Toad,Amphibia,64984
86112979,b1e85aa1-e02a-40c6-b7ff-54c1164e8b9d,Tue Jul 06 2021 23:07:06 GMT-0500 (CDT),2021-07-06,2021-07-07 08:07:06 +0900,UTC,623253,cpippy13,NA,2021-07-08 10:45:14 +0900,2023-01-04 22:49:58 +0900,research,NA,https://www.inaturalist.org/observations/86112979,https://static.inaturalist.org/photos/141806895/medium.jpg,NA,NA,NA,2,0,FALSE,3,"Alpine, TX, US",30.3017666667,-103.1481028333,6,NA,NA,NA,6,NA,open,FALSE,NA,NA,Red-spotted Toad,Anaxyrus punctatus,Red-spotted Toad,Amphibia,64984
86364119,985fe32d-0d6c-4759-ac6c-9f3f45e8e644,Fri Jul 09 2021 22:35:15 GMT-0500 (CDT),2021-07-09,2021-07-10 11:35:15 +0900,Eastern Time (US & Canada),989205,gpoutas,NA,2021-07-10 12:35:51 +0900,2021-07-13 13:42:41 +0900,research,NA,https://www.inaturalist.org/observations/86364119,https://static.inaturalist.org/photos/142265099/medium.jpg,NA,NA,NA,1,0,FALSE,3,"Big Bend National Park, Alpine, TX, US",29.2143472328,-103.3791270466,2863,NA,NA,NA,2863,NA,open,FALSE,NA,NA,Red-spotted Toad,Anaxyrus punctatus,Red-spotted Toad,Amphibia,64984
86419212,d0b5b414-f58d-4631-91fe-bf72a8e0ed22,2021-07-10 10:50:25,2021-07-10,2021-07-10 19:50:25 +0900,UTC,4662509,alexander_ross,Alexander Ross,2021-07-11 00:52:55 +0900,2021-08-15 18:29:56 +0900,research,NA,https://www.inaturalist.org/observations/86419212,https://static.inaturalist.org/photos/142361777/medium.jpeg,NA,NA,NA,1,0,FALSE,2,"Tarpley, TX 78883, USA",29.65873527,-99.27711176,6,NA,NA,NA,6,NA,open,FALSE,NA,NA,Red-spotted Toad,Anaxyrus punctatus,Red-spotted Toad,Amphibia,64984
86442383,42437334-d6f4-4c1b-9ca4-13f5b855ccf8,2021/07/10 1:49 AM EDT,2021-07-10,2021-07-10 15:49:00 +0900,Central Time (US & Canada),300627,joseph92,Joe Girgente,2021-07-11 03:18:56 +0900,2022-05-28 11:18:27 +0900,research,CC-BY,https://www.inaturalist.org/observations/86442383,https://inaturalist-open-data.s3.amazonaws.com/photos/142395283/medium.jpeg,NA,NA,NA,1,0,FALSE,NA,"Crosby County, TX, USA",33.66625,-101.157742,5,NA,NA,NA,5,NA,open,FALSE,NA,NA,Red-spotted Toad,Anaxyrus punctatus,Red-spotted Toad,Amphibia,64984
86509544,d6a69da5-444d-461f-977c-9d70c60ec9f8,2021/07/10 1:49 AM EDT,2021-07-10,2021-07-10 15:49:00 +0900,Central Time (US & Canada),1489409,hannahwojo,Hannah Girgente,2021-07-11 12:27:35 +0900,2022-05-28 11:46:56 +0900,research,CC-BY-NC,https://www.inaturalist.org/observations/86509544,https://inaturalist-open-data.s3.amazonaws.com/photos/142525182/medium.jpeg,NA,NA,NA,1,0,FALSE,NA,Silver Falls Rest Area,33.665952,-101.157627,NA,NA,NA,NA,NA,NA,open,FALSE,NA,manual,Red-spotted Toad,Anaxyrus punctatus,Red-spotted Toad,Amphibia,64984
86526755,c9bb9769-e6f9-4453-9b3c-302e4291e58a,2021-07-07 10:30:03,2021-07-07,2021-07-07 19:30:03 +0900,UTC,34495,troyhibbitts,Troy Hibbitts,2021-07-11 17:05:25 +0900,2021-07-12 02:28:21 +0900,research,NA,https://www.inaturalist.org/observations/86526755,https://static.inaturalist.org/photos/142557989/medium.jpeg,NA,NA,NA,1,0,FALSE,2,"Hudspeth County, US-TX, US",31.92225908,-105.95150757,5,NA,NA,NA,5,NA,open,FALSE,NA,NA,Red-spotted Toad,Anaxyrus punctatus,Red-spotted Toad,Amphibia,64984
86638997,6d2eae0d-449b-4fb8-92e3-54e0d568a740,Sat Jul 10 2021 13:49:06 GMT-0500 (CDT),2021-07-10,2021-07-11 03:49:06 +0900,Central Time (US & Canada),10601,fishesoftexas,Fishes of Texas team,2021-07-12 07:39:45 +0900,2022-01-14 06:25:05 +0900,research,CC-BY-SA,https://www.inaturalist.org/observations/86638997,https://inaturalist-open-data.s3.amazonaws.com/photos/142761793/medium.jpg,NA,NA,NA,1,0,FALSE,3,"Hen Egg Rd, Alpine, TX, US",29.47212,-103.6298916667,4,NA,NA,NA,4,NA,open,FALSE,NA,NA,Red-spotted Toad,Anaxyrus punctatus,Red-spotted Toad,Amphibia,64984
86873166,b1c69e5e-81fe-4559-9181-0fe17ec3ee08,Mon Jul 12 2021 21:14:33 GMT-0500 (CDT),2021-07-12,2021-07-13 11:14:33 +0900,Central Time (US & Canada),2540943,analisase,Analisa Shields-Estrada,2021-07-14 01:56:00 +0900,2021-09-08 21:21:58 +0900,research,CC-BY-NC,https://www.inaturalist.org/observations/86873166,https://inaturalist-open-data.s3.amazonaws.com/photos/143191848/medium.jpg,NA,NA,NA,2,0,FALSE,3,"Lost Ln, Tarpley, TX, US",29.673225,-99.3651366667,4,NA,NA,NA,4,NA,open,FALSE,NA,NA,Red-spotted Toad,Anaxyrus punctatus,Red-spotted Toad,Amphibia,64984
87238226,d165b77c-4635-4fe9-871e-0f2b0898bdf5,2021-07-15 22:26:21,2021-07-15,2021-07-16 07:26:21 +0900,UTC,4287644,ian_myers,ian myers,2021-07-16 15:02:05 +0900,2021-08-26 07:36:33 +0900,research,NA,https://www.inaturalist.org/observations/87238226,https://static.inaturalist.org/photos/143798047/medium.jpeg,NA,NA,NA,1,0,FALSE,2,"Brewster County, TX, USA",29.8827592384,-103.3822049573,1466470,NA,NA,NA,1466470,NA,open,FALSE,gps,gps,Red-spotted Toad,Anaxyrus punctatus,Red-spotted Toad,Amphibia,64984
87260523,ffb5a27b-2375-42ee-9de4-b8a57b65800f,Fri Jul 16 2021 07:43:35 GMT-0500 (CDT),2021-07-16,2021-07-16 16:43:35 +0900,UTC,638091,josefleachman,Josef Leachman,2021-07-16 21:51:38 +0900,2021-08-26 07:36:12 +0900,research,NA,https://www.inaturalist.org/observations/87260523,https://static.inaturalist.org/photos/144002950/medium.jpg,NA,NA,NA,1,0,FALSE,3,"Breckenridge, TX, US",32.54143,-98.5896,3,NA,NA,NA,3,NA,open,FALSE,NA,NA,Red-spotted Toad,Anaxyrus punctatus,Red-spotted Toad,Amphibia,64984
87584359,cd3abae1-7fb1-4108-94c4-daf16450ffda,Sun Jul 18 2021 00:46:18 GMT-0500 (CDT),2021-07-18,2021-07-18 09:46:18 +0900,UTC,448217,salsafrank,NA,2021-07-19 02:34:23 +0900,2021-08-28 06:55:10 +0900,research,NA,https://www.inaturalist.org/observations/87584359,https://static.inaturalist.org/photos/144416220/medium.jpg,NA,NA,NA,1,0,FALSE,3,"Texas, US",35.1021072992,-101.9885084371,21955,NA,NA,NA,28734,obscured,open,TRUE,NA,NA,Red-spotted Toad,Anaxyrus punctatus,Red-spotted Toad,Amphibia,64984
87676926,6f33a25f-0e11-4b03-a299-8534e1e5d466,Sun Jul 18 2021 09:26:51 GMT-0500 (CDT),2021-07-18,2021-07-18 23:26:51 +0900,Central Time (US & Canada),583980,joseph_fiorenza,Joseph Fiorenza,2021-07-19 14:35:50 +0900,2021-08-28 07:19:53 +0900,research,NA,https://www.inaturalist.org/observations/87676926,https://static.inaturalist.org/photos/144580452/medium.jpg,NA,NA,NA,1,0,FALSE,3,"Palo Duro Canyon State Park, Canyon, TX, US",34.9793616667,-101.6915283333,5,NA,NA,NA,5,NA,open,FALSE,NA,NA,Red-spotted Toad,Anaxyrus punctatus,Red-spotted Toad,Amphibia,64984
87723075,1f466935-8265-443f-b773-f17ce9e15d72,Mon Jul 19 2021 10:10:02 GMT-0500 (CDT),2021-07-19,2021-07-20 00:10:02 +0900,Central Time (US & Canada),108797,jonnyscalise,Jonny Scalise,2021-07-20 00:32:12 +0900,2024-01-03 07:54:31 +0900,research,CC-BY-NC,https://www.inaturalist.org/observations/87723075,https://inaturalist-open-data.s3.amazonaws.com/photos/144661125/medium.jpg,NA,NA,NA,5,0,FALSE,3,"Texas, US",30.3491961535,-97.8265864439,4,NA,NA,NA,29382,obscured,open,TRUE,NA,NA,Red-spotted Toad,Anaxyrus punctatus,Red-spotted Toad,Amphibia,64984
88309826,f34b52c9-176d-481f-b84b-2195b48b5663,Fri Jul 23 2021 16:21:18 GMT-0500 (CDT),2021-07-23,2021-07-24 01:21:18 +0900,UTC,1686438,ccddave,David L. Brandon,2021-07-24 06:23:01 +0900,2023-01-08 22:31:48 +0900,research,CC-BY-NC,https://www.inaturalist.org/observations/88309826,https://inaturalist-open-data.s3.amazonaws.com/photos/145704865/medium.jpg,NA,NA,NA,2,0,FALSE,3,"Palo Duro Canyon State Park, Canyon, TX, US",34.9607102037,-101.6667743887,5,NA,NA,NA,5,NA,open,FALSE,NA,NA,Red-spotted Toad,Anaxyrus punctatus,Red-spotted Toad,Amphibia,64984
88393461,45ecb332-58fe-4ae8-801f-9ead5ad58fcb,2021-07-16 21:33:03,2021-07-16,2021-07-17 11:33:03 +0900,Central Time (US & Canada),500525,dannysanders,NA,2021-07-24 23:46:02 +0900,2022-11-07 10:17:44 +0900,research,NA,https://www.inaturalist.org/observations/88393461,https://static.inaturalist.org/photos/145836890/medium.jpeg,NA,NA,NA,1,0,FALSE,2,"Texas, US",30.5978336393,-98.9706291202,880,NA,NA,NA,29356,obscured,open,TRUE,gps,gps,Red-spotted Toad,Anaxyrus punctatus,Red-spotted Toad,Amphibia,64984
89007413,e6f403a2-ef16-4aeb-8e94-2af98c1c1660,Wed Jul 28 2021 19:39:00 GMT-0500 (CDT),2021-07-28,2021-07-29 09:39:00 +0900,Central Time (US & Canada),4042860,tdmac,TDMac,2021-07-29 09:43:10 +0900,2023-02-23 00:28:57 +0900,research,CC-BY-ND,https://www.inaturalist.org/observations/89007413,https://inaturalist-open-data.s3.amazonaws.com/photos/146931874/medium.jpg,NA,NA,NA,1,0,FALSE,3,"Pine Valley St, San Angelo, TX, US",31.4109533333,-100.46705,4,NA,NA,NA,4,NA,open,FALSE,NA,NA,Red-spotted Toad,Anaxyrus punctatus,Red-spotted Toad,Amphibia,64984
89045080,e68b0304-98a1-42a2-b91b-ce2f932632c7,Wed Jul 28 2021 23:27:38 GMT-0500 (CDT),2021-07-28,2021-07-29 08:27:38 +0900,UTC,1637682,sarahbullard,Sarah Bullard,2021-07-29 20:06:37 +0900,2021-09-11 05:55:46 +0900,research,NA,https://www.inaturalist.org/observations/89045080,https://static.inaturalist.org/photos/147001154/medium.jpg,NA,NA,NA,1,0,FALSE,3,"Sutton County Rd 313, Sonora, TX, US",30.4316083333,-100.1970283333,5,NA,NA,NA,5,NA,open,FALSE,NA,NA,Red-spotted Toad,Anaxyrus punctatus,Red-spotted Toad,Amphibia,64984
89275663,d395a327-e2cd-46e0-91e2-7bff5adeb31f,Fri Jul 30 2021 21:53:02 GMT-0500 (CDT),2021-07-30,2021-07-31 06:53:02 +0900,UTC,588930,lemoniak,NA,2021-07-31 11:53:12 +0900,2023-02-24 08:56:51 +0900,research,NA,https://www.inaturalist.org/observations/89275663,https://static.inaturalist.org/photos/147410689/medium.jpg,NA,NA,NA,1,0,FALSE,3,"Canyon, TX, US",34.9787890123,-101.7152906748,9,NA,NA,NA,9,NA,open,FALSE,NA,NA,Red-spotted Toad,Anaxyrus punctatus,Red-spotted Toad,Amphibia,64984
89434925,d05c26f2-5059-4420-a9be-9163f5cceb00,2003/10/15 9:21 PM CDT,2003-10-15,2003-10-16 11:21:00 +0900,Central Time (US & Canada),1979727,terryleecrane,Terry Lee Crane,2021-08-01 13:42:17 +0900,2021-09-11 07:08:18 +0900,research,CC-BY-NC,https://www.inaturalist.org/observations/89434925,https://inaturalist-open-data.s3.amazonaws.com/photos/147689910/medium.jpg,NA,NA,NA,1,0,FALSE,NA,"Brewster County, TX, USA",29.1596504524,-103.6005256556,2,NA,NA,NA,2,NA,open,FALSE,NA,NA,Red-spotted Toad,Anaxyrus punctatus,Red-spotted Toad,Amphibia,64984
89443487,286c0928-2b80-4abc-a9a5-7dbd8d18a888,2004/10/15 9:31 PM CDT,2004-10-15,2004-10-16 11:31:00 +0900,Central Time (US & Canada),1979727,terryleecrane,Terry Lee Crane,2021-08-01 16:07:57 +0900,2023-02-24 13:22:10 +0900,research,CC-BY-NC,https://www.inaturalist.org/observations/89443487,https://inaturalist-open-data.s3.amazonaws.com/photos/147707087/medium.jpg,NA,NA,NA,1,0,FALSE,NA,"Brewster County, TX, USA",29.1532691963,-103.5863665939,15,NA,NA,NA,15,NA,open,FALSE,NA,NA,Red-spotted Toad,Anaxyrus punctatus,Red-spotted Toad,Amphibia,64984
90113172,a3275224-5a01-4bc4-aa91-b6d9eb2a83b9,Thu Aug 05 2021 22:20:00 GMT-0600 (MDT),2021-08-05,2021-08-06 13:20:00 +0900,Mountain Time (US & Canada),453219,aspenlovesyou,NA,2021-08-06 13:40:00 +0900,2023-02-24 08:56:44 +0900,research,NA,https://www.inaturalist.org/observations/90113172,https://static.inaturalist.org/photos/148890304/medium.jpg,NA,NA,NA,1,0,FALSE,3,"Devils Tower Cir, El Paso, TX, US",31.853134443,-106.467801277,8,NA,NA,NA,8,NA,open,FALSE,NA,NA,Red-spotted Toad,Anaxyrus punctatus,Red-spotted Toad,Amphibia,64984
90184351,ad9b6b8d-efe1-4201-8b75-1532ebdfed8f,Thu Aug 05 2021 21:12:59 GMT-0500 (CDT),2021-08-05,2021-08-06 11:12:59 +0900,Central Time (US & Canada),3757936,stephtran,Stephanie Tran,2021-08-07 05:24:10 +0900,2025-02-22 01:02:18 +0900,research,CC-BY,https://www.inaturalist.org/observations/90184351,https://inaturalist-open-data.s3.amazonaws.com/photos/149017676/medium.jpg,NA,NA,NA,1,0,FALSE,3,"Texas, US",30.5734971674,-104.6065221301,7,NA,NA,NA,29356,obscured,open,TRUE,NA,NA,Red-spotted Toad,Anaxyrus punctatus,Red-spotted Toad,Amphibia,64984
90351015,47339282-40b8-41b6-b6db-7349c107a4bd,2021/08/07 11:49 AM CDT,2021-08-07,2021-08-08 01:49:00 +0900,Central Time (US & Canada),21288,russh,Russ Hoverman,2021-08-08 12:50:37 +0900,2021-09-24 09:18:10 +0900,research,CC-BY-NC,https://www.inaturalist.org/observations/90351015,https://inaturalist-open-data.s3.amazonaws.com/photos/149314594/medium.jpeg,NA,NA,NA,1,0,FALSE,NA,"Jeff Davis County, TX, USA",30.6004076617,-103.9234741234,61,NA,NA,NA,61,NA,open,FALSE,NA,NA,Red-spotted Toad,Anaxyrus punctatus,Red-spotted Toad,Amphibia,64984
90494282,8cab575d-958d-4f0c-b1fc-c22a92d8e09b,Sun Aug 08 2021 22:42:40 GMT-0500 (CDT),2021-08-08,2021-08-09 12:42:40 +0900,Central Time (US & Canada),17484,drewrdavis,"Drew R. Davis, Ph.D.",2021-08-09 12:47:43 +0900,2023-02-24 08:56:45 +0900,research,CC-BY-NC,https://www.inaturalist.org/observations/90494282,https://inaturalist-open-data.s3.amazonaws.com/photos/149573162/medium.jpg,NA,NA,NA,1,0,FALSE,3,"Marfa, TX, US",30.553797,-104.657855,3,NA,NA,NA,3,NA,open,FALSE,NA,NA,Red-spotted Toad,Anaxyrus punctatus,Red-spotted Toad,Amphibia,64984
90494575,ab9d3e63-3e78-403b-8e40-458d3af4535a,Sun Aug 08 2021 22:49:40 GMT-0500 (CDT),2021-08-08,2021-08-09 12:49:40 +0900,Central Time (US & Canada),17484,drewrdavis,"Drew R. Davis, Ph.D.",2021-08-09 12:51:16 +0900,2023-02-24 08:56:46 +0900,research,CC-BY-NC,https://www.inaturalist.org/observations/90494575,https://inaturalist-open-data.s3.amazonaws.com/photos/149573648/medium.jpg,NA,NA,NA,1,0,FALSE,3,"Marfa, TX, US",30.5539448653,-104.6584523098,4,NA,NA,NA,4,NA,open,FALSE,NA,NA,Red-spotted Toad,Anaxyrus punctatus,Red-spotted Toad,Amphibia,64984
90949872,5e69ce35-fd70-4cd2-b42e-36b6f7b8ea55,Thu Aug 12 2021 12:29:28 GMT-0500 (CDT),2021-08-12,2021-08-12 21:29:28 +0900,UTC,1184880,jonwoods,NA,2021-08-13 09:50:08 +0900,2021-08-13 11:32:17 +0900,research,NA,https://www.inaturalist.org/observations/90949872,https://static.inaturalist.org/photos/150369199/medium.jpg,NA,NA,NA,1,0,FALSE,3,"Alpine, TX, US",29.78233,-103.4720783333,5,NA,NA,NA,5,NA,open,FALSE,NA,NA,Red-spotted Toad,Anaxyrus punctatus,Red-spotted Toad,Amphibia,64984
91014498,6ac366a6-8446-400b-8d38-b4c2d087cb7b,2017/07/22 10:24 PM CDT,2017-07-22,2017-07-23 12:24:00 +0900,Central Time (US & Canada),1979727,terryleecrane,Terry Lee Crane,2021-08-14 01:45:03 +0900,2021-08-14 04:12:23 +0900,research,CC-BY-NC,https://www.inaturalist.org/observations/91014498,https://inaturalist-open-data.s3.amazonaws.com/photos/150483690/medium.jpg,NA,NA,NA,1,0,FALSE,NA,"Brewster County, TX, USA",29.1590727489,-103.6001449483,8,NA,NA,NA,8,NA,open,FALSE,NA,NA,Red-spotted Toad,Anaxyrus punctatus,Red-spotted Toad,Amphibia,64984
91225432,b2c27705-73cf-4fd6-a8e4-8f3e82e62dbf,Sat Aug 14 2021 23:38:37 GMT-0500 (CDT),2021-08-14,2021-08-15 13:38:37 +0900,Central Time (US & Canada),43772,gtsalmon,Gerry Salmon,2021-08-15 16:14:43 +0900,2024-09-01 09:00:59 +0900,research,CC-BY-NC,https://www.inaturalist.org/observations/91225432,https://inaturalist-open-data.s3.amazonaws.com/photos/150863006/medium.jpg,NA,NA,Adult in roadway. Imaged only. GTS 3989.,2,0,FALSE,3,"RM-2627, Alpine, TX, US",29.58192,-102.9810633333,10,NA,NA,NA,10,NA,open,FALSE,NA,NA,Red-spotted Toad,Anaxyrus punctatus,Red-spotted Toad,Amphibia,64984
91372764,cf7f07b2-2935-4373-9ea8-54f87effaa5d,Sun May 30 2021 07:51:00 GMT-0500 (CDT),2021-05-30,2021-05-30 21:51:00 +0900,Central Time (US & Canada),218258,eyswanson,Erin,2021-08-16 14:13:04 +0900,2021-08-16 21:01:12 +0900,research,CC-BY-NC,https://www.inaturalist.org/observations/91372764,https://inaturalist-open-data.s3.amazonaws.com/photos/151127680/medium.jpg,NA,NA,NA,1,0,FALSE,3,"Shortys Ln, Fredericksburg, TX, US",30.300174,-98.8949687,18100,NA,NA,NA,18100,NA,open,FALSE,NA,NA,Red-spotted Toad,Anaxyrus punctatus,Red-spotted Toad,Amphibia,64984
91449966,295da157-a3fa-43cc-8d6a-0e41c68967d4,2021-08-16 10:54:30 AM CDT,2021-08-16,2021-08-16 19:54:30 +0900,UTC,2785122,hollyyall,NA,2021-08-17 05:14:51 +0900,2021-10-02 15:56:31 +0900,research,NA,https://www.inaturalist.org/observations/91449966,https://static.inaturalist.org/photos/151269264/medium.jpeg,NA,NA,NA,1,0,FALSE,2,"Fort Davis, TX 79734, USA",30.6055453978,-103.8761263713,17254,NA,NA,NA,17254,NA,open,FALSE,gps,gps,Red-spotted Toad,Anaxyrus punctatus,Red-spotted Toad,Amphibia,64984
91569710,255d598d-8bd6-4a43-9d1c-fde8068017cc,Sat Jul 10 2021 02:36:59 GMT-0500 (CDT),2021-07-10,2021-07-10 11:36:59 +0900,UTC,4566187,jlk2702,NA,2021-08-18 05:37:11 +0900,2021-08-18 06:05:26 +0900,research,CC-BY-NC,https://www.inaturalist.org/observations/91569710,https://inaturalist-open-data.s3.amazonaws.com/photos/151489643/medium.jpg,NA,NA,Dozens of toads were out after some consistent rainy days. They were all relatively the same size.,1,0,FALSE,3,"US-90, Sanderson, TX, US",30.071,-102.335045,40,NA,NA,NA,40,NA,open,FALSE,NA,NA,Red-spotted Toad,Anaxyrus punctatus,Red-spotted Toad,Amphibia,64984
91587961,08f0d4d2-fbee-4b5c-abf2-084d464fe30b,2021/08/17 7:47 AM CDT,2021-08-17,2021-08-17 21:47:00 +0900,Central Time (US & Canada),3033816,rbly,NA,2021-08-18 09:16:33 +0900,2023-01-12 00:31:19 +0900,research,CC-BY-NC,https://www.inaturalist.org/observations/91587961,https://inaturalist-open-data.s3.amazonaws.com/photos/151522242/medium.jpg,NA,NA,NA,1,0,FALSE,NA,"Randall County, TX, USA",34.9475761267,-101.6402395368,60,NA,NA,NA,60,NA,open,FALSE,NA,NA,Red-spotted Toad,Anaxyrus punctatus,Red-spotted Toad,Amphibia,64984
91600965,cc26d677-388c-4758-8d88-e4cccf05022c,2014/08/27 5:33 PM EDT,2014-08-27,2014-08-28 06:33:00 +0900,Eastern Time (US & Canada),25150,jakescott,Jake Scott,2021-08-18 11:59:40 +0900,2023-06-29 19:44:11 +0900,research,CC-BY-NC,https://www.inaturalist.org/observations/91600965,https://static.inaturalist.org/photos/151547392/medium.jpeg,NA,NA,NA,2,0,FALSE,NA,"Texas, US",29.26446768,-103.7487035637,15,NA,NA,NA,29508,obscured,open,TRUE,NA,NA,Red-spotted Toad,Anaxyrus punctatus,Red-spotted Toad,Amphibia,64984
91656937,331c6e2c-3de3-45f7-8056-426407d6835f,Tue Aug 17 2021 22:41:26 GMT-0500 (CDT),2021-08-17,2021-08-18 07:41:26 +0900,UTC,1637682,sarahbullard,Sarah Bullard,2021-08-19 02:41:01 +0900,2021-10-04 11:40:48 +0900,research,NA,https://www.inaturalist.org/observations/91656937,https://static.inaturalist.org/photos/151648742/medium.jpg,NA,NA,NA,1,0,FALSE,3,"River Rd, Sonora, TX, US",30.4822783333,-100.1561666667,19,NA,NA,NA,19,NA,open,FALSE,NA,NA,Red-spotted Toad,Anaxyrus punctatus,Red-spotted Toad,Amphibia,64984
92013456,960ae3c1-1b1a-49b5-80e0-8cb273f6e803,2021/08/20 11:34 AM CDT,2021-08-20,2021-08-21 01:34:00 +0900,Central Time (US & Canada),247323,anna22,Anna Stalcup,2021-08-22 05:34:09 +0900,2021-08-25 05:36:50 +0900,research,NA,https://www.inaturalist.org/observations/92013456,https://static.inaturalist.org/photos/152282645/medium.jpg,NA,NA,NA,2,0,FALSE,NA,"Jeff Davis County, TX, USA",30.667325,-104.1488316667,NA,NA,NA,NA,NA,NA,open,FALSE,NA,NA,Red-spotted Toad,Anaxyrus punctatus,Red-spotted Toad,Amphibia,64984
92014559,f00a1827-3022-47f8-83f2-08fbc9a78a0c,2021/08/20 10:39 AM CDT,2021-08-20,2021-08-21 00:39:00 +0900,Central Time (US & Canada),361075,kathymcaleese,Kathy McAleese,2021-08-22 05:41:58 +0900,2024-07-16 02:33:28 +0900,research,CC-BY-NC,https://www.inaturalist.org/observations/92014559,https://inaturalist-open-data.s3.amazonaws.com/photos/152284374/medium.jpeg,NA,NA,NA,2,0,FALSE,NA,"Jeff Davis County, TX, USA",30.6674138889,-104.1488972222,NA,NA,NA,NA,NA,NA,open,FALSE,NA,NA,Red-spotted Toad,Anaxyrus punctatus,Red-spotted Toad,Amphibia,64984
92279881,34dace80-9bc7-4054-b165-c237ed48872e,2021/08/20 10:31 AM CDT,2021-08-20,2021-08-21 00:31:00 +0900,Central Time (US & Canada),63375,rkostecke,Rich Kostecke,2021-08-24 05:20:10 +0900,2021-08-24 06:03:19 +0900,research,CC-BY-NC,https://www.inaturalist.org/observations/92279881,https://inaturalist-open-data.s3.amazonaws.com/photos/152768824/medium.jpg,NA,NA,NA,1,0,FALSE,NA,"Jeff Davis County, TX, USA",30.6673333333,-104.1488333333,NA,NA,NA,NA,NA,NA,open,FALSE,NA,NA,Red-spotted Toad,Anaxyrus punctatus,Red-spotted Toad,Amphibia,64984
92392720,947eeb34-d421-4c12-8448-7878c446168b,2021/08/20 11:37 AM CDT,2021-08-20,2021-08-21 01:37:00 +0900,Central Time (US & Canada),65539,natureteacher,Louise,2021-08-25 04:41:34 +0900,2021-08-25 07:26:46 +0900,research,CC-BY-NC,https://www.inaturalist.org/observations/92392720,https://inaturalist-open-data.s3.amazonaws.com/photos/152975163/medium.jpeg,NA,NA,"TNC Davis Mountains Preserve
",2,0,FALSE,NA,"Fort Davis, TX 79734, United States",30.70723,-104.09968,14,NA,NA,NA,14,NA,open,FALSE,NA,NA,Red-spotted Toad,Anaxyrus punctatus,Red-spotted Toad,Amphibia,64984
92540955,c6dd1f51-700f-4c41-bece-4695cc95dd98,2004/08/20 7:29 PM PDT,2004-08-20,2004-08-21 11:29:00 +0900,Pacific Time (US & Canada),4425,birdernaturalist,Rich Hoyer,2021-08-26 13:43:48 +0900,2021-08-26 21:51:22 +0900,research,CC-BY-NC-SA,https://www.inaturalist.org/observations/92540955,https://inaturalist-open-data.s3.amazonaws.com/photos/153241473/medium.jpeg,NA,NA,NA,1,0,FALSE,NA,"Brewster County, TX, USA",29.2336833333,-103.2261666667,NA,NA,NA,NA,NA,NA,open,FALSE,NA,NA,Red-spotted Toad,Anaxyrus punctatus,Red-spotted Toad,Amphibia,64984
92540956,ee268bc3-5277-4f06-ad7a-b4d78833f388,2004/08/20 7:21 PM PDT,2004-08-20,2004-08-21 11:21:00 +0900,Pacific Time (US & Canada),4425,birdernaturalist,Rich Hoyer,2021-08-26 13:43:48 +0900,2021-08-26 21:51:33 +0900,research,CC-BY-NC-SA,https://www.inaturalist.org/observations/92540956,https://inaturalist-open-data.s3.amazonaws.com/photos/153241482/medium.jpeg,NA,NA,NA,1,0,FALSE,NA,"Brewster County, TX, USA",29.2336833333,-103.2261666667,NA,NA,NA,NA,NA,NA,open,FALSE,NA,NA,Red-spotted Toad,Anaxyrus punctatus,Red-spotted Toad,Amphibia,64984
92724903,e827e27b-87b0-400d-b03e-e7698941fa5f,2021/07/20 11:33 AM CDT,2021-07-20,2021-07-21 01:33:00 +0900,Central Time (US & Canada),1976574,catherine_g,Catherine C. Galley,2021-08-28 08:39:23 +0900,2024-08-25 01:41:33 +0900,research,CC-BY,https://www.inaturalist.org/observations/92724903,https://inaturalist-open-data.s3.amazonaws.com/photos/153571146/medium.jpg,NA,NA,NA,1,0,FALSE,NA,"North Prong Spur 2, Briscoe County, TX, USA",34.4567338935,-101.0828680357,500,NA,NA,NA,500,NA,open,FALSE,NA,NA,Red-spotted Toad,Anaxyrus punctatus,Red-spotted Toad,Amphibia,64984
92856917,3c047937-1a09-40a2-8587-dd7f8929fd9a,Fri Jun 04 2021 08:14:50 GMT-0400 (EDT),2021-06-04,2021-06-04 21:14:50 +0900,Eastern Time (US & Canada),1151838,aaronr,aaronr,2021-08-29 10:29:56 +0900,2021-12-08 04:00:37 +0900,research,CC-BY-NC,https://www.inaturalist.org/observations/92856917,https://inaturalist-open-data.s3.amazonaws.com/photos/153812406/medium.jpg,NA,NA,NA,1,0,FALSE,3,"Pecan Rd, Brackettville, TX, US",29.2908808922,-100.4243736085,129,NA,NA,NA,129,NA,open,FALSE,NA,NA,Red-spotted Toad,Anaxyrus punctatus,Red-spotted Toad,Amphibia,64984
92901912,ea90b74f-85d7-4f20-b29b-ca6a96682197,2021-08-27 19:34:57,2021-08-27,2021-08-28 09:34:57 +0900,Central Time (US & Canada),229524,abirdbetweenflights,Crystal Ledezma,2021-08-29 22:24:32 +0900,2021-08-29 23:11:27 +0900,research,NA,https://www.inaturalist.org/observations/92901912,https://static.inaturalist.org/photos/153894717/medium.jpeg,NA,NA,NA,1,0,FALSE,2,"Fort Davis, TX 79734, USA",30.701240582,-104.1057539731,1640,NA,NA,NA,1640,NA,open,FALSE,gps,gps,Red-spotted Toad,Anaxyrus punctatus,Red-spotted Toad,Amphibia,64984
93005604,96a18182-5e0a-4efc-83c7-a50cf7bd3ff0,Sun Aug 29 2021 16:13:25 GMT-0500 (CDT),2021-08-29,2021-08-30 01:13:25 +0900,UTC,3076935,daciad,NA,2021-08-30 12:44:12 +0900,2021-10-08 13:32:25 +0900,research,CC-BY-NC,https://www.inaturalist.org/observations/93005604,https://inaturalist-open-data.s3.amazonaws.com/photos/154139045/medium.jpg,NA,NA,NA,1,0,FALSE,3,"Texas, US",29.8840370404,-99.2120506038,65,NA,NA,NA,29433,obscured,open,TRUE,NA,NA,Red-spotted Toad,Anaxyrus punctatus,Red-spotted Toad,Amphibia,64984
93034586,2ed357ed-7a0b-421e-ba7e-68e0e524f6ae,2021-08-27 19:19:03,2021-08-27,2021-08-28 09:19:03 +0900,Central Time (US & Canada),2151702,bethmcb,NA,2021-08-30 22:16:42 +0900,2021-10-08 13:39:34 +0900,research,CC-BY-NC,https://www.inaturalist.org/observations/93034586,https://inaturalist-open-data.s3.amazonaws.com/photos/154131830/medium.jpeg,NA,NA,NA,1,0,FALSE,2,"Jeff Davis County, US-TX, US",30.7666362696,-104.0088723252,1864,NA,NA,NA,29330,obscured,open,TRUE,gps,gps,Red-spotted Toad,Anaxyrus punctatus,Red-spotted Toad,Amphibia,64984
93081875,9eb8092c-88d6-48ed-8ae2-6099a635b51f,2021-08-14 07:46:20,2021-08-14,2021-08-14 22:46:20 +0900,Mountain Time (US & Canada),2641938,eparra,Elizabeth Parra,2021-08-31 06:11:15 +0900,2021-10-08 13:47:11 +0900,research,CC-BY-NC,https://www.inaturalist.org/observations/93081875,https://inaturalist-open-data.s3.amazonaws.com/photos/154219092/medium.jpeg,NA,NA,NA,1,0,FALSE,2,"El Paso County, US-TX, US",31.9187148485,-106.0417003557,292,NA,NA,NA,292,NA,open,FALSE,gps,gps,Red-spotted Toad,Anaxyrus punctatus,Red-spotted Toad,Amphibia,64984
93104876,b0a2c711-87c1-4bcd-bf15-3addbfd1bb25,2021-08-15 23:15:29,2021-08-15,2021-08-16 13:15:29 +0900,Central Time (US & Canada),372904,kerrynewberry,Kerry Newberry,2021-08-31 10:14:29 +0900,2021-09-01 00:21:19 +0900,research,NA,https://www.inaturalist.org/observations/93104876,https://static.inaturalist.org/photos/154262797/medium.jpeg,NA,NA,NA,1,0,FALSE,2,"Fort Davis, TX 79734, USA",30.928756526,-103.8135162368,1865,NA,NA,NA,1865,NA,open,FALSE,gps,gps,Red-spotted Toad,Anaxyrus punctatus,Red-spotted Toad,Amphibia,64984
93377336,6ff39919-e241-4110-8b02-918deeb1e915,Thu Sep 02 2021 11:17:58 GMT-0500 (CDT),2021-09-02,2021-09-03 01:17:58 +0900,Central Time (US & Canada),38890,skenneth,NA,2021-09-03 01:41:34 +0900,2021-10-09 09:59:45 +0900,research,CC-BY-NC,https://www.inaturalist.org/observations/93377336,https://inaturalist-open-data.s3.amazonaws.com/photos/154757168/medium.jpg,NA,NA,NA,1,0,FALSE,3,"Fort Davis, TX, US",30.542495,-103.83445,4,NA,NA,NA,4,NA,open,FALSE,NA,NA,Red-spotted Toad,Anaxyrus punctatus,Red-spotted Toad,Amphibia,64984
93415170,25e27afa-0133-440e-ac61-23903dc4d431,2021/09/02 12:27 PM MDT,2021-09-02,2021-09-03 03:27:00 +0900,Mountain Time (US & Canada),212316,efdemoultrie,Liz DeMoultrie,2021-09-03 07:21:20 +0900,2021-09-25 05:32:50 +0900,research,CC-BY-NC,https://www.inaturalist.org/observations/93415170,https://inaturalist-open-data.s3.amazonaws.com/photos/154823633/medium.jpeg,NA,NA,NA,1,0,FALSE,NA,"El Paso, TX, USA",31.9210763574,-106.513062916,2,NA,NA,NA,2,NA,open,FALSE,NA,NA,Red-spotted Toad,Anaxyrus punctatus,Red-spotted Toad,Amphibia,64984
93452680,cbfe7d3c-7a7a-4980-8eda-643b2dea1509,2021-09-03 02:14:42,2021-09-03,2021-09-03 16:14:42 +0900,Central Time (US & Canada),42810,bwhite,Britt White,2021-09-03 18:03:31 +0900,2021-10-23 08:00:10 +0900,research,CC-BY-NC,https://www.inaturalist.org/observations/93452680,https://inaturalist-open-data.s3.amazonaws.com/photos/154893216/medium.jpeg,NA,NA,NA,2,0,FALSE,2,"Jeff Davis County, US-TX, US",30.83468999,-103.82952828,9,NA,NA,NA,9,NA,open,FALSE,NA,NA,Red-spotted Toad,Anaxyrus punctatus,Red-spotted Toad,Amphibia,64984
93519102,26d7f965-e088-4291-8444-474a95042c8c,2021-09-03 16:29:56,2021-09-03,2021-09-04 06:29:56 +0900,Central Time (US & Canada),19689,joanholt52,Joan Holt,2021-09-04 06:34:08 +0900,2021-10-09 10:31:49 +0900,research,CC-BY-NC,https://www.inaturalist.org/observations/93519102,https://inaturalist-open-data.s3.amazonaws.com/photos/155009604/medium.jpeg,NA,NA,NA,1,0,FALSE,2,"Fort Davis, TX 79734, USA",30.6213593,-103.9821228997,NA,NA,NA,NA,NA,NA,open,FALSE,gps,gps,Red-spotted Toad,Anaxyrus punctatus,Red-spotted Toad,Amphibia,64984
93551011,30272f50-e57b-4104-93e1-8c25f52bef3a,Thu Sep 02 2021 12:24:23 GMT-0500 (CDT),2021-09-02,2021-09-03 02:24:23 +0900,Central Time (US & Canada),76618,marcie12h,NA,2021-09-04 13:45:42 +0900,2021-09-15 16:43:27 +0900,research,CC-BY-NC,https://www.inaturalist.org/observations/93551011,https://inaturalist-open-data.s3.amazonaws.com/photos/155068791/medium.jpg,NA,NA,NA,1,0,FALSE,3,"Madera Canyon Trail, Fort Davis, TX, US",30.70372,-104.1052445,NA,NA,NA,NA,NA,NA,open,FALSE,NA,NA,Red-spotted Toad,Anaxyrus punctatus,Red-spotted Toad,Amphibia,64984
93594409,deb0829e-c709-4f8b-b113-0067f3309bdd,Fri Sep 03 2021 20:08:53 GMT-0500 (CDT),2021-09-03,2021-09-04 09:08:53 +0900,Eastern Time (US & Canada),169979,emily_card14,Emily Card,2021-09-05 00:42:57 +0900,2021-09-25 05:32:46 +0900,research,CC-BY-NC,https://www.inaturalist.org/observations/93594409,https://inaturalist-open-data.s3.amazonaws.com/photos/155143131/medium.jpg,NA,NA,NA,1,0,FALSE,3,"Big Bend Ranch State Park, Marfa, TX, US",29.326845,-104.03215,13,NA,NA,NA,13,NA,open,FALSE,NA,NA,Red-spotted Toad,Anaxyrus punctatus,Red-spotted Toad,Amphibia,64984
93643616,0fc5f9ed-70e3-4137-8721-da327c534c74,Sat Sep 04 2021 13:45:41 GMT-0500 (CDT),2021-09-04,2021-09-04 22:45:41 +0900,UTC,4263362,mmjohn00,NA,2021-09-05 07:11:25 +0900,2021-09-25 05:32:43 +0900,research,CC-BY-NC,https://www.inaturalist.org/observations/93643616,https://inaturalist-open-data.s3.amazonaws.com/photos/155232026/medium.jpg,NA,NA,NA,1,0,FALSE,3,"State St, Fort Davis, TX, US",30.592,-103.8913633333,9266,NA,NA,NA,9266,NA,open,FALSE,NA,NA,Red-spotted Toad,Anaxyrus punctatus,Red-spotted Toad,Amphibia,64984
93643905,ed10639d-7eb2-4098-806a-f9980aff67fe,Sat Sep 04 2021 15:16:40 GMT-0500 (CDT),2021-09-04,2021-09-05 00:16:40 +0900,UTC,4263362,mmjohn00,NA,2021-09-05 07:15:03 +0900,2021-09-25 05:32:41 +0900,research,CC-BY-NC,https://www.inaturalist.org/observations/93643905,https://inaturalist-open-data.s3.amazonaws.com/photos/155232949/medium.jpg,NA,NA,NA,1,0,FALSE,3,"State St, Fort Davis, TX, US",30.592,-103.8913633333,9266,NA,NA,NA,9266,NA,open,FALSE,NA,NA,Red-spotted Toad,Anaxyrus punctatus,Red-spotted Toad,Amphibia,64984
93779554,eb54a66f-10a3-4dbc-a504-a8fd26533261,Sun Sep 05 2021 10:13:50 GMT-0500 (CDT),2021-09-05,2021-09-06 00:13:50 +0900,Central Time (US & Canada),304129,jsolana,Jean Solana,2021-09-06 06:27:16 +0900,2021-12-10 21:47:26 +0900,research,CC-BY-NC,https://www.inaturalist.org/observations/93779554,https://inaturalist-open-data.s3.amazonaws.com/photos/155476048/medium.jpg,NA,NA,NA,1,0,FALSE,3,presidio county,29.413556,-104.133092,NA,NA,NA,NA,NA,NA,open,FALSE,NA,NA,Red-spotted Toad,Anaxyrus punctatus,Red-spotted Toad,Amphibia,64984
93780610,f3ed0ea1-e824-4268-8167-daa85ec22b61,2021-09-03 20:58:31,2021-09-03,2021-09-04 10:58:31 +0900,Central Time (US & Canada),1027469,adrian_medellin_photography,Adrian Medellin,2021-09-06 06:34:33 +0900,2021-11-16 06:59:27 +0900,research,CC-BY-NC,https://www.inaturalist.org/observations/93780610,https://inaturalist-open-data.s3.amazonaws.com/photos/155477675/medium.jpeg,NA,NA,NA,1,0,FALSE,2,"Big Bend National Park, TX 79834, USA",29.1808916667,-102.9574555556,NA,NA,NA,NA,NA,NA,open,FALSE,NA,NA,Red-spotted Toad,Anaxyrus punctatus,Red-spotted Toad,Amphibia,64984
93928804,e1d6e07f-5be7-45c9-b614-cea1a0ac697c,Mon Sep 06 2021 11:17:54 GMT-0600 (MDT),2021-09-06,2021-09-07 02:17:54 +0900,Mountain Time (US & Canada),4936448,venomous_texas,NA,2021-09-07 07:51:24 +0900,2021-09-25 05:32:31 +0900,research,CC-BY-NC,https://www.inaturalist.org/observations/93928804,https://inaturalist-open-data.s3.amazonaws.com/photos/155743775/medium.jpg,NA,NA,NA,1,0,FALSE,3,"McKelligon Canyon Rd, El Paso, TX, US",31.821495,-106.46885,15,NA,NA,NA,15,NA,open,FALSE,NA,NA,Red-spotted Toad,Anaxyrus punctatus,Red-spotted Toad,Amphibia,64984
93949440,598d96b2-67b1-4ad1-988b-5e57e183f05d,Mon Sep 06 2021 12:30:52 GMT-0500 (CDT),2021-09-06,2021-09-07 02:30:52 +0900,Central Time (US & Canada),17817,stevejandatx,Steve Janda,2021-09-07 11:16:46 +0900,2022-04-07 21:54:28 +0900,research,CC-BY-NC,https://www.inaturalist.org/observations/93949440,https://inaturalist-open-data.s3.amazonaws.com/photos/155782340/medium.jpg,NA,NA,NA,1,0,FALSE,3,"Fort Davis, TX, US",30.5346976741,-103.8295842466,775,NA,NA,NA,775,NA,open,FALSE,NA,NA,Red-spotted Toad,Anaxyrus punctatus,Red-spotted Toad,Amphibia,64984
94065031,4eae403e-2d87-4d08-a77e-aeda26d46085,Sat Sep 04 2021 20:53:42 GMT-0500 (CDT),2021-09-04,2021-09-05 05:53:42 +0900,UTC,4263362,mmjohn00,NA,2021-09-08 10:42:01 +0900,2021-09-09 03:53:23 +0900,research,CC-BY-NC,https://www.inaturalist.org/observations/94065031,https://inaturalist-open-data.s3.amazonaws.com/photos/155991440/medium.jpg,NA,NA,NA,1,0,FALSE,3,"Fort Davis, TX, US",30.619195,-103.9068216667,3325,NA,NA,NA,3325,NA,open,FALSE,NA,NA,Red-spotted Toad,Anaxyrus punctatus,Red-spotted Toad,Amphibia,64984
94084449,89f718e9-5bbb-4c54-aabb-40972ad4faf3,Sat Sep 04 2021 13:45:06 GMT-0500 (CDT),2021-09-04,2021-09-05 03:45:06 +0900,Central Time (US & Canada),2540943,analisase,Analisa Shields-Estrada,2021-09-08 16:46:35 +0900,2021-09-09 22:26:56 +0900,research,CC-BY-NC,https://www.inaturalist.org/observations/94084449,https://inaturalist-open-data.s3.amazonaws.com/photos/156028815/medium.jpg,NA,NA,NA,3,0,FALSE,3,"Davis Mountains State Park, Fort Davis, TX, US",30.6025666667,-103.927055,16,NA,NA,NA,16,NA,open,FALSE,NA,NA,Red-spotted Toad,Anaxyrus punctatus,Red-spotted Toad,Amphibia,64984
94297505,19a70d80-b560-4d62-bbef-03e892b22b94,Fri Sep 10 2021 00:27:42 GMT-0600 (MDT),2021-09-10,2021-09-10 15:27:42 +0900,Mountain Time (US & Canada),3625578,wesleydunn,NA,2021-09-10 15:27:56 +0900,2021-09-14 04:28:58 +0900,research,CC-BY-NC,https://www.inaturalist.org/observations/94297505,https://inaturalist-open-data.s3.amazonaws.com/photos/156410899/medium.jpg,NA,NA,NA,1,0,FALSE,3,"N Mesa St, El Paso, TX, US",31.8101715409,-106.5122203971,65,NA,NA,NA,65,NA,open,FALSE,NA,NA,Red-spotted Toad,Anaxyrus punctatus,Red-spotted Toad,Amphibia,64984
94533273,f0aba9d5-09fa-43c1-b227-21b12dab0aaf,2021-09-11 21:34:36,2021-09-11,2021-09-12 12:34:36 +0900,Mountain Time (US & Canada),4970783,elmedina2,Erin Medina,2021-09-12 12:36:21 +0900,2021-10-11 11:06:58 +0900,research,CC-BY-NC,https://www.inaturalist.org/observations/94533273,https://inaturalist-open-data.s3.amazonaws.com/photos/156827659/medium.jpeg,NA,NA,NA,1,0,FALSE,2,"Desierto Plaza, El Paso, TX 79912, USA",31.87629833,-106.56409561,14,NA,NA,NA,14,NA,open,FALSE,NA,NA,Red-spotted Toad,Anaxyrus punctatus,Red-spotted Toad,Amphibia,64984
94535705,70bb8e90-07e0-4de2-ac70-3eacb2c2a615,Sat Sep 11 2021 22:24:13 GMT-0500 (CDT),2021-09-11,2021-09-12 07:24:13 +0900,UTC,1812357,bzimmerbirds,NA,2021-09-12 13:07:04 +0900,2022-11-07 10:17:19 +0900,research,CC-BY-NC,https://www.inaturalist.org/observations/94535705,https://inaturalist-open-data.s3.amazonaws.com/photos/156831292/medium.jpg,NA,NA,NA,1,0,FALSE,3,"Marfa, TX, US",29.8671533333,-104.338875,5,NA,NA,NA,5,NA,open,FALSE,NA,NA,Red-spotted Toad,Anaxyrus punctatus,Red-spotted Toad,Amphibia,64984
94665526,befc620b-dd28-4dc4-b799-e190908e2cb2,Sun Sep 12 2021 20:03:55 GMT-0600 (MDT),2021-09-12,2021-09-13 11:03:55 +0900,Mountain Time (US & Canada),4976382,mariah132,mariah Crouse,2021-09-13 11:05:43 +0900,2022-04-11 03:21:40 +0900,research,NA,https://www.inaturalist.org/observations/94665526,https://static.inaturalist.org/photos/157063715/medium.jpg,NA,NA,NA,2,0,FALSE,3,"Chuck Heinrich Memorial Park, El Paso, TX, US",31.9340287835,-106.4478992488,29,NA,NA,NA,29,NA,open,FALSE,NA,NA,Red-spotted Toad,Anaxyrus punctatus,Red-spotted Toad,Amphibia,64984
94777147,0f734bcf-aa00-4409-bc9a-2943c37fce47,Mon Sep 13 2021 19:37:35 GMT-0600 (MDT),2021-09-13,2021-09-14 10:37:35 +0900,Mountain Time (US & Canada),682197,darwin1,NA,2021-09-14 10:42:11 +0900,2021-09-18 01:49:01 +0900,research,CC-BY-NC,https://www.inaturalist.org/observations/94777147,https://inaturalist-open-data.s3.amazonaws.com/photos/157261895/medium.jpg,NA,NA,NA,1,0,FALSE,3,"McKelligon Canyon Rd, El Paso, TX, US",31.8386783333,-106.4829033333,4,NA,NA,NA,4,NA,open,FALSE,NA,NA,Red-spotted Toad,Anaxyrus punctatus,Red-spotted Toad,Amphibia,64984
94787515,596a7734-a907-4adb-95f7-192d67015201,Mon Sep 13 2021 21:03:00 GMT-0600 (MDT),2021-09-13,2021-09-14 12:03:00 +0900,Mountain Time (US & Canada),4962996,esmeralda_salazar,Esmeralda Salazar,2021-09-14 13:12:04 +0900,2021-10-19 21:58:57 +0900,research,NA,https://www.inaturalist.org/observations/94787515,https://static.inaturalist.org/photos/157280179/medium.jpg,NA,NA,NA,2,0,FALSE,3,"Westside Community Open Reserve, El Paso, TX, US",31.8686366,-106.56486755,359,NA,NA,NA,359,NA,open,FALSE,NA,NA,Red-spotted Toad,Anaxyrus punctatus,Red-spotted Toad,Amphibia,64984
94834643,8c7dc5bd-3c19-43da-8c2d-aded405fe671,Mon Sep 13 2021 19:46:52 GMT-0600 (MDT),2021-09-13,2021-09-14 10:46:52 +0900,Mountain Time (US & Canada),682197,darwin1,NA,2021-09-15 01:18:02 +0900,2021-09-25 05:32:23 +0900,research,CC-BY-NC,https://www.inaturalist.org/observations/94834643,https://inaturalist-open-data.s3.amazonaws.com/photos/157360539/medium.jpg,NA,NA,NA,1,0,FALSE,3,"McKelligon Canyon Rd, El Paso, TX, US",31.8365916667,-106.4797216667,4,NA,NA,NA,4,NA,open,FALSE,NA,NA,Red-spotted Toad,Anaxyrus punctatus,Red-spotted Toad,Amphibia,64984
94877758,fb510de0-961e-4d50-adef-9dddef188410,Fri Sep 03 2021 02:14:41 GMT-0500 (CDT),2021-09-03,2021-09-03 16:14:41 +0900,Central Time (US & Canada),2540943,analisase,Analisa Shields-Estrada,2021-09-15 08:06:28 +0900,2021-10-11 12:51:35 +0900,research,CC-BY-NC,https://www.inaturalist.org/observations/94877758,https://inaturalist-open-data.s3.amazonaws.com/photos/157437458/medium.jpg,NA,NA,NA,1,0,FALSE,3,"FM-1832, Fort Davis, TX, US",30.834725,-103.8295533333,32,NA,NA,NA,32,NA,open,FALSE,NA,NA,Red-spotted Toad,Anaxyrus punctatus,Red-spotted Toad,Amphibia,64984
95118369,17c85480-4f92-4776-b0c7-8b0a12aaed70,Wed Sep 15 2021 10:11:46 GMT-0600 (MDT),2021-09-15,2021-09-16 01:11:46 +0900,Mountain Time (US & Canada),3682673,deadheadchem666,NA,2021-09-17 14:51:43 +0900,2021-09-17 15:27:23 +0900,research,CC-BY-NC,https://www.inaturalist.org/observations/95118369,https://inaturalist-open-data.s3.amazonaws.com/photos/157873291/medium.jpg,NA,NA,NA,1,0,FALSE,3,"Franklin Mountains State Park, El Paso, TX, US",31.8848333333,-106.5048833333,4,NA,NA,NA,4,NA,open,FALSE,NA,NA,Red-spotted Toad,Anaxyrus punctatus,Red-spotted Toad,Amphibia,64984
95363407,2ab5caac-a6fd-40fb-9f81-477823e7274b,2021/08/07 9:51 AM CDT,2021-08-07,2021-08-07 23:51:00 +0900,Central Time (US & Canada),14339,cliftonladd,"Clifton Ladd, C.W.B.",2021-09-19 13:54:42 +0900,2021-09-25 05:32:21 +0900,research,CC-BY-NC,https://www.inaturalist.org/observations/95363407,https://inaturalist-open-data.s3.amazonaws.com/photos/158308433/medium.jpeg,NA,NA,NA,1,0,FALSE,NA,"Uvalde County, TX, USA",29.5685722222,-99.7840111111,6,NA,NA,NA,6,NA,open,FALSE,NA,NA,Red-spotted Toad,Anaxyrus punctatus,Red-spotted Toad,Amphibia,64984
95363513,802dc474-9846-4bf2-92f9-4eb3b6427b1c,2021/08/07 11:23 AM CDT,2021-08-07,2021-08-08 01:23:00 +0900,Central Time (US & Canada),14339,cliftonladd,"Clifton Ladd, C.W.B.",2021-09-19 13:57:02 +0900,2021-09-25 05:32:19 +0900,research,CC-BY-NC,https://www.inaturalist.org/observations/95363513,https://inaturalist-open-data.s3.amazonaws.com/photos/158308654/medium.jpeg,NA,NA,NA,1,0,FALSE,NA,"Uvalde County, TX, USA",29.5669888889,-99.7913444444,8,NA,NA,NA,8,NA,open,FALSE,NA,NA,Red-spotted Toad,Anaxyrus punctatus,Red-spotted Toad,Amphibia,64984
95369095,055abb10-5966-4fc0-9def-80c1de86b1be,Sat Aug 28 2021 22:04:49 GMT-0500 (CDT),2021-08-28,2021-08-29 12:04:49 +0900,Central Time (US & Canada),3757936,stephtran,Stephanie Tran,2021-09-19 15:56:40 +0900,2025-02-22 01:02:18 +0900,research,CC-BY,https://www.inaturalist.org/observations/95369095,https://inaturalist-open-data.s3.amazonaws.com/photos/158318910/medium.jpg,NA,NA,NA,1,0,FALSE,3,"PR-21, Cleburne, TX, US",32.2631416667,-97.5603333333,35,NA,NA,NA,35,NA,open,FALSE,NA,NA,Red-spotted Toad,Anaxyrus punctatus,Red-spotted Toad,Amphibia,64984
95428755,fd718a77-3f2b-4e1c-923e-b0f70783518a,Wed Sep 15 2021 22:20:16 GMT-0500 (CDT),2021-09-15,2021-09-16 12:20:16 +0900,Central Time (US & Canada),43591,wildcarrot,Meghan Cassidy,2021-09-20 03:03:44 +0900,2021-09-25 05:32:14 +0900,research,CC-BY-SA,https://www.inaturalist.org/observations/95428755,https://inaturalist-open-data.s3.amazonaws.com/photos/158423963/medium.jpg,NA,NA,NA,1,0,FALSE,3,"Brewster County, US-TX, US",29.5465333333,-103.5452633333,11,NA,NA,NA,11,NA,open,FALSE,NA,NA,Red-spotted Toad,Anaxyrus punctatus,Red-spotted Toad,Amphibia,64984
95584063,33afe5e8-b93f-4dff-9a3d-9e841039d274,Sun Sep 19 2021 16:30:55 GMT-0600 (MDT),2021-09-19,2021-09-20 07:30:55 +0900,Mountain Time (US & Canada),682197,darwin1,NA,2021-09-21 06:37:16 +0900,2023-02-24 08:55:56 +0900,research,CC-BY-NC,https://www.inaturalist.org/observations/95584063,https://inaturalist-open-data.s3.amazonaws.com/photos/158700526/medium.jpg,NA,NA,NA,1,0,FALSE,3,"McKelligon Canyon Rd, El Paso, TX, US",31.8437533333,-106.4909283333,3,NA,NA,NA,3,NA,open,FALSE,NA,NA,Red-spotted Toad,Anaxyrus punctatus,Red-spotted Toad,Amphibia,64984
95822315,33f6332a-a954-4596-a296-e562bfeb3b15,2021/09/06 9:01 PM CDT,2021-09-06,2021-09-07 11:01:00 +0900,Central Time (US & Canada),435598,jeffmci9,Jeff McIntyre,2021-09-23 11:41:44 +0900,2021-09-25 13:38:06 +0900,research,CC-BY-NC,https://www.inaturalist.org/observations/95822315,https://inaturalist-open-data.s3.amazonaws.com/photos/159122387/medium.jpeg,NA,NA,NA,4,0,FALSE,NA,"Jeff Davis County, TX, USA",30.5931747624,-103.9392958482,2,NA,NA,NA,2,NA,open,FALSE,NA,NA,Red-spotted Toad,Anaxyrus punctatus,Red-spotted Toad,Amphibia,64984
96214352,29621840-c423-495b-8879-19936da3007f,Sat Sep 25 2021 21:19:27 GMT-0500 (CDT),2021-09-25,2021-09-26 06:19:27 +0900,UTC,4691487,sinflora,NA,2021-09-26 21:12:55 +0900,2021-10-08 12:35:12 +0900,research,CC-BY-NC,https://www.inaturalist.org/observations/96214352,https://inaturalist-open-data.s3.amazonaws.com/photos/159813991/medium.jpg,NA,NA,NA,1,0,FALSE,3,"Alpine, TX, US",29.5713210226,-102.9465602425,10,NA,NA,NA,10,NA,open,FALSE,NA,NA,Red-spotted Toad,Anaxyrus punctatus,Red-spotted Toad,Amphibia,64984
96443069,54844d40-6dfa-4bf3-b765-616bc104cd8c,Sat Sep 25 2021 09:50:10 GMT-0600 (MDT),2021-09-25,2021-09-26 00:50:10 +0900,Mountain Time (US & Canada),3214280,jacob_wedemeyer,NA,2021-09-28 12:52:34 +0900,2021-10-19 21:52:46 +0900,research,CC-BY-NC,https://www.inaturalist.org/observations/96443069,https://inaturalist-open-data.s3.amazonaws.com/photos/160225354/medium.jpg,NA,NA,NA,1,0,FALSE,3,"North Park, El Paso, TX, US",31.8640768905,-106.4600152818,1403,NA,NA,NA,1403,NA,open,FALSE,NA,NA,Red-spotted Toad,Anaxyrus punctatus,Red-spotted Toad,Amphibia,64984
96755963,136d2520-e027-49ad-b141-8b8b85289fc8,Sun Sep 26 2021 22:17:41 GMT-0500 (CDT),2021-09-26,2021-09-27 12:17:41 +0900,Central Time (US & Canada),14339,cliftonladd,"Clifton Ladd, C.W.B.",2021-10-01 13:23:43 +0900,2022-11-07 10:17:10 +0900,research,CC-BY-NC,https://www.inaturalist.org/observations/96755963,https://inaturalist-open-data.s3.amazonaws.com/photos/160791140/medium.jpg,NA,NA,NA,1,0,FALSE,3,"SH-55, Uvalde, TX, US",29.6109366667,-100.0081861167,65,NA,NA,NA,65,NA,open,FALSE,NA,NA,Red-spotted Toad,Anaxyrus punctatus,Red-spotted Toad,Amphibia,64984
96825897,151b29d9-4687-4cb6-9ed2-76b1a459127b,2014/03/29 10:38 AM CDT,2014-03-29,2014-03-30 00:38:00 +0900,Central Time (US & Canada),4745382,cindygroseth,Cindy Groseth,2021-10-02 06:15:08 +0900,2022-11-07 10:16:52 +0900,research,CC-BY-NC,https://www.inaturalist.org/observations/96825897,https://inaturalist-open-data.s3.amazonaws.com/photos/160911151/medium.jpg,NA,NA,NA,1,0,FALSE,NA,"Edwards County, TX, USA",29.932709,-100.077029,5,NA,NA,NA,5,NA,open,FALSE,NA,NA,Red-spotted Toad,Anaxyrus punctatus,Red-spotted Toad,Amphibia,64984
96844959,796cff13-5ce6-482a-8745-50dd691d7c11,Tue Sep 28 2021 11:54:20 GMT -0500 (CDT),2021-09-28,2021-09-28 20:54:20 +0900,UTC,3545958,swhitley,NA,2021-10-02 09:58:41 +0900,2021-10-24 14:02:38 +0900,research,CC-BY-NC,https://www.inaturalist.org/observations/96844959,https://inaturalist-open-data.s3.amazonaws.com/photos/160948488/medium.jpeg,NA,NA,NA,1,0,FALSE,333,Marfa,29.7154045105,-104.1989135742,NA,NA,NA,NA,NA,NA,open,FALSE,NA,NA,Red-spotted Toad,Anaxyrus punctatus,Red-spotted Toad,Amphibia,64984
96955660,c5dc2e2b-e688-4e88-85bc-3c0f8ba609fe,Sat Oct 02 2021 12:02:00 GMT-0500 (CDT),2021-10-02,2021-10-02 21:02:00 +0900,UTC,2736684,mrsroseberry,NA,2021-10-03 08:06:19 +0900,2021-10-25 05:10:38 +0900,research,CC-BY-NC,https://www.inaturalist.org/observations/96955660,https://inaturalist-open-data.s3.amazonaws.com/photos/161145526/medium.jpg,NA,NA,Saw this fun looking road today while hiking at Caprock Canyons State Park.,1,0,FALSE,3,"Caprock Canyons State Park, Quitaque, TX, US",34.4456252938,-101.0507281079,9743,NA,NA,NA,9743,NA,open,FALSE,NA,NA,Red-spotted Toad,Anaxyrus punctatus,Red-spotted Toad,Amphibia,64984
97103964,d6989a16-9a99-4d05-b448-b76bdf602dc9,Sun Oct 03 2021 15:27:49 GMT-0600 (MDT),2021-10-03,2021-10-04 06:27:49 +0900,Mountain Time (US & Canada),682197,darwin1,NA,2021-10-04 11:18:28 +0900,2021-10-04 11:38:51 +0900,research,CC-BY-NC,https://www.inaturalist.org/observations/97103964,https://inaturalist-open-data.s3.amazonaws.com/photos/161421733/medium.jpg,NA,NA,NA,1,0,FALSE,3,"McKelligon Canyon Rd, El Paso, TX, US",31.84387,-106.4907133333,4,NA,NA,NA,4,NA,open,FALSE,NA,NA,Red-spotted Toad,Anaxyrus punctatus,Red-spotted Toad,Amphibia,64984
97104230,24de8e18-5cf8-4fc2-8d28-551216faf958,Sun Oct 03 2021 16:17:22 GMT-0600 (MDT),2021-10-03,2021-10-04 07:17:22 +0900,Mountain Time (US & Canada),682197,darwin1,NA,2021-10-04 11:21:19 +0900,2021-10-05 05:49:03 +0900,research,CC-BY-NC,https://www.inaturalist.org/observations/97104230,https://inaturalist-open-data.s3.amazonaws.com/photos/161422271/medium.jpg,NA,NA,NA,1,0,FALSE,3,"McKelligon Canyon Rd, El Paso, TX, US",31.8219133333,-106.469345,3,NA,NA,NA,3,NA,open,FALSE,NA,NA,Red-spotted Toad,Anaxyrus punctatus,Red-spotted Toad,Amphibia,64984
97182979,3710147e-5cf1-41cb-aca2-4f5e7620ce47,2021-10-02 09:15:44,2021-10-02,2021-10-03 00:15:44 +0900,Mountain Time (US & Canada),3151618,sarahreyes,Sarah Reyes,2021-10-05 06:13:37 +0900,2021-10-26 03:22:15 +0900,research,NA,https://www.inaturalist.org/observations/97182979,https://static.inaturalist.org/photos/161571923/medium.jpeg,NA,NA,NA,1,0,FALSE,2,"El Paso, TX 79930, USA",31.8218987997,-106.4713203997,NA,NA,NA,NA,NA,NA,open,FALSE,gps,gps,Red-spotted Toad,Anaxyrus punctatus,Red-spotted Toad,Amphibia,64984
97211533,27bd4856-0fed-4c49-af75-b6863a82ac9a,2021/10/02 11:09 AM CDT,2021-10-02,2021-10-03 01:09:00 +0900,Central Time (US & Canada),1146707,jsmorph,NA,2021-10-05 11:54:29 +0900,2021-10-05 12:17:16 +0900,research,CC-BY-NC,https://www.inaturalist.org/observations/97211533,https://inaturalist-open-data.s3.amazonaws.com/photos/161627327/medium.jpg,NA,NA,NA,1,0,FALSE,NA,"Texas, US",30.3443204232,-103.5553536292,4,NA,NA,NA,29382,obscured,open,TRUE,NA,NA,Red-spotted Toad,Anaxyrus punctatus,Red-spotted Toad,Amphibia,64984
97493995,d12c4cdf-b1d3-4270-94f3-396bafe921c0,Thu Oct 07 2021 14:25:54 GMT-0500 (CDT),2021-10-07,2021-10-08 04:25:54 +0900,Central Time (US & Canada),279308,jcat,Judy,2021-10-08 07:44:46 +0900,2021-10-30 20:28:54 +0900,research,CC-BY-NC,https://www.inaturalist.org/observations/97493995,https://inaturalist-open-data.s3.amazonaws.com/photos/162151204/medium.jpg,NA,NA,NA,1,0,FALSE,3,"Big Bend Ranch State Park, Marfa, TX, US",29.3266,-104.0323555,8,NA,NA,NA,8,NA,open,FALSE,NA,NA,Red-spotted Toad,Anaxyrus punctatus,Red-spotted Toad,Amphibia,64984
97539913,b939c7ef-98eb-43af-a2cd-be499084a114,2021-10-07 11:42:50,2021-10-07,2021-10-08 01:42:50 +0900,Central Time (US & Canada),142530,ariggle01,Abi,2021-10-08 22:10:40 +0900,2023-04-06 22:52:02 +0900,research,NA,https://www.inaturalist.org/observations/97539913,https://static.inaturalist.org/photos/162236754/medium.jpeg,NA,NA,NA,1,0,FALSE,2,"Dell City, TX 79847, USA",31.9868222222,-104.7627777778,NA,NA,NA,NA,NA,NA,open,FALSE,gps,gps,Red-spotted Toad,Anaxyrus punctatus,Red-spotted Toad,Amphibia,64984
97691171,baeabf4b-0054-492c-9886-b47bc0252085,Sat Oct 09 2021 08:49:34 GMT-0500 (CDT),2021-10-09,2021-10-09 22:49:34 +0900,Central Time (US & Canada),279308,jcat,Judy,2021-10-10 05:26:36 +0900,2021-12-17 13:10:27 +0900,research,CC-BY-NC,https://www.inaturalist.org/observations/97691171,https://inaturalist-open-data.s3.amazonaws.com/photos/162507838/medium.jpg,NA,NA,NA,1,0,FALSE,3,"Big Bend Ranch State Park, Marfa, TX, US",29.3197133333,-103.8454883333,3,NA,NA,NA,3,NA,open,FALSE,NA,NA,Red-spotted Toad,Anaxyrus punctatus,Red-spotted Toad,Amphibia,64984
97760791,4914fa69-02ae-4928-ac1f-7f288df1c5e4,Sun Oct 10 2021 07:48:33 GMT-0500 (CDT),2021-10-10,2021-10-10 16:48:33 +0900,UTC,627946,coxca2,NA,2021-10-10 21:53:36 +0900,2022-11-07 10:15:54 +0900,research,NA,https://www.inaturalist.org/observations/97760791,https://static.inaturalist.org/photos/162640499/medium.jpg,NA,NA,NA,1,0,FALSE,3,"White Tail Dr, Fort Davis, TX, US",30.6222676899,-103.9800380953,24,NA,NA,NA,24,NA,open,FALSE,NA,NA,Red-spotted Toad,Anaxyrus punctatus,Red-spotted Toad,Amphibia,64984
97790269,2bac9e3b-965c-4eeb-ad2e-2772a4a162f0,Sun Oct 10 2021 07:11:34 GMT-0500 (CDT),2021-10-10,2021-10-10 14:11:34 +0900,Zagreb,12326,justbenice,Scott Young,2021-10-11 02:12:26 +0900,2022-03-29 01:02:38 +0900,research,NA,https://www.inaturalist.org/observations/97790269,https://static.inaturalist.org/photos/162693279/medium.jpg,NA,NA,NA,1,0,FALSE,3,"RM-1050, Utopia, TX, US",29.6038,-99.5608133333,4,NA,NA,NA,4,NA,open,FALSE,NA,NA,Red-spotted Toad,Anaxyrus punctatus,Red-spotted Toad,Amphibia,64984
97808585,f49c0864-1f16-4c3f-be9a-98d7249d13a3,Sun Oct 10 2021 14:28:25 GMT -0500 (CDT),2021-10-10,2021-10-10 23:28:25 +0900,UTC,4819049,reed_clay,Reed Clay,2021-10-11 04:29:08 +0900,2021-10-30 15:29:17 +0900,research,NA,https://www.inaturalist.org/observations/97808585,https://static.inaturalist.org/photos/162727292/medium.jpeg,NA,NA,NA,1,0,FALSE,333,Van Horn,31.4299793243,-104.7195281982,5,NA,NA,NA,5,NA,open,FALSE,NA,NA,Red-spotted Toad,Anaxyrus punctatus,Red-spotted Toad,Amphibia,64984
97808664,9c098efb-5d85-4ca2-8c39-88c20158aa76,Sun Oct 10 2021 14:29:26 GMT -0500 (CDT),2021-10-10,2021-10-10 23:29:26 +0900,UTC,4819049,reed_clay,Reed Clay,2021-10-11 04:29:42 +0900,2021-12-17 13:10:14 +0900,research,NA,https://www.inaturalist.org/observations/97808664,https://static.inaturalist.org/photos/162727291/medium.jpeg,NA,NA,NA,1,0,FALSE,333,"Culberson County, US-TX, US",31.4299259186,-104.7197570801,65,NA,NA,NA,65,NA,open,FALSE,NA,NA,Red-spotted Toad,Anaxyrus punctatus,Red-spotted Toad,Amphibia,64984
97909852,a44e3c75-5a1d-4047-8044-b027cbea4823,Tue Sep 28 2021 11:54:00 GMT-0500 (CDT),2021-09-28,2021-09-28 20:54:00 +0900,UTC,825429,thunderchords,NA,2021-10-12 01:54:41 +0900,2021-10-24 14:36:40 +0900,research,NA,https://www.inaturalist.org/observations/97909852,https://static.inaturalist.org/photos/162912077/medium.jpg,NA,NA,Found,1,0,FALSE,3,"Big Bend National Park, Alpine, TX, US",29.2678059756,-103.4476811577,3717,NA,NA,NA,3717,NA,open,FALSE,NA,NA,Red-spotted Toad,Anaxyrus punctatus,Red-spotted Toad,Amphibia,64984
98021330,3dfd0ffa-32dd-417c-a0fa-557c016f998e,2021/10/06 10:38 PM CDT,2021-10-06,2021-10-07 12:38:00 +0900,Central Time (US & Canada),9560,dianaterryhibbitts,Diana-Terry Hibbitts,2021-10-13 02:20:23 +0900,2021-10-13 02:39:35 +0900,research,CC-BY-NC,https://www.inaturalist.org/observations/98021330,https://inaturalist-open-data.s3.amazonaws.com/photos/163118457/medium.jpg,NA,NA,NA,1,0,FALSE,NA,"Edwards County, TX, USA",29.650315604,-100.0695700675,2,NA,NA,NA,2,NA,open,FALSE,NA,NA,Red-spotted Toad,Anaxyrus punctatus,Red-spotted Toad,Amphibia,64984
98067663,0286e50b-f4de-409b-9324-6adb7f503ea4,Tue Oct 12 2021 09:47:59 GMT-0600 (MDT),2021-10-12,2021-10-13 00:47:59 +0900,Mountain Time (US & Canada),31500,virginiasanford,Virginia Sanders,2021-10-13 10:59:35 +0900,2021-10-26 22:17:12 +0900,research,CC-BY-NC,https://www.inaturalist.org/observations/98067663,https://inaturalist-open-data.s3.amazonaws.com/photos/163205127/medium.jpg,NA,NA,In Closed Canyon of Big Bend Ranch State Park,1,0,FALSE,3,"Big Bend Ranch State Park, Marfa, TX, US",29.3251855274,-104.0351441176,116,NA,NA,NA,116,NA,open,FALSE,NA,NA,Red-spotted Toad,Anaxyrus punctatus,Red-spotted Toad,Amphibia,64984
98421733,a30698cd-6c7b-4e29-814a-f0ba1350b637,2021-10-16 13:41:36,2021-10-16,2021-10-17 04:41:36 +0900,Mountain Time (US & Canada),42810,bwhite,Britt White,2021-10-17 06:24:11 +0900,2021-10-23 07:56:29 +0900,research,CC-BY-NC,https://www.inaturalist.org/observations/98421733,https://inaturalist-open-data.s3.amazonaws.com/photos/163857424/medium.jpeg,NA,NA,NA,2,0,FALSE,2,"Blanco County, US-TX, US",30.30263939,-98.24613882,5,NA,NA,NA,5,NA,open,FALSE,NA,NA,Red-spotted Toad,Anaxyrus punctatus,Red-spotted Toad,Amphibia,64984
98455327,0ef83043-7b05-4ff9-9a96-a854eaad1e98,2013/08/29 8:46 PM CDT,2013-08-29,2013-08-30 10:46:00 +0900,Central Time (US & Canada),1979727,terryleecrane,Terry Lee Crane,2021-10-17 13:06:12 +0900,2021-10-18 07:37:26 +0900,research,CC-BY-NC,https://www.inaturalist.org/observations/98455327,https://inaturalist-open-data.s3.amazonaws.com/photos/163923075/medium.jpg,NA,NA,NA,1,0,FALSE,NA,"Culberson County, TX, USA",31.910078,-104.800115,74,NA,NA,NA,74,NA,open,FALSE,NA,NA,Red-spotted Toad,Anaxyrus punctatus,Red-spotted Toad,Amphibia,64984
98551592,09099c88-8cb9-46e1-afd1-4dd28d0ce5f4,Thu Oct 14 2021 11:07:55 GMT-0500 (CDT),2021-10-14,2021-10-15 01:07:55 +0900,Central Time (US & Canada),13156,romeyswanson,Romey Swanson,2021-10-18 08:02:49 +0900,2021-10-19 02:13:59 +0900,research,CC-BY-NC,https://www.inaturalist.org/observations/98551592,https://inaturalist-open-data.s3.amazonaws.com/photos/164104618/medium.jpg,NA,NA,NA,1,0,FALSE,3,"Rio Grande, Terlingua, TX, US",29.1584305,-103.6509466667,22,NA,NA,NA,22,NA,open,FALSE,NA,NA,Red-spotted Toad,Anaxyrus punctatus,Red-spotted Toad,Amphibia,64984
98751905,23e17d22-3619-41ad-a755-196cca4e6933,Mon Oct 18 2021 20:21:43 GMT-0500 (CDT),2021-10-18,2021-10-19 10:21:43 +0900,Central Time (US & Canada),27835,andrewmorgill,Andrew Orgill,2021-10-20 09:44:06 +0900,2021-10-21 04:34:07 +0900,research,CC-BY-NC,https://www.inaturalist.org/observations/98751905,https://static.inaturalist.org/photos/164487160/medium.jpg,NA,NA,NA,1,0,FALSE,3,"Davis Mountains State Park, Fort Davis, TX, US",30.596845,-103.9310533333,4,NA,NA,NA,4,NA,open,FALSE,NA,NA,Red-spotted Toad,Anaxyrus punctatus,Red-spotted Toad,Amphibia,64984
99156656,08eabea2-66ed-4beb-bec0-ef86d02035b1,Sat Oct 23 2021 13:43:28 GMT-0500 (CDT),2021-10-23,2021-10-23 22:43:28 +0900,UTC,974154,brendanegan,NA,2021-10-24 09:53:52 +0900,2021-11-07 12:57:45 +0900,research,NA,https://www.inaturalist.org/observations/99156656,https://static.inaturalist.org/photos/165236338/medium.jpg,NA,NA,NA,1,0,FALSE,3,"Big Bend Ranch State Park, Marfa, TX, US",29.4688842079,-103.9587747345,1929,NA,NA,NA,1929,NA,open,FALSE,NA,NA,Red-spotted Toad,Anaxyrus punctatus,Red-spotted Toad,Amphibia,64984
99246658,12ad6dde-a7a3-40ae-a57a-80041136c9d1,2021-10-24 10:39:09,2021-10-24,2021-10-25 01:39:09 +0900,Mountain Time (US & Canada),3627168,braulio32,Braulio Sanchez,2021-10-25 03:40:52 +0900,2021-11-07 13:11:21 +0900,research,NA,https://www.inaturalist.org/observations/99246658,https://static.inaturalist.org/photos/165405519/medium.jpeg,NA,NA,NA,1,0,FALSE,2,"El Paso, TX 79904, USA",31.8608079722,-106.4685649722,NA,NA,NA,NA,NA,NA,open,FALSE,gps,gps,Red-spotted Toad,Anaxyrus punctatus,Red-spotted Toad,Amphibia,64984
99273613,54ac830a-fc66-4e68-b2e4-83fc19f74e27,Sun Oct 24 2021 16:51:37 GMT-0500 (CDT),2021-10-24,2021-10-25 01:51:37 +0900,UTC,4340098,theherper,Kevin Graham,2021-10-25 07:19:51 +0900,2022-09-20 05:38:28 +0900,research,CC-BY-NC,https://www.inaturalist.org/observations/99273613,https://inaturalist-open-data.s3.amazonaws.com/photos/165461855/medium.jpg,NA,NA,NA,2,0,FALSE,3,"Gatesville, TX, US",31.2686472247,-97.7803672476,4,NA,NA,NA,4,NA,open,FALSE,NA,NA,Red-spotted Toad,Anaxyrus punctatus,Red-spotted Toad,Amphibia,64984
99368964,43526d69-216b-485c-8399-e8b33942a161,Sun Oct 24 2021 19:59:49 GMT-0500 (CDT),2021-10-24,2021-10-25 04:59:49 +0900,UTC,657688,dallasbirdman,NA,2021-10-26 03:06:43 +0900,2021-12-17 12:05:49 +0900,research,NA,https://www.inaturalist.org/observations/99368964,https://static.inaturalist.org/photos/165632601/medium.jpg,NA,NA,NA,2,0,FALSE,3,"Culberson County, US-TX, US",31.9453355744,-104.7043446325,5005,NA,NA,NA,5005,NA,open,FALSE,NA,NA,Red-spotted Toad,Anaxyrus punctatus,Red-spotted Toad,Amphibia,64984
99421301,1b9b8dde-651d-45ee-a29f-c488093558ff,2011/09/18 10:27 AM CDT,2011-09-18,2011-09-19 00:27:00 +0900,Central Time (US & Canada),1979727,terryleecrane,Terry Lee Crane,2021-10-26 12:33:42 +0900,2021-10-27 05:09:52 +0900,research,CC-BY-NC,https://www.inaturalist.org/observations/99421301,https://inaturalist-open-data.s3.amazonaws.com/photos/165728799/medium.jpg,NA,NA,NA,1,0,FALSE,NA,"Big Bend National Park, TX, USA",29.2498194,-103.2501636,91576,NA,NA,NA,91576,NA,open,FALSE,NA,NA,Red-spotted Toad,Anaxyrus punctatus,Red-spotted Toad,Amphibia,64984
100286539,5df9b690-2b7e-4f8c-ae84-60f487443fd2,2021-11-04 20:27:47,2021-11-04,2021-11-05 11:27:47 +0900,Mountain Time (US & Canada),1293575,anna_rivera,Anna Rivera Roy,2021-11-05 11:48:22 +0900,2021-11-15 12:07:27 +0900,research,CC-BY-NC,https://www.inaturalist.org/observations/100286539,https://inaturalist-open-data.s3.amazonaws.com/photos/167360329/medium.jpeg,NA,NA,NA,1,0,FALSE,2,"Lomas Del Rey, El Paso, TX, USA",31.8098179722,-106.5054279722,NA,NA,NA,NA,NA,NA,open,FALSE,gps,gps,Red-spotted Toad,Anaxyrus punctatus,Red-spotted Toad,Amphibia,64984
100742458,44d90518-0444-4de4-b506-33936131485e,Fri Sep 10 2021 20:31:42 GMT-0600 (MDT),2021-09-10,2021-09-11 11:31:42 +0900,Chihuahua,1310733,aolivas21,Andrea Olivas,2021-11-10 12:14:18 +0900,2023-09-20 19:53:50 +0900,research,NA,https://www.inaturalist.org/observations/100742458,https://static.inaturalist.org/photos/168170159/medium.jpg,NA,NA,"Found at Indio Mountains Research Station (location in map is estimated). Found outside of the building, near rocks.",2,0,FALSE,3,"Fort Hancock, TX, US",30.7638024183,-105.102777553,18207,NA,NA,NA,18207,NA,open,FALSE,NA,NA,Red-spotted Toad,Anaxyrus punctatus,Red-spotted Toad,Amphibia,64984
100783362,d44a8dd0-7ba5-468e-b34c-695dafc58230,2021-09-08 07:43:00,2021-09-08,2021-09-08 21:43:00 +0900,Central Time (US & Canada),3667193,marshallmills,Marshall Mills,2021-11-11 02:36:59 +0900,2021-12-10 04:12:03 +0900,research,NA,https://www.inaturalist.org/observations/100783362,https://static.inaturalist.org/photos/168242851/medium.jpeg,NA,NA,NA,1,0,FALSE,2,"Strawn, TX 76475, USA",32.5392612031,-98.5232703388,16000,NA,NA,NA,16000,NA,open,FALSE,gps,gps,Red-spotted Toad,Anaxyrus punctatus,Red-spotted Toad,Amphibia,64984
101340756,3c63d07c-3496-4c9c-a027-d829d9f667d7,2021/09/07 12:18 AM UTC,2021-09-07,2021-09-07 09:18:00 +0900,UTC,2147595,seandaniels,Sean Daniels,2021-11-18 02:13:47 +0900,2021-11-23 12:11:26 +0900,research,CC-BY-NC,https://www.inaturalist.org/observations/101340756,https://inaturalist-open-data.s3.amazonaws.com/photos/169229190/medium.jpeg,NA,NA,NA,1,0,FALSE,NA,"Brewster County, US-TX, US",29.6071636921,-103.1820820518,48,"Brewster County, TX, USA",29.6516472222,-103.0962833333,29458,obscured,open,TRUE,NA,NA,Red-spotted Toad,Anaxyrus punctatus,Red-spotted Toad,Amphibia,64984
101371661,6b7e039b-473e-4dfd-9fbc-029c38a020d4,2021/09/08 1:47 AM UTC,2021-09-08,2021-09-08 10:47:00 +0900,UTC,2147595,seandaniels,Sean Daniels,2021-11-18 11:12:21 +0900,2021-11-23 12:11:28 +0900,research,CC-BY-NC,https://www.inaturalist.org/observations/101371661,https://inaturalist-open-data.s3.amazonaws.com/photos/169288553/medium.jpeg,NA,NA,NA,1,0,FALSE,NA,"Brewster County, US-TX, US",29.5094834167,-103.4707381506,16,"Brewster County, TX, USA",29.4815361111,-103.5301666667,29483,obscured,open,TRUE,NA,NA,Red-spotted Toad,Anaxyrus punctatus,Red-spotted Toad,Amphibia,64984
101371663,bcb49071-abdb-411b-b99f-0f2dd3e4eed4,2021/09/08 2:01 AM UTC,2021-09-08,2021-09-08 11:01:00 +0900,UTC,2147595,seandaniels,Sean Daniels,2021-11-18 11:12:22 +0900,2021-11-23 12:11:25 +0900,research,CC-BY-NC,https://www.inaturalist.org/observations/101371663,https://inaturalist-open-data.s3.amazonaws.com/photos/169288580/medium.jpeg,NA,NA,NA,1,0,FALSE,NA,"Texas, US",29.5558885485,-103.5165128683,24,"Brewster, Texas, United States",29.5773027778,-103.5553444444,29483,obscured,open,TRUE,NA,NA,Red-spotted Toad,Anaxyrus punctatus,Red-spotted Toad,Amphibia,64984
101371667,696a419b-10d9-408b-958e-0caf648436f8,2021/09/08 2:37 AM UTC,2021-09-08,2021-09-08 11:37:00 +0900,UTC,2147595,seandaniels,Sean Daniels,2021-11-18 11:12:24 +0900,2021-11-19 05:52:03 +0900,research,CC-BY-NC,https://www.inaturalist.org/observations/101371667,https://inaturalist-open-data.s3.amazonaws.com/photos/169288663/medium.jpeg,NA,NA,NA,2,0,FALSE,NA,"Texas, US",29.9576000604,-103.5945255307,8,"Brewster County, TX, USA",29.9595194444,-103.5793833333,29433,obscured,open,TRUE,NA,NA,Red-spotted Toad,Anaxyrus punctatus,Red-spotted Toad,Amphibia,64984
101386528,d6d92229-00b0-4116-99f8-be09a26c4c0f,2021/09/08 9:02 PM UTC,2021-09-08,2021-09-09 06:02:00 +0900,UTC,2147595,seandaniels,Sean Daniels,2021-11-18 16:26:52 +0900,2021-11-19 04:49:43 +0900,research,CC-BY-NC,https://www.inaturalist.org/observations/101386528,https://inaturalist-open-data.s3.amazonaws.com/photos/169308801/medium.jpeg,NA,NA,NA,1,0,FALSE,NA,"Jeff Davis County, US-TX, US",30.8450894993,-103.9258237268,12,"Jeff Davis, Texas, United States",30.8094972222,-103.8726583333,29304,obscured,open,TRUE,NA,NA,Red-spotted Toad,Anaxyrus punctatus,Red-spotted Toad,Amphibia,64984
101802205,3731f8d4-0f87-48fa-8db8-d39398a71fb9,Tue Nov 23 2021 16:19:44 GMT-0600 (CST),2021-11-23,2021-11-24 07:19:44 +0900,Central Time (US & Canada),23415,nancyed,Nancye Saunders Drukker,2021-11-24 12:54:44 +0900,2021-12-04 06:24:07 +0900,research,CC-BY-NC,https://www.inaturalist.org/observations/101802205,https://inaturalist-open-data.s3.amazonaws.com/photos/170058863/medium.jpg,NA,NA,NA,1,0,FALSE,3,"Texas, US",29.7770590608,-98.9903406944,3,"Boerne, TX, US",29.7533866667,-98.83998,29458,obscured,open,TRUE,NA,NA,Red-spotted Toad,Anaxyrus punctatus,Red-spotted Toad,Amphibia,64984
102038665,5cfc9ee3-a365-409d-85d7-9f7db7d43b92,2021/10/15 6:05 PM UTC,2021-10-15,2021-10-16 03:05:00 +0900,UTC,682313,cesardiaz,NA,2021-11-28 07:30:46 +0900,2021-12-17 12:04:21 +0900,research,CC-BY-NC,https://www.inaturalist.org/observations/102038665,https://inaturalist-open-data.s3.amazonaws.com/photos/170495195/medium.jpg,NA,NA,Tiny red dots cover the toad. makes small ribbits/ croaking,1,0,FALSE,NA,"Hudspeth County, TX, USA",30.7909907751,-105.0041792365,4,NA,NA,NA,4,NA,open,FALSE,NA,NA,Red-spotted Toad,Anaxyrus punctatus,Red-spotted Toad,Amphibia,64984
102551492,8457591f-5bf3-4b43-b772-fbfe31cca84c,2021-12-05 13:24:43,2021-12-05,2021-12-06 04:24:43 +0900,Central Time (US & Canada),1760824,wetgoat,Jon DiVito,2021-12-06 04:26:35 +0900,2021-12-25 02:06:51 +0900,research,NA,https://www.inaturalist.org/observations/102551492,https://static.inaturalist.org/photos/171456136/medium.jpeg,NA,NA,75° cloudy. Find under rock,3,0,FALSE,2,"Canyon Lake, TX 78133, USA",29.9194397073,-98.1536421552,256,NA,NA,NA,256,NA,open,FALSE,gps,gps,Red-spotted Toad,Anaxyrus punctatus,Red-spotted Toad,Amphibia,64984
103348909,ce2788b2-f050-4a22-914c-03d6e614185e,Sat Dec 18 2021 17:13:14 GMT-0600 (CST),2021-12-18,2021-12-19 02:13:14 +0900,UTC,2643963,calcarr,NA,2021-12-20 13:15:43 +0900,2022-03-23 00:04:11 +0900,research,CC-BY-NC,https://www.inaturalist.org/observations/103348909,https://inaturalist-open-data.s3.amazonaws.com/photos/172946295/medium.jpg,NA,NA,NA,3,0,FALSE,3,"Big Bend Ranch State Park, Marfa, TX, US",29.3177030122,-103.9930307922,805,NA,NA,NA,805,NA,open,FALSE,NA,NA,Red-spotted Toad,Anaxyrus punctatus,Red-spotted Toad,Amphibia,64984
104044854,a0cdf668-6c2f-4565-a58c-ec28dbd74beb,Sun May 30 2021 19:00:27 GMT-0400 (EDT),2021-05-30,2021-05-31 08:00:27 +0900,Eastern Time (US & Canada),1151838,aaronr,aaronr,2022-01-01 03:28:42 +0900,2022-01-01 08:23:50 +0900,research,CC-BY-NC,https://www.inaturalist.org/observations/104044854,https://inaturalist-open-data.s3.amazonaws.com/photos/174283131/medium.jpg,NA,NA,NA,1,0,FALSE,3,"Fort Davis, TX, US",30.8023675593,-104.0890633814,38395,NA,NA,NA,38395,NA,open,FALSE,NA,NA,Red-spotted Toad,Anaxyrus punctatus,Red-spotted Toad,Amphibia,64984
104241617,6ef4845d-310b-4910-bcdd-25974add6c53,2021/10/01 12:38 AM UTC,2021-10-01,2021-10-01 09:38:00 +0900,UTC,4731658,centex,NA,2022-01-03 12:09:40 +0900,2022-01-04 09:21:04 +0900,research,NA,https://www.inaturalist.org/observations/104241617,https://static.inaturalist.org/photos/174641311/medium.jpeg,NA,NA,NA,1,0,FALSE,NA,"Culberson County, TX, USA",31.9832795388,-104.7778080298,931,NA,NA,NA,931,NA,open,FALSE,NA,NA,Red-spotted Toad,Anaxyrus punctatus,Red-spotted Toad,Amphibia,64984
104608371,e8a41c99-06d6-470a-8b34-9ebe002f81c2,2022-01-08 17:01:31,2022-01-08,2022-01-09 08:01:31 +0900,Central Time (US & Canada),34848,ghoese,Geoff Hoese,2022-01-09 08:57:22 +0900,2022-01-09 09:31:26 +0900,research,CC-BY-NC,https://www.inaturalist.org/observations/104608371,https://inaturalist-open-data.s3.amazonaws.com/photos/175319255/medium.jpeg,NA,NA,NA,1,0,FALSE,2,"Canyon Lake, TX 78133, USA",29.9156669722,-98.161061,NA,NA,NA,NA,NA,NA,open,FALSE,gps,gps,Red-spotted Toad,Anaxyrus punctatus,Red-spotted Toad,Amphibia,64984
104758738,b8ca3c62-4974-404d-8195-c8b1c6ce20f0,1997/07/04 8:48 AM CEST,1997-07-04,1997-07-04 15:48:00 +0900,Paris,3480148,b_akeret,Beat Akeret,2022-01-11 22:32:13 +0900,2022-01-12 00:10:47 +0900,research,CC-BY-NC,https://www.inaturalist.org/observations/104758738,https://inaturalist-open-data.s3.amazonaws.com/photos/175608519/medium.jpeg,NA,NA,NA,1,0,FALSE,NA,"Brewster County, Texas, USA",29.1541959272,-103.4797760395,500,NA,NA,NA,500,NA,open,FALSE,NA,NA,Red-spotted Toad,Anaxyrus punctatus,Red-spotted Toad,Amphibia,64984
104796453,98facb7e-4cb9-4971-9db2-84591c996cca,2021-07-10 18:31:00,2021-07-10,2021-07-11 08:31:00 +0900,Central Time (US & Canada),618478,isaacthelord,Isaac Lord,2022-01-12 13:10:46 +0900,2022-01-12 14:59:54 +0900,research,CC-BY-NC,https://www.inaturalist.org/observations/104796453,https://inaturalist-open-data.s3.amazonaws.com/photos/175679764/medium.jpeg,NA,NA,NA,1,0,FALSE,2,"Texas, US",31.2189400499,-101.8948173649,1592,NA,NA,NA,29252,obscured,open,TRUE,gps,gps,Red-spotted Toad,Anaxyrus punctatus,Red-spotted Toad,Amphibia,64984
104796538,22206c45-63ec-42ba-9776-b08b56a8c301,2021-06-12 17:34:00,2021-06-12,2021-06-13 07:34:00 +0900,Central Time (US & Canada),618478,isaacthelord,Isaac Lord,2022-01-12 13:12:14 +0900,2022-01-20 15:02:26 +0900,research,CC-BY-NC,https://www.inaturalist.org/observations/104796538,https://inaturalist-open-data.s3.amazonaws.com/photos/175679876/medium.jpeg,NA,NA,NA,1,0,FALSE,2,"Texas, US",31.3515015068,-101.8449943237,1592,NA,NA,NA,29252,obscured,open,TRUE,gps,gps,Red-spotted Toad,Anaxyrus punctatus,Red-spotted Toad,Amphibia,64984
104887452,05db9e78-7023-437d-80b0-a11423110fd2,2021/07/10 10:47 AM CDT,2021-07-10,2021-07-11 00:47:00 +0900,Central Time (US & Canada),10601,fishesoftexas,Fishes of Texas team,2022-01-14 08:06:15 +0900,2022-01-15 13:13:07 +0900,research,CC-BY-SA,https://www.inaturalist.org/observations/104887452,https://inaturalist-open-data.s3.amazonaws.com/photos/175853243/medium.jpeg,NA,NA,NA,2,0,FALSE,NA,"Brewster County, TX, USA",29.6571100131,-103.6496103707,200,NA,NA,NA,200,NA,open,FALSE,NA,NA,Red-spotted Toad,Anaxyrus punctatus,Red-spotted Toad,Amphibia,64984
106397816,9a49773c-4c4a-41bd-8a8a-b295dac0b307,Tue Feb 08 2022 14:23:03 GMT-0700 (MST),2022-02-08,2022-02-09 06:23:03 +0900,Mountain Time (US & Canada),5339981,lvga133,NA,2022-02-09 06:24:31 +0900,2023-02-24 08:55:43 +0900,research,CC-BY-NC,https://www.inaturalist.org/observations/106397816,https://inaturalist-open-data.s3.amazonaws.com/photos/178725380/medium.jpg,NA,NA,NA,2,0,FALSE,3,"Fort Bliss, El Paso, TX, US",31.8114185,-106.41795045,13863,NA,NA,NA,13863,NA,open,FALSE,NA,NA,Red-spotted Toad,Anaxyrus punctatus,Red-spotted Toad,Amphibia,64984
108836735,8911ba72-ed45-4284-b7da-686e2aca549e,Thu Mar 17 2022 18:51:49 GMT -0500 (CDT),2022-03-17,2022-03-18 03:51:49 +0900,UTC,1330815,snoozewaffle,NA,2022-03-18 08:53:20 +0900,2022-03-21 14:23:07 +0900,research,NA,https://www.inaturalist.org/observations/108836735,https://static.inaturalist.org/photos/183323909/medium.jpeg,NA,NA,NA,1,0,FALSE,333,"Presidio County, US-TX, US",29.8419370561,-104.2243300557,35,NA,NA,NA,29433,obscured,open,TRUE,NA,NA,Red-spotted Toad,Anaxyrus punctatus,Red-spotted Toad,Amphibia,64984
111812693,5a76dfc3-c684-45de-aa10-7f80fcda1cee,2022-04-16 21:05:56,2022-04-16,2022-04-17 12:05:56 +0900,Mountain Time (US & Canada),1832448,verotessier,Veronique Tessier,2022-04-18 03:12:29 +0900,2022-04-21 07:51:03 +0900,research,CC-BY-NC,https://www.inaturalist.org/observations/111812693,https://inaturalist-open-data.s3.amazonaws.com/photos/188800811/medium.jpeg,NA,NA,NA,2,0,FALSE,2,"Brewster County, US-TX, US",29.7860191728,-103.0525505728,17,NA,NA,NA,29458,obscured,open,TRUE,gps,gps,Red-spotted Toad,Anaxyrus punctatus,Red-spotted Toad,Amphibia,64984
112009768,e4fdb926-1dcf-4856-aab7-4d4064ba6a03,2022-04-18 22:48:17,2022-04-18,2022-04-19 12:48:17 +0900,Central Time (US & Canada),361217,alanek,Alan Pieluszynski,2022-04-19 13:06:47 +0900,2022-04-19 13:22:27 +0900,research,CC-BY-NC,https://www.inaturalist.org/observations/112009768,https://inaturalist-open-data.s3.amazonaws.com/photos/189160396/medium.jpeg,NA,NA,NA,1,0,FALSE,2,"Study Butte-Terlingua, TX 79852, USA",29.321296,-103.5903519722,NA,NA,NA,NA,NA,NA,open,FALSE,gps,gps,Red-spotted Toad,Anaxyrus punctatus,Red-spotted Toad,Amphibia,64984
112328580,4055ac83-8ede-4812-8e0e-073da1f9e883,2022-04-21 18:13:41,2022-04-21,2022-04-22 08:13:41 +0900,Central Time (US & Canada),512257,cwhiting,NA,2022-04-22 08:15:39 +0900,2022-04-22 09:56:01 +0900,research,CC-BY-NC,https://www.inaturalist.org/observations/112328580,https://inaturalist-open-data.s3.amazonaws.com/photos/189730413/medium.jpeg,NA,NA,NA,1,0,FALSE,2,"Big Bend National Park, TX 79834, USA",29.3251694444,-103.2105416667,NA,NA,NA,NA,NA,NA,open,FALSE,NA,NA,Red-spotted Toad,Anaxyrus punctatus,Red-spotted Toad,Amphibia,64984
112983750,04f8fa86-c062-4be4-973e-607622c813ff,2022-04-26 11:36:56-05:00,2022-04-26,2022-04-27 01:36:56 +0900,Central Time (US & Canada),2670227,jayhat,NA,2022-04-27 01:37:21 +0900,2022-04-28 08:23:53 +0900,research,CC-BY-NC,https://www.inaturalist.org/observations/112983750,https://inaturalist-open-data.s3.amazonaws.com/photos/190887000/medium.jpg,NA,NA,NA,2,0,FALSE,3,"Kothmann Rd, Dripping Springs, TX, US",30.2336557908,-98.2052237169,3,NA,NA,NA,3,NA,open,FALSE,NA,NA,Red-spotted Toad,Anaxyrus punctatus,Red-spotted Toad,Amphibia,64984
113179073,70b8f4e8-392a-4b68-a7cb-0c373655e184,2022-04-03 21:23:37-06:00,2022-04-03,2022-04-04 12:23:37 +0900,Mountain Time (US & Canada),1692519,senjed,Mehran Samei,2022-04-28 12:37:55 +0900,2022-05-01 13:26:24 +0900,research,NA,https://www.inaturalist.org/observations/113179073,https://static.inaturalist.org/photos/191232653/medium.jpg,NA,NA,NA,1,0,FALSE,3,"Cimarron Ridge Dr, El Paso, TX, US",31.87808,-106.53917,32,NA,NA,NA,32,NA,open,FALSE,NA,NA,Red-spotted Toad,Anaxyrus punctatus,Red-spotted Toad,Amphibia,64984
113308746,c3428c51-0bd0-4111-a5b6-e243a1ca6180,2022-04-28 21:57:30-05:00,2022-04-28,2022-04-29 11:57:30 +0900,Central Time (US & Canada),3073429,achipps,NA,2022-04-29 12:11:21 +0900,2022-04-29 12:46:16 +0900,research,CC-BY-NC,https://www.inaturalist.org/observations/113308746,https://inaturalist-open-data.s3.amazonaws.com/photos/191459258/medium.jpg,NA,NA,NA,2,0,FALSE,3,"Fm, Alpine, TX, US",29.571255,-102.94635,4,NA,NA,NA,4,NA,open,FALSE,NA,NA,Red-spotted Toad,Anaxyrus punctatus,Red-spotted Toad,Amphibia,64984
116367098,08cb818e-c40c-47d7-9927-145808b3afc4,2022-05-09 20:04:02,2022-05-09,2022-05-10 11:04:02 +0900,Mountain Time (US & Canada),4854550,smitetomb,Skye Gomez,2022-05-10 11:05:44 +0900,2022-06-19 14:22:15 +0900,research,NA,https://www.inaturalist.org/observations/116367098,https://static.inaturalist.org/photos/196424458/medium.jpeg,NA,NA,NA,2,0,FALSE,2,El Paso,31.7623487299,-106.4850215614,36999,NA,NA,NA,36999,NA,open,FALSE,gps,gps,Frogs and Toads,Anaxyrus punctatus,Red-spotted Toad,Amphibia,64984
116916949,74d62e13-56a4-494c-8edc-7bdc667063b5,2022-05-13 20:55:55,2022-05-13,2022-05-14 11:55:55 +0900,Mountain Time (US & Canada),42810,bwhite,Britt White,2022-05-14 11:20:50 +0900,2022-06-01 02:04:40 +0900,research,CC-BY-NC,https://www.inaturalist.org/observations/116916949,https://inaturalist-open-data.s3.amazonaws.com/photos/197398774/medium.jpeg,NA,NA,NA,2,0,FALSE,2,"Hudspeth County, US-TX, US",30.79717175,-105.011284,6,NA,NA,NA,6,NA,open,FALSE,NA,NA,Red-spotted Toad,Anaxyrus punctatus,Red-spotted Toad,Amphibia,64984
117090948,1fe386ad-a913-4cb0-9d2c-6c9da6201518,2022-05-14 22:52:33,2022-05-14,2022-05-15 13:52:33 +0900,Mountain Time (US & Canada),3092547,michlow,Michelle Lowrance,2022-05-15 13:57:24 +0900,2022-06-23 06:33:34 +0900,research,NA,https://www.inaturalist.org/observations/117090948,https://static.inaturalist.org/photos/197710171/medium.jpeg,NA,NA,NA,1,0,FALSE,2,6625 Cabana Del Sol Drive,31.8845091284,-106.5420651063,187,NA,NA,NA,187,NA,open,FALSE,gps,gps,Red-spotted Toad,Anaxyrus punctatus,Red-spotted Toad,Amphibia,64984
117501450,44befb79-7a7c-4253-a835-67c22fd21ef1,2022-05-05 20:46:48,2022-05-05,2022-05-06 10:46:48 +0900,Central Time (US & Canada),796067,alexbielli,Alex Bielli,2022-05-18 05:56:28 +0900,2022-11-07 10:15:40 +0900,research,CC-BY-NC,https://www.inaturalist.org/observations/117501450,https://inaturalist-open-data.s3.amazonaws.com/photos/198447756/medium.jpeg,NA,NA,NA,1,0,FALSE,2,"Dell City, TX 79847, USA",31.8940833333,-104.8220555556,NA,NA,NA,NA,NA,NA,open,FALSE,gps,gps,Red-spotted Toad,Anaxyrus punctatus,Red-spotted Toad,Amphibia,64984
117931690,8f48c97a-d088-4e3f-a4d7-7c28de52df83,2022/05/01 9:45 PM,2022-05-01,2022-05-02 11:45:00 +0900,Central Time (US & Canada),128628,bertharris,Bert Harris,2022-05-21 08:17:06 +0900,2022-06-08 21:05:07 +0900,research,CC-BY-NC,https://www.inaturalist.org/observations/117931690,https://inaturalist-open-data.s3.amazonaws.com/photos/199206938/medium.jpeg,NA,NA,NA,1,0,FALSE,NA,"Brewster County, TX, USA",29.2718065481,-103.1363867922,152,NA,NA,NA,152,NA,open,FALSE,NA,NA,Red-spotted Toad,Anaxyrus punctatus,Red-spotted Toad,Amphibia,64984
118108916,2546b249-1900-4831-b370-43c610f9e57a,2022/05/05 9:50 PM,2022-05-05,2022-05-06 11:50:00 +0900,Central Time (US & Canada),1148121,logancrees,Logan Crees,2022-05-22 10:40:03 +0900,2022-11-07 10:15:29 +0900,research,CC-BY-NC,https://www.inaturalist.org/observations/118108916,https://inaturalist-open-data.s3.amazonaws.com/photos/199519494/medium.jpg,NA,NA,NA,1,0,FALSE,NA,"Culberson County, TX, USA",31.8940076613,-104.8221613755,15,NA,NA,NA,15,NA,open,FALSE,NA,NA,Red-spotted Toad,Anaxyrus punctatus,Red-spotted Toad,Amphibia,64984
118739270,e7a5da12-7cea-4d93-a373-ee6a68412796,2022/05/25 6:22 PM,2022-05-25,2022-05-26 08:22:00 +0900,Central Time (US & Canada),363321,pufferchung,Michelle W.,2022-05-26 12:32:35 +0900,2022-06-09 01:20:11 +0900,research,CC-BY,https://www.inaturalist.org/observations/118739270,https://inaturalist-open-data.s3.amazonaws.com/photos/200652099/medium.jpeg,NA,NA,NA,2,0,FALSE,NA,"Blanco County, TX, USA",30.3064722222,-98.2510138889,NA,NA,NA,NA,NA,NA,open,FALSE,NA,NA,Red-spotted Toad,Anaxyrus punctatus,Red-spotted Toad,Amphibia,64984
118749332,89e50395-2f8f-4fa3-b326-578a3800f838,2022-05-26 01:26:25,2022-05-26,2022-05-26 15:26:25 +0900,Central Time (US & Canada),4657796,valkyrie1227,Ulyses Yakovlevich,2022-05-26 15:28:41 +0900,2022-10-05 21:13:45 +0900,research,CC-BY-NC,https://www.inaturalist.org/observations/118749332,https://inaturalist-open-data.s3.amazonaws.com/photos/200672356/medium.jpeg,NA,NA,NA,1,0,FALSE,2,"Texas, US",29.6763538934,-103.3394566789,150834,NA,NA,NA,150834,obscured,open,TRUE,gps,gps,Red-spotted Toad,Anaxyrus punctatus,Red-spotted Toad,Amphibia,64984
118749649,6c77442a-1bda-4010-9603-5b1b2223d759,2022-05-23 21:18:35,2022-05-23,2022-05-24 11:18:35 +0900,Central Time (US & Canada),4657796,valkyrie1227,Ulyses Yakovlevich,2022-05-26 15:35:26 +0900,2022-10-05 21:13:09 +0900,research,CC-BY-NC,https://www.inaturalist.org/observations/118749649,https://inaturalist-open-data.s3.amazonaws.com/photos/200672917/medium.jpeg,NA,NA,AOR,2,0,FALSE,2,"Texas, US",29.6420336173,-103.2731544341,150834,NA,NA,NA,150834,obscured,open,TRUE,gps,gps,Red-spotted Toad,Anaxyrus punctatus,Red-spotted Toad,Amphibia,64984
118749871,afe05aad-3208-42c5-89cc-ddfa804649c2,2022-05-26 01:07:05,2022-05-26,2022-05-26 15:07:05 +0900,Central Time (US & Canada),4657796,valkyrie1227,Ulyses Yakovlevich,2022-05-26 15:39:47 +0900,2022-10-05 21:12:33 +0900,research,CC-BY-NC,https://www.inaturalist.org/observations/118749871,https://inaturalist-open-data.s3.amazonaws.com/photos/200673279/medium.jpeg,NA,NA,NA,1,0,FALSE,2,"Brewster County, US-TX, US",29.5643878998,-103.5190747169,NA,NA,NA,NA,29483,obscured,open,TRUE,gps,gps,Red-spotted Toad,Anaxyrus punctatus,Red-spotted Toad,Amphibia,64984
119487275,7904fc19-8eaf-47bf-b64a-c42b81d85b0a,2022-04-27 10:11:13,2022-04-27,2022-04-28 01:11:13 +0900,Mountain Time (US & Canada),1576235,dianamoy1,Diana Moy,2022-05-31 06:09:30 +0900,2022-06-20 09:12:01 +0900,research,NA,https://www.inaturalist.org/observations/119487275,https://static.inaturalist.org/photos/201989331/medium.jpeg,NA,NA,NA,1,0,FALSE,2,Franklin Mountains State Park,31.9117027641,-106.5173673257,196,NA,NA,NA,196,NA,open,FALSE,gps,gps,Red-spotted Toad,Anaxyrus punctatus,Red-spotted Toad,Amphibia,64984
120146268,7cec1b47-019f-4b70-9696-d5e1fb00f82a,2022-06-03 23:02:24-05:00,2022-06-03,2022-06-04 13:02:24 +0900,Central Time (US & Canada),1258585,devinpedraza,Devin Pedraza,2022-06-04 21:51:12 +0900,2022-06-05 16:30:18 +0900,research,NA,https://www.inaturalist.org/observations/120146268,https://static.inaturalist.org/photos/203177774/medium.jpg,NA,NA,My brother found this,1,0,FALSE,3,"N County Rd, Alpine, TX, US",29.4630530549,-103.5532825163,110,NA,NA,NA,110,NA,open,FALSE,NA,NA,Red-spotted Toad,Anaxyrus punctatus,Red-spotted Toad,Amphibia,64984
120282304,15e9ac5a-8856-4b4e-b139-196f8ad78119,2022-06-04 21:21:59,2022-06-04,2022-06-05 11:21:59 +0900,Central Time (US & Canada),6690,sandboa,Chris Harrison,2022-06-05 14:05:02 +0900,2024-09-24 01:19:19 +0900,research,CC-BY,https://www.inaturalist.org/observations/120282304,https://inaturalist-open-data.s3.amazonaws.com/photos/203421892/medium.jpeg,NA,NA,NA,1,0,FALSE,2,"Edwards County, US-TX, US",29.6810758122,-100.4231919721,7,NA,NA,NA,7,NA,open,FALSE,gps,gps,Red-spotted Toad,Anaxyrus punctatus,Red-spotted Toad,Amphibia,64984
120537912,2dfe0855-7287-4a5f-b619-bb7fe1e8b9df,2022/06/04 6:32 AM,2022-06-04,2022-06-04 20:32:00 +0900,Central Time (US & Canada),23016,knightericm,Eric Knight,2022-06-07 02:03:26 +0900,2024-10-23 13:24:36 +0900,research,CC-BY-NC,https://www.inaturalist.org/observations/120537912,https://inaturalist-open-data.s3.amazonaws.com/photos/203847509/medium.jpg,NA,NA,NA,1,0,FALSE,NA,"Culberson County, TX, USA",31.8961074595,-104.8282478795,2,NA,NA,NA,2,NA,open,FALSE,NA,NA,Red-spotted Toad,Anaxyrus punctatus,Red-spotted Toad,Amphibia,64984
120618347,9f28a174-b973-4c6f-a30e-44b90242fee2,Mon Jun 06 2022 22:35:42 GMT -0500 (CDT),2022-06-06,2022-06-07 12:35:42 +0900,Central Time (US & Canada),150198,benwalker505,Ben,2022-06-07 12:36:07 +0900,2022-06-08 01:35:23 +0900,research,CC-BY-NC,https://www.inaturalist.org/observations/120618347,https://inaturalist-open-data.s3.amazonaws.com/photos/204109218/medium.jpeg,NA,NA,NA,1,0,FALSE,333,Ozona,30.8230381012,-101.1954116821,4,NA,NA,NA,4,NA,open,FALSE,NA,NA,Red-spotted Toad,Anaxyrus punctatus,Red-spotted Toad,Amphibia,64984
120693153,208cc809-7780-48d5-93ea-03714c192845,2022-06-07 02:52:51,2022-06-07,2022-06-07 16:52:51 +0900,Central Time (US & Canada),101345,rain4stgem,NA,2022-06-08 02:17:10 +0900,2022-11-07 10:15:12 +0900,research,CC-BY-NC,https://www.inaturalist.org/observations/120693153,https://inaturalist-open-data.s3.amazonaws.com/photos/204159529/medium.jpeg,NA,NA,NA,1,0,FALSE,2,"Alpine, TX 79830, USA",29.5302776998,-102.9271021485,19478,NA,NA,NA,19478,NA,open,FALSE,NA,NA,Red-spotted Toad,Anaxyrus punctatus,Red-spotted Toad,Amphibia,64984
120973577,dbfb5bd1-1361-4569-939e-1860f9fb3eb5,2022-06-09 10:29:21-06:00,2022-06-09,2022-06-10 01:29:21 +0900,Mountain Time (US & Canada),1576235,dianamoy1,Diana Moy,2022-06-10 01:30:51 +0900,2022-06-20 09:12:24 +0900,research,NA,https://www.inaturalist.org/observations/120973577,https://static.inaturalist.org/photos/205515639/medium.jpg,NA,NA,NA,1,0,FALSE,3,"Tom Mays Park, El Paso, TX, US",31.9075861383,-106.5107661206,2186,NA,NA,NA,2186,NA,open,FALSE,NA,NA,Red-spotted Toad,Anaxyrus punctatus,Red-spotted Toad,Amphibia,64984
121010773,f94e6df0-df6f-49de-9b86-56b9150b3694,2022-06-03 23:52:31-05:00,2022-06-03,2022-06-04 13:52:31 +0900,Central Time (US & Canada),5027621,a_sharp13,NA,2022-06-10 06:16:59 +0900,2022-06-12 07:10:03 +0900,research,CC-BY-NC,https://www.inaturalist.org/observations/121010773,https://inaturalist-open-data.s3.amazonaws.com/photos/204730653/medium.jpg,NA,NA,NA,1,0,FALSE,3,"Lost Maples State Natural Area, Vanderpool, TX, US",29.82537,-99.5846466667,50,NA,NA,NA,50,NA,open,FALSE,NA,NA,Red-spotted Toad,Anaxyrus punctatus,Red-spotted Toad,Amphibia,64984
121299499,affe0fd5-3a89-40a4-8eb9-1ee2fc54bea8,2022/06/09 4:14 AM,2022-06-09,2022-06-09 18:14:00 +0900,Central Time (US & Canada),1054455,reiver,NA,2022-06-12 05:35:31 +0900,2022-11-07 10:14:45 +0900,research,NA,https://www.inaturalist.org/observations/121299499,https://inaturalist-open-data.s3.amazonaws.com/photos/205226190/medium.jpg,NA,NA,NA,1,0,FALSE,NA,"Brewster County, TX, USA",29.4786461932,-103.5298528973,2,NA,NA,NA,2,NA,open,FALSE,NA,NA,Red-spotted Toad,Anaxyrus punctatus,Red-spotted Toad,Amphibia,64984
121299506,1ffd6431-0a7d-470f-9a90-110e8c7d8f6a,2022/06/09 4:14 AM,2022-06-09,2022-06-09 18:14:00 +0900,Central Time (US & Canada),1054455,reiver,NA,2022-06-12 05:35:32 +0900,2022-06-12 06:54:32 +0900,research,NA,https://www.inaturalist.org/observations/121299506,https://inaturalist-open-data.s3.amazonaws.com/photos/205226231/medium.jpg,NA,NA,NA,1,0,FALSE,NA,"Brewster County, TX, USA",29.4786238961,-103.5298622909,2,NA,NA,NA,2,NA,open,FALSE,NA,NA,Red-spotted Toad,Anaxyrus punctatus,Red-spotted Toad,Amphibia,64984
121300998,567215b9-e6b2-4194-8207-c6d2b5067556,2022-06-11 07:45:30-05:00,2022-06-11,2022-06-11 21:45:30 +0900,Central Time (US & Canada),2673156,lindseyelkins,Lindsey Elkins,2022-06-12 05:43:07 +0900,2022-06-12 06:54:27 +0900,research,NA,https://www.inaturalist.org/observations/121300998,https://static.inaturalist.org/photos/205246088/medium.jpg,NA,NA,NA,1,0,FALSE,3,"Del Rio, TX, US",29.8891083333,-100.9892583333,4,NA,NA,NA,4,NA,open,FALSE,NA,NA,Red-spotted Toad,Anaxyrus punctatus,Red-spotted Toad,Amphibia,64984
121879016,f98587c7-13ef-4582-a33d-60cee258bb47,2022-06-15 08:25:00,2022-06-15,2022-06-15 22:25:00 +0900,Central Time (US & Canada),5680823,gallus-domesticus,Spooky Boo,2022-06-15 23:54:07 +0900,2022-06-16 09:40:56 +0900,research,CC-BY-NC-SA,https://www.inaturalist.org/observations/121879016,https://inaturalist-open-data.s3.amazonaws.com/photos/206293752/medium.jpeg,NA,NA,Stormed the night before.,2,0,FALSE,2,"Terlingua, TX 79852, USA",29.4616442963,-103.5536111891,5,NA,NA,NA,5,NA,open,FALSE,gps,gps,Red-spotted Toad,Anaxyrus punctatus,Red-spotted Toad,Amphibia,64984
122133116,ab41465e-fa4e-4002-a08a-86a74d545da2,2022-06-17 00:46:46,2022-06-17,2022-06-17 14:46:46 +0900,Central Time (US & Canada),5680823,gallus-domesticus,Spooky Boo,2022-06-17 17:18:03 +0900,2024-09-06 00:24:41 +0900,research,CC-BY-NC-SA,https://www.inaturalist.org/observations/122133116,https://inaturalist-open-data.s3.amazonaws.com/photos/206754704/medium.jpeg,NA,NA,Rained in the late afternoon earlier in the day. Spotted crossing a road.,1,0,FALSE,2,"Big Bend National Park, TX 79834, USA",29.3216490729,-103.383506164,2308,NA,NA,NA,2308,NA,open,FALSE,gps,gps,Red-spotted Toad,Anaxyrus punctatus,Red-spotted Toad,Amphibia,64984
122176248,c849c7e7-4c0b-42ce-a9ae-ce98032f3f88,2022-06-17 10:02:51-06:00,2022-06-17,2022-06-18 01:02:51 +0900,Mountain Time (US & Canada),3141520,coobrien,Connor O’Brien,2022-06-18 01:04:26 +0900,2025-03-05 05:20:31 +0900,research,CC-BY-NC,https://www.inaturalist.org/observations/122176248,https://inaturalist-open-data.s3.amazonaws.com/photos/206829957/medium.jpg,NA,NA,NA,1,0,FALSE,3,"Franklin Mountains State Park, El Paso, TX, US",31.91643,-106.49845,4,NA,NA,NA,4,NA,open,FALSE,NA,NA,Red-spotted Toad,Anaxyrus punctatus,Red-spotted Toad,Amphibia,64984
122653514,d322bb63-0562-41a2-be36-e3c32a5eb628,2022-06-20 07:55:32-06:00,2022-06-20,2022-06-20 22:55:32 +0900,Mountain Time (US & Canada),5523912,raulboy,Joe,2022-06-20 23:38:53 +0900,2022-06-21 21:37:54 +0900,research,CC-BY-NC,https://www.inaturalist.org/observations/122653514,https://inaturalist-open-data.s3.amazonaws.com/photos/207689740/medium.jpg,NA,NA,NA,1,0,FALSE,333,"Franklin Mountains State Park, El Paso, TX, US",31.9329601132,-106.4873903046,126,NA,NA,NA,126,NA,open,FALSE,NA,NA,Red-spotted Toad,Anaxyrus punctatus,Red-spotted Toad,Amphibia,64984
122819290,326ae443-2e06-4171-9dc5-bcd70301a609,2022/06/20 2:35 PM,2022-06-20,2022-06-21 04:35:00 +0900,Central Time (US & Canada),34367,bbryan,Brynne L Bryan,2022-06-22 00:38:20 +0900,2024-07-20 00:04:38 +0900,research,NA,https://www.inaturalist.org/observations/122819290,https://static.inaturalist.org/photos/207991141/medium.jpeg,NA,NA,Juvenile,1,0,FALSE,NA,"Cooper Creek at Burning Tree Lane, Denton, TX, USA",33.2408488667,-97.1008934905,111,NA,NA,NA,111,NA,open,FALSE,NA,NA,Red-spotted Toad,Anaxyrus punctatus,Red-spotted Toad,Amphibia,64984
123747214,de838fd6-4e73-450a-ac78-3fccad4a7fd7,2022-06-18 00:04:11-05:00,2022-06-17,2022-06-18 14:04:11 +0900,Mountain Time (US & Canada),4513763,jakec21,NA,2022-06-28 06:26:06 +0900,2022-06-28 17:56:34 +0900,research,CC-BY-NC,https://www.inaturalist.org/observations/123747214,https://inaturalist-open-data.s3.amazonaws.com/photos/209669659/medium.jpg,NA,NA,NA,1,0,FALSE,3,"Texas, US",30.8782287931,-105.0006739593,4616,NA,NA,NA,29304,obscured,open,TRUE,NA,NA,Red-spotted Toad,Anaxyrus punctatus,Red-spotted Toad,Amphibia,64984
123896607,caca939e-bb95-484e-a9d9-ae7702a1ab88,2022-06-28 07:29:19-06:00,2022-06-28,2022-06-28 22:29:19 +0900,Central Time (US & Canada),1141191,jacobtennessen,NA,2022-06-29 07:54:21 +0900,2022-06-30 17:33:38 +0900,research,CC-BY-NC,https://www.inaturalist.org/observations/123896607,https://inaturalist-open-data.s3.amazonaws.com/photos/209941791/medium.jpg,NA,NA,NA,1,0,FALSE,3,"Guadalupe Mountains National Park, Van Horn, TX, US",31.8913398549,-104.8618120045,1490,NA,NA,NA,1490,NA,open,FALSE,NA,NA,Red-spotted Toad,Anaxyrus punctatus,Red-spotted Toad,Amphibia,64984
124507326,a4881783-bfa6-483c-adee-7ca92a6c7ebb,2022-07-02 23:13:09-05:00,2022-07-02,2022-07-03 13:13:09 +0900,Central Time (US & Canada),43772,gtsalmon,Gerry Salmon,2022-07-03 14:24:45 +0900,2024-09-01 09:14:31 +0900,research,CC-BY-NC,https://www.inaturalist.org/observations/124507326,https://inaturalist-open-data.s3.amazonaws.com/photos/211044166/medium.jpg,NA,NA,Under lights at night. Second image is as found on the bottom of a door frame. Imaged only. GTS 4209.,3,0,FALSE,3,"SH-17, Fort Davis, TX, US",30.607982,-103.882854,7,NA,NA,NA,7,NA,open,FALSE,NA,NA,Red-spotted Toad,Anaxyrus punctatus,Red-spotted Toad,Amphibia,64984
124917179,45ba2d2c-772f-48ad-8f31-457ac985fbb3,2015/04/10 8:24 PM,2015-04-10,2015-04-11 10:24:00 +0900,Central Time (US & Canada),1218191,levicor,Levi Cormier,2022-07-06 03:30:33 +0900,2024-11-17 05:30:49 +0900,research,NA,https://www.inaturalist.org/observations/124917179,https://static.inaturalist.org/photos/211780441/medium.jpg,NA,NA,NA,2,0,FALSE,NA,"Comal County, TX, USA",29.6836338302,-98.3495912893,739,NA,NA,NA,739,NA,open,FALSE,NA,NA,Red-spotted Toad,Anaxyrus punctatus,Red-spotted Toad,Amphibia,64984
125269355,85599f62-ea48-4657-a071-136c944ef330,2022-07-07 23:45:57,2022-07-07,2022-07-08 13:45:57 +0900,Central Time (US & Canada),6690,sandboa,Chris Harrison,2022-07-08 15:04:39 +0900,2024-09-24 01:19:19 +0900,research,CC-BY,https://www.inaturalist.org/observations/125269355,https://inaturalist-open-data.s3.amazonaws.com/photos/212426791/medium.jpeg,NA,NA,NA,1,0,FALSE,2,"Jeff Davis County, US-TX, US",30.8070796107,-103.8856619596,5,NA,NA,NA,5,NA,open,FALSE,gps,gps,Red-spotted Toad,Anaxyrus punctatus,Red-spotted Toad,Amphibia,64984
125295495,5f6aacf4-1cff-4ff5-a3f4-21807c58c637,2022-07-07 13:58:56-06:00,2022-07-07,2022-07-08 04:58:56 +0900,Central Time (US & Canada),3411566,mvrosenfield,NA,2022-07-08 21:59:02 +0900,2022-07-27 04:49:37 +0900,research,CC-BY-NC,https://www.inaturalist.org/observations/125295495,https://inaturalist-open-data.s3.amazonaws.com/photos/212471811/medium.jpg,NA,NA,NA,3,1,FALSE,3,"Guadalupe Mountains National Park, Van Horn, TX, US",31.9181216667,-104.82125,3357,NA,NA,NA,3357,NA,open,FALSE,NA,NA,Red-spotted Toad,Anaxyrus punctatus,Red-spotted Toad,Amphibia,64984
125663390,6b014a51-9aa2-4253-8e66-8f740b8c2a83,2022-07-09 22:13:17-05:00,2022-07-09,2022-07-10 12:13:17 +0900,Central Time (US & Canada),5498197,kendraherps,NA,2022-07-11 04:34:53 +0900,2022-07-14 03:57:00 +0900,research,CC-BY-NC,https://www.inaturalist.org/observations/125663390,https://inaturalist-open-data.s3.amazonaws.com/photos/213124973/medium.jpg,NA,NA,NA,1,0,FALSE,3,"Alpine, TX, US",30.056775,-103.5073916667,3,NA,NA,NA,3,NA,open,FALSE,NA,NA,Red-spotted Toad,Anaxyrus punctatus,Red-spotted Toad,Amphibia,64984
125666601,41419d0f-7cd7-4f76-912e-09d9fd6696a5,2022-07-10 12:40:15,2022-07-10,2022-07-11 02:40:15 +0900,Central Time (US & Canada),5385911,tjfishing,Tom Forwood Jr.,2022-07-11 04:52:37 +0900,2022-07-11 22:24:33 +0900,research,CC-BY-NC,https://www.inaturalist.org/observations/125666601,https://inaturalist-open-data.s3.amazonaws.com/photos/213130757/medium.jpeg,NA,NA,NA,1,0,FALSE,2,"Presidio County, US-TX, US",29.3267971929,-104.0321575105,17,NA,NA,NA,17,NA,open,FALSE,NA,NA,Red-spotted Toad,Anaxyrus punctatus,Red-spotted Toad,Amphibia,64984
126221307,0ecfc733-a358-4dae-b333-5dd25b30016d,2022-07-14 07:30:00-05:00,2022-07-14,2022-07-14 21:30:00 +0900,Central Time (US & Canada),939972,cmharper,Catherine M. Harper,2022-07-15 01:23:13 +0900,2022-07-19 07:35:48 +0900,research,CC-BY-NC-ND,https://www.inaturalist.org/observations/126221307,https://inaturalist-open-data.s3.amazonaws.com/photos/214139665/medium.jpg,NA,NA,NA,2,0,FALSE,3,"Palo Duro Canyon State Park, Canyon, TX, US",34.97187,-101.6782466667,NA,NA,NA,NA,NA,NA,open,FALSE,NA,NA,Red-spotted Toad,Anaxyrus punctatus,Red-spotted Toad,Amphibia,64984
126366367,292da7a7-9559-4621-b18b-23416b277fda,Sat Jul 09 2022 23:01:32 GMT-0500 (CDT),2022-07-09,2022-07-10 13:01:32 +0900,Central Time (US & Canada),4193179,sam_trujillo,Sam Trujillo,2022-07-16 02:31:59 +0900,2022-07-17 12:16:22 +0900,research,NA,https://www.inaturalist.org/observations/126366367,https://static.inaturalist.org/photos/214401009/medium.jpg,NA,NA,NA,2,0,FALSE,3,"Guadalupe Mountains National Park, Van Horn, TX, US",31.8951416667,-104.8258366667,4,NA,NA,NA,4,NA,open,FALSE,NA,NA,Red-spotted Toad,Anaxyrus punctatus,Red-spotted Toad,Amphibia,64984
126439107,bfc20a25-6bed-4099-a7d4-3a1b2d84645d,2022-07-15 21:15:36-06:00,2022-07-15,2022-07-16 12:15:36 +0900,Mountain Time (US & Canada),3215664,chrisnowa,Christopher Nowakowski,2022-07-16 14:13:52 +0900,2024-07-29 14:34:10 +0900,research,CC-BY-NC,https://www.inaturalist.org/observations/126439107,https://inaturalist-open-data.s3.amazonaws.com/photos/214534615/medium.jpg,NA,NA,NA,1,0,FALSE,3,"Franklin Mountains State Park, El Paso, TX, US",31.9295716667,-106.5135333333,3,NA,NA,NA,3,NA,open,FALSE,NA,NA,Red-spotted Toad,Anaxyrus punctatus,Red-spotted Toad,Amphibia,64984
126581513,1f1923e1-336d-4a2e-bdeb-21a4e3018415,2022-07-16 21:19:25-05:00,2022-07-16,2022-07-17 11:19:25 +0900,Central Time (US & Canada),586462,drew28,Drew Neyland,2022-07-17 11:20:43 +0900,2022-09-28 06:30:37 +0900,research,NA,https://www.inaturalist.org/observations/126581513,https://static.inaturalist.org/photos/214789920/medium.jpg,NA,NA,NA,2,0,FALSE,3,"Rio Frio, TX, US",29.6476083333,-99.7345283333,4,NA,NA,NA,4,NA,open,FALSE,NA,NA,Red-spotted Toad,Anaxyrus punctatus,Red-spotted Toad,Amphibia,64984
127614556,50b273cf-56f8-4496-b849-58343f05657e,2022-04-04 21:09:58-05:00,2022-04-04,2022-04-05 11:09:58 +0900,Central Time (US & Canada),1739755,aidancampos,Aidan Campos,2022-07-24 11:49:15 +0900,2024-12-22 06:20:17 +0900,research,CC-BY-NC,https://www.inaturalist.org/observations/127614556,https://inaturalist-open-data.s3.amazonaws.com/photos/216670831/medium.jpg,NA,NA,NA,1,0,FALSE,3,"Brewster County, US-TX, US",29.7152016943,-103.110075525,25,NA,NA,NA,29458,obscured,open,TRUE,NA,NA,NA,Anaxyrus punctatus,Red-spotted Toad,Amphibia,64984
128453545,d15bd5a9-b582-4171-8122-a081b9c35d09,2022-07-28 22:20:11-05:00,2022-07-28,2022-07-29 12:20:11 +0900,Central Time (US & Canada),206492,wild-about-texas,Michael Price,2022-07-29 23:37:40 +0900,2022-07-30 21:29:11 +0900,research,CC-BY-NC,https://www.inaturalist.org/observations/128453545,https://inaturalist-open-data.s3.amazonaws.com/photos/218190853/medium.jpg,NA,NA,NA,3,0,FALSE,3,"Jeff Davis County, US-TX, US",30.7039545709,-104.0978778567,9,NA,NA,NA,9,NA,open,FALSE,NA,NA,Red-spotted Toad,Anaxyrus punctatus,Red-spotted Toad,Amphibia,64984
128689625,4b15ecf2-e6c8-4802-9d1d-00be979c8aae,2022-07-30 16:38:42,2022-07-30,2022-07-31 06:38:42 +0900,Central Time (US & Canada),1113930,wes25,Wes Copas,2022-07-31 06:55:18 +0900,2024-09-18 02:45:03 +0900,research,CC-BY,https://www.inaturalist.org/observations/128689625,https://inaturalist-open-data.s3.amazonaws.com/photos/218612486/medium.jpeg,NA,NA,In Palo Duro Canyon after a massive thunderstorm with flash flooding the previous night,1,0,FALSE,2,"Canyon, TX 79015, USA",34.9764309997,-101.6795213,NA,NA,NA,NA,NA,NA,open,FALSE,gps,gps,Red-spotted Toad,Anaxyrus punctatus,Red-spotted Toad,Amphibia,64984
128754933,fa3e6cb1-9dfb-4d8c-bcb6-ef52a09b7cd7,2022-07-30 21:37:23-05:00,2022-07-30,2022-07-31 11:37:23 +0900,Central Time (US & Canada),206492,wild-about-texas,Michael Price,2022-07-31 15:46:51 +0900,2022-08-02 04:35:01 +0900,research,CC-BY-NC,https://www.inaturalist.org/observations/128754933,https://inaturalist-open-data.s3.amazonaws.com/photos/218729133/medium.jpg,NA,NA,NA,4,0,FALSE,3,"Culberson County, US-TX, US",31.2744378728,-104.5548884108,8,"FM-2185, Van Horn, TX, US",31.3092048579,-104.5404545028,29252,obscured,open,TRUE,NA,NA,Red-spotted Toad,Anaxyrus punctatus,Red-spotted Toad,Amphibia,64984
130124312,643ea7d5-f1bc-4f3d-b0c7-7c56e6038677,2017/04/16 11:12 PM,2017-04-16,2017-04-17 13:12:00 +0900,Central Time (US & Canada),741170,johnserrao,John Serrao,2022-08-10 01:16:49 +0900,2022-08-10 02:31:05 +0900,research,CC-BY-NC,https://www.inaturalist.org/observations/130124312,https://inaturalist-open-data.s3.amazonaws.com/photos/221233303/medium.jpg,NA,NA,NA,1,0,FALSE,NA,"Big Bend National Park, TX, USA",29.2498194,-103.2501636,91576,NA,NA,NA,91576,NA,open,FALSE,NA,NA,Red-spotted Toad,Anaxyrus punctatus,Red-spotted Toad,Amphibia,64984
130734225,3397d000-077e-4942-8edc-8fb1527f24cb,2022/08/04 12:56 AM,2022-08-04,2022-08-04 14:56:00 +0900,Central Time (US & Canada),176935,katbird26,Kate Yates,2022-08-14 13:27:51 +0900,2022-08-19 03:24:25 +0900,research,CC-BY-NC,https://www.inaturalist.org/observations/130734225,https://inaturalist-open-data.s3.amazonaws.com/photos/222376744/medium.jpeg,NA,NA,NA,1,0,FALSE,NA,"Brewster County, TX, USA",29.1770333333,-102.9991138889,11,NA,NA,NA,11,NA,open,FALSE,NA,NA,Red-spotted Toad,Anaxyrus punctatus,Red-spotted Toad,Amphibia,64984
130904102,3ff4b8b9-1729-44af-b603-adef85959db5,2022-08-14 21:02:21-06:00,2022-08-14,2022-08-15 12:02:21 +0900,Mountain Time (US & Canada),4717787,viperidae4ever,viperidae4ever,2022-08-15 15:57:39 +0900,2022-12-07 23:09:21 +0900,research,NA,https://www.inaturalist.org/observations/130904102,https://static.inaturalist.org/photos/222689129/medium.jpg,NA,NA,NA,4,0,FALSE,3,United States,31.6543622302,-106.581735616,4,NA,NA,NA,29199,obscured,open,TRUE,NA,NA,Red-spotted Toad,Anaxyrus punctatus,Red-spotted Toad,Amphibia,64984
130946152,96dc1f55-7773-4a80-85b8-3b7eb84dc476,2022-08-11 21:36:53-05:00,2022-08-11,2022-08-12 11:36:53 +0900,Central Time (US & Canada),17484,drewrdavis,"Drew R. Davis, Ph.D.",2022-08-16 00:41:55 +0900,2022-08-18 07:46:21 +0900,research,CC-BY-NC,https://www.inaturalist.org/observations/130946152,https://inaturalist-open-data.s3.amazonaws.com/photos/222765187/medium.jpg,NA,NA,NA,2,0,FALSE,3,"Marfa, TX, US",30.552857,-104.659104,3,NA,NA,NA,3,NA,open,FALSE,NA,NA,Anaxyrus punctatus,Anaxyrus punctatus,Red-spotted Toad,Amphibia,64984
131222580,90bc0e3a-a37e-4681-beed-25a1f2da58a0,2022-08-13 21:49:09-05:00,2022-08-13,2022-08-14 11:49:09 +0900,Central Time (US & Canada),17484,drewrdavis,"Drew R. Davis, Ph.D.",2022-08-18 02:07:15 +0900,2022-08-19 02:26:34 +0900,research,CC-BY-NC,https://www.inaturalist.org/observations/131222580,https://inaturalist-open-data.s3.amazonaws.com/photos/223276928/medium.jpg,NA,NA,NA,1,0,FALSE,3,"Marfa, TX, US",30.5516533333,-104.6594466667,3,NA,NA,NA,3,NA,open,FALSE,NA,NA,Red-spotted Toad,Anaxyrus punctatus,Red-spotted Toad,Amphibia,64984
131224092,48443f39-1b53-4f88-9ad0-f3fdb02c1f8a,2022-08-14 22:58:40-05:00,2022-08-14,2022-08-15 12:58:40 +0900,Central Time (US & Canada),17484,drewrdavis,"Drew R. Davis, Ph.D.",2022-08-18 02:20:51 +0900,2022-08-19 02:18:19 +0900,research,CC-BY-NC,https://www.inaturalist.org/observations/131224092,https://inaturalist-open-data.s3.amazonaws.com/photos/223280314/medium.jpg,NA,NA,NA,1,0,FALSE,3,"SH-54, Van Horn, TX, US",31.20013,-104.8515,3,NA,NA,NA,3,NA,open,FALSE,NA,NA,Red-spotted Toad,Anaxyrus punctatus,Red-spotted Toad,Amphibia,64984
131271381,232ee533-be92-44d6-a969-011e600edb25,2022-08-14 11:48:08-05:00,2022-08-14,2022-08-15 01:48:08 +0900,Central Time (US & Canada),17484,drewrdavis,"Drew R. Davis, Ph.D.",2022-08-18 09:08:51 +0900,2022-08-18 20:36:17 +0900,research,CC-BY-NC,https://www.inaturalist.org/observations/131271381,https://inaturalist-open-data.s3.amazonaws.com/photos/223365696/medium.jpg,NA,NA,NA,2,0,FALSE,3,"Fort Davis, TX, US",30.631775,-104.67907,3,NA,NA,NA,3,NA,open,FALSE,NA,NA,Red-spotted Toad,Anaxyrus punctatus,Red-spotted Toad,Amphibia,64984
131385446,265f5587-9730-4afb-8b5d-a733cec83ec6,2022-08-15 22:10:00-05:00,2022-08-15,2022-08-16 12:10:00 +0900,Central Time (US & Canada),17484,drewrdavis,"Drew R. Davis, Ph.D.",2022-08-19 06:53:16 +0900,2022-08-19 13:15:47 +0900,research,CC-BY-NC,https://www.inaturalist.org/observations/131385446,https://inaturalist-open-data.s3.amazonaws.com/photos/223579643/medium.jpg,NA,NA,NA,1,0,FALSE,3,"Sierra Vieja, Presidio County, TX",30.545994,-104.658844,3,NA,NA,NA,3,NA,open,FALSE,NA,NA,Red-spotted Toad,Anaxyrus punctatus,Red-spotted Toad,Amphibia,64984
131417507,8cb706c1-6e4e-43f4-97e2-1e7e927d1532,2022-08-18 23:08:32-05:00,2022-08-18,2022-08-19 13:08:32 +0900,Central Time (US & Canada),1201336,amybowenbrownhealthcoach,Amy Bowen Brown,2022-08-19 13:11:44 +0900,2022-08-31 16:04:54 +0900,research,NA,https://www.inaturalist.org/observations/131417507,https://static.inaturalist.org/photos/223642841/medium.jpg,NA,NA,NA,1,0,FALSE,3,"Childress, TX, US",34.6103912136,-100.2411763759,1982539,NA,NA,NA,1982539,NA,open,FALSE,NA,NA,Red-spotted Toad,Anaxyrus punctatus,Red-spotted Toad,Amphibia,64984
131613156,789ddb28-8e27-4a7d-b129-30c8e548c3d6,2022-08-20 06:58:17-06:00,2022-08-20,2022-08-20 21:58:17 +0900,Mountain Time (US & Canada),19563,henicorhina,Oscar Johnson,2022-08-21 02:59:32 +0900,2022-08-21 03:09:07 +0900,research,CC-BY-NC-ND,https://www.inaturalist.org/observations/131613156,https://inaturalist-open-data.s3.amazonaws.com/photos/223999164/medium.jpg,NA,NA,NA,1,0,FALSE,3,"South Dakota Park, El Paso, TX, US",31.8792116667,-106.546425,5,NA,NA,NA,5,NA,open,FALSE,NA,NA,Red-spotted Toad,Anaxyrus punctatus,Red-spotted Toad,Amphibia,64984
131898537,ff2a4204-2e1f-4737-bbf7-296dea540739,2022-07-14 21:50:04-05:00,2022-07-14,2022-07-15 11:50:04 +0900,Central Time (US & Canada),857115,theponchoguy,NA,2022-08-23 00:59:40 +0900,2022-11-07 10:14:10 +0900,research,NA,https://www.inaturalist.org/observations/131898537,https://static.inaturalist.org/photos/224531001/medium.jpg,NA,NA,NA,1,0,FALSE,3,"SH-118, Alpine, TX, US",30.297995,-103.59973,540,NA,NA,NA,540,NA,open,FALSE,NA,NA,Red-spotted Toad,Anaxyrus punctatus,Red-spotted Toad,Amphibia,64984
131913172,9ec6dd60-d3dd-4a6c-afca-15313e5fc070,2022-08-21 15:09:10,2022-08-21,2022-08-22 05:09:10 +0900,Central Time (US & Canada),5385911,tjfishing,Tom Forwood Jr.,2022-08-23 03:06:15 +0900,2022-09-08 07:00:03 +0900,research,CC-BY-NC,https://www.inaturalist.org/observations/131913172,https://inaturalist-open-data.s3.amazonaws.com/photos/224813636/medium.jpeg,NA,NA,NA,1,0,FALSE,2,"Presidio County, US-TX, US",29.3267888529,-104.0326064453,6,NA,NA,NA,6,NA,open,FALSE,NA,NA,Red-spotted Toad,Anaxyrus punctatus,Red-spotted Toad,Amphibia,64984
132896607,cbbe1e85-30db-4f1c-8a7b-dba002519a6b,2022-08-29 17:06:46-05:00,2022-08-29,2022-08-30 07:06:46 +0900,Central Time (US & Canada),421879,kyle_klotz,Kyle Klotz,2022-08-30 10:18:01 +0900,2022-08-31 15:57:35 +0900,research,NA,https://www.inaturalist.org/observations/132896607,https://static.inaturalist.org/photos/226286593/medium.jpg,NA,NA,NA,1,0,FALSE,3,"Texas, US",31.8295884011,-104.7931928309,3,NA,NA,NA,29173,obscured,open,TRUE,NA,NA,Red-spotted Toad,Anaxyrus punctatus,Red-spotted Toad,Amphibia,64984
132896805,3af59251-8762-40c5-ae55-3da0a44160c3,2022-08-29 17:06:26-05:00,2022-08-29,2022-08-30 07:06:26 +0900,Central Time (US & Canada),421879,kyle_klotz,Kyle Klotz,2022-08-30 10:19:46 +0900,2022-08-31 15:57:41 +0900,research,NA,https://www.inaturalist.org/observations/132896805,https://static.inaturalist.org/photos/226286878/medium.jpg,NA,NA,NA,1,0,FALSE,3,"Texas, US",31.8964227276,-104.6439541178,137,NA,NA,NA,29173,obscured,open,TRUE,NA,NA,Red-spotted Toad,Anaxyrus punctatus,Red-spotted Toad,Amphibia,64984
132910596,e0a4414d-180a-4ab1-9eec-a39142d51e82,2022-08-29 17:02:57-05:00,2022-08-29,2022-08-30 07:02:57 +0900,Central Time (US & Canada),421879,kyle_klotz,Kyle Klotz,2022-08-30 13:00:14 +0900,2022-08-30 16:55:13 +0900,research,NA,https://www.inaturalist.org/observations/132910596,https://static.inaturalist.org/photos/226313610/medium.jpg,NA,NA,NA,1,0,FALSE,3,"Texas, US",31.9888538018,-104.7735812724,5,NA,NA,NA,29173,obscured,open,TRUE,NA,NA,Red-spotted Toad,Anaxyrus punctatus,Red-spotted Toad,Amphibia,64984
133032252,018afecf-80e1-4d9b-9678-0cec388572a0,2022-08-30 09:01:39-06:00,2022-08-30,2022-08-31 00:01:39 +0900,Mountain Time (US & Canada),19563,henicorhina,Oscar Johnson,2022-08-31 11:14:03 +0900,2022-09-02 01:29:25 +0900,research,CC-BY-NC-ND,https://www.inaturalist.org/observations/133032252,https://inaturalist-open-data.s3.amazonaws.com/photos/226539342/medium.jpg,NA,NA,NA,2,0,FALSE,3,"Mulberry Reservoir, El Paso, TX, US",31.8680633333,-106.5649116667,5,NA,NA,NA,5,NA,open,FALSE,NA,NA,Red-spotted Toad,Anaxyrus punctatus,Red-spotted Toad,Amphibia,64984
133109616,2edb65a2-64c4-4b9b-b431-09e87b4e9c2a,2022/08/31 9:20 AM,2022-08-31,2022-09-01 00:20:00 +0900,Mountain Time (US & Canada),1499212,adkonings,Ad Konings,2022-09-01 03:25:34 +0900,2023-05-22 02:05:09 +0900,research,CC-BY-NC,https://www.inaturalist.org/observations/133109616,https://inaturalist-open-data.s3.amazonaws.com/photos/226680413/medium.jpg,NA,NA,NA,1,0,FALSE,NA,"Desierto Plaza, El Paso, TX 79912, USA",31.867195,-106.565544,3,NA,NA,NA,3,NA,open,FALSE,NA,NA,Red-spotted Toad,Anaxyrus punctatus,Red-spotted Toad,Amphibia,64984
133404829,465d47eb-5a01-4146-a92a-0c6af9070b2c,2022-08-23 21:04:03-05:00,2022-08-23,2022-08-24 11:04:03 +0900,Central Time (US & Canada),3529848,scrump1234,NA,2022-09-03 09:24:02 +0900,2022-09-18 02:21:08 +0900,research,CC-BY-NC,https://www.inaturalist.org/observations/133404829,https://inaturalist-open-data.s3.amazonaws.com/photos/227228154/medium.jpg,NA,NA,NA,2,0,FALSE,3,"Big Bend National Park, Alpine, TX, US",29.2738876649,-103.2850785729,149,NA,NA,NA,149,NA,open,FALSE,NA,NA,Red-spotted Toad,Anaxyrus punctatus,Red-spotted Toad,Amphibia,64984
133863428,5def2493-fa64-4426-b942-fa608aa57499,2022-09-05 21:07:13-05:00,2022-09-05,2022-09-06 11:07:13 +0900,Central Time (US & Canada),3835992,nancymntlvo,Nancy Montealvo,2022-09-06 11:08:22 +0900,2023-02-24 08:55:00 +0900,research,NA,https://www.inaturalist.org/observations/133863428,https://static.inaturalist.org/photos/228081338/medium.jpg,NA,NA,Morning hike at Enchanted rock,1,0,FALSE,3,"Enchanted Rock State Natural Area, Fredericksburg, TX, US",30.5072383333,-98.8188383333,4,NA,NA,NA,4,NA,open,FALSE,NA,NA,Red-spotted Toad,Anaxyrus punctatus,Red-spotted Toad,Amphibia,64984
134058734,af8175cb-0807-4b3b-9a55-9b4d90a9e950,2022-09-04 20:57:39-05:00,2022-09-04,2022-09-05 10:57:39 +0900,Central Time (US & Canada),770125,nloveland,Nick Loveland,2022-09-08 02:01:34 +0900,2022-09-09 00:16:30 +0900,research,CC0,https://www.inaturalist.org/observations/134058734,https://inaturalist-open-data.s3.amazonaws.com/photos/228446116/medium.jpg,NA,NA,NA,2,0,FALSE,3,"Alpine, TX, US",29.5851416667,-102.89913,4,NA,NA,NA,4,NA,open,FALSE,NA,NA,Red-spotted Toad,Anaxyrus punctatus,Red-spotted Toad,Amphibia,64984
134441672,2e15e260-7692-4904-bf95-51c24352c8fa,2022/08/31 7:45 PM,2022-08-31,2022-09-01 09:45:00 +0900,Central Time (US & Canada),1635794,ian253,Ian Kanda,2022-09-11 01:24:51 +0900,2023-05-26 22:55:55 +0900,research,NA,https://www.inaturalist.org/observations/134441672,https://static.inaturalist.org/photos/229148804/medium.jpeg,NA,NA,NA,1,0,FALSE,NA,"Jeff Davis County, TX, USA",30.517803034,-103.7688500436,977,NA,NA,NA,977,NA,open,FALSE,NA,NA,Red-spotted Toad,Anaxyrus punctatus,Red-spotted Toad,Amphibia,64984
134441673,853eaa27-1283-4272-987a-1097ebfaa8e0,2022/08/31 7:58 PM,2022-08-31,2022-09-01 09:58:00 +0900,Central Time (US & Canada),1635794,ian253,Ian Kanda,2022-09-11 01:24:51 +0900,2023-05-26 22:56:00 +0900,research,NA,https://www.inaturalist.org/observations/134441673,https://static.inaturalist.org/photos/229149150/medium.jpeg,NA,NA,NA,1,0,FALSE,NA,"Jeff Davis County, TX, USA",30.5083381656,-103.754430488,977,NA,NA,NA,977,NA,open,FALSE,NA,NA,Red-spotted Toad,Anaxyrus punctatus,Red-spotted Toad,Amphibia,64984
134458659,cc3bf71f-f8b6-4b82-a043-992420caa5de,2022/09/01 3:45 PM,2022-09-01,2022-09-02 05:45:00 +0900,Central Time (US & Canada),1635794,ian253,Ian Kanda,2022-09-11 03:13:07 +0900,2022-09-11 04:26:12 +0900,research,NA,https://www.inaturalist.org/observations/134458659,https://static.inaturalist.org/photos/229177104/medium.jpeg,NA,NA,NA,1,0,FALSE,NA,"Brewster County, TX, USA",29.4501364501,-103.395617007,91,NA,NA,NA,91,NA,open,FALSE,NA,NA,Red-spotted Toad,Anaxyrus punctatus,Red-spotted Toad,Amphibia,64984
134458679,ad650948-8937-4569-bcf2-9505f6880d5b,2022/09/01 7:17 PM,2022-09-01,2022-09-02 09:17:00 +0900,Central Time (US & Canada),1635794,ian253,Ian Kanda,2022-09-11 03:13:13 +0900,2022-09-11 04:26:09 +0900,research,NA,https://www.inaturalist.org/observations/134458679,https://static.inaturalist.org/photos/229180302/medium.jpeg,NA,NA,NA,1,0,FALSE,NA,"Presidio County, TX, USA",29.2843460272,-103.9152418134,977,NA,NA,NA,977,NA,open,FALSE,NA,NA,Red-spotted Toad,Anaxyrus punctatus,Red-spotted Toad,Amphibia,64984
134458681,978859fe-ec4a-423e-ae33-995294f7d7e3,2022/09/01 7:21 PM,2022-09-01,2022-09-02 09:21:00 +0900,Central Time (US & Canada),1635794,ian253,Ian Kanda,2022-09-11 03:13:14 +0900,2022-09-11 08:53:30 +0900,research,NA,https://www.inaturalist.org/observations/134458681,https://static.inaturalist.org/photos/229180449/medium.jpeg,NA,NA,NA,1,0,FALSE,NA,"Manuel Benavides Municipality, Chihuahua, Mexico",29.288258,-103.901754,28,NA,NA,NA,28,NA,open,FALSE,NA,NA,Red-spotted Toad,Anaxyrus punctatus,Red-spotted Toad,Amphibia,64984
134458687,2be28b59-b7c9-4022-8461-2867250a640a,2022/09/01 8:42 PM,2022-09-01,2022-09-02 10:42:00 +0900,Central Time (US & Canada),1635794,ian253,Ian Kanda,2022-09-11 03:13:16 +0900,2022-09-11 04:26:07 +0900,research,NA,https://www.inaturalist.org/observations/134458687,https://static.inaturalist.org/photos/229181288/medium.jpeg,NA,NA,NA,1,0,FALSE,NA,"Brewster County, TX, USA",29.6327708309,-103.578267346,488,NA,NA,NA,488,NA,open,FALSE,NA,NA,Red-spotted Toad,Anaxyrus punctatus,Red-spotted Toad,Amphibia,64984
134458700,19289fcb-5599-4be1-bb3c-00ec6e9d2dc5,2022/09/01 9:35 PM,2022-09-01,2022-09-02 11:35:00 +0900,Central Time (US & Canada),1635794,ian253,Ian Kanda,2022-09-11 03:13:18 +0900,2022-09-23 07:30:50 +0900,research,NA,https://www.inaturalist.org/observations/134458700,https://static.inaturalist.org/photos/229183130/medium.jpeg,NA,NA,NA,1,0,FALSE,NA,"Brewster County, TX, USA",30.0650861732,-103.5856328009,244,NA,NA,NA,244,NA,open,FALSE,NA,NA,Red-spotted Toad,Anaxyrus punctatus,Red-spotted Toad,Amphibia,64984
134458702,6107e85d-76f4-4ac6-832c-ef71bc64b393,2022/09/01 9:36 PM,2022-09-01,2022-09-02 11:36:00 +0900,Central Time (US & Canada),1635794,ian253,Ian Kanda,2022-09-11 03:13:19 +0900,2022-09-11 04:25:53 +0900,research,NA,https://www.inaturalist.org/observations/134458702,https://static.inaturalist.org/photos/229183261/medium.jpeg,NA,NA,NA,1,0,FALSE,NA,"Brewster County, TX, USA",30.0650861732,-103.5856328009,244,NA,NA,NA,244,NA,open,FALSE,NA,NA,Red-spotted Toad,Anaxyrus punctatus,Red-spotted Toad,Amphibia,64984
134464823,58b48bd8-4996-4ed1-b16a-31d82dc00bc7,2022/09/02 6:56 PM,2022-09-02,2022-09-03 08:56:00 +0900,Central Time (US & Canada),1635794,ian253,Ian Kanda,2022-09-11 03:56:23 +0900,2022-09-11 04:25:24 +0900,research,NA,https://www.inaturalist.org/observations/134464823,https://static.inaturalist.org/photos/229192376/medium.jpeg,NA,NA,NA,1,0,FALSE,NA,"Jeff Davis County, TX, USA",30.6763842654,-104.0317980156,122,NA,NA,NA,122,NA,open,FALSE,NA,NA,Red-spotted Toad,Anaxyrus punctatus,Red-spotted Toad,Amphibia,64984
134464824,b1f46c4d-978f-47e6-b456-7dab557f366d,2022/09/02 7:04 PM,2022-09-02,2022-09-03 09:04:00 +0900,Central Time (US & Canada),1635794,ian253,Ian Kanda,2022-09-11 03:56:23 +0900,2022-09-11 04:25:22 +0900,research,NA,https://www.inaturalist.org/observations/134464824,https://static.inaturalist.org/photos/229192521/medium.jpeg,NA,NA,NA,1,0,FALSE,NA,"Jeff Davis County, TX, USA",30.6763842654,-104.0317980156,122,NA,NA,NA,122,NA,open,FALSE,NA,NA,Red-spotted Toad,Anaxyrus punctatus,Red-spotted Toad,Amphibia,64984
134471125,de4ddd7c-472b-4bda-b6b0-9e499187feb4,2022/09/03 7:11 PM,2022-09-03,2022-09-04 09:11:00 +0900,Central Time (US & Canada),1635794,ian253,Ian Kanda,2022-09-11 04:39:04 +0900,2022-09-23 07:30:16 +0900,research,NA,https://www.inaturalist.org/observations/134471125,https://static.inaturalist.org/photos/229207313/medium.jpeg,NA,NA,NA,1,0,FALSE,NA,"Terrell County, TX, USA",30.0662728819,-102.3162534297,61,NA,NA,NA,61,NA,open,FALSE,NA,NA,Red-spotted Toad,Anaxyrus punctatus,Red-spotted Toad,Amphibia,64984
134532833,3cba5b31-4a1f-4b8f-8f55-6ea0cdbd573d,2022-09-10 21:54:59-05:00,2022-09-10,2022-09-11 11:54:59 +0900,Central Time (US & Canada),643267,firebugzy,NA,2022-09-11 12:57:58 +0900,2022-09-11 14:57:27 +0900,research,CC-BY-NC,https://www.inaturalist.org/observations/134532833,https://inaturalist-open-data.s3.amazonaws.com/photos/229330390/medium.jpg,NA,NA,NA,1,0,FALSE,3,"Enchanted Rock State Natural Area, Fredericksburg, TX, US",30.4989833333,-98.8189033333,9,NA,NA,NA,9,NA,open,FALSE,NA,NA,Red-spotted Toad,Anaxyrus punctatus,Red-spotted Toad,Amphibia,64984
134609313,59ab2d74-1bb0-4b12-bb41-de6fbe2372e9,2022-09-11 10:10:37-05:00,2022-09-11,2022-09-12 00:10:37 +0900,Central Time (US & Canada),5988651,blairstewtx,Blair Stewart,2022-09-12 02:41:22 +0900,2022-09-23 07:30:07 +0900,research,NA,https://www.inaturalist.org/observations/134609313,https://static.inaturalist.org/photos/229473149/medium.jpg,NA,NA,NA,1,0,FALSE,3,"Seminole Canyon State Park & Historic Site, Del Rio, TX, US",29.700555,-101.3116383333,3,NA,NA,NA,3,NA,open,FALSE,NA,NA,Red-spotted Toad,Anaxyrus punctatus,Red-spotted Toad,Amphibia,64984
134858730,6e2e256c-2556-46b4-9544-59e033eab463,2022-09-13 07:20:08-06:00,2022-09-13,2022-09-13 22:20:08 +0900,Mountain Time (US & Canada),3366422,jrcroft,Jacob Croft,2022-09-13 23:13:55 +0900,2022-09-23 21:10:45 +0900,research,NA,https://www.inaturalist.org/observations/134858730,https://static.inaturalist.org/photos/229941345/medium.jpg,NA,NA,NA,1,0,FALSE,3,"Inca Dove Dr, El Paso, TX, US",31.8843216667,-106.548745,6,NA,NA,NA,6,NA,open,FALSE,NA,NA,Red-spotted Toad,Anaxyrus punctatus,Red-spotted Toad,Amphibia,64984
135007380,e5d37293-4d14-485e-8026-03152961e9c3,2022-08-28 02:59:15-05:00,2022-08-28,2022-08-28 16:59:15 +0900,Central Time (US & Canada),66466,dracorjc,Ryan Collister,2022-09-15 02:05:51 +0900,2024-10-02 04:46:25 +0900,research,CC-BY-NC,https://www.inaturalist.org/observations/135007380,https://inaturalist-open-data.s3.amazonaws.com/photos/230213522/medium.jpg,NA,NA,NA,1,0,FALSE,3,"Texas, US",29.415853319,-103.4002345745,4,"SH-118, Alpine, TX, US",29.5953,-103.5604383333,29483,obscured,open,TRUE,NA,NA,Red-spotted Toad,Anaxyrus punctatus,Red-spotted Toad,Amphibia,64984
135333299,83f8de42-8bab-47f1-86e6-2a8164bf74f5,2022-09-16 22:24:10,2022-09-16,2022-09-17 12:24:10 +0900,Central Time (US & Canada),582658,tbob,Tyler,2022-09-17 12:53:05 +0900,2022-11-30 10:25:24 +0900,research,NA,https://www.inaturalist.org/observations/135333299,https://static.inaturalist.org/photos/230893926/medium.jpeg,NA,NA,NA,1,0,FALSE,2,"Alpine, TX 79830, USA",29.577866,-102.932224,NA,NA,NA,NA,NA,NA,open,FALSE,gps,gps,Red-spotted Toad,Anaxyrus punctatus,Red-spotted Toad,Amphibia,64984
135412554,ae566d17-c452-4ae2-8e78-684f5ee639cf,2022-09-17 12:40:41,2022-09-17,2022-09-18 02:40:41 +0900,Central Time (US & Canada),42810,bwhite,Britt White,2022-09-18 03:49:10 +0900,2022-09-20 05:38:22 +0900,research,CC-BY-NC,https://www.inaturalist.org/observations/135412554,https://inaturalist-open-data.s3.amazonaws.com/photos/230949366/medium.jpeg,NA,NA,NA,1,0,FALSE,2,"FAIR OAKS, TX 78006, USA",30.008645,-98.656501,NA,NA,NA,NA,NA,NA,open,FALSE,gps,gps,Red-spotted Toad,Anaxyrus punctatus,Red-spotted Toad,Amphibia,64984
135544708,79cc7a7d-78d3-49f4-900a-d858a959520a,2022-09-17 16:21:00-05:00,2022-09-17,2022-09-18 06:21:00 +0900,Central Time (US & Canada),2543417,alecsan,NA,2022-09-19 02:19:32 +0900,2022-09-21 06:18:54 +0900,research,CC-BY-NC,https://www.inaturalist.org/observations/135544708,https://inaturalist-open-data.s3.amazonaws.com/photos/231197337/medium.jpg,NA,NA,NA,2,0,FALSE,3,"Bandera, TX, US",29.6354491139,-99.2110870458,24,NA,NA,NA,24,NA,open,FALSE,NA,NA,Red-spotted Toad,Anaxyrus punctatus,Red-spotted Toad,Amphibia,64984
135679684,6ce84ef4-b783-4c7e-bceb-80e5939164fa,2022-09-19 08:38:48-06:00,2022-09-19,2022-09-19 23:38:48 +0900,Mountain Time (US & Canada),19563,henicorhina,Oscar Johnson,2022-09-20 01:37:02 +0900,2022-11-22 14:16:55 +0900,research,CC-BY-NC-ND,https://www.inaturalist.org/observations/135679684,https://inaturalist-open-data.s3.amazonaws.com/photos/231450039/medium.jpg,NA,NA,NA,2,0,FALSE,3,"Franklin Mountains State Park, El Paso, TX, US",31.8789883333,-106.5005633333,5,NA,NA,NA,5,NA,open,FALSE,NA,NA,Red-spotted Toad,Anaxyrus punctatus,Red-spotted Toad,Amphibia,64984
135798838,16741327-b193-49f3-acc1-5b3c6bb68c6b,2022-09-18 20:03:56,2022-09-18,2022-09-19 10:03:56 +0900,Central Time (US & Canada),108119,dbh,David Heckard,2022-09-21 00:59:55 +0900,2022-09-21 01:10:30 +0900,research,CC-BY-NC,https://www.inaturalist.org/observations/135798838,https://inaturalist-open-data.s3.amazonaws.com/photos/231672188/medium.jpeg,NA,NA,NA,1,0,FALSE,2,"Texas, US",31.9363716796,-104.9623922949,NA,NA,NA,NA,29173,obscured,open,TRUE,gps,gps,Red-spotted Toad,Anaxyrus punctatus,Red-spotted Toad,Amphibia,64984
136828814,3f3de64e-8984-4294-b95d-e53f14364238,2022/09/19 8:45 PM,2022-09-19,2022-09-20 10:45:00 +0900,Central Time (US & Canada),18812,mako252,Jon McIntyre,2022-09-29 03:17:15 +0900,2022-10-01 02:42:51 +0900,research,CC-BY-NC,https://www.inaturalist.org/observations/136828814,https://inaturalist-open-data.s3.amazonaws.com/photos/233583371/medium.jpeg,NA,NA,AOR,3,0,FALSE,NA,"Brewster County, TX, USA",29.219917486,-103.4145321002,15,NA,NA,NA,15,NA,open,FALSE,NA,NA,Red-spotted Toad,Anaxyrus punctatus,Red-spotted Toad,Amphibia,64984
136840291,04409bb3-c088-494b-b9b9-aff5861c3686,2022/09/19 10:02 PM,2022-09-19,2022-09-20 12:02:00 +0900,Central Time (US & Canada),18812,mako252,Jon McIntyre,2022-09-29 04:51:54 +0900,2022-10-01 02:47:43 +0900,research,CC-BY-NC,https://www.inaturalist.org/observations/136840291,https://inaturalist-open-data.s3.amazonaws.com/photos/233602967/medium.jpeg,NA,NA,NA,3,0,FALSE,NA,"Brewster County, TX, USA",29.3280349602,-103.206176131,2,NA,NA,NA,2,NA,open,FALSE,NA,NA,Red-spotted Toad,Anaxyrus punctatus,Red-spotted Toad,Amphibia,64984
136918837,87094442-fc13-422d-99dd-b1d1e6bb33ad,2022/09/20 8:45 PM,2022-09-20,2022-09-21 10:45:00 +0900,Central Time (US & Canada),18812,mako252,Jon McIntyre,2022-09-30 00:04:40 +0900,2022-10-05 00:56:29 +0900,research,CC-BY-NC,https://www.inaturalist.org/observations/136918837,https://inaturalist-open-data.s3.amazonaws.com/photos/233751322/medium.jpeg,NA,NA,AOR,5,0,FALSE,NA,"Brewster County, TX, USA",29.4730632534,-102.8500301153,8,NA,NA,NA,8,NA,open,FALSE,NA,NA,Red-spotted Toad,Anaxyrus punctatus,Red-spotted Toad,Amphibia,64984
136954987,e69a40df-c980-4c6c-9e40-fb0123474c3b,2022/09/21 7:11 PM,2022-09-21,2022-09-22 09:11:00 +0900,Central Time (US & Canada),18812,mako252,Jon McIntyre,2022-09-30 05:29:58 +0900,2024-10-20 23:21:59 +0900,research,CC-BY-NC,https://www.inaturalist.org/observations/136954987,https://inaturalist-open-data.s3.amazonaws.com/photos/233817125/medium.jpeg,NA,NA,DOR,2,0,FALSE,NA,"Brewster County, TX, USA",29.503787109,-102.8841153959,15,NA,NA,NA,15,NA,open,FALSE,NA,NA,Red-spotted Toad,Anaxyrus punctatus,Red-spotted Toad,Amphibia,64984
137041148,aa561414-e228-406f-87ea-1e7352102a9b,2022/09/22 1:06 AM,2022-09-22,2022-09-22 15:06:00 +0900,Central Time (US & Canada),18812,mako252,Jon McIntyre,2022-10-01 01:35:43 +0900,2022-10-08 03:27:28 +0900,research,CC-BY-NC,https://www.inaturalist.org/observations/137041148,https://inaturalist-open-data.s3.amazonaws.com/photos/233976351/medium.jpeg,NA,NA,NA,4,0,FALSE,NA,"Brewster County, TX, USA",29.3280877017,-103.2061566962,2,NA,NA,NA,2,NA,open,FALSE,NA,NA,Red-spotted Toad,Anaxyrus punctatus,Red-spotted Toad,Amphibia,64984
137110294,07f48e2e-987b-443b-b977-90a96b2353ea,2022/09/29 1:00 PM,2022-09-29,2022-09-30 03:00:00 +0900,Central Time (US & Canada),363321,pufferchung,Michelle W.,2022-10-01 13:37:35 +0900,2023-02-24 09:00:24 +0900,research,CC-BY,https://www.inaturalist.org/observations/137110294,https://inaturalist-open-data.s3.amazonaws.com/photos/234108333/medium.jpeg,NA,NA,"A toad! In the middle of day, under the hot sun.",2,0,FALSE,NA,"Val Verde County, US-TX, US",29.7546205082,-101.2549243365,NA,"Val Verde County, TX, USA",29.705375,-101.3203194444,29458,obscured,open,TRUE,NA,NA,Red-spotted Toad,Anaxyrus punctatus,Red-spotted Toad,Amphibia,64984
137112911,7809b494-f913-4824-8d53-f88b9dd9d69d,2022-09-30 23:01:40-06:00,2022-09-30,2022-10-01 14:01:40 +0900,Mountain Time (US & Canada),2468840,diegomeneses,Diego Meneses,2022-10-01 14:35:57 +0900,2023-02-24 09:00:23 +0900,research,CC-BY-NC,https://www.inaturalist.org/observations/137112911,https://inaturalist-open-data.s3.amazonaws.com/photos/234113761/medium.jpg,NA,NA,NA,2,0,FALSE,3,"Wind Ridge Dr, El Paso, TX, US",31.8696533333,-106.5368883333,4,NA,NA,NA,4,NA,open,FALSE,NA,NA,Red-spotted Toad,Anaxyrus punctatus,Red-spotted Toad,Amphibia,64984
137146752,1c4f8a39-35bf-487b-b9b8-467c1de7bae6,2022-09-25 21:29:45-05:00,2022-09-25,2022-09-26 11:29:45 +0900,Central Time (US & Canada),428585,lindak22,Linda K,2022-10-01 23:29:12 +0900,2023-02-24 09:00:23 +0900,research,CC-BY-NC,https://www.inaturalist.org/observations/137146752,https://inaturalist-open-data.s3.amazonaws.com/photos/234176347/medium.jpg,NA,NA,NA,3,1,FALSE,3,"Big Bend National Park, Terlingua, TX, US",29.1824533333,-102.9614116667,4,NA,NA,NA,4,NA,open,FALSE,NA,NA,Red-spotted Toad,Anaxyrus punctatus,Red-spotted Toad,Amphibia,64984
137194046,c4a66865-1395-4633-b53b-ef08cc14ed53,2022-10-01 13:53:35,2022-10-01,2022-10-02 03:53:35 +0900,Central Time (US & Canada),2999266,kvotx,kvotx,2022-10-02 05:33:52 +0900,2023-02-24 08:54:49 +0900,research,NA,https://www.inaturalist.org/observations/137194046,https://static.inaturalist.org/photos/234262467/medium.jpeg,NA,NA,NA,1,0,FALSE,2,"Barksdale, TX 78828, USA",29.8766194444,-100.081825,NA,NA,NA,NA,NA,NA,open,FALSE,gps,gps,Red-spotted Toad,Anaxyrus punctatus,Red-spotted Toad,Amphibia,64984
137765818,072e8ffc-c33b-4677-a15e-390b09f6639c,2022-10-05 20:29:03,2022-10-05,2022-10-06 10:29:03 +0900,Central Time (US & Canada),5385911,tjfishing,Tom Forwood Jr.,2022-10-07 02:15:29 +0900,2022-10-07 13:39:14 +0900,research,CC-BY-NC,https://www.inaturalist.org/observations/137765818,https://inaturalist-open-data.s3.amazonaws.com/photos/235347585/medium.jpeg,NA,NA,NA,1,0,FALSE,2,"Presidio County, US-TX, US",29.5192430913,-104.2757809628,7,NA,NA,NA,7,NA,open,FALSE,NA,NA,Red-spotted Toad,Anaxyrus punctatus,Red-spotted Toad,Amphibia,64984
138410604,c1f303fc-1810-41bf-846a-e33b05d1d109,2022/09/19 9:36 PM,2022-09-19,2022-09-20 11:36:00 +0900,Central Time (US & Canada),670908,jugbayjs,NA,2022-10-12 03:04:38 +0900,2023-02-24 09:00:11 +0900,research,CC-BY-NC,https://www.inaturalist.org/observations/138410604,https://inaturalist-open-data.s3.amazonaws.com/photos/236529770/medium.jpeg,NA,NA,NA,3,0,FALSE,NA,"Brewster County, TX, USA",29.2199384853,-103.414575552,23,NA,NA,NA,23,NA,open,FALSE,NA,NA,Red-spotted Toad,Anaxyrus punctatus,Red-spotted Toad,Amphibia,64984
138410646,2da28b28-d0da-46f8-86ef-336f44beaa91,2022/09/19 10:53 PM,2022-09-19,2022-09-20 12:53:00 +0900,Central Time (US & Canada),670908,jugbayjs,NA,2022-10-12 03:04:50 +0900,2023-02-24 09:00:11 +0900,research,CC-BY-NC,https://www.inaturalist.org/observations/138410646,https://inaturalist-open-data.s3.amazonaws.com/photos/236530244/medium.jpeg,NA,NA,NA,3,0,FALSE,NA,"Brewster County, TX, USA",29.3280550994,-103.2060772889,62,NA,NA,NA,62,NA,open,FALSE,NA,NA,Red-spotted Toad,Anaxyrus punctatus,Red-spotted Toad,Amphibia,64984
138558164,6c100c63-1b06-40e6-9e2c-b2ea9434f683,2022/09/20 9:36 PM,2022-09-20,2022-09-21 11:36:00 +0900,Central Time (US & Canada),670908,jugbayjs,NA,2022-10-13 08:08:37 +0900,2023-02-24 09:00:11 +0900,research,CC-BY-NC,https://www.inaturalist.org/observations/138558164,https://inaturalist-open-data.s3.amazonaws.com/photos/236757903/medium.jpeg,NA,NA,NA,3,0,FALSE,NA,"Brewster County, TX, USA",29.473078485,-102.850017815,39,NA,NA,NA,39,NA,open,FALSE,NA,NA,Red-spotted Toad,Anaxyrus punctatus,Red-spotted Toad,Amphibia,64984
138580904,e0be0da8-647f-45f8-b530-6aae98d5b404,2022/09/21 10:44 AM,2022-09-21,2022-09-22 00:44:00 +0900,Central Time (US & Canada),670908,jugbayjs,NA,2022-10-13 13:20:37 +0900,2023-02-24 09:00:10 +0900,research,CC-BY-NC,https://www.inaturalist.org/observations/138580904,https://inaturalist-open-data.s3.amazonaws.com/photos/236866881/medium.jpeg,NA,NA,NA,3,0,FALSE,NA,"Brewster County, TX, USA",29.1376090291,-103.5225581593,178,NA,NA,NA,178,NA,open,FALSE,NA,NA,Red-spotted Toad,Anaxyrus punctatus,Red-spotted Toad,Amphibia,64984
138684204,2dec5277-0bde-4f89-ae6c-e585ef6b3763,2022/09/22 1:57 AM,2022-09-22,2022-09-22 15:57:00 +0900,Central Time (US & Canada),670908,jugbayjs,NA,2022-10-14 15:20:11 +0900,2023-02-24 09:00:10 +0900,research,CC-BY-NC,https://www.inaturalist.org/observations/138684204,https://inaturalist-open-data.s3.amazonaws.com/photos/237048126/medium.jpeg,NA,NA,NA,3,0,FALSE,NA,"Brewster County, TX, USA",29.3281419745,-103.206117849,66,NA,NA,NA,66,NA,open,FALSE,NA,NA,Red-spotted Toad,Anaxyrus punctatus,Red-spotted Toad,Amphibia,64984
138795311,443d3ed2-f6db-4d36-8208-ae27e0f1a1a6,2013/10/25 12:53 PM,2013-10-25,2013-10-26 02:53:00 +0900,Central Time (US & Canada),644589,cam392417,NA,2022-10-15 12:28:21 +0900,2023-02-24 09:00:09 +0900,research,CC-BY-NC,https://www.inaturalist.org/observations/138795311,https://inaturalist-open-data.s3.amazonaws.com/photos/237282252/medium.jpg,NA,NA,Found by a pool of water from a natural spring.,2,0,FALSE,NA,"Terrell County, TX, USA",30.1517724149,-101.9298123273,5163,NA,NA,NA,5163,NA,open,FALSE,NA,NA,Red-spotted Toad,Anaxyrus punctatus,Red-spotted Toad,Amphibia,64984
138854533,1b4dd73f-e836-4a0f-94ae-b4aa404da4c3,2022-10-14 21:17:42-05:00,2022-10-14,2022-10-15 11:17:42 +0900,Central Time (US & Canada),3321594,catdoof,Hugo,2022-10-16 01:07:27 +0900,2022-11-24 14:44:55 +0900,research,CC-BY-NC,https://www.inaturalist.org/observations/138854533,https://inaturalist-open-data.s3.amazonaws.com/photos/237383361/medium.jpg,NA,NA,NA,1,0,FALSE,3,"Monahans Sandhills State Park, Monahans, TX, US",31.6351693098,-102.8158389527,25,NA,NA,NA,25,NA,open,FALSE,NA,NA,Red-spotted Toad,Anaxyrus punctatus,Red-spotted Toad,Amphibia,64984
139043231,5ec34393-3da6-441a-8bfe-789e8ee7c559,2022-10-16 12:50:22-05:00,2022-10-16,2022-10-17 02:50:22 +0900,Central Time (US & Canada),5325396,jairo_uribarri,Jairo Uribarri,2022-10-17 07:19:28 +0900,2022-10-17 08:07:34 +0900,research,CC-BY-NC,https://www.inaturalist.org/observations/139043231,https://inaturalist-open-data.s3.amazonaws.com/photos/237740059/medium.jpg,NA,NA,NA,1,0,FALSE,3,"Terrell County, US-TX, US",29.8334147176,-102.0907700994,3,NA,NA,NA,3,NA,open,FALSE,NA,NA,Red-spotted Toad,Anaxyrus punctatus,Red-spotted Toad,Amphibia,64984
139062977,94094c5a-84cf-4507-8e28-ea96eac24c10,2022-10-14 20:25:08-06:00,2022-10-14,2022-10-15 11:25:08 +0900,Mountain Time (US & Canada),5322253,alexrosales24,NA,2022-10-17 10:16:46 +0900,2022-11-28 19:48:31 +0900,research,CC-BY-NC,https://www.inaturalist.org/observations/139062977,https://inaturalist-open-data.s3.amazonaws.com/photos/237778960/medium.jpg,NA,NA,"Red spots all over body, found crossing hiking trail, large pupils",1,0,FALSE,3,"Franklin Mountains State Park, El Paso, TX, US",31.9321116667,-106.4729,4,NA,NA,NA,4,NA,open,FALSE,NA,NA,Sapo de puntos rojos,Anaxyrus punctatus,Red-spotted Toad,Amphibia,64984
139627681,a66b54ad-abff-4b6d-b703-8de0d3d9cbb8,Sat Jul 30 2022 21:36:46 GMT-0500 (CDT),2022-07-30,2022-07-31 11:36:46 +0900,Central Time (US & Canada),651248,elixxz,NA,2022-10-22 23:21:31 +0900,2023-02-24 09:00:02 +0900,research,NA,https://www.inaturalist.org/observations/139627681,https://static.inaturalist.org/photos/238854212/medium.jpg,NA,NA,NA,3,0,FALSE,3,"Culberson County, US-TX, US",31.3092093398,-104.5404916789,989,NA,NA,NA,989,NA,open,FALSE,NA,NA,Red-spotted Toad,Anaxyrus punctatus,Red-spotted Toad,Amphibia,64984
139657743,03ff39fc-da91-4cb9-9493-9d1416f0abc3,2022-10-21 19:45:00-05:00,2022-10-21,2022-10-22 09:45:00 +0900,Central Time (US & Canada),5296400,tobii21,NA,2022-10-23 03:48:33 +0900,2023-02-24 09:00:02 +0900,research,CC-BY-NC,https://www.inaturalist.org/observations/139657743,https://inaturalist-open-data.s3.amazonaws.com/photos/238907953/medium.jpg,NA,NA,NA,2,0,FALSE,3,"Pedernales Falls State Park, Cypress Mill, TX, US",30.3072142449,-98.238468683,2094,NA,NA,NA,2094,NA,open,FALSE,NA,NA,Red-spotted Toad,Anaxyrus punctatus,Red-spotted Toad,Amphibia,64984
140418086,2685b02f-bd6d-4fd3-ba72-c434c92ac37a,2022-10-29 11:01:26-05:00,2022-10-29,2022-10-30 01:01:26 +0900,Central Time (US & Canada),2414464,munsellk,NA,2022-10-30 04:45:40 +0900,2023-02-24 08:59:58 +0900,research,CC-BY-NC,https://www.inaturalist.org/observations/140418086,https://inaturalist-open-data.s3.amazonaws.com/photos/240360247/medium.jpg,NA,NA,NA,2,0,FALSE,3,"118, Alpine, TX, US",30.0303278333,-103.5549216667,12,NA,NA,NA,12,NA,open,FALSE,NA,NA,Red-spotted Toad,Anaxyrus punctatus,Red-spotted Toad,Amphibia,64984
140730484,7cbfb5e7-fac9-420d-8400-3b3b4dcc2284,2022-09-27 00:34:31-06:00,2022-09-27,2022-09-27 15:34:31 +0900,Central Time (US & Canada),6079281,behuds,NA,2022-11-01 11:30:06 +0900,2022-12-01 23:46:29 +0900,research,CC-BY-NC,https://www.inaturalist.org/observations/140730484,https://inaturalist-open-data.s3.amazonaws.com/photos/240938893/medium.jpg,NA,NA,NA,3,0,FALSE,3,"Big Bend Ranch State Park, Marfa, TX, US",29.4890829357,-104.023794143,12974,NA,NA,NA,12974,NA,open,FALSE,NA,NA,Red-spotted Toad,Anaxyrus punctatus,Red-spotted Toad,Amphibia,64984
140843549,68990f27-b177-4c73-a2b6-0208d4e3f3d1,2022-11-01 22:07:59,2022-11-01,2022-11-02 12:07:59 +0900,Central Time (US & Canada),5241570,queso2,queso def,2022-11-02 12:22:47 +0900,2022-11-03 22:25:07 +0900,research,NA,https://www.inaturalist.org/observations/140843549,https://static.inaturalist.org/photos/241154637/medium.jpeg,NA,NA,NA,1,0,FALSE,2,"Terlingua, TX 79852, USA",29.3287222222,-103.6206027778,NA,NA,NA,NA,NA,NA,open,FALSE,gps,gps,Red-spotted Toad,Anaxyrus punctatus,Red-spotted Toad,Amphibia,64984
140902192,dd8bcd09-9b1d-4546-9f5e-6d6c7669a733,2022/11/01 2:30 PM,2022-11-01,2022-11-02 04:30:00 +0900,Central Time (US & Canada),4745382,cindygroseth,Cindy Groseth,2022-11-03 04:03:45 +0900,2022-11-28 21:40:26 +0900,research,CC-BY-NC,https://www.inaturalist.org/observations/140902192,https://inaturalist-open-data.s3.amazonaws.com/photos/241264817/medium.jpg,NA,NA,Seen inside of a barn,2,0,FALSE,NA,"Edwards County, TX, USA",29.932222,-100.091388,5,NA,NA,NA,5,NA,open,FALSE,NA,NA,Red-spotted Toad,Anaxyrus punctatus,Red-spotted Toad,Amphibia,64984
141087153,da6c45d3-d5d6-4284-9e83-7fa5a1b1c5fc,2022-11-02 12:37:52,2022-11-02,2022-11-03 02:37:52 +0900,Central Time (US & Canada),2336064,danjnicholson,Daniel Nicholson,2022-11-05 03:17:45 +0900,2022-11-11 06:23:04 +0900,research,NA,https://www.inaturalist.org/observations/141087153,https://static.inaturalist.org/photos/242362271/medium.jpeg,NA,NA,NA,1,0,FALSE,2,"Terlingua, TX 79852, USA",29.1693786132,-103.6110097915,2812,NA,NA,NA,2812,NA,open,FALSE,NA,NA,Red-spotted Toad,Anaxyrus punctatus,Red-spotted Toad,Amphibia,64984
141091071,64b12e0e-23c6-443d-897a-d98e6873c21c,2022-10-08 10:04:37-05:00,2022-10-08,2022-10-09 00:04:37 +0900,Central Time (US & Canada),6079281,behuds,NA,2022-11-05 04:03:47 +0900,2024-06-28 13:34:39 +0900,research,CC-BY-NC,https://www.inaturalist.org/observations/141091071,https://inaturalist-open-data.s3.amazonaws.com/photos/241629849/medium.jpg,NA,NA,NA,2,0,FALSE,3,"Alpine, TX, US",30.0524721667,-103.4945966667,4,NA,NA,NA,4,NA,open,FALSE,NA,NA,Red-spotted Toad,Anaxyrus punctatus,Red-spotted Toad,Amphibia,64984
141496795,bc77e0a3-2d6f-448c-a1ba-1f95b5edbe12,2022-11-08 15:59:20-06:00,2022-11-08,2022-11-09 06:59:20 +0900,Central Time (US & Canada),4993419,na_ti,Nati,2022-11-09 09:14:16 +0900,2022-11-10 08:18:23 +0900,research,CC-BY-NC,https://www.inaturalist.org/observations/141496795,https://inaturalist-open-data.s3.amazonaws.com/photos/242423601/medium.jpg,NA,NA,NA,1,0,FALSE,3,"Big Bend National Park, Terlingua, TX, US",29.2170307177,-103.4691761464,104,NA,NA,NA,104,NA,open,FALSE,NA,NA,Red-spotted Toad,Anaxyrus punctatus,Red-spotted Toad,Amphibia,64984
141512891,d9cf601c-30eb-4aa6-972e-09d56c39a42c,2022-11-07 15:28:44,2022-11-07,2022-11-08 06:28:44 +0900,Central Time (US & Canada),5385911,tjfishing,Tom Forwood Jr.,2022-11-09 14:02:40 +0900,2022-11-27 12:39:57 +0900,research,CC-BY-NC,https://www.inaturalist.org/observations/141512891,https://inaturalist-open-data.s3.amazonaws.com/photos/242645815/medium.jpeg,NA,NA,NA,1,0,FALSE,2,"Presidio County, US-TX, US",29.3365844898,-104.0372351836,3,NA,NA,NA,3,NA,open,FALSE,NA,NA,Red-spotted Toad,Anaxyrus punctatus,Red-spotted Toad,Amphibia,64984
141575219,cd7c077e-d5ed-48ea-9afd-e71e3ad7167d,2022-11-09 08:38:00-06:00,2022-11-09,2022-11-09 23:38:00 +0900,Central Time (US & Canada),4993419,na_ti,Nati,2022-11-10 09:38:48 +0900,2022-11-10 16:06:06 +0900,research,CC-BY-NC,https://www.inaturalist.org/observations/141575219,https://inaturalist-open-data.s3.amazonaws.com/photos/242574872/medium.jpg,NA,NA,NA,2,0,FALSE,3,"Big Bend National Park, Alpine, TX, US",29.2623677049,-103.1276081991,620,NA,NA,NA,620,NA,open,FALSE,NA,NA,Red-spotted Toad,Anaxyrus punctatus,Red-spotted Toad,Amphibia,64984
141575346,907928bf-6410-42df-b6c9-edfd1aea4dcf,2022-11-09 08:38:04-06:00,2022-11-09,2022-11-09 23:38:04 +0900,Central Time (US & Canada),4993419,na_ti,Nati,2022-11-10 09:40:06 +0900,2022-11-10 10:20:08 +0900,research,CC-BY-NC,https://www.inaturalist.org/observations/141575346,https://inaturalist-open-data.s3.amazonaws.com/photos/242575022/medium.jpg,NA,NA,NA,1,0,FALSE,3,"Big Bend National Park, Alpine, TX, US",29.258462213,-103.1269838956,678,NA,NA,NA,678,NA,open,FALSE,NA,NA,Red-spotted Toad,Anaxyrus punctatus,Red-spotted Toad,Amphibia,64984
142892280,ffcdc7d3-502d-4bc1-ad54-b058a663c4f4,2022-11-23 18:07:18,2022-11-23,2022-11-24 09:07:18 +0900,Central Time (US & Canada),2685091,chbirder,Carolyn Hodo,2022-11-26 15:12:44 +0900,2023-02-24 08:59:40 +0900,research,NA,https://www.inaturalist.org/observations/142892280,https://static.inaturalist.org/photos/245049277/medium.jpeg,NA,NA,NA,4,0,FALSE,2,"Texas, US",29.4508196784,-103.9804292848,NA,NA,NA,NA,29483,obscured,open,TRUE,gps,gps,Red-spotted Toad,Anaxyrus punctatus,Red-spotted Toad,Amphibia,64984
143378661,5bff5245-2928-470b-9e5e-f0e54bcdffb0,2022/10/26 1:24 PM,2022-10-26,2022-10-27 03:24:00 +0900,Central Time (US & Canada),420537,astrobirder,Sequoia Janirella Wrens,2022-12-01 05:54:51 +0900,2023-01-31 04:44:53 +0900,research,CC0,https://www.inaturalist.org/observations/143378661,https://inaturalist-open-data.s3.amazonaws.com/photos/245881117/medium.jpeg,NA,NA,NA,1,0,FALSE,NA,"Big Bend National Park, Brewster, Texas, United States",29.199856,-102.917007,4,NA,NA,NA,4,NA,open,FALSE,NA,NA,Red-spotted Toad,Anaxyrus punctatus,Red-spotted Toad,Amphibia,64984
143388322,dcbaa20f-9261-4c57-9fb6-13f98b2aa28c,2022/10/27 12:46 AM,2022-10-27,2022-10-27 14:46:00 +0900,Central Time (US & Canada),420537,astrobirder,Sequoia Janirella Wrens,2022-12-01 07:40:02 +0900,2023-01-31 04:44:53 +0900,research,CC0,https://www.inaturalist.org/observations/143388322,https://inaturalist-open-data.s3.amazonaws.com/photos/245897700/medium.jpeg,NA,NA,NA,2,0,FALSE,NA,"Big Bend National Park, Brewster, Texas, United States",29.192411,-103.023636,4,NA,NA,NA,4,NA,open,FALSE,NA,NA,Red-spotted Toad,Anaxyrus punctatus,Red-spotted Toad,Amphibia,64984
143534334,0afd2a6e-59bb-43aa-9493-6ac08b9d6144,2022/12/02 1:31 PM,2022-12-02,2022-12-03 04:31:00 +0900,Central Time (US & Canada),1265983,fishkeeper,NA,2022-12-03 10:54:01 +0900,2022-12-08 01:24:47 +0900,research,CC-BY,https://www.inaturalist.org/observations/143534334,https://inaturalist-open-data.s3.amazonaws.com/photos/246156707/medium.jpg,NA,NA,NA,1,0,FALSE,NA,"Kinney County, TX, USA",29.4903333033,-100.1484855655,244,NA,NA,NA,244,NA,open,FALSE,NA,NA,Red-spotted Toad,Anaxyrus punctatus,Red-spotted Toad,Amphibia,64984
143563121,b4a50ef2-3e63-48f1-85eb-23880e638a5a,2022-12-02 12:57:35-06:00,2022-12-02,2022-12-03 03:57:35 +0900,Central Time (US & Canada),1265983,fishkeeper,NA,2022-12-03 23:03:47 +0900,2022-12-06 00:26:32 +0900,research,CC-BY,https://www.inaturalist.org/observations/143563121,https://inaturalist-open-data.s3.amazonaws.com/photos/246228500/medium.jpg,NA,NA,NA,2,0,FALSE,3,"Brackettville, TX, US",29.4778777038,-100.1161383383,357,NA,NA,NA,357,NA,open,FALSE,NA,NA,Red-spotted Toad,Anaxyrus punctatus,Red-spotted Toad,Amphibia,64984
143563226,0b994e4e-c5af-46fc-a788-e155faa7b885,2022-12-02 13:26:52-06:00,2022-12-02,2022-12-03 04:26:52 +0900,Central Time (US & Canada),1265983,fishkeeper,NA,2022-12-03 23:06:09 +0900,2022-12-06 00:26:20 +0900,research,CC-BY,https://www.inaturalist.org/observations/143563226,https://inaturalist-open-data.s3.amazonaws.com/photos/246228693/medium.jpg,NA,NA,NA,2,0,FALSE,3,"Brackettville, TX, US",29.4778851197,-100.1137838776,357,NA,NA,NA,357,NA,open,FALSE,NA,NA,Red-spotted Toad,Anaxyrus punctatus,Red-spotted Toad,Amphibia,64984
143563273,f6390ddb-5052-4c00-ad7f-22f49fb11658,2022-12-02 13:31:43-06:00,2022-12-02,2022-12-03 04:31:43 +0900,Central Time (US & Canada),1265983,fishkeeper,NA,2022-12-03 23:07:23 +0900,2022-12-03 23:54:34 +0900,research,CC-BY,https://www.inaturalist.org/observations/143563273,https://inaturalist-open-data.s3.amazonaws.com/photos/246228808/medium.jpg,NA,NA,NA,1,0,FALSE,3,"Brackettville, TX, US",29.4778094832,-100.112679863,357,NA,NA,NA,357,NA,open,FALSE,NA,NA,Red-spotted Toad,Anaxyrus punctatus,Red-spotted Toad,Amphibia,64984
143610841,c719be8d-53bf-4e9c-9c10-412c75c859ac,2022-11-01 18:31:22-05:00,2022-11-01,2022-11-02 08:31:22 +0900,Central Time (US & Canada),241049,debm,NA,2022-12-04 11:19:07 +0900,2024-06-28 13:30:41 +0900,research,CC-BY-NC,https://www.inaturalist.org/observations/143610841,https://inaturalist-open-data.s3.amazonaws.com/photos/246321116/medium.jpg,NA,NA,NA,2,0,FALSE,3,"Big Bend National Park, Brewster County, US-TX, US",29.0338028333,-103.3873966667,4,NA,NA,NA,4,NA,open,FALSE,NA,NA,Red-spotted Toad,Anaxyrus punctatus,Red-spotted Toad,Amphibia,64984
143611971,d54f3051-8d29-4953-936c-74d86ee6bc84,2022-10-27 10:42:21-05:00,2022-10-27,2022-10-28 00:42:21 +0900,Central Time (US & Canada),241049,debm,NA,2022-12-04 11:34:42 +0900,2022-12-06 00:13:45 +0900,research,CC-BY-NC,https://www.inaturalist.org/observations/143611971,https://inaturalist-open-data.s3.amazonaws.com/photos/246322866/medium.jpg,NA,NA,NA,1,0,FALSE,3,"Big Bend National Park, Terlingua, TX, US",29.1523805,-103.4882883333,4,NA,NA,NA,4,NA,open,FALSE,NA,NA,Red-spotted Toad,Anaxyrus punctatus,Red-spotted Toad,Amphibia,64984
143840124,9e156dd7-debd-42e4-9dcf-29e661d45323,2022/10/27 12:45 AM,2022-10-27,2022-10-27 14:45:00 +0900,Central Time (US & Canada),6971,silversea_starsong,James Bailey,2022-12-07 12:20:46 +0900,2023-02-01 22:24:19 +0900,research,CC-BY-NC,https://www.inaturalist.org/observations/143840124,https://inaturalist-open-data.s3.amazonaws.com/photos/246749379/medium.jpeg,NA,NA,NA,3,0,FALSE,NA,"Brewster County, TX, USA",29.1925677208,-103.0232794053,NA,NA,NA,NA,NA,NA,open,FALSE,NA,NA,Red-spotted Toad,Anaxyrus punctatus,Red-spotted Toad,Amphibia,64984
143885723,5f5d8107-7038-4974-8c76-5f516074cf01,2022-09-30 20:24:41,2022-09-30,2022-10-01 10:24:41 +0900,Central Time (US & Canada),563128,austinrkelly,Austin R. Kelly,2022-12-08 04:51:12 +0900,2025-03-01 07:18:05 +0900,research,CC-BY-NC,https://www.inaturalist.org/observations/143885723,https://inaturalist-open-data.s3.amazonaws.com/photos/246843229/medium.jpeg,NA,NA,NA,2,0,FALSE,2,"Fort Davis, TX 79734, USA",30.8135027778,-103.9384888889,NA,NA,NA,NA,NA,NA,open,FALSE,gps,gps,Red-spotted Toad,Anaxyrus punctatus,Red-spotted Toad,Amphibia,64984
143885951,ba74723d-1b8d-491a-8c54-ca83c18d557d,2022-09-30 20:43:38,2022-09-30,2022-10-01 10:43:38 +0900,Central Time (US & Canada),563128,austinrkelly,Austin R. Kelly,2022-12-08 04:56:10 +0900,2025-03-01 07:18:05 +0900,research,CC-BY-NC,https://www.inaturalist.org/observations/143885951,https://inaturalist-open-data.s3.amazonaws.com/photos/246843733/medium.jpeg,NA,NA,NA,3,0,FALSE,2,"Fort Davis, TX 79734, USA",30.8119888889,-103.9413638889,NA,NA,NA,NA,NA,NA,open,FALSE,gps,gps,Red-spotted Toad,Anaxyrus punctatus,Red-spotted Toad,Amphibia,64984
143889670,38fcb7bb-cc7e-4140-a5d5-820b2de4cde0,2022-10-01 15:06:40,2022-10-01,2022-10-02 05:06:40 +0900,Central Time (US & Canada),563128,austinrkelly,Austin R. Kelly,2022-12-08 05:55:51 +0900,2025-03-01 07:18:05 +0900,research,CC-BY-NC,https://www.inaturalist.org/observations/143889670,https://inaturalist-open-data.s3.amazonaws.com/photos/246851513/medium.jpeg,NA,NA,NA,2,0,FALSE,2,"Alpine, TX 79830, USA",30.0517888889,-103.5752611111,NA,NA,NA,NA,NA,NA,open,FALSE,gps,gps,Red-spotted Toad,Anaxyrus punctatus,Red-spotted Toad,Amphibia,64984
143892494,4b7566e7-f23c-44c2-8083-f08f96ab991a,2022-10-02 00:19:19,2022-10-02,2022-10-02 14:19:19 +0900,Central Time (US & Canada),563128,austinrkelly,Austin R. Kelly,2022-12-08 06:38:39 +0900,2025-03-01 07:18:05 +0900,research,CC-BY-NC,https://www.inaturalist.org/observations/143892494,https://inaturalist-open-data.s3.amazonaws.com/photos/246856857/medium.jpeg,NA,NA,NA,3,0,FALSE,2,"Alpine, TX 79830, USA",29.7636833333,-103.1632333333,NA,NA,NA,NA,NA,NA,open,FALSE,gps,gps,Red-spotted Toad,Anaxyrus punctatus,Red-spotted Toad,Amphibia,64984
143892668,5c5295a1-90c5-4b1d-bc29-487882eef20a,2022-10-02 00:37:12,2022-10-02,2022-10-02 14:37:12 +0900,Central Time (US & Canada),563128,austinrkelly,Austin R. Kelly,2022-12-08 06:42:01 +0900,2025-03-01 07:18:05 +0900,research,CC-BY-NC,https://www.inaturalist.org/observations/143892668,https://inaturalist-open-data.s3.amazonaws.com/photos/246857251/medium.jpeg,NA,NA,NA,3,0,FALSE,2,"Marathon, TX 79842, USA",29.8076722222,-103.1957944444,NA,NA,NA,NA,NA,NA,open,FALSE,gps,gps,Red-spotted Toad,Anaxyrus punctatus,Red-spotted Toad,Amphibia,64984
145389423,f87b6c61-38fb-4674-b60e-de95cce7f3d5,2022-12-10 20:22:57,2022-12-10,2022-12-11 11:22:57 +0900,Central Time (US & Canada),4245266,noahwaldron,Noah Waldron,2022-12-30 09:31:51 +0900,2023-02-24 08:59:26 +0900,research,NA,https://www.inaturalist.org/observations/145389423,https://static.inaturalist.org/photos/249718446/medium.jpeg,NA,NA,NA,4,1,FALSE,2,"Terlingua, TX 79852, USA",29.295762139,-103.6473191902,16888,NA,NA,NA,16888,NA,open,FALSE,gps,gps,Red-spotted Toad,Anaxyrus punctatus,Red-spotted Toad,Amphibia,64984
145906376,3faeeff7-d510-4fbb-b995-2d3dc9fd5063,2020/03/15 6:38 PM,2020-03-15,2020-03-16 08:38:00 +0900,Central Time (US & Canada),3960107,petezani,Pete Zani,2023-01-06 02:55:26 +0900,2023-02-10 21:54:37 +0900,research,CC-BY-NC,https://www.inaturalist.org/observations/145906376,https://inaturalist-open-data.s3.amazonaws.com/photos/250724386/medium.jpeg,NA,NA,NA,5,0,FALSE,NA,"Brewster County, TX, USA",29.2190128534,-103.3829951995,31,NA,NA,NA,31,NA,open,FALSE,NA,NA,Red-spotted Toad,Anaxyrus punctatus,Red-spotted Toad,Amphibia,64984
146481008,89b6f360-4485-4d0c-ac88-1ad8c0e3a860,2023-01-13 13:18:17-06:00,2023-01-13,2023-01-14 04:18:17 +0900,Central Time (US & Canada),807863,bri7,Bri Patterson,2023-01-14 04:19:18 +0900,2023-02-24 08:59:14 +0900,research,NA,https://www.inaturalist.org/observations/146481008,https://static.inaturalist.org/photos/251846040/medium.jpg,NA,NA,NA,3,0,FALSE,3,"Big Bend Ranch State Park, Marfa, TX, US",29.4238050683,-104.0157574441,28261,NA,NA,NA,28261,NA,open,FALSE,NA,NA,Red-spotted Toad,Anaxyrus punctatus,Red-spotted Toad,Amphibia,64984
147278359,abcc826d-9486-41e6-9344-41809f82204b,2022/10/05 9:55 PM,2022-10-05,2022-10-06 11:55:00 +0900,Central Time (US & Canada),9560,dianaterryhibbitts,Diana-Terry Hibbitts,2023-01-25 03:37:13 +0900,2023-02-24 08:59:13 +0900,research,CC-BY-NC,https://www.inaturalist.org/observations/147278359,https://inaturalist-open-data.s3.amazonaws.com/photos/253398183/medium.jpg,NA,NA,NA,5,0,FALSE,NA,"Edwards County, TX, USA",29.6504685943,-100.0695882154,20,NA,NA,NA,20,NA,open,FALSE,NA,NA,Red-spotted Toad,Anaxyrus punctatus,Red-spotted Toad,Amphibia,64984
152675455,8495bde2-2e1f-48e9-b4ec-71d87c4215b6,2023-03-28 13:29:56-05:00,2023-03-28,2023-03-29 03:29:56 +0900,Central Time (US & Canada),1600379,wongatrappin,Jonah Benningfield,2023-03-29 08:41:57 +0900,2023-03-29 09:21:26 +0900,research,CC-BY-NC,https://www.inaturalist.org/observations/152675455,https://inaturalist-open-data.s3.amazonaws.com/photos/263590474/medium.jpg,NA,NA,NA,1,0,FALSE,3,"Big Bend National Park, Brewster County, US-TX, US",29.1763101873,-102.9527731974,4,NA,NA,NA,4,NA,open,FALSE,NA,NA,Red-spotted Toad,Anaxyrus punctatus,Red-spotted Toad,Amphibia,64984
153108397,d24d2347-d867-40a8-aafb-25f008927c4a,2023-04-01 16:47:58-05:00,2023-04-01,2023-04-02 06:47:58 +0900,Central Time (US & Canada),253440,zaohedglen,NA,2023-04-02 08:21:32 +0900,2023-04-05 13:28:03 +0900,research,CC-BY-NC,https://www.inaturalist.org/observations/153108397,https://inaturalist-open-data.s3.amazonaws.com/photos/264402035/medium.jpg,NA,NA,NA,1,0,FALSE,3,"Possum Kingdom State Park, Caddo, TX, US",32.8783116667,-98.557945,9,NA,NA,NA,9,NA,open,FALSE,NA,NA,Red-spotted Toad,Anaxyrus punctatus,Red-spotted Toad,Amphibia,64984
153133235,4580ca2b-5e19-41c6-99a8-c3a4129e093a,2023-03-28 13:30:31-05:00,2023-03-28,2023-03-29 03:30:31 +0900,Central Time (US & Canada),2169976,max_benningfield,Max Benningfield,2023-04-02 12:26:06 +0900,2023-04-03 08:37:01 +0900,research,NA,https://www.inaturalist.org/observations/153133235,https://static.inaturalist.org/photos/264451812/medium.jpg,NA,NA,NA,1,0,FALSE,3,"Big Bend National Park, Terlingua, TX, US",29.176343335,-102.9528505305,69,NA,NA,NA,69,NA,open,FALSE,NA,NA,Red-spotted Toad,Anaxyrus punctatus,Red-spotted Toad,Amphibia,64984
153594116,d5fa66cc-491c-4200-9e0c-aee3675e50c0,2023-04-04 22:20:12-05:00,2023-04-04,2023-04-05 12:20:12 +0900,Central Time (US & Canada),289324,veer67,Vera Ting,2023-04-06 03:31:58 +0900,2023-04-06 08:49:41 +0900,research,CC-BY-NC,https://www.inaturalist.org/observations/153594116,https://inaturalist-open-data.s3.amazonaws.com/photos/265300724/medium.jpg,NA,NA,NA,1,0,FALSE,3,"Fm, Alpine, TX, US",29.57117,-102.9466466667,8,NA,NA,NA,8,NA,open,FALSE,NA,NA,Red-spotted Toad,Anaxyrus punctatus,Red-spotted Toad,Amphibia,64984
153807234,c1c05140-10ba-464f-9738-22f83f949a8b,2023-04-04 21:43:08-05:00,2023-04-04,2023-04-05 11:43:08 +0900,Central Time (US & Canada),5413436,rstanton13,Riley Stanton,2023-04-07 22:57:01 +0900,2023-04-15 08:52:25 +0900,research,NA,https://www.inaturalist.org/observations/153807234,https://static.inaturalist.org/photos/265696147/medium.jpg,NA,NA,NA,1,0,FALSE,3,"Alpine, TX, US",29.5675583333,-102.9489283333,3,NA,NA,NA,3,NA,open,FALSE,NA,NA,Red-spotted Toad,Anaxyrus punctatus,Red-spotted Toad,Amphibia,64984
153856044,b55db49d-4fc2-4018-814e-51c175042a8c,2023-04-04 21:16:30-05:00,2023-04-04,2023-04-05 11:16:30 +0900,Central Time (US & Canada),5156583,sophiafeathers,Sophia Wolfe,2023-04-08 06:07:53 +0900,2023-04-11 13:01:27 +0900,research,NA,https://www.inaturalist.org/observations/153856044,https://static.inaturalist.org/photos/265784824/medium.jpg,NA,NA,NA,2,0,FALSE,3,"Brewster County, US-TX, US",29.4536782486,-102.9011508218,8,NA,NA,NA,29483,obscured,open,TRUE,NA,NA,Red-spotted Toad,Anaxyrus punctatus,Red-spotted Toad,Amphibia,64984
154135974,816db63f-2e6e-4535-ae01-1b525c97ec89,2023/04/04 9:43 PM,2023-04-04,2023-04-05 11:43:00 +0900,Central Time (US & Canada),559933,selasphorus,Santi Tabares,2023-04-10 02:58:58 +0900,2023-04-18 20:36:10 +0900,research,NA,https://www.inaturalist.org/observations/154135974,https://static.inaturalist.org/photos/266287554/medium.jpeg,NA,NA,NA,2,0,FALSE,NA,"Brewster County, US-TX, US",29.5886565664,-102.8712497324,21,NA,NA,NA,29483,obscured,open,TRUE,NA,NA,Red-spotted Toad,Anaxyrus punctatus,Red-spotted Toad,Amphibia,64984
154686366,e8796f63-0f6d-49dd-b4a7-fe43e9250293,2023-04-12 19:39:40-05:00,2023-04-12,2023-04-13 09:39:40 +0900,Central Time (US & Canada),6552359,claralogsdon,NA,2023-04-13 21:20:36 +0900,2023-04-30 09:29:25 +0900,research,CC-BY-NC,https://www.inaturalist.org/observations/154686366,https://inaturalist-open-data.s3.amazonaws.com/photos/267307897/medium.jpg,NA,NA,NA,1,0,FALSE,3,"Big Bend National Park, Terlingua, TX, US",29.1714136721,-103.6118072006,132,NA,NA,NA,132,NA,open,FALSE,NA,NA,Red-spotted Toad,Anaxyrus punctatus,Red-spotted Toad,Amphibia,64984
154878694,17b1d00b-f388-4c7c-9bc0-4d49ec8b7eff,2023-04-12 21:46:16-06:00,2023-04-12,2023-04-13 12:46:16 +0900,Mountain Time (US & Canada),6442299,fabiola_p_hinojos,NA,2023-04-15 06:44:33 +0900,2023-04-18 05:38:18 +0900,research,CC-BY-NC,https://www.inaturalist.org/observations/154878694,https://inaturalist-open-data.s3.amazonaws.com/photos/267654183/medium.jpg,NA,NA,NA,1,0,FALSE,3,"Contessa Ridge Dr, El Paso, TX, US",31.8732808982,-106.5388168955,103,NA,NA,NA,103,NA,open,FALSE,NA,NA,Red-spotted Toad,Anaxyrus punctatus,Red-spotted Toad,Amphibia,64984
155852233,bf62a4d7-79bd-4d4f-a3da-9d04ff6ad7cb,2023-04-20 22:12,2023-04-20,2023-04-21 12:12:00 +0900,Central Time (US & Canada),6690,sandboa,Chris Harrison,2023-04-21 14:29:38 +0900,2024-09-24 01:19:19 +0900,research,CC-BY,https://www.inaturalist.org/observations/155852233,NA,https://static.inaturalist.org/sounds/650679.mp3?1682054782,NA,"There are two species of toad calling together here.  The continuous lower trill of Incilius nebulifer is in the background, but the higher pitched trill of Anaxyrus punctatus can be heard above it.   At about 3 seconds in, a clear A. punctatus calls for about 10 seconds then stops.
There are also Acris blanchardi in this recording.",1,0,FALSE,NA,"Bandera County, TX, USA",29.6551083619,-99.3161402331,19,NA,NA,NA,19,NA,open,FALSE,NA,NA,Red-spotted Toad,Anaxyrus punctatus,Red-spotted Toad,Amphibia,64984
156804520,cfcfd63e-50e8-4fc5-ae13-e64aef592bcc,2023-04-25 10:52:19,2023-04-25,2023-04-26 00:52:19 +0900,Central Time (US & Canada),34848,ghoese,Geoff Hoese,2023-04-27 07:31:12 +0900,2023-04-27 08:40:49 +0900,research,CC-BY-NC,https://www.inaturalist.org/observations/156804520,https://inaturalist-open-data.s3.amazonaws.com/photos/271176033/medium.jpeg,NA,NA,NA,2,0,FALSE,2,"Comal County, US-TX, US",29.9169349722,-98.155538,NA,NA,NA,NA,NA,NA,open,FALSE,gps,gps,Red-spotted Toad,Anaxyrus punctatus,Red-spotted Toad,Amphibia,64984
158465889,f5d83e37-9b31-4097-864d-5367b69ed252,2023-04-30 22:16:37-05:00,2023-04-30,2023-05-01 12:16:37 +0900,Central Time (US & Canada),1858337,arfp,Andi Parker,2023-05-01 12:23:18 +0900,2023-05-01 20:55:56 +0900,research,NA,https://www.inaturalist.org/observations/158465889,https://static.inaturalist.org/photos/273867576/medium.jpg,NA,NA,NA,1,0,FALSE,3,"Texas, US",29.2473706375,-103.7907490384,3,NA,NA,NA,29508,obscured,open,TRUE,NA,NA,Red-spotted Toad,Anaxyrus punctatus,Red-spotted Toad,Amphibia,64984
158478586,7db95f18-fa78-42d8-b519-06ee8df5cbb5,2023-04-30 21:33:18-05:00,2023-04-30,2023-05-01 11:33:18 +0900,Central Time (US & Canada),3528492,dbernard,Daryl Bernard,2023-05-01 13:07:42 +0900,2023-09-25 10:51:33 +0900,research,CC-BY-NC,https://www.inaturalist.org/observations/158478586,https://inaturalist-open-data.s3.amazonaws.com/photos/273888674/medium.jpg,NA,NA,NA,1,0,FALSE,3,"Big Bend National Park, Alpine, TX, US",29.271998222,-103.1352147581,26,NA,NA,NA,26,NA,open,FALSE,NA,NA,Red-spotted Toad,Anaxyrus punctatus,Red-spotted Toad,Amphibia,64984
159660829,ba8a44de-f682-4631-8b8d-7a5db9904586,2023-04-27 14:36:18,2023-04-27,2023-04-28 05:36:18 +0900,Mountain Time (US & Canada),309892,lydiaap,NA,2023-05-04 23:40:38 +0900,2023-05-07 03:15:56 +0900,research,CC-BY-NC,https://www.inaturalist.org/observations/159660829,https://inaturalist-open-data.s3.amazonaws.com/photos/275863013/medium.jpeg,NA,NA,NA,1,0,FALSE,2,"El Paso, TX, USA",31.9104681447,-106.5180388838,14,NA,NA,NA,14,NA,open,FALSE,gps,gps,Red-spotted Toad,Anaxyrus punctatus,Red-spotted Toad,Amphibia,64984
162257150,1f6cdd12-afc3-4e2b-b112-bae9f6396727,2023-05-15 21:21:04-05:00,2023-05-15,2023-05-16 11:21:04 +0900,Central Time (US & Canada),5463159,jamoodie,NA,2023-05-18 15:31:55 +0900,2023-05-19 07:15:21 +0900,research,CC-BY-NC,https://www.inaturalist.org/observations/162257150,https://inaturalist-open-data.s3.amazonaws.com/photos/280547544/medium.jpg,NA,NA,NA,1,0,FALSE,3,"RM-2810, Marfa, TX, US",30.21723,-104.2183916667,4,NA,NA,NA,4,NA,open,FALSE,NA,NA,Red-spotted Toad,Anaxyrus punctatus,Red-spotted Toad,Amphibia,64984
162257196,4709eca2-afb0-4334-97d1-32e8f0210cf8,2023-05-15 21:17:52-05:00,2023-05-15,2023-05-16 11:17:52 +0900,Central Time (US & Canada),5463159,jamoodie,NA,2023-05-18 15:32:44 +0900,2023-05-19 07:15:05 +0900,research,CC-BY-NC,https://www.inaturalist.org/observations/162257196,https://inaturalist-open-data.s3.amazonaws.com/photos/280547629/medium.jpg,NA,NA,NA,1,0,FALSE,3,"RM-2810, Marfa, TX, US",30.21722,-104.2184216667,4,NA,NA,NA,4,NA,open,FALSE,NA,NA,Red-spotted Toad,Anaxyrus punctatus,Red-spotted Toad,Amphibia,64984
162279329,b48056e8-d1dd-45fb-a079-f88cff55df02,2023-05-18 06:06:43-05:00,2023-05-18,2023-05-18 20:06:43 +0900,Central Time (US & Canada),43815,nathantaylor,Nathan Taylor,2023-05-18 20:07:37 +0900,2023-11-24 14:49:42 +0900,research,CC-BY,https://www.inaturalist.org/observations/162279329,https://inaturalist-open-data.s3.amazonaws.com/photos/280586800/medium.jpg,NA,NA,NA,2,0,FALSE,3,"Mule Hill Dr, Terlingua, TX, US",29.2647700254,-103.7808297564,8,NA,NA,NA,8,NA,open,FALSE,NA,NA,Red-spotted Toad,Anaxyrus punctatus,Red-spotted Toad,Amphibia,64984
162373229,c82e23cc-7a73-4875-88e4-51d6aaeebde4,2017-10-14 20:32:16,2017-10-14,2017-10-15 10:32:16 +0900,Central Time (US & Canada),6482518,matthew2330,Matthew Hodges,2023-05-19 06:12:10 +0900,2023-05-19 07:07:24 +0900,research,NA,https://www.inaturalist.org/observations/162373229,https://static.inaturalist.org/photos/280752354/medium.jpeg,NA,NA,NA,1,0,FALSE,2,"Big Bend National Park, TX 79834, USA",29.2715108484,-103.2739764825,34665,NA,NA,NA,34665,NA,open,FALSE,gps,gps,Red-spotted Toad,Anaxyrus punctatus,Red-spotted Toad,Amphibia,64984
162537011,65f6a7bd-abd7-49f7-b52d-bdcf3c487f1f,2023-05-16 21:04:06-05:00,2023-05-16,2023-05-17 11:04:06 +0900,Central Time (US & Canada),222740,appalachianaturalist,Garrett Rhyne,2023-05-20 04:56:25 +0900,2023-06-20 00:39:59 +0900,research,NA,https://www.inaturalist.org/observations/162537011,https://static.inaturalist.org/photos/281048888/medium.jpg,NA,NA,NA,1,0,FALSE,3,"RM-674, Rocksprings, TX, US",29.6428916667,-100.4188533333,5,NA,NA,NA,5,NA,open,FALSE,NA,NA,Red-spotted Toad,Anaxyrus punctatus,Red-spotted Toad,Amphibia,64984
162537198,8fe957a8-74bb-4a25-a6ef-2ea13a9603fb,2023-05-16 21:06:13-05:00,2023-05-16,2023-05-17 11:06:13 +0900,Central Time (US & Canada),222740,appalachianaturalist,Garrett Rhyne,2023-05-20 04:57:16 +0900,2023-06-20 00:39:39 +0900,research,NA,https://www.inaturalist.org/observations/162537198,https://static.inaturalist.org/photos/281049137/medium.jpg,NA,NA,NA,1,0,FALSE,3,"RM-674, Rocksprings, TX, US",29.6412,-100.418625,10,NA,NA,NA,10,NA,open,FALSE,NA,NA,Red-spotted Toad,Anaxyrus punctatus,Red-spotted Toad,Amphibia,64984
163430285,0d3d128b-02f0-4bae-b796-91822cb960a9,2023-05-23 12:12:10-05:00,2023-05-23,2023-05-24 02:12:10 +0900,Central Time (US & Canada),266665,mtorres,NA,2023-05-24 12:54:10 +0900,2023-10-26 23:25:29 +0900,research,CC-BY-NC,https://www.inaturalist.org/observations/163430285,https://inaturalist-open-data.s3.amazonaws.com/photos/282668279/medium.jpg,NA,NA,NA,1,0,FALSE,3,"Texas, US",32.2134059067,-97.6827814931,4,NA,NA,NA,29120,obscured,open,TRUE,NA,NA,Red-spotted Toad,Anaxyrus punctatus,Red-spotted Toad,Amphibia,64984
164050798,5d6e0b96-edc3-481f-9f68-8a527be7df86,2017/11/30 2:20 PM,2017-11-30,2017-12-01 05:20:00 +0900,Central Time (US & Canada),510273,ubowernat,Gary Bowers,2023-05-28 04:08:33 +0900,2023-10-22 05:27:52 +0900,research,CC0,https://www.inaturalist.org/observations/164050798,https://inaturalist-open-data.s3.amazonaws.com/photos/283803371/medium.jpg,NA,NA,Small toad/frog found near Ernst Tinaja,1,0,FALSE,NA,"Brewster County, TX, USA",29.253342,-103.017867,NA,NA,NA,NA,NA,NA,open,FALSE,NA,NA,Red-spotted Toad,Anaxyrus punctatus,Red-spotted Toad,Amphibia,64984
164106897,bc23b0ee-73b9-43e2-9baf-cb1256fb3069,2023-05-26,2023-05-26,NA,Central Time (US & Canada),4058142,christopherbentley04,Chris Bentley,2023-05-28 09:08:09 +0900,2024-03-08 10:42:43 +0900,research,CC-BY-NC,https://www.inaturalist.org/observations/164106897,https://inaturalist-open-data.s3.amazonaws.com/photos/283907108/medium.jpeg,NA,NA,NA,1,0,FALSE,2,"Val Verde County, US-TX, US",29.7560422318,-101.2573098136,3170,NA,NA,NA,29458,obscured,open,TRUE,gps,gps,Red-spotted Toad,Anaxyrus punctatus,Red-spotted Toad,Amphibia,64984
164112512,99bd1180-1d88-4bd4-9d88-5abc640aca52,2023-05-26,2023-05-26,NA,Central Time (US & Canada),4058142,christopherbentley04,Chris Bentley,2023-05-28 09:41:28 +0900,2023-05-29 00:51:45 +0900,research,CC-BY-NC,https://www.inaturalist.org/observations/164112512,https://inaturalist-open-data.s3.amazonaws.com/photos/283916940/medium.jpeg,NA,NA,NA,1,0,FALSE,2,"Texas, US",29.9028095441,-101.1737170682,64496,NA,NA,NA,64496,obscured,open,TRUE,gps,gps,Red-spotted Toad,Anaxyrus punctatus,Red-spotted Toad,Amphibia,64984
164230887,c65a6858-8dc1-4a52-8d02-c845230f1b62,2023/05/26 1:08 PM,2023-05-26,2023-05-27 03:08:00 +0900,Central Time (US & Canada),363321,pufferchung,Michelle W.,2023-05-29 01:21:47 +0900,2023-06-06 03:22:04 +0900,research,CC-BY,https://www.inaturalist.org/observations/164230887,https://inaturalist-open-data.s3.amazonaws.com/photos/284132198/medium.jpeg,NA,NA,NA,2,0,FALSE,NA,"Presidio County, TX, USA",29.3262388889,-104.0324388889,NA,NA,NA,NA,NA,NA,open,FALSE,NA,NA,Red-spotted Toad,Anaxyrus punctatus,Red-spotted Toad,Amphibia,64984
164981302,6dc8fdd5-ad57-436d-ab35-4c16602477d7,2023-05-30 21:19:18,2023-05-30,2023-05-31 11:19:18 +0900,Central Time (US & Canada),6690,sandboa,Chris Harrison,2023-06-01 23:41:56 +0900,2024-09-24 01:19:19 +0900,research,CC-BY,https://www.inaturalist.org/observations/164981302,https://inaturalist-open-data.s3.amazonaws.com/photos/285525818/medium.jpeg,NA,NA,NA,1,0,FALSE,2,"Perryton, TX 79070, USA",36.1891805839,-100.5839310586,19,NA,NA,NA,19,NA,open,FALSE,gps,gps,Red-spotted Toad,Anaxyrus punctatus,Red-spotted Toad,Amphibia,64984
165076220,e09a5e48-a065-42ba-ab1b-1383735ec50d,2023-06-01 21:22:00-05:00,2023-06-01,2023-06-02 11:22:00 +0900,Central Time (US & Canada),81440,craighensley,Craig Hensley,2023-06-02 11:25:00 +0900,2024-08-30 02:06:20 +0900,research,CC-BY,https://www.inaturalist.org/observations/165076220,https://inaturalist-open-data.s3.amazonaws.com/photos/285707173/medium.jpg,NA,NA,NA,1,0,FALSE,3,"W Oak St, Sanderson, TX, US",30.1446338864,-102.4049512804,10,NA,NA,NA,10,NA,open,FALSE,NA,NA,Red-spotted Toad,Anaxyrus punctatus,Red-spotted Toad,Amphibia,64984
165596312,b9a78f01-eb3f-457c-b74e-4dbf7f969b6f,2023-05-29 22:56:39-05:00,2023-05-29,2023-05-30 12:56:39 +0900,Central Time (US & Canada),17484,drewrdavis,"Drew R. Davis, Ph.D.",2023-06-05 06:09:01 +0900,2023-06-05 21:33:44 +0900,research,CC-BY-NC,https://www.inaturalist.org/observations/165596312,https://inaturalist-open-data.s3.amazonaws.com/photos/286664979/medium.jpg,NA,NA,NA,1,0,FALSE,3,"Casa Piedra Rd, Marfa, TX, US",29.724643,-104.055641,3,NA,NA,NA,3,NA,open,FALSE,NA,NA,Red-spotted Toad,Anaxyrus punctatus,Red-spotted Toad,Amphibia,64984
165596456,502cf9b0-2ef4-46b3-a3fd-9ccdfb4fad81,2023-05-29 22:57:04-05:00,2023-05-29,2023-05-30 12:57:04 +0900,Central Time (US & Canada),17484,drewrdavis,"Drew R. Davis, Ph.D.",2023-06-05 06:09:36 +0900,2023-06-05 21:33:39 +0900,research,CC-BY-NC,https://www.inaturalist.org/observations/165596456,https://inaturalist-open-data.s3.amazonaws.com/photos/286665155/medium.jpg,NA,NA,NA,1,0,FALSE,3,"Casa Piedra Rd, Marfa, TX, US",29.724534,-104.055639,3,NA,NA,NA,3,NA,open,FALSE,NA,NA,Red-spotted Toad,Anaxyrus punctatus,Red-spotted Toad,Amphibia,64984
165596620,ddf78d86-d0a7-49ce-906d-d0a013397b64,2023-05-29 23:05:17-05:00,2023-05-29,2023-05-30 13:05:17 +0900,Central Time (US & Canada),17484,drewrdavis,"Drew R. Davis, Ph.D.",2023-06-05 06:10:48 +0900,2023-06-05 21:33:27 +0900,research,CC-BY-NC,https://www.inaturalist.org/observations/165596620,https://inaturalist-open-data.s3.amazonaws.com/photos/286665569/medium.jpg,NA,NA,NA,1,0,FALSE,3,"Casa Piedra Rd, Marfa, TX, US",29.725323,-104.05492,3,NA,NA,NA,3,NA,open,FALSE,NA,NA,Red-spotted Toad,Anaxyrus punctatus,Red-spotted Toad,Amphibia,64984
165670487,a80437bf-2833-4fc5-ace6-61728dcef6ca,2023-05-30 20:40:34-05:00,2023-05-30,2023-05-31 10:40:34 +0900,Central Time (US & Canada),17484,drewrdavis,"Drew R. Davis, Ph.D.",2023-06-05 14:50:17 +0900,2023-06-05 21:32:20 +0900,research,CC-BY-NC,https://www.inaturalist.org/observations/165670487,https://inaturalist-open-data.s3.amazonaws.com/photos/286807227/medium.jpg,NA,NA,NA,1,0,FALSE,3,"Marfa, TX, US",29.7283383333,-104.0586778333,3,NA,NA,NA,3,NA,open,FALSE,NA,NA,Red-spotted Toad,Anaxyrus punctatus,Red-spotted Toad,Amphibia,64984
165670543,a7de9c63-4d00-4579-baff-3303dcdf1fed,2023-05-30 20:48:52-05:00,2023-05-30,2023-05-31 10:48:52 +0900,Central Time (US & Canada),17484,drewrdavis,"Drew R. Davis, Ph.D.",2023-06-05 14:50:46 +0900,2023-06-05 21:32:12 +0900,research,CC-BY-NC,https://www.inaturalist.org/observations/165670543,https://inaturalist-open-data.s3.amazonaws.com/photos/286807313/medium.jpg,NA,NA,NA,1,0,FALSE,3,"Marfa, TX, US",29.7275216667,-104.0585721667,3,NA,NA,NA,3,NA,open,FALSE,NA,NA,Red-spotted Toad,Anaxyrus punctatus,Red-spotted Toad,Amphibia,64984
165670568,c9f275f2-6955-4ae7-9136-2b943da140a4,2023-05-30 22:13:32-05:00,2023-05-30,2023-05-31 12:13:32 +0900,Central Time (US & Canada),17484,drewrdavis,"Drew R. Davis, Ph.D.",2023-06-05 14:51:16 +0900,2023-06-05 21:31:58 +0900,research,CC-BY-NC,https://www.inaturalist.org/observations/165670568,https://inaturalist-open-data.s3.amazonaws.com/photos/286807394/medium.jpg,NA,NA,NA,1,0,FALSE,3,"FM-170, Marfa, TX, US",29.5222583333,-104.2694466667,3,NA,NA,NA,3,NA,open,FALSE,NA,NA,Red-spotted Toad,Anaxyrus punctatus,Red-spotted Toad,Amphibia,64984
166475749,6f2e7dbc-7eac-472b-827f-3c7d1f27a2ae,2023-05-15 22:33:04,2023-05-15,2023-05-16 12:33:04 +0900,Central Time (US & Canada),3910720,darthaves,NA,2023-06-10 05:43:09 +0900,2023-06-16 04:16:10 +0900,research,CC-BY-NC,https://www.inaturalist.org/observations/166475749,https://inaturalist-open-data.s3.amazonaws.com/photos/288290642/medium.jpeg,NA,NA,NA,1,0,FALSE,2,"Canyon, TX 79015, USA",34.9321638889,-101.6396166667,NA,NA,NA,NA,NA,NA,open,FALSE,gps,gps,Red-spotted Toad,Anaxyrus punctatus,Red-spotted Toad,Amphibia,64984
167224158,66a9f909-d877-4384-a924-86eb9e08587e,2023/06/12 10:13 AM,2023-06-12,2023-06-13 00:13:00 +0900,Central Time (US & Canada),33458,choyt,Cathryn Hoyt,2023-06-14 02:33:11 +0900,2024-09-06 00:25:16 +0900,research,CC-BY-NC,https://www.inaturalist.org/observations/167224158,https://inaturalist-open-data.s3.amazonaws.com/photos/289659774/medium.jpg,NA,NA,Tiny toadlets were abundant around the pools in the canyon.,2,0,FALSE,NA,"Brewster County, TX, USA",29.3144933333,-103.2279066667,NA,NA,NA,NA,NA,NA,open,FALSE,NA,NA,Red-spotted Toad,Anaxyrus punctatus,Red-spotted Toad,Amphibia,64984
167352426,51991a50-8437-4285-a34e-eba4b2644488,2023-06-13 08:06:23-05:00,2023-06-13,2023-06-13 22:06:23 +0900,Central Time (US & Canada),23415,nancyed,Nancye Saunders Drukker,2023-06-14 21:34:41 +0900,2023-06-15 03:36:00 +0900,research,CC-BY-NC,https://www.inaturalist.org/observations/167352426,https://inaturalist-open-data.s3.amazonaws.com/photos/289901772/medium.jpg,NA,NA,NA,2,0,FALSE,3,"Texas, US",29.6759091701,-98.8827923814,4,"SH-46, Pipe Creek, TX, US",29.7406133333,-98.8397366667,29458,obscured,open,TRUE,NA,NA,Red-spotted Toad,Anaxyrus punctatus,Red-spotted Toad,Amphibia,64984
167368636,955181f4-6e9e-4ac1-9d0d-69a7d0ff1142,2023-06-14 07:43:36-05:00,2023-06-14,2023-06-14 21:43:36 +0900,Central Time (US & Canada),6557798,shelbytgreen2002,NA,2023-06-14 23:46:02 +0900,2023-06-15 08:31:17 +0900,research,CC-BY-NC,https://www.inaturalist.org/observations/167368636,https://inaturalist-open-data.s3.amazonaws.com/photos/289930698/medium.jpg,NA,NA,NA,1,0,FALSE,3,"Alpine, TX, US",29.6074511092,-102.9354139244,11868,NA,NA,NA,11868,NA,open,FALSE,NA,NA,Red-spotted Toad,Anaxyrus punctatus,Red-spotted Toad,Amphibia,64984
167392123,47f95ff4-05fe-41a5-bcdd-4d94bc053454,2023-06-14 10:04:47-05:00,2023-06-14,2023-06-15 00:04:47 +0900,Central Time (US & Canada),23415,nancyed,Nancye Saunders Drukker,2023-06-15 02:16:38 +0900,2023-06-15 22:06:16 +0900,research,CC-BY-NC,https://www.inaturalist.org/observations/167392123,https://inaturalist-open-data.s3.amazonaws.com/photos/289972350/medium.jpg,NA,NA,Might be a red spotted toad,1,0,FALSE,3,"Texas, US",29.6281544221,-98.8962477802,4,"SH-46, Pipe Creek, TX, US",29.7426083333,-98.8406216667,29458,obscured,open,TRUE,NA,NA,Red-spotted Toad,Anaxyrus punctatus,Red-spotted Toad,Amphibia,64984
167646324,408e5db5-6acf-4e60-bbdb-5527015bf94d,2023-06-15 07:38:38,2023-06-15,2023-06-15 21:38:38 +0900,Central Time (US & Canada),1798739,jocobirder,Ty Allen,2023-06-16 12:58:48 +0900,2023-06-17 05:12:14 +0900,research,NA,https://www.inaturalist.org/observations/167646324,https://static.inaturalist.org/photos/290443131/medium.jpeg,NA,NA,NA,1,0,FALSE,2,"Comstock, TX 78837, USA",29.8946211301,-100.9950332344,57,NA,NA,NA,57,NA,open,FALSE,gps,gps,Red-spotted Toad,Anaxyrus punctatus,Red-spotted Toad,Amphibia,64984
169503099,bfb4f283-ee03-44ec-a370-12edd8b99c31,2023-06-25 19:40:33-05:00,2023-06-25,2023-06-26 09:40:33 +0900,Central Time (US & Canada),4426365,caitlintickner,NA,2023-06-26 09:43:00 +0900,2023-10-28 04:24:16 +0900,research,CC-BY-NC,https://www.inaturalist.org/observations/169503099,https://inaturalist-open-data.s3.amazonaws.com/photos/293873533/medium.jpg,NA,NA,NA,1,0,FALSE,3,"FM-1705, Canyon, TX, US",34.8617593836,-101.9722492989,161,NA,NA,NA,161,NA,open,FALSE,NA,NA,Red-spotted Toad,Anaxyrus punctatus,Red-spotted Toad,Amphibia,64984
170041965,2cf8186c-9d79-4cce-b793-0bbe7fcf033a,2023-06-27 22:12:42-05:00,2023-06-27,2023-06-28 12:12:42 +0900,Central Time (US & Canada),710938,paul_crump,Paul Crump,2023-06-29 09:55:15 +0900,2023-06-30 01:03:42 +0900,research,CC-BY-NC,https://www.inaturalist.org/observations/170041965,https://inaturalist-open-data.s3.amazonaws.com/photos/294867948/medium.jpg,NA,NA,NA,3,0,FALSE,3,"SH-118, Alpine, TX, US",30.0239721667,-103.571945,3,NA,NA,NA,3,NA,open,FALSE,NA,NA,Red-spotted Toad,Anaxyrus punctatus,Red-spotted Toad,Amphibia,64984
170134854,49b8c252-3424-4b4d-a304-85835619ea2e,2023-06-29 11:40:58-05:00,2023-06-29,2023-06-30 01:40:58 +0900,Central Time (US & Canada),5696598,cynthiavs,NA,2023-06-30 01:47:01 +0900,2023-06-30 01:57:50 +0900,research,CC-BY-NC,https://www.inaturalist.org/observations/170134854,https://inaturalist-open-data.s3.amazonaws.com/photos/295043427/medium.jpg,NA,NA,NA,1,0,FALSE,3,"Darryl Dr, Denison, TX, US",33.6768945668,-96.4147159865,8826,NA,NA,NA,8826,NA,open,FALSE,NA,NA,Red-spotted Toad,Anaxyrus punctatus,Red-spotted Toad,Amphibia,64984
170929460,5cbf89a6-abb9-44bf-9dbb-0b264526c788,2023/06/30 7:10 PM,2023-06-30,2023-07-01 09:10:00 +0900,Central Time (US & Canada),1146707,jsmorph,NA,2023-07-04 08:12:55 +0900,2023-07-04 11:12:42 +0900,research,CC-BY-NC,https://www.inaturalist.org/observations/170929460,https://inaturalist-open-data.s3.amazonaws.com/photos/296540520/medium.jpg,NA,NA,NA,1,0,FALSE,NA,"Texas, US",30.3656857642,-103.5185399822,4,NA,NA,NA,29382,obscured,open,TRUE,NA,NA,Red-spotted Toad,Anaxyrus punctatus,Red-spotted Toad,Amphibia,64984
171211891,bd727aaf-18f5-408e-8d2e-120e89cc4fb4,1999-09-05 09:43:00-05:00,1999-09-05,1999-09-05 23:43:00 +0900,Central Time (US & Canada),6648203,leg9,NA,2023-07-05 23:44:43 +0900,2023-07-10 06:29:57 +0900,research,CC-BY-NC,https://www.inaturalist.org/observations/171211891,https://inaturalist-open-data.s3.amazonaws.com/photos/297070704/medium.jpg,NA,NA,NA,1,0,FALSE,3,"Fort Davis, TX, US",30.6565469736,-104.1240313609,8309,NA,NA,NA,8309,NA,open,FALSE,NA,NA,Red-spotted Toad,Anaxyrus punctatus,Red-spotted Toad,Amphibia,64984
171629798,74460b82-ca7b-48e3-af15-8e9339bf3863,2023-05-03 21:46:51-05:00,2023-05-03,2023-05-04 11:46:51 +0900,Central Time (US & Canada),444712,covillbirdy,Joshua Wade Covill,2023-07-08 06:39:36 +0900,2023-08-03 22:13:17 +0900,research,CC-BY-NC,https://www.inaturalist.org/observations/171629798,https://inaturalist-open-data.s3.amazonaws.com/photos/297843062/medium.jpg,NA,NA,NA,1,0,FALSE,3,"Big Bend Ranch State Park, Marfa, TX, US",29.50358,-104.2455883333,4,NA,NA,NA,4,NA,open,FALSE,NA,NA,Red-spotted Toad,Anaxyrus punctatus,Red-spotted Toad,Amphibia,64984
172138903,9a9f295e-3088-48a7-b78f-b2072b56ddcb,2023-07-09 15:08:22-05:00,2023-07-09,2023-07-10 05:08:22 +0900,Central Time (US & Canada),6812408,paloduro,NA,2023-07-10 20:40:26 +0900,2023-08-08 07:44:39 +0900,research,CC-BY-NC,https://www.inaturalist.org/observations/172138903,https://inaturalist-open-data.s3.amazonaws.com/photos/298795156/medium.jpg,NA,NA,NA,1,0,FALSE,3,"Canyon, TX, US",35.0159560746,-101.7073289451,53,NA,NA,NA,53,NA,open,FALSE,NA,NA,Red-spotted Toad,Anaxyrus punctatus,Red-spotted Toad,Amphibia,64984
172642378,68e88ba3-0f52-4ae8-aa75-0ee32fdc20c0,2023-07-13 03:04:41,2023-07-13,2023-07-13 17:04:41 +0900,Central Time (US & Canada),13713,bethd,Beth Duncan,2023-07-13 17:17:29 +0900,2023-07-14 15:01:39 +0900,research,CC-BY-NC,https://www.inaturalist.org/observations/172642378,https://inaturalist-open-data.s3.amazonaws.com/photos/299728957/medium.jpeg,NA,NA,thunderstorm just blew in,3,0,FALSE,2,"Alpine, TX, USA",30.3505809722,-103.6661909722,NA,NA,NA,NA,NA,NA,open,FALSE,NA,NA,Red-spotted Toad,Anaxyrus punctatus,Red-spotted Toad,Amphibia,64984
172800730,23a63f6a-70b2-4771-b545-cd1e0a778d61,2023-07-13 23:21:29,2023-07-13,2023-07-14 13:21:29 +0900,Central Time (US & Canada),6690,sandboa,Chris Harrison,2023-07-14 15:11:12 +0900,2024-09-24 01:19:19 +0900,research,CC-BY,https://www.inaturalist.org/observations/172800730,https://inaturalist-open-data.s3.amazonaws.com/photos/300023482/medium.jpeg,NA,NA,NA,3,0,FALSE,2,"Jeff Davis County, US-TX, US",30.9310179876,-104.1511116181,7,NA,NA,NA,7,NA,open,FALSE,NA,NA,Red-spotted Toad,Anaxyrus punctatus,Red-spotted Toad,Amphibia,64984
172820271,e6d8df34-7998-48ab-a2a4-37f76c1b54f8,2023-07-13 23:21:34-05:00,2023-07-13,2023-07-14 13:21:34 +0900,Central Time (US & Canada),206492,wild-about-texas,Michael Price,2023-07-14 19:47:00 +0900,2023-07-17 22:15:25 +0900,research,CC-BY-NC,https://www.inaturalist.org/observations/172820271,https://inaturalist-open-data.s3.amazonaws.com/photos/300107411/medium.jpg,NA,NA,NA,4,0,FALSE,3,"Jeff Davis County, US-TX, US",30.9310755567,-104.151160786,12,NA,NA,NA,12,NA,open,FALSE,NA,NA,Red-spotted Toad,Anaxyrus punctatus,Red-spotted Toad,Amphibia,64984
173128932,7b73395b-ab9f-4a9c-958a-ffef9fdf6a22,2023-07-15 12:39:21-05:00,2023-07-15,2023-07-16 02:39:21 +0900,Central Time (US & Canada),6812408,paloduro,NA,2023-07-16 10:34:00 +0900,2023-07-26 23:43:02 +0900,research,CC-BY-NC,https://www.inaturalist.org/observations/173128932,https://inaturalist-open-data.s3.amazonaws.com/photos/300626975/medium.jpg,NA,NA,NA,1,0,FALSE,3,"Palo Duro Canyon State Park, Canyon, TX, US",34.9309102388,-101.6366436444,25,NA,NA,NA,25,NA,open,FALSE,NA,NA,Red-spotted Toad,Anaxyrus punctatus,Red-spotted Toad,Amphibia,64984
174194722,e238c15d-99f3-4d00-a7f6-25d579929a9f,2023-07-21 13:56:02-05:00,2023-07-21,2023-07-22 03:56:02 +0900,Central Time (US & Canada),6812408,paloduro,NA,2023-07-22 10:08:04 +0900,2023-07-26 23:55:22 +0900,research,CC-BY-NC,https://www.inaturalist.org/observations/174194722,https://inaturalist-open-data.s3.amazonaws.com/photos/302601800/medium.jpg,NA,NA,NA,1,0,FALSE,3,"Canyon, TX, US",35.0157118626,-101.7069057911,248,NA,NA,NA,248,NA,open,FALSE,NA,NA,Red-spotted Toad,Anaxyrus punctatus,Red-spotted Toad,Amphibia,64984
174749533,9465a1e8-c902-4fd7-9bcc-9f69a16ecb9d,2023/07/21 11:10 AM,2023-07-21,2023-07-22 01:10:00 +0900,Central Time (US & Canada),4563819,gracklegrace,Grace Millsap,2023-07-25 05:34:24 +0900,2023-08-08 07:44:33 +0900,research,CC-BY-NC,https://www.inaturalist.org/observations/174749533,https://inaturalist-open-data.s3.amazonaws.com/photos/303620464/medium.jpeg,NA,NA,NA,1,0,FALSE,NA,"Palo Duro Canyon State Park, Randall County, TX, USA",34.9679646456,-101.6760932156,349,NA,NA,NA,349,NA,open,FALSE,NA,NA,Red-spotted Toad,Anaxyrus punctatus,Red-spotted Toad,Amphibia,64984
175796721,ee4c6b28-6db7-4d6c-a39c-4d500cdb6dac,2023-07-28 23:58:37-05:00,2023-07-28,2023-07-29 13:58:37 +0900,Central Time (US & Canada),4858881,downtodanny,NA,2023-07-31 04:43:22 +0900,2023-07-31 07:16:58 +0900,research,CC-BY-NC,https://www.inaturalist.org/observations/175796721,https://inaturalist-open-data.s3.amazonaws.com/photos/305549443/medium.jpg,NA,NA,NA,1,0,FALSE,3,"Brewster County, US-TX, US",30.1514341429,-103.4412914718,4368,NA,NA,NA,29407,obscured,open,TRUE,NA,NA,Red-spotted Toad,Anaxyrus punctatus,Red-spotted Toad,Amphibia,64984
175808773,ad739beb-03de-41f8-86f3-1336384d7ee3,2023-07-29 08:34:32-05:00,2023-07-29,2023-07-29 22:34:32 +0900,Central Time (US & Canada),2384573,jkhatfield,NA,2023-07-31 05:43:36 +0900,2023-10-28 04:20:10 +0900,research,CC-BY-NC,https://www.inaturalist.org/observations/175808773,https://inaturalist-open-data.s3.amazonaws.com/photos/305571926/medium.jpg,NA,NA,NA,1,0,FALSE,3,"Caprock Canyons State Park & Trailway, Quitaque, TX, US",34.4492327276,-101.1086482004,253,NA,NA,NA,253,NA,open,FALSE,NA,NA,Red-spotted Toad,Anaxyrus punctatus,Red-spotted Toad,Amphibia,64984
178555478,c2b7b8d5-c1ec-42a9-9ddf-45b45b0e0567,2023-08-13 21:18:36-05:00,2023-08-13,2023-08-14 11:18:36 +0900,Central Time (US & Canada),3290,temminicki,Jeremiah Degenhardt,2023-08-16 02:01:33 +0900,2024-08-30 08:36:47 +0900,research,CC-BY-NC,https://www.inaturalist.org/observations/178555478,https://inaturalist-open-data.s3.amazonaws.com/photos/310724622/medium.jpg,NA,NA,NA,1,0,FALSE,3,"Boy Scout Rd, Fort Davis, TX, US",30.8145383333,-103.931245,200,NA,NA,NA,200,NA,open,FALSE,NA,NA,Red-spotted Toad,Anaxyrus punctatus,Red-spotted Toad,Amphibia,64984
178770043,6b81dc41-0335-4358-86cd-9cefb0fd1bda,2023/08/16 11:03 AM,2023-08-16,2023-08-17 01:03:00 +0900,Central Time (US & Canada),374229,derrell_d,Derrell T. Dixon,2023-08-17 09:28:05 +0900,2023-08-17 16:19:17 +0900,research,NA,https://www.inaturalist.org/observations/178770043,https://static.inaturalist.org/photos/311132033/medium.jpeg,NA,NA,PDCSP...near the Equestrian Trail Parking Lot,2,0,FALSE,NA,"Randall County, TX, USA",34.9314754712,-101.6356647625,10,NA,NA,NA,10,NA,open,FALSE,NA,NA,Red-spotted Toad,Anaxyrus punctatus,Red-spotted Toad,Amphibia,64984
179141445,eeb65ac0-3e8e-418c-aeea-63c77c09e248,2023-08-19 00:30:55-05:00,2023-08-19,2023-08-19 14:30:55 +0900,Central Time (US & Canada),206492,wild-about-texas,Michael Price,2023-08-19 22:15:28 +0900,2023-08-21 10:39:49 +0900,research,CC-BY-NC,https://www.inaturalist.org/observations/179141445,https://inaturalist-open-data.s3.amazonaws.com/photos/311846560/medium.jpg,NA,NA,NA,3,0,FALSE,3,"Jeff Davis County, US-TX, US",30.8160526997,-103.8550792096,357,NA,NA,NA,357,NA,open,FALSE,NA,NA,Red-spotted Toad,Anaxyrus punctatus,Red-spotted Toad,Amphibia,64984
179916320,a917b7d6-c2d3-476c-bd20-483f97802036,2023-08-23 21:21:19,2023-08-23,2023-08-24 11:21:19 +0900,Central Time (US & Canada),5385911,tjfishing,Tom Forwood Jr.,2023-08-24 11:22:05 +0900,2023-08-26 11:38:11 +0900,research,CC-BY-NC,https://www.inaturalist.org/observations/179916320,https://inaturalist-open-data.s3.amazonaws.com/photos/313312495/medium.jpeg,NA,NA,NA,1,0,FALSE,2,"Presidio, TX 79845, USA",29.5231523272,-104.2925418355,8,NA,NA,NA,8,NA,open,FALSE,NA,NA,Red-spotted Toad,Anaxyrus punctatus,Red-spotted Toad,Amphibia,64984
180343034,360f3e83-53ac-47df-8ce3-db92c188a923,2023/08/03 9:06 AM,2023-08-03,2023-08-04 00:06:00 +0900,Mountain Time (US & Canada),93152,kevinfloyd,Kevin Floyd,2023-08-27 06:46:40 +0900,2025-01-22 03:09:53 +0900,research,CC-BY,https://www.inaturalist.org/observations/180343034,https://inaturalist-open-data.s3.amazonaws.com/photos/314120483/medium.jpg,NA,"Amphibians, Anaxyrus punctatus, August, Class Amphibia, El Paso, Franklin Mountains, Frogs and toads, Order Anura, Red-spotted toad, Texas",NA,1,0,FALSE,NA,"El Paso, TX, USA",31.9215183333,-106.513685,NA,NA,NA,NA,NA,NA,open,FALSE,NA,NA,Red-spotted Toad,Anaxyrus punctatus,Red-spotted Toad,Amphibia,64984
180448859,612f0949-4a84-40d6-9eca-260eab9b8316,2023-08-25 21:07:24-06:00,2023-08-25,2023-08-26 12:07:24 +0900,Mountain Time (US & Canada),3716919,cnzdenek,NA,2023-08-28 00:01:38 +0900,2023-08-29 01:37:47 +0900,research,CC-BY-NC,https://www.inaturalist.org/observations/180448859,https://inaturalist-open-data.s3.amazonaws.com/photos/314330365/medium.jpg,NA,NA,"On foot, we spotted 14 of these this night after an afternoon rain on a 1.5hr bush hike in the area.",2,0,FALSE,3,"Franklin Mountains State Park, El Paso, TX, US",31.9265116667,-106.5118033333,5,NA,NA,NA,5,NA,open,FALSE,NA,NA,Red-spotted Toad,Anaxyrus punctatus,Red-spotted Toad,Amphibia,64984
181692743,9d2de836-919f-4e63-b486-0aebc8d8728b,2023-09-03 21:04:26-05:00,2023-09-03,2023-09-04 11:04:26 +0900,Central Time (US & Canada),4858881,downtodanny,NA,2023-09-04 13:40:12 +0900,2023-09-15 06:11:16 +0900,research,CC-BY-NC,https://www.inaturalist.org/observations/181692743,https://inaturalist-open-data.s3.amazonaws.com/photos/316653583/medium.jpg,NA,NA,NA,1,0,FALSE,3,"Brewster County, US-TX, US",30.3035170411,-103.5171870062,1856,NA,NA,NA,29382,obscured,open,TRUE,NA,NA,Red-spotted Toad,Anaxyrus punctatus,Red-spotted Toad,Amphibia,64984
183900606,1843d183-6677-42ef-a946-3394d7fe8d9d,2015/05/25,2015-05-25,NA,Central Time (US & Canada),108119,dbh,David Heckard,2023-09-19 06:17:58 +0900,2023-09-19 10:15:25 +0900,research,CC-BY-NC,https://www.inaturalist.org/observations/183900606,https://inaturalist-open-data.s3.amazonaws.com/photos/320912718/medium.jpg,NA,NA,NA,1,0,FALSE,NA,"Kinney County, TX, USA",29.23051667,-100.22708333,NA,NA,NA,NA,NA,NA,open,FALSE,NA,NA,Red-spotted Toad,Anaxyrus punctatus,Red-spotted Toad,Amphibia,64984
183901092,af9f952f-6a3d-430b-8c8a-675b4e855357,2015/05/24,2015-05-24,NA,Central Time (US & Canada),108119,dbh,David Heckard,2023-09-19 06:21:13 +0900,2023-09-19 10:15:21 +0900,research,CC-BY-NC,https://www.inaturalist.org/observations/183901092,https://inaturalist-open-data.s3.amazonaws.com/photos/320913531/medium.jpg,NA,NA,NA,1,0,FALSE,NA,"Edwards County, TX, USA",29.94286667,-100.53806667,NA,NA,NA,NA,NA,NA,open,FALSE,NA,NA,Red-spotted Toad,Anaxyrus punctatus,Red-spotted Toad,Amphibia,64984
184074114,5897d0fb-7594-4f50-9a17-9b706139e8b2,2023-09-15 18:48:13-05:00,2023-09-15,2023-09-16 08:48:13 +0900,Central Time (US & Canada),4411277,bird_shine,Brad Shine,2023-09-20 12:16:39 +0900,2023-09-21 07:27:29 +0900,research,CC-BY-NC,https://www.inaturalist.org/observations/184074114,https://inaturalist-open-data.s3.amazonaws.com/photos/321254172/medium.jpg,NA,NA,NA,1,0,FALSE,3,"Palo Duro Canyon State Park, Canyon, TX, US",34.9396133333,-101.6952666667,5,NA,NA,NA,5,NA,open,FALSE,NA,NA,Red-spotted Toad,Anaxyrus punctatus,Red-spotted Toad,Amphibia,64984
184810158,776433af-bfbf-4f89-af5e-9cb303e09af1,2023/09/12 9:59 PM,2023-09-12,2023-09-13 11:59:00 +0900,Central Time (US & Canada),18812,mako252,Jon McIntyre,2023-09-25 12:10:41 +0900,2023-09-27 03:38:50 +0900,research,CC-BY-NC,https://www.inaturalist.org/observations/184810158,https://inaturalist-open-data.s3.amazonaws.com/photos/322654865/medium.jpeg,NA,NA,AOR,2,0,FALSE,NA,"Presidio County, TX, USA",29.302014925799998,-103.9558522094,4,NA,NA,NA,4,NA,open,FALSE,NA,NA,Red-spotted Toad,Anaxyrus punctatus,Red-spotted Toad,Amphibia,64984
184815266,a4cce50c-e1bc-41ad-9d2e-3d9c4342b432,2023/09/13 8:51 AM,2023-09-13,2023-09-13 22:51:00 +0900,Central Time (US & Canada),18812,mako252,Jon McIntyre,2023-09-25 12:55:48 +0900,2024-10-20 22:07:45 +0900,research,CC-BY-NC,https://www.inaturalist.org/observations/184815266,https://inaturalist-open-data.s3.amazonaws.com/photos/322661682/medium.jpeg,NA,NA,DOR,2,0,FALSE,NA,"Brewster County, TX, USA",29.3581458211,-103.2919925182,4,NA,NA,NA,4,NA,open,FALSE,NA,NA,Red-spotted Toad,Anaxyrus punctatus,Red-spotted Toad,Amphibia,64984
184824069,853b2ac2-e8be-4e59-8cdd-047223357ea2,2023/09/13 8:50 PM,2023-09-13,2023-09-14 10:50:00 +0900,Central Time (US & Canada),18812,mako252,Jon McIntyre,2023-09-25 14:05:51 +0900,2023-09-28 03:29:03 +0900,research,CC-BY-NC,https://www.inaturalist.org/observations/184824069,https://inaturalist-open-data.s3.amazonaws.com/photos/322672932/medium.jpeg,NA,NA,AOR,3,0,FALSE,NA,"Presidio County, TX, USA",29.8837499022,-104.0233985873,4,NA,NA,NA,4,NA,open,FALSE,NA,NA,Red-spotted Toad,Anaxyrus punctatus,Red-spotted Toad,Amphibia,64984
184928907,6bd25919-f2e9-404c-9bad-d241463f5d69,2023/09/16 9:30 AM,2023-09-16,2023-09-16 23:30:00 +0900,Central Time (US & Canada),3716041,jim668,Jim Dobbins,2023-09-26 06:52:22 +0900,2024-05-20 02:06:03 +0900,research,NA,https://www.inaturalist.org/observations/184928907,https://static.inaturalist.org/photos/322873654/medium.jpeg,NA,NA,Three tiny juveniles encountered less than a quarter-mile within Closed Canyon...,2,0,FALSE,NA,"Closed Canyon Trail, Redford, TX 79846, USA",29.3277587,-104.02824,212,NA,NA,NA,212,NA,open,FALSE,NA,NA,Red-spotted Toad,Anaxyrus punctatus,Red-spotted Toad,Amphibia,64984
184951688,05a7ce82-a970-4e19-9677-bd59fe2a2289,2023/09/13 11:21 PM,2023-09-13,2023-09-14 13:21:00 +0900,Central Time (US & Canada),18812,mako252,Jon McIntyre,2023-09-26 10:27:35 +0900,2023-09-28 05:06:19 +0900,research,CC-BY-NC,https://www.inaturalist.org/observations/184951688,https://inaturalist-open-data.s3.amazonaws.com/photos/322921050/medium.jpeg,NA,NA,AOR,2,0,FALSE,NA,"Presidio County, TX, USA",30.0563493125,-104.0253105495,4,NA,NA,NA,4,NA,open,FALSE,NA,NA,Red-spotted Toad,Anaxyrus punctatus,Red-spotted Toad,Amphibia,64984
185355182,a36afbe9-e538-474f-8be0-1a657b973ac6,2023/09/12 10:51 PM,2023-09-12,2023-09-13 12:51:00 +0900,Central Time (US & Canada),670908,jugbayjs,NA,2023-09-29 08:49:15 +0900,2023-12-13 12:19:56 +0900,research,CC-BY-NC,https://www.inaturalist.org/observations/185355182,https://inaturalist-open-data.s3.amazonaws.com/photos/323688508/medium.jpeg,NA,NA,NA,1,0,FALSE,NA,"Presidio County, TX, USA",29.3020201972,-103.9558594835,4,NA,NA,NA,4,NA,open,FALSE,NA,NA,Red-spotted Toad,Anaxyrus punctatus,Red-spotted Toad,Amphibia,64984
185591016,d481cedc-d4a0-4409-956b-0b8c587e6bb0,Sat Sep 30 2023 10:35:07 GMT-0500 (CDT),2023-09-30,2023-10-01 00:35:07 +0900,Central Time (US & Canada),793749,justkate,NA,2023-10-01 01:36:17 +0900,2024-09-19 07:35:06 +0900,research,NA,https://www.inaturalist.org/observations/185591016,https://static.inaturalist.org/photos/324153167/medium.jpg,NA,NA,NA,1,0,FALSE,3,"Enchanted Rock State Natural Area, Fredericksburg, TX, US",30.4958833333,-98.8283833333,10,NA,NA,NA,10,NA,open,FALSE,NA,NA,Red-spotted Toad,Anaxyrus punctatus,Red-spotted Toad,Amphibia,64984
185605999,1935986a-5259-476e-946d-cc905032a34b,2023/09/13 8:58 AM,2023-09-13,2023-09-13 22:58:00 +0900,Central Time (US & Canada),670908,jugbayjs,NA,2023-10-01 03:11:27 +0900,2023-12-13 12:15:34 +0900,research,CC-BY-NC,https://www.inaturalist.org/observations/185605999,https://inaturalist-open-data.s3.amazonaws.com/photos/324172187/medium.jpg,NA,NA,NA,2,0,FALSE,NA,"Brewster County, TX, USA",29.3580643997,-103.2921185,NA,NA,NA,NA,NA,NA,open,FALSE,NA,NA,Red-spotted Toad,Anaxyrus punctatus,Red-spotted Toad,Amphibia,64984
185835461,47236263-65d4-4ed5-9f77-b3b20ae3e9af,2023/09/13 9:42 PM,2023-09-13,2023-09-14 11:42:00 +0900,Central Time (US & Canada),670908,jugbayjs,NA,2023-10-02 09:46:13 +0900,2023-12-13 12:15:21 +0900,research,CC-BY-NC,https://www.inaturalist.org/observations/185835461,https://inaturalist-open-data.s3.amazonaws.com/photos/324407051/medium.jpeg,NA,NA,NA,2,0,FALSE,NA,"Presidio County, TX, USA",29.8837577604,-104.0234172198,2,NA,NA,NA,2,NA,open,FALSE,NA,NA,Red-spotted Toad,Anaxyrus punctatus,Red-spotted Toad,Amphibia,64984
185904505,d111e9b2-528a-4f81-b7b1-e72444cfd69f,2023-10-01 00:45:09-05:00,2023-10-01,2023-10-01 14:45:09 +0900,Central Time (US & Canada),5415505,neo_k,Neo Koite,2023-10-02 23:22:22 +0900,2023-10-03 02:36:18 +0900,research,NA,https://www.inaturalist.org/observations/185904505,https://static.inaturalist.org/photos/324762115/medium.jpg,NA,NA,NA,1,0,FALSE,3,"Big Bend National Park, Terlingua, TX, US",29.1775333333,-102.99862,4,NA,NA,NA,4,NA,open,FALSE,NA,NA,Red-spotted Toad,Anaxyrus punctatus,Red-spotted Toad,Amphibia,64984
186116889,61f9e6d6-67fc-40a1-b52c-dbc14f1fd095,2023-10-03 14:25:18-05:00,2023-10-03,2023-10-04 04:25:18 +0900,Central Time (US & Canada),23415,nancyed,Nancye Saunders Drukker,2023-10-04 11:27:51 +0900,2023-10-05 06:06:25 +0900,research,CC-BY-NC,https://www.inaturalist.org/observations/186116889,https://inaturalist-open-data.s3.amazonaws.com/photos/325184284/medium.jpg,NA,NA,NA,1,0,FALSE,3,"Texas, US",29.6517703708,-98.8697935826,4,"SH-46, Pipe Creek, TX, US",29.7406166667,-98.839745,29458,obscured,open,TRUE,NA,NA,Red-spotted Toad,Anaxyrus punctatus,Red-spotted Toad,Amphibia,64984
186339810,d041a060-4232-42e7-8c56-c1fa91438fa9,2023-10-05 17:31:51-05:00,2023-10-05,2023-10-06 07:31:51 +0900,Central Time (US & Canada),1749199,conhartke,NA,2023-10-06 07:32:04 +0900,2023-10-06 12:11:50 +0900,research,CC-BY-NC,https://www.inaturalist.org/observations/186339810,https://inaturalist-open-data.s3.amazonaws.com/photos/325621560/medium.jpg,NA,NA,NA,2,0,FALSE,3,"Texas, US",29.6973694386,-98.8976058792,32,NA,NA,NA,29458,obscured,open,TRUE,NA,NA,Red-spotted Toad,Anaxyrus punctatus,Red-spotted Toad,Amphibia,64984
186486514,2f5ca2ab-cb1b-49b8-b20b-5f51f86608d7,2023-09-27 21:50:47,2023-09-27,2023-09-28 11:50:47 +0900,Central Time (US & Canada),5289398,zroz,NA,2023-10-07 10:48:04 +0900,2023-10-07 12:20:14 +0900,research,NA,https://www.inaturalist.org/observations/186486514,https://static.inaturalist.org/photos/325911814/medium.jpeg,NA,NA,NA,1,0,FALSE,2,"Terlingua, TX 79852, USA",29.4623469452,-103.5530174151,242,NA,NA,NA,242,NA,open,FALSE,gps,gps,Red-spotted Toad,Anaxyrus punctatus,Red-spotted Toad,Amphibia,64984
186650589,bde06a5c-fbcd-4465-bb3a-493aa2a70f57,2023-10-07 20:15:42-05:00,2023-10-07,2023-10-08 10:15:42 +0900,Central Time (US & Canada),206492,wild-about-texas,Michael Price,2023-10-08 13:35:42 +0900,2023-10-08 22:41:23 +0900,research,CC-BY-NC,https://www.inaturalist.org/observations/186650589,https://inaturalist-open-data.s3.amazonaws.com/photos/326235217/medium.jpg,NA,NA,NA,1,0,FALSE,3,"Presidio County, US-TX, US",29.3198164021,-103.9758612931,14,NA,NA,NA,14,NA,open,FALSE,NA,NA,Red-spotted Toad,Anaxyrus punctatus,Red-spotted Toad,Amphibia,64984
186650606,207ade1f-01ae-4a1c-8c16-87df31030726,2023-10-07 20:56:04-05:00,2023-10-07,2023-10-08 10:56:04 +0900,Central Time (US & Canada),206492,wild-about-texas,Michael Price,2023-10-08 13:36:07 +0900,2023-10-08 22:41:03 +0900,research,CC-BY-NC,https://www.inaturalist.org/observations/186650606,https://inaturalist-open-data.s3.amazonaws.com/photos/326235258/medium.jpg,NA,NA,NA,1,0,FALSE,3,"Ranch Rd 170, Terlingua, TX, US",29.2719988748,-103.7564861437,9,NA,NA,NA,9,NA,open,FALSE,NA,NA,Red-spotted Toad,Anaxyrus punctatus,Red-spotted Toad,Amphibia,64984
187134975,a1e1b801-4739-4636-8b93-a7ce64bf4d46,2023/10/06 10:29 PM,2023-10-06,2023-10-07 12:29:00 +0900,Central Time (US & Canada),206492,wild-about-texas,Michael Price,2023-10-12 01:39:21 +0900,2023-10-12 15:08:50 +0900,research,CC-BY-NC,https://www.inaturalist.org/observations/187134975,https://inaturalist-open-data.s3.amazonaws.com/photos/327195092/medium.jpeg,NA,NA,NA,1,0,FALSE,NA,"Brewster County, TX, USA",29.1356704325,-103.5174520182,4,NA,NA,NA,4,NA,open,FALSE,NA,NA,Red-spotted Toad,Anaxyrus punctatus,Red-spotted Toad,Amphibia,64984
187134976,62f70205-b298-4058-ac87-12851562c942,2023/10/06 11:17 PM,2023-10-06,2023-10-07 13:17:00 +0900,Central Time (US & Canada),206492,wild-about-texas,Michael Price,2023-10-12 01:39:21 +0900,2023-10-12 15:08:51 +0900,research,CC-BY-NC,https://www.inaturalist.org/observations/187134976,https://inaturalist-open-data.s3.amazonaws.com/photos/327195099/medium.jpeg,NA,NA,NA,1,0,FALSE,NA,"Brewster County, TX, USA",29.1770921722,-103.4335356373,2,NA,NA,NA,2,NA,open,FALSE,NA,NA,Red-spotted Toad,Anaxyrus punctatus,Red-spotted Toad,Amphibia,64984
188377414,bf68e7b9-a923-4bf1-996e-4546c9151010,2023-09-23 21:55:36-05:00,2023-09-23,2023-09-24 11:55:36 +0900,Central Time (US & Canada),4692211,h-i-s-s,H.I.S.S.,2023-10-21 22:46:57 +0900,2023-10-28 04:15:00 +0900,research,CC-BY-NC,https://www.inaturalist.org/observations/188377414,https://inaturalist-open-data.s3.amazonaws.com/photos/329689076/medium.jpg,NA,NA,1” specimen,1,0,FALSE,3,"Palo Duro Canyon State Park, Canyon, TX, US",34.961025,-101.67785,4,NA,NA,NA,4,NA,open,FALSE,NA,NA,Red-spotted Toad,Anaxyrus punctatus,Red-spotted Toad,Amphibia,64984
189012764,9f3a2f2f-62b7-4ec6-9dcb-b9be16cdb6f0,2023-10-20 22:47:07-05:00,2023-10-20,2023-10-21 12:47:07 +0900,Central Time (US & Canada),2540943,analisase,Analisa Shields-Estrada,2023-10-27 00:01:01 +0900,2023-10-28 00:59:10 +0900,research,CC-BY-NC,https://www.inaturalist.org/observations/189012764,https://inaturalist-open-data.s3.amazonaws.com/photos/330988703/medium.jpg,NA,NA,NA,1,0,FALSE,3,"Big Bend Ranch State Park, Presidio, TX, US",29.326795,-104.0324695,4,NA,NA,NA,4,NA,open,FALSE,NA,NA,Red-spotted Toad,Anaxyrus punctatus,Red-spotted Toad,Amphibia,64984
190068342,4a40a78c-a982-4935-91fe-7f0f712f854b,2023-11-05 07:49:36-06:00,2023-11-05,2023-11-05 22:49:36 +0900,Central Time (US & Canada),4218788,jp3613,Justin Pittman,2023-11-05 22:53:32 +0900,2023-11-06 11:25:48 +0900,research,NA,https://www.inaturalist.org/observations/190068342,https://static.inaturalist.org/photos/333280792/medium.jpg,NA,NA,NA,1,0,FALSE,3,"Early, TX, US",31.706695,-98.8619166667,4,NA,NA,NA,4,NA,open,FALSE,NA,NA,Red-spotted Toad,Anaxyrus punctatus,Red-spotted Toad,Amphibia,64984
190153631,d6667733-39b9-417a-959f-004ea09908bc,2023-11-05 07:51:30-06:00,2023-11-05,2023-11-05 22:51:30 +0900,Central Time (US & Canada),4218788,jp3613,Justin Pittman,2023-11-06 11:25:49 +0900,2023-11-14 01:05:32 +0900,research,NA,https://www.inaturalist.org/observations/190153631,https://static.inaturalist.org/photos/333280838/medium.jpg,NA,NA,NA,1,0,FALSE,3,"Early, TX, US",31.706705,-98.86197,5,NA,NA,NA,5,NA,open,FALSE,NA,NA,Red-spotted Toad,Anaxyrus punctatus,Red-spotted Toad,Amphibia,64984
190865636,ff267e3f-7f1f-4abe-88cb-62415c6c7483,2023-05-19 06:46:28-05:00,2023-05-19,2023-05-19 20:46:28 +0900,Central Time (US & Canada),2462633,bcvi,Nick Glover,2023-11-13 11:38:27 +0900,2023-11-17 00:50:47 +0900,research,CC-BY-NC,https://www.inaturalist.org/observations/190865636,https://inaturalist-open-data.s3.amazonaws.com/photos/334692861/medium.jpg,NA,NA,NA,1,0,FALSE,3,"Coryell County, US-TX, US",31.3698332836,-97.8353155862,4,"Fort Cavazos, Gatesville, TX, US",31.2951666667,-97.850595,29252,obscured,open,TRUE,NA,NA,Red-spotted Toad,Anaxyrus punctatus,Red-spotted Toad,Amphibia,64984
192496893,43307a94-2f1d-45b7-b657-7e351f49f58f,2023-11-28 17:09:53-06:00,2023-11-28,2023-11-29 08:09:53 +0900,Central Time (US & Canada),6406432,salviadali,NA,2023-11-29 08:10:45 +0900,2024-08-11 00:10:17 +0900,research,CC-BY-NC,https://www.inaturalist.org/observations/192496893,NA,https://static.inaturalist.org/sounds/853179.m4a?1701213047,NA,NA,1,0,FALSE,3,"Spring Hill Rd E, Leakey, TX, US",29.7352646685,-99.7728824759,14,NA,NA,NA,14,NA,open,FALSE,NA,NA,Red-spotted Toad,Anaxyrus punctatus,Red-spotted Toad,Amphibia,64984
193737473,638adeb9-65a1-4f52-bd2f-fa5d92079ca3,2023/11/15 6:33 PM,2023-11-15,2023-11-16 09:33:00 +0900,Central Time (US & Canada),1265983,fishkeeper,NA,2023-12-12 06:10:12 +0900,2023-12-16 04:44:00 +0900,research,CC-BY,https://www.inaturalist.org/observations/193737473,https://inaturalist-open-data.s3.amazonaws.com/photos/340361582/medium.jpeg,NA,NA,NA,2,0,FALSE,NA,"Uvalde County, TX, USA",29.4584042219,-100.1107798986,1249,NA,NA,NA,1249,NA,open,FALSE,NA,NA,Red-spotted Toad,Anaxyrus punctatus,Red-spotted Toad,Amphibia,64984
195235838,46c01932-c17b-48b3-8b09-c7db58cd7133,2023-12-29 13:58:02,2023-12-29,2023-12-30 04:58:02 +0900,Central Time (US & Canada),2544722,mattwilk91,Matt W.,2023-12-30 12:58:58 +0900,2024-01-12 04:39:27 +0900,research,CC-BY-NC,https://www.inaturalist.org/observations/195235838,https://inaturalist-open-data.s3.amazonaws.com/photos/343413016/medium.jpeg,NA,NA,NA,2,0,FALSE,2,"Sanderson, TX 79848, USA",30.0666508269,-102.4693281949,7,NA,NA,NA,7,NA,open,FALSE,NA,NA,Red-spotted Toad,Anaxyrus punctatus,Red-spotted Toad,Amphibia,64984
195628161,23d8e1d0-e33a-4586-878f-6a826b2e9e1e,2022-03-21 18:40:49-05:00,2022-03-21,2022-03-22 08:40:49 +0900,Central Time (US & Canada),4143198,alexjprice10,NA,2024-01-03 12:06:42 +0900,2024-01-04 11:29:18 +0900,research,CC-BY-NC,https://www.inaturalist.org/observations/195628161,https://inaturalist-open-data.s3.amazonaws.com/photos/344210775/medium.jpg,NA,NA,NA,1,0,FALSE,3,"Big Bend Ranch State Park, Presidio, TX, US",29.4983633333,-103.9846033333,4,NA,NA,NA,4,NA,open,FALSE,NA,NA,Red-spotted Toad,Anaxyrus punctatus,Red-spotted Toad,Amphibia,64984
198195107,1a82c950-0b64-4e7f-ad67-42a33b8a1c63,2021/09/03 7:22 PM,2021-09-03,2021-09-04 09:22:00 +0900,Central Time (US & Canada),2560178,diomedea_exulans_li,Yinan Li,2024-02-02 16:46:25 +0900,2024-02-03 07:32:36 +0900,research,CC-BY-NC,https://www.inaturalist.org/observations/198195107,https://inaturalist-open-data.s3.amazonaws.com/photos/349269077/medium.jpeg,NA,NA,NA,1,0,FALSE,NA,"Brewster County, TX, USA",29.5567058643,-102.9481543679,61,NA,NA,NA,61,NA,open,FALSE,NA,NA,Red-spotted Toad,Anaxyrus punctatus,Red-spotted Toad,Amphibia,64984
200461312,825e91b7-3fb6-4d14-b2e3-6769d7828b0f,2024-02-23 14:43:16,2024-02-23,2024-02-24 05:43:16 +0900,Central Time (US & Canada),34848,ghoese,Geoff Hoese,2024-02-26 09:22:31 +0900,2024-02-26 10:25:46 +0900,research,CC-BY-NC,https://www.inaturalist.org/observations/200461312,https://inaturalist-open-data.s3.amazonaws.com/photos/353680211/medium.jpeg,NA,NA,NA,1,0,FALSE,2,"Canyon Lake, TX 78133, USA",29.9167361111,-98.155838888900007,NA,NA,NA,NA,NA,NA,open,FALSE,gps,gps,Red-spotted Toad,Anaxyrus punctatus,Red-spotted Toad,Amphibia,64984
202162796,c5b18c24-1c3b-4663-a064-3b3f76436ff5,2024-03-11 13:44:26-05:00,2024-03-11,2024-03-12 03:44:26 +0900,Central Time (US & Canada),1029853,chrismerkord,Chris Merkord,2024-03-12 23:44:19 +0900,2024-03-12 23:46:28 +0900,research,CC-BY-NC,https://www.inaturalist.org/observations/202162796,https://inaturalist-open-data.s3.amazonaws.com/photos/356996252/medium.jpg,NA,NA,NA,1,0,FALSE,3,"Dryden, TX, US",29.8470666667,-101.961975,4,NA,NA,NA,4,NA,open,FALSE,NA,NA,Red-spotted Toad,Anaxyrus punctatus,Red-spotted Toad,Amphibia,64984
202359456,785d9b74-a497-4f79-a7ce-334008f6188c,2024/03/13 9:06 AM,2024-03-13,2024-03-13 23:06:00 +0900,Central Time (US & Canada),3100908,daltonlawing,Dalton Lawing,2024-03-14 11:25:00 +0900,2024-03-14 17:29:21 +0900,research,NA,https://www.inaturalist.org/observations/202359456,https://static.inaturalist.org/photos/357376940/medium.jpeg,NA,NA,NA,1,0,FALSE,NA,"Cleburne State Park, 5800 Park Rd 21, Cleburne, TX 76033, USA",32.2633078,-97.555549,757,NA,NA,NA,757,NA,open,FALSE,NA,NA,Red-spotted Toad,Anaxyrus punctatus,Red-spotted Toad,Amphibia,64984
202359460,6b86c12b-af3e-401c-b0e8-584a871679c8,2024/03/13 9:06 AM,2024-03-13,2024-03-13 23:06:00 +0900,Central Time (US & Canada),3100908,daltonlawing,Dalton Lawing,2024-03-14 11:25:01 +0900,2024-03-14 17:29:16 +0900,research,NA,https://www.inaturalist.org/observations/202359460,https://static.inaturalist.org/photos/357376937/medium.jpeg,NA,NA,NA,1,0,FALSE,NA,"Cleburne State Park, 5800 Park Rd 21, Cleburne, TX 76033, USA",32.2633078,-97.555549,757,NA,NA,NA,757,NA,open,FALSE,NA,NA,Red-spotted Toad,Anaxyrus punctatus,Red-spotted Toad,Amphibia,64984
202587355,13c72411-6313-4bb5-8ad3-69d744f0e008,2024-03-14 20:13:30-05:00,2024-03-14,2024-03-15 10:13:30 +0900,Central Time (US & Canada),1952402,wonderbird22,Ari Rice,2024-03-16 08:14:41 +0900,2024-03-20 01:47:28 +0900,research,CC-BY-NC,https://www.inaturalist.org/observations/202587355,https://inaturalist-open-data.s3.amazonaws.com/photos/357813344/medium.jpg,NA,NA,NA,1,0,FALSE,3,"Possum Kingdom State Park, Caddo, TX, US",32.8781133333,-98.5578383333,4,NA,NA,NA,4,NA,open,FALSE,NA,NA,Red-spotted Toad,Anaxyrus punctatus,Red-spotted Toad,Amphibia,64984
204499585,76246862-536c-4737-af9c-51199effcf90,2024-03-29 22:44:11,2024-03-29,2024-03-30 12:44:11 +0900,Central Time (US & Canada),7736884,gttex13,NA,2024-03-30 12:47:28 +0900,2025-01-04 10:20:19 +0900,research,NA,https://www.inaturalist.org/observations/204499585,https://static.inaturalist.org/photos/361476842/medium.jpeg,NA,NA,NA,1,0,FALSE,2,"Tuscola, TX 79562, USA",32.26729009,-99.79098783,7,NA,NA,NA,7,NA,open,FALSE,NA,NA,Red-spotted Toad,Anaxyrus punctatus,Red-spotted Toad,Amphibia,64984
206933998,ee4dd05d-6cf7-4cf4-ba24-d016786f2219,2024-04-12 21:15:07,2024-04-12,2024-04-13 11:15:07 +0900,Central Time (US & Canada),262301,tonnessen,David Andreas de Rivera Tønnessen,2024-04-13 20:56:18 +0900,2024-04-23 11:52:33 +0900,research,CC-BY-NC,https://www.inaturalist.org/observations/206933998,https://inaturalist-open-data.s3.amazonaws.com/photos/365977906/medium.jpeg,NA,NA,NA,1,0,FALSE,2,"Alpine, TX, USA",30.3655049722,-103.6530879722,NA,NA,NA,NA,NA,NA,open,FALSE,gps,gps,Red-spotted Toad,Anaxyrus punctatus,Red-spotted Toad,Amphibia,64984
207485041,2b0985a6-2f3a-4666-88a1-8d2970bdc189,2023-09-15 08:36:19,2023-09-15,2023-09-15 22:36:19 +0900,Central Time (US & Canada),1792492,karleetaylor,Karlee Taylor,2024-04-16 08:12:04 +0900,2024-06-04 07:04:54 +0900,research,NA,https://www.inaturalist.org/observations/207485041,https://static.inaturalist.org/photos/367493014/medium.jpeg,NA,NA,NA,1,0,FALSE,2,"Quitaque, TX 79255, USA",34.4551337781,-101.0815220699,235,NA,NA,NA,235,NA,open,FALSE,gps,gps,Red-spotted Toad,Anaxyrus punctatus,Red-spotted Toad,Amphibia,64984
208207623,538c4049-41dd-4646-aed0-ef274ead8ad8,2024-04-17 21:39:45-05:00,2024-04-17,2024-04-18 11:39:45 +0900,Central Time (US & Canada),1645424,onemomcamping,NA,2024-04-20 12:21:47 +0900,2024-04-24 05:08:26 +0900,research,CC-BY-NC,https://www.inaturalist.org/observations/208207623,https://inaturalist-open-data.s3.amazonaws.com/photos/368361567/medium.jpg,NA,NA,NA,1,0,FALSE,3,"Palo Duro Canyon State Park, Canyon, TX, US",34.946,-101.69642,4,NA,NA,NA,4,NA,open,FALSE,NA,NA,Red-spotted Toad,Anaxyrus punctatus,Red-spotted Toad,Amphibia,64984
208290288,f1f09bff-a949-446c-8795-8b108d9c2196,2024-04-19 21:59:38,2024-04-19,2024-04-20 11:59:38 +0900,Central Time (US & Canada),2022384,sarahology,Sarah Smith,2024-04-21 01:03:25 +0900,2024-04-25 02:22:29 +0900,research,NA,https://www.inaturalist.org/observations/208290288,https://static.inaturalist.org/photos/368517847/medium.jpeg,NA,NA,NA,2,0,FALSE,2,"Big Bend National Park, TX 79834, USA",29.1373472222,-103.521575,NA,NA,NA,NA,NA,NA,open,FALSE,gps,gps,Red-spotted Toad,Anaxyrus punctatus,Red-spotted Toad,Amphibia,64984
212806157,20ce1fcf-c570-4d36-b240-852536698aaa,Wed May 01 2024 23:09:58 GMT -0500 (CDT),2024-05-01,2024-05-02 13:09:58 +0900,Central Time (US & Canada),2929427,williamschmidt,William Schmidt,2024-05-02 13:10:03 +0900,2024-09-21 12:57:32 +0900,research,CC-BY-NC,https://www.inaturalist.org/observations/212806157,https://inaturalist-open-data.s3.amazonaws.com/photos/376072012/medium.jpeg,NA,NA,NA,1,0,FALSE,333,Wildorado,35.5310974121,-102.2538986206,53,NA,NA,NA,53,NA,open,FALSE,NA,NA,Red-spotted Toad,Anaxyrus punctatus,Red-spotted Toad,Amphibia,64984
213409773,6734e50f-2d7f-4497-9496-627df48622fe,2024-05-04 09:03:08-05:00,2024-05-04,2024-05-04 23:03:08 +0900,Central Time (US & Canada),7075854,larjmarj,NA,2024-05-04 23:19:55 +0900,2024-05-05 21:24:00 +0900,research,CC-BY-NC,https://www.inaturalist.org/observations/213409773,https://inaturalist-open-data.s3.amazonaws.com/photos/377155833/medium.jpg,NA,NA,NA,1,0,FALSE,3,"Texas, US",32.1237571651,-99.736760986,98341,NA,NA,NA,98341,obscured,open,TRUE,NA,NA,Red-spotted Toad,Anaxyrus punctatus,Red-spotted Toad,Amphibia,64984
214117968,2d90e8a3-44d1-4a2c-9f34-e611b802965e,2024-04-12 20:09:21,2024-04-12,2024-04-13 11:09:21 +0900,Mountain Time (US & Canada),2685198,themotleysnake,Nicholas Procopio,2024-05-07 11:53:32 +0900,2024-08-05 17:54:56 +0900,research,CC-BY-NC,https://www.inaturalist.org/observations/214117968,https://inaturalist-open-data.s3.amazonaws.com/photos/378434948/medium.jpeg,NA,NA,NA,1,0,FALSE,2,United States,31.8030432666,-106.520290715,NA,NA,NA,NA,29173,obscured,open,TRUE,gps,gps,Red-spotted Toad,Anaxyrus punctatus,Red-spotted Toad,Amphibia,64984
214730689,c3a1f41c-e514-42ce-9823-155538ba6736,2024-05-09 22:58:18-05:00,2024-05-09,2024-05-10 12:58:18 +0900,Central Time (US & Canada),7951915,farmboy02,NA,2024-05-10 13:51:08 +0900,2024-05-13 04:04:18 +0900,research,CC-BY-NC,https://www.inaturalist.org/observations/214730689,https://inaturalist-open-data.s3.amazonaws.com/photos/379579611/medium.jpg,NA,NA,NA,1,0,FALSE,3,"RM-2627, Alpine, TX, US",29.6399833333,-103.0765916667,6,NA,NA,NA,6,NA,open,FALSE,NA,NA,Red-spotted Toad,Anaxyrus punctatus,Red-spotted Toad,Amphibia,64984
214733770,e747d7c5-247b-4d4d-b288-d69d4d449692,2024-05-10 00:22:29,2024-05-10,2024-05-10 14:22:29 +0900,Central Time (US & Canada),7957779,truss0120,Trayvond Russ,2024-05-10 14:27:33 +0900,2024-05-13 00:08:50 +0900,research,NA,https://www.inaturalist.org/observations/214733770,https://static.inaturalist.org/photos/379585275/medium.jpeg,NA,NA,NA,1,0,FALSE,2,"Alpine, TX 79830, USA",29.571425,-102.946239,NA,NA,NA,NA,NA,NA,open,FALSE,NA,NA,Red-spotted Toad,Anaxyrus punctatus,Red-spotted Toad,Amphibia,64984
214927609,e5311cfe-6ef0-441a-a5da-fb59f1857c09,2024-05-10 22:40:01-05:00,2024-05-10,2024-05-11 12:40:01 +0900,Central Time (US & Canada),504526,natatouilles,Nathalie S,2024-05-11 12:47:46 +0900,2024-05-11 13:29:40 +0900,research,NA,https://www.inaturalist.org/observations/214927609,https://static.inaturalist.org/photos/379947099/medium.jpg,NA,NA,NA,1,0,FALSE,3,"Longhorn Ranch Trail, Canyon, TX, US",34.979775,-101.71405,4,NA,NA,NA,4,NA,open,FALSE,NA,NA,Red-spotted Toad,Anaxyrus punctatus,Red-spotted Toad,Amphibia,64984
214984055,350a0030-cc60-477d-8241-98cbf373de52,2024-05-10 22:07:13-05:00,2024-05-10,2024-05-11 12:07:13 +0900,Central Time (US & Canada),7989193,chris_crawford,NA,2024-05-11 21:42:14 +0900,2024-05-13 02:54:22 +0900,research,CC-BY-NC,https://www.inaturalist.org/observations/214984055,https://inaturalist-open-data.s3.amazonaws.com/photos/380051092/medium.jpg,NA,NA,NA,1,0,FALSE,3,"RM-2627, Alpine, TX, US",29.64727,-103.0811471667,4,NA,NA,NA,4,NA,open,FALSE,NA,NA,Red-spotted Toad,Anaxyrus punctatus,Red-spotted Toad,Amphibia,64984
215437759,04e447e4-8b07-4d20-9b11-1b533b86f4ba,2024-05-12 21:40:56,2024-05-12,2024-05-13 11:40:56 +0900,Central Time (US & Canada),6690,sandboa,Chris Harrison,2024-05-13 14:37:57 +0900,2024-09-24 01:19:19 +0900,research,CC-BY,https://www.inaturalist.org/observations/215437759,https://inaturalist-open-data.s3.amazonaws.com/photos/380892403/medium.jpeg,NA,NA,NA,1,0,FALSE,2,"Edwards County, US-TX, US",29.6495685214,-100.4268485959,6,NA,NA,NA,6,NA,open,FALSE,NA,NA,Red-spotted Toad,Anaxyrus punctatus,Red-spotted Toad,Amphibia,64984
217561568,d0d5f004-1be6-4f26-8f3f-afd6f4051639,2024-05-21 11:17:18-05:00,2024-05-21,2024-05-22 01:17:18 +0900,Central Time (US & Canada),3410423,ian537,Ian Meloni,2024-05-23 05:17:51 +0900,2024-05-23 07:07:54 +0900,research,NA,https://www.inaturalist.org/observations/217561568,https://static.inaturalist.org/photos/384893439/medium.jpg,NA,NA,NA,1,0,FALSE,3,"Fort Wolters, Weatherford, TX, US",32.884025,-98.0163722167,4,NA,NA,NA,4,NA,open,FALSE,NA,NA,Red-spotted Toad,Anaxyrus punctatus,Red-spotted Toad,Amphibia,64984
218047385,b146db8e-f09d-4df8-8412-d9dbbd78f0d6,2024-05-24 23:36:02-05:00,2024-05-24,2024-05-25 13:36:02 +0900,Central Time (US & Canada),2540943,analisase,Analisa Shields-Estrada,2024-05-25 14:49:20 +0900,2024-05-26 12:37:48 +0900,research,CC-BY-NC,https://www.inaturalist.org/observations/218047385,https://inaturalist-open-data.s3.amazonaws.com/photos/385812957/medium.jpg,NA,NA,NA,1,0,FALSE,3,"US-385, Alpine, TX, US",29.8766,-103.251755,54,NA,NA,NA,54,NA,open,FALSE,NA,NA,Red-spotted Toad,Anaxyrus punctatus,Red-spotted Toad,Amphibia,64984
219306025,f3b81281-7370-4e30-aa93-7f2308d74170,2024-05-29 13:45:01,2024-05-29,2024-05-30 03:45:01 +0900,Central Time (US & Canada),3100908,daltonlawing,Dalton Lawing,2024-05-30 21:27:39 +0900,2024-06-22 07:46:58 +0900,research,NA,https://www.inaturalist.org/observations/219306025,https://static.inaturalist.org/photos/388164109/medium.jpeg,NA,NA,NA,2,0,FALSE,2,"Lipan, TX 76462, USA",32.614403,-97.925357,NA,NA,NA,NA,NA,NA,open,FALSE,gps,gps,Red-spotted Toad,Anaxyrus punctatus,Red-spotted Toad,Amphibia,64984
219352892,f6044ea3-93c4-4acb-bf60-868ab662fe83,2020/05/19 8:14 PM,2020-05-19,2020-05-20 10:14:00 +0900,Central Time (US & Canada),6316392,jkopachena,NA,2024-05-31 01:40:21 +0900,2024-06-01 23:20:27 +0900,research,CC-BY-NC,https://www.inaturalist.org/observations/219352892,https://inaturalist-open-data.s3.amazonaws.com/photos/388247401/medium.jpg,NA,NA,NA,2,0,FALSE,NA,"Randall County, TX, USA",34.9693791612,-101.7051702104,31,NA,NA,NA,31,NA,open,FALSE,NA,NA,Red-spotted Toad,Anaxyrus punctatus,Red-spotted Toad,Amphibia,64984
219613556,098616b7-45de-4d64-beae-1d461dbae04a,2024/05/10 10:18 PM,2024-05-10,2024-05-11 12:18:00 +0900,Central Time (US & Canada),9560,dianaterryhibbitts,Diana-Terry Hibbitts,2024-06-01 06:24:48 +0900,2024-06-01 10:33:25 +0900,research,CC-BY-NC,https://www.inaturalist.org/observations/219613556,https://inaturalist-open-data.s3.amazonaws.com/photos/388733104/medium.jpg,NA,NA,NA,2,0,FALSE,NA,"Edwards County, TX, USA",29.6504293277,-100.069623706,4,NA,NA,NA,4,NA,open,FALSE,NA,NA,Red-spotted Toad,Anaxyrus punctatus,Red-spotted Toad,Amphibia,64984
220010288,c65581db-32d2-41dd-bed4-02d4e8015f00,2024-06-01 20:45:00-06:00,2024-06-01,2024-06-02 11:45:00 +0900,Mountain Time (US & Canada),1233933,kmvalerio,Kassie Valerio,2024-06-03 00:23:02 +0900,2024-06-03 04:31:06 +0900,research,CC-BY-NC,https://www.inaturalist.org/observations/220010288,https://inaturalist-open-data.s3.amazonaws.com/photos/389479361/medium.jpg,NA,NA,NA,1,0,FALSE,3,"Feather Hawk Dr, El Paso, TX, US",31.8683599,-106.555981534,23,NA,NA,NA,23,NA,open,FALSE,NA,NA,Red-spotted Toad,Anaxyrus punctatus,Red-spotted Toad,Amphibia,64984
220900315,17cde40d-96d1-44d4-8d80-b93c542be70e,2024-05-22 19:00:51-05:00,2024-05-22,2024-05-23 09:00:51 +0900,Central Time (US & Canada),2634103,editaf,NA,2024-06-07 00:18:12 +0900,2024-09-24 06:40:23 +0900,research,CC-BY-NC,https://www.inaturalist.org/observations/220900315,https://inaturalist-open-data.s3.amazonaws.com/photos/391145386/medium.jpg,NA,NA,NA,3,0,FALSE,3,"Abilene State Park, Tuscola, TX, US",32.23792,-99.8785383333,11,NA,NA,NA,11,NA,open,FALSE,NA,NA,Red-spotted Toad,Anaxyrus punctatus,Red-spotted Toad,Amphibia,64984
223206182,df4284a1-4a27-4441-9dca-7cd26f955b4d,2023-06-15 06:49:15-05:00,2023-06-15,2023-06-15 20:49:15 +0900,Central Time (US & Canada),8247496,kieran_schnitzspahn,Kieran Schnitzspahn,2024-06-17 06:51:00 +0900,2024-12-01 03:53:42 +0900,research,NA,https://www.inaturalist.org/observations/223206182,https://static.inaturalist.org/photos/395460889/medium.jpg,NA,NA,NA,0,0,FALSE,3,"12-Mile Loop, Del Rio, TX, US",29.9176048226,-100.9854277163,26,NA,NA,NA,26,NA,open,FALSE,NA,NA,Red-spotted Toad,Anaxyrus punctatus,Red-spotted Toad,Amphibia,64984
223798997,2fc7fcaa-2280-4685-8deb-9427ed6bdccc,2024-06-19 11:55:02-06:00,2024-06-19,2024-06-20 02:55:02 +0900,Mountain Time (US & Canada),5532722,ariadna_trio,Ariadna Russell,2024-06-20 02:55:49 +0900,2024-06-22 11:37:56 +0900,research,NA,https://www.inaturalist.org/observations/223798997,https://static.inaturalist.org/photos/396583718/medium.jpg,NA,NA,NA,1,0,FALSE,3,"Westside Community Park, El Paso, TX, US",31.8647403719,-106.5627602897,27,NA,NA,NA,27,NA,open,FALSE,NA,NA,Red-spotted Toad,Anaxyrus punctatus,Red-spotted Toad,Amphibia,64984
224317538,2a136e0f-7d49-4149-ad31-6ca28383888e,2024/06/14 10:49 PM,2024-06-14,2024-06-15 12:49:00 +0900,Central Time (US & Canada),348898,amzapp,Lena Zappia,2024-06-22 12:18:54 +0900,2024-09-24 06:40:12 +0900,research,CC-BY-NC,https://www.inaturalist.org/observations/224317538,https://inaturalist-open-data.s3.amazonaws.com/photos/397556082/medium.jpeg,NA,NA,NA,1,0,FALSE,NA,"Dickens County, TX, USA",33.629009,-100.82785,NA,NA,NA,NA,NA,NA,open,FALSE,NA,NA,Red-spotted Toad,Anaxyrus punctatus,Red-spotted Toad,Amphibia,64984
224513094,4c702641-11d2-4cf8-b1d1-39d28aa4f90d,2024-06-03 08:30:38,2024-06-03,2024-06-03 22:30:38 +0900,Central Time (US & Canada),2178147,kyleighg524,Kyleigh Godsey,2024-06-23 08:08:39 +0900,2024-09-24 06:40:10 +0900,research,CC-BY-NC,https://www.inaturalist.org/observations/224513094,https://inaturalist-open-data.s3.amazonaws.com/photos/397927567/medium.jpeg,NA,NA,NA,2,0,FALSE,2,"Texas, US",31.241641199,-97.6244670009,736,NA,NA,NA,29252,obscured,open,TRUE,gps,gps,Red-spotted Toad,Anaxyrus punctatus,Red-spotted Toad,Amphibia,64984
224913394,e1fefdef-7eaf-4f17-8d23-3c96b15d14a4,2024-06-22 22:17:34-06:00,2024-06-22,2024-06-23 13:17:34 +0900,Central Time (US & Canada),457659,ted_c_macrae,Ted C. MacRae,2024-06-25 01:41:40 +0900,2024-06-25 03:12:11 +0900,research,CC-BY-NC,https://www.inaturalist.org/observations/224913394,https://inaturalist-open-data.s3.amazonaws.com/photos/398688319/medium.jpg,NA,NA,On road at night in pinyon/juniper/oak woodland at night.,1,0,FALSE,3,"Guadalupe Mountains National Park, Salt Flat, TX, US",31.9990533333,-104.8336416667,4,NA,NA,NA,4,NA,open,FALSE,NA,NA,Red-spotted Toad,Anaxyrus punctatus,Red-spotted Toad,Amphibia,64984
224955693,a63b272a-14a7-4315-8f76-5e496cb9a99b,2024-06-24 11:46:00-05:00,2024-06-24,2024-06-25 01:46:00 +0900,Central Time (US & Canada),344767,kelly99,Kelly Walker,2024-06-25 05:07:24 +0900,2024-09-24 06:40:01 +0900,research,NA,https://www.inaturalist.org/observations/224955693,https://static.inaturalist.org/photos/398771750/medium.jpg,NA,NA,NA,4,0,FALSE,3,"Fossil Ridge Trail, Cleburne, TX, US",32.255801150800004,-97.554033566,26,NA,NA,NA,26,NA,open,FALSE,NA,NA,Red-spotted Toad,Anaxyrus punctatus,Red-spotted Toad,Amphibia,64984
224961181,921abc47-2b49-4038-b089-191aec727956,2024-06-20 21:56:47-05:00,2024-06-20,2024-06-21 11:56:47 +0900,Central Time (US & Canada),1952402,wonderbird22,Ari Rice,2024-06-25 05:33:00 +0900,2024-06-25 05:39:52 +0900,research,CC-BY-NC,https://www.inaturalist.org/observations/224961181,https://inaturalist-open-data.s3.amazonaws.com/photos/398782295/medium.jpg,NA,NA,NA,1,0,FALSE,3,"Davis Mountains State Park, Fort Davis, TX, US",30.5945583333,-103.92592,3,NA,NA,NA,3,NA,open,FALSE,NA,NA,Red-spotted Toad,Anaxyrus punctatus,Red-spotted Toad,Amphibia,64984
225153136,8afd4d9c-04cb-47c2-840f-b44e58dd69cd,2024-06-20 21:47:26,2024-06-20,2024-06-21 11:47:26 +0900,Central Time (US & Canada),2999564,ryu2,Ryu Kasumi,2024-06-26 03:53:52 +0900,2024-09-06 00:26:50 +0900,research,NA,https://www.inaturalist.org/observations/225153136,https://static.inaturalist.org/photos/399152054/medium.jpeg,NA,NA,All over the roads,3,0,FALSE,2,"Alpine, TX 79830, USA",29.4493972235,-102.823814638,204,NA,NA,NA,204,NA,open,FALSE,gps,gps,Red-spotted Toad,Anaxyrus punctatus,Red-spotted Toad,Amphibia,64984
225797064,850ccd74-b112-4f37-b3a3-244723f4b224,2024/06/21 11:37 PM,2024-06-21,2024-06-22 13:37:00 +0900,Central Time (US & Canada),1952402,wonderbird22,Ari Rice,2024-06-29 06:18:04 +0900,2025-01-05 01:19:10 +0900,research,CC-BY-NC,https://www.inaturalist.org/observations/225797064,https://inaturalist-open-data.s3.amazonaws.com/photos/400365763/medium.jpeg,NA,NA,NA,0,0,FALSE,NA,"Jeff Davis County, TX, USA",30.6594825896,-104.1631877072,2,NA,NA,NA,2,NA,open,FALSE,NA,NA,Red-spotted Toad,Anaxyrus punctatus,Red-spotted Toad,Amphibia,64984
225875360,48f51858-1b94-43bc-b31e-79fbc7d6c078,2024-06-28 22:09:52-05:00,2024-06-28,2024-06-29 12:09:52 +0900,Central Time (US & Canada),88342,stephenfalick,NA,2024-06-29 16:41:46 +0900,2024-07-05 09:24:18 +0900,research,NA,https://www.inaturalist.org/observations/225875360,https://static.inaturalist.org/photos/400523741/medium.jpg,NA,NA,NA,1,0,FALSE,3,"Texas, US",30.4399986986,-104.3723417055,6,"SH-166, Fort Davis, TX, US",30.5947216667,-104.2842116667,29356,obscured,open,TRUE,NA,NA,Red-spotted Toad,Anaxyrus punctatus,Red-spotted Toad,Amphibia,64984
225878343,666af701-4588-401d-935b-7eb1e3d41f08,2024-06-28 22:09:58,2024-06-28,2024-06-29 12:09:58 +0900,Central Time (US & Canada),7541668,sofiagglad,NA,2024-06-29 17:11:10 +0900,2024-07-06 07:36:01 +0900,research,CC-BY-NC,https://www.inaturalist.org/observations/225878343,https://inaturalist-open-data.s3.amazonaws.com/photos/400528728/medium.jpeg,NA,NA,NA,1,0,FALSE,2,"Texas, US",30.5707516787,-104.2618355901,NA,"Valentine, TX 79854, USA",30.5948166667,-104.2842277778,29356,obscured,open,TRUE,gps,gps,Red-spotted Toad,Anaxyrus punctatus,Red-spotted Toad,Amphibia,64984
226384479,84214e49-489d-4cb6-85c2-4dd84e2e7559,2024-06-30 23:56:54-05:00,2024-06-30,2024-07-01 13:56:54 +0900,Central Time (US & Canada),88342,stephenfalick,NA,2024-07-01 16:24:43 +0900,2024-07-02 17:08:25 +0900,research,NA,https://www.inaturalist.org/observations/226384479,https://static.inaturalist.org/photos/401491755/medium.jpg,NA,NA,NA,2,0,FALSE,3,"Jeff Davis County, US-TX, US",30.6879188987,-104.3913822969,12,"SH-166, Fort Davis, TX, US",30.685105,-104.2437966667,29330,obscured,open,TRUE,NA,NA,Red-spotted Toad,Anaxyrus punctatus,Red-spotted Toad,Amphibia,64984
228342424,4a6b6284-42df-45a8-8df7-01857b6cfa1a,2024/06/17 6:32 PM,2024-06-17,2024-06-18 08:32:00 +0900,Central Time (US & Canada),2320749,cfximages,Joshua Fread,2024-07-10 09:07:42 +0900,2024-09-11 12:23:29 +0900,research,NA,https://www.inaturalist.org/observations/228342424,https://static.inaturalist.org/photos/405182519/medium.jpeg,NA,NA,NA,1,0,FALSE,NA,"Texas, US",30.3834149004,-103.390467743,230224,"Brewster County, TX, USA",30.3497136247,-103.3765019454,230224,obscured,open,TRUE,NA,NA,Red-spotted Toad,Anaxyrus punctatus,Red-spotted Toad,Amphibia,64984
228342434,79bac7df-c0d5-442b-a17c-ec0a2826547a,2024/06/17 6:32 PM,2024-06-17,2024-06-18 08:32:00 +0900,Central Time (US & Canada),2320749,cfximages,Joshua Fread,2024-07-10 09:07:44 +0900,2024-07-11 11:31:57 +0900,research,NA,https://www.inaturalist.org/observations/228342434,https://static.inaturalist.org/photos/405182576/medium.jpeg,NA,NA,NA,2,0,FALSE,NA,"Texas, US",30.2593867901,-103.3863694492,230224,"Brewster County, TX, USA",30.3497136247,-103.3765019454,230224,obscured,open,TRUE,NA,NA,Red-spotted Toad,Anaxyrus punctatus,Red-spotted Toad,Amphibia,64984
228383801,c97e55a4-5f5f-4098-b5c5-f32e8f4ed373,2024-07-09 23:37:16,2024-07-09,2024-07-10 13:37:16 +0900,Central Time (US & Canada),34495,troyhibbitts,Troy Hibbitts,2024-07-10 14:37:45 +0900,2024-07-12 05:34:22 +0900,research,NA,https://www.inaturalist.org/observations/228383801,https://static.inaturalist.org/photos/405272282/medium.jpeg,NA,NA,NA,2,0,FALSE,2,"Dell City, TX 79847, USA",31.87113071,-104.81808068,3,NA,NA,NA,3,NA,open,FALSE,NA,NA,Red-spotted Toad,Anaxyrus punctatus,Red-spotted Toad,Amphibia,64984
228479258,46f07ccb-ba41-4410-a127-b091e9f91a91,2024/07/09 1:10 AM,2024-07-09,2024-07-09 16:10:00 +0900,Mountain Time (US & Canada),525229,johndeitsch,John Deitsch,2024-07-11 02:35:49 +0900,2024-07-13 07:14:55 +0900,research,CC-BY-NC,https://www.inaturalist.org/observations/228479258,https://inaturalist-open-data.s3.amazonaws.com/photos/405447605/medium.jpeg,NA,NA,NA,1,0,FALSE,NA,"El Paso, TX, USA",31.9282522729,-106.5103429952,15,NA,NA,NA,15,NA,open,FALSE,NA,NA,Red-spotted Toad,Anaxyrus punctatus,Red-spotted Toad,Amphibia,64984
228546974,7083734f-d76d-4469-9d3d-be2294e7e498,2024-07-10 18:10:32-05:00,2024-07-10,2024-07-11 08:10:32 +0900,Central Time (US & Canada),7311332,casshrob,NA,2024-07-11 09:23:53 +0900,2024-09-24 06:39:39 +0900,research,CC-BY-NC,https://www.inaturalist.org/observations/228546974,https://inaturalist-open-data.s3.amazonaws.com/photos/405576138/medium.jpg,NA,NA,"I believe this to be a red-spotted toad, please correct me if my ID is wrong!",2,0,FALSE,3,"Palo Duro Canyon State Park, Canyon, TX, US",34.9753966667,-101.6798783333,88,NA,NA,NA,88,NA,open,FALSE,NA,NA,Red-spotted Toad,Anaxyrus punctatus,Red-spotted Toad,Amphibia,64984
228754268,f60a06c9-15a7-4388-a4ec-277a24bbed09,2024-07-11 21:46:59-05:00,2024-07-11,2024-07-12 11:46:59 +0900,Central Time (US & Canada),303154,asavermeulen,Asa Vermeulen,2024-07-12 11:47:34 +0900,2024-12-01 03:37:48 +0900,research,CC0,https://www.inaturalist.org/observations/228754268,https://inaturalist-open-data.s3.amazonaws.com/photos/405975990/medium.jpeg,NA,NA,NA,2,0,FALSE,3,"Tyras Ranch Rd, Del Rio, TX, US",29.7299592266,-100.9615455295,3,NA,NA,NA,3,NA,open,FALSE,NA,NA,Red-spotted Toad,Anaxyrus punctatus,Red-spotted Toad,Amphibia,64984
229094322,7b3a5bd6-7808-4b45-8ff7-037d9dd8e176,2024-07-09 10:22:00-05:00,2024-07-09,2024-07-10 00:22:00 +0900,Central Time (US & Canada),25216,wxshaw,Wilton Shaw Jr,2024-07-14 04:16:51 +0900,2024-07-15 11:34:06 +0900,research,CC-BY-NC,https://www.inaturalist.org/observations/229094322,https://inaturalist-open-data.s3.amazonaws.com/photos/406618412/medium.jpeg,NA,NA,NA,2,0,FALSE,3,"Boerne, TX, US",29.870105,-98.581345,4,NA,NA,NA,4,NA,open,FALSE,NA,NA,Red-spotted Toad,Anaxyrus punctatus,Red-spotted Toad,Amphibia,64984
229267650,fc98d4ae-4104-4f58-9580-706b74c106b3,2024-07-14 08:41:05,2024-07-14,2024-07-14 23:41:05 +0900,Mountain Time (US & Canada),5472971,sol102,Sol Vir,2024-07-14 23:43:53 +0900,2024-07-23 04:22:39 +0900,research,NA,https://www.inaturalist.org/observations/229267650,https://static.inaturalist.org/photos/406944716/medium.jpeg,NA,NA,"This frog? toad? has shown up for, at least, the last three years.",2,0,FALSE,2,"Mission Hills North, El Paso, TX 79902, USA",31.79977724,-106.50293988,7,NA,NA,NA,7,NA,open,FALSE,NA,NA,Frogs and Toads,Anaxyrus punctatus,Red-spotted Toad,Amphibia,64984
229778784,94acc989-2d75-4dbb-8a7e-e5967dff8597,2016/04/13 8:51 AM,2016-04-13,2016-04-13 22:51:00 +0900,Central Time (US & Canada),8351802,vireohunter,Scott Gravette,2024-07-17 06:12:59 +0900,2024-07-23 10:52:15 +0900,research,CC-BY-NC,https://www.inaturalist.org/observations/229778784,https://inaturalist-open-data.s3.amazonaws.com/photos/407911897/medium.jpeg,NA,NA,NA,2,0,FALSE,NA,"Kinney County, TX, USA",29.6178709024,-100.4514480499,122,NA,NA,NA,122,NA,open,FALSE,NA,NA,Red-spotted Toad,Anaxyrus punctatus,Red-spotted Toad,Amphibia,64984
230169296,21d79cf1-a573-4864-b74a-d2eb68d772f6,2024-07-04 21:57:44,2024-07-04,2024-07-05 11:57:44 +0900,Central Time (US & Canada),866069,frank-g,Frank Goodavish,2024-07-19 05:50:46 +0900,2024-12-29 08:42:52 +0900,research,NA,https://www.inaturalist.org/observations/230169296,https://static.inaturalist.org/photos/408654853/medium.jpeg,NA,NA,NA,0,0,FALSE,2,"Jeff Davis County, US-TX, US",30.8985803004,-103.8165030106,NA,NA,NA,NA,29304,obscured,open,TRUE,gps,gps,Red-spotted Toad,Anaxyrus punctatus,Red-spotted Toad,Amphibia,64984
230382561,d8ed3fa1-9520-4661-92c2-105cf515200b,2024/06/22 11:23 PM,2024-06-22,2024-06-23 13:23:00 +0900,Central Time (US & Canada),138880,rsthom,NA,2024-07-20 07:15:52 +0900,2025-01-06 14:38:38 +0900,research,CC-BY-NC,https://www.inaturalist.org/observations/230382561,https://inaturalist-open-data.s3.amazonaws.com/photos/409063779/medium.jpeg,NA,NA,Guadalupe National Park,0,0,FALSE,NA,"Culberson County, TX, USA",32,-104.8338,NA,NA,NA,NA,NA,NA,open,FALSE,NA,NA,Red-spotted Toad,Anaxyrus punctatus,Red-spotted Toad,Amphibia,64984
230424237,dde11a8e-796c-4245-80f5-54184881948e,2024-07-19 22:05:47-05:00,2024-07-19,2024-07-20 12:05:47 +0900,Central Time (US & Canada),7579315,nf_photography,Nicolas FL,2024-07-20 12:06:37 +0900,2024-07-21 08:46:05 +0900,research,NA,https://www.inaturalist.org/observations/230424237,https://static.inaturalist.org/photos/409175661/medium.jpeg,NA,NA,NA,1,0,FALSE,3,"Lizard Mountain Rd, Fort Davis, TX, US",30.5527466951,-104.0575674876,4,NA,NA,NA,4,NA,open,FALSE,NA,NA,Crapaud à taches rouges,Anaxyrus punctatus,Red-spotted Toad,Amphibia,64984
231331016,f961d807-7188-446d-9b92-300be57a0550,2024-05-11 06:26:04,2024-05-11,2024-05-11 20:26:04 +0900,Central Time (US & Canada),2462633,bcvi,Nick Glover,2024-07-24 11:16:18 +0900,2024-08-03 21:28:32 +0900,research,CC-BY-NC,https://www.inaturalist.org/observations/231331016,https://inaturalist-open-data.s3.amazonaws.com/photos/410851918/medium.jpeg,NA,NA,NA,1,0,FALSE,2,"Big Bend National Park, TX 79834, USA",29.2719761389,-103.1361601944,NA,NA,NA,NA,NA,NA,open,FALSE,NA,NA,Red-spotted Toad,Anaxyrus punctatus,Red-spotted Toad,Amphibia,64984
231650935,92616eaf-5885-4e92-9783-56eee06d5c4b,2024-06-25 06:55:05-05:00,2024-06-25,2024-06-25 20:55:05 +0900,Central Time (US & Canada),2462633,bcvi,Nick Glover,2024-07-26 01:56:17 +0900,2024-07-26 10:27:07 +0900,research,CC-BY-NC,https://www.inaturalist.org/observations/231650935,https://inaturalist-open-data.s3.amazonaws.com/photos/411457285/medium.jpeg,NA,NA,NA,2,0,FALSE,3,"Texas, US",31.3633500885,-97.6872734374,4,"Fort Cavazos, Gatesville, TX, US",31.269705,-97.7808533333,29252,obscured,open,TRUE,NA,NA,Red-spotted Toad,Anaxyrus punctatus,Red-spotted Toad,Amphibia,64984
232604926,56efcdc4-ef17-4d47-bc31-ae44d22edcf1,2024-07-29 08:36:11-05:00,2024-07-29,2024-07-29 22:36:11 +0900,Central Time (US & Canada),6098597,raeatx,NA,2024-07-30 09:15:31 +0900,2024-12-25 23:09:55 +0900,research,CC-BY-NC,https://www.inaturalist.org/observations/232604926,https://inaturalist-open-data.s3.amazonaws.com/photos/413266217/medium.jpeg,NA,NA,NA,0,0,FALSE,3,"South Llano River State Park, Junction, TX, US",30.4328059647,-99.803681419,2205,NA,NA,NA,2205,NA,open,FALSE,NA,NA,Red-spotted Toad,Anaxyrus punctatus,Red-spotted Toad,Amphibia,64984
233493859,325a7070-b447-4c5f-b22e-71551214af19,2024-08-01 00:36:39-05:00,2024-08-01,2024-08-01 14:36:39 +0900,Central Time (US & Canada),3025648,erikatwell,Erik Atwell,2024-08-03 23:56:12 +0900,2024-08-04 02:19:46 +0900,research,CC-BY-NC,https://www.inaturalist.org/observations/233493859,https://inaturalist-open-data.s3.amazonaws.com/photos/414965132/medium.jpeg,NA,NA,NA,1,0,FALSE,3,"Jeff Davis County, US-TX, US",30.9924393055,-103.923613629,4,NA,NA,NA,29304,obscured,open,TRUE,NA,NA,Red-spotted Toad,Anaxyrus punctatus,Red-spotted Toad,Amphibia,64984
233668609,849817f7-e65a-4c33-902a-3cb0c853f6ec,2024-08-04 02:12:35-06:00,2024-08-04,2024-08-04 17:12:35 +0900,Mountain Time (US & Canada),7581098,frecklefrog,NA,2024-08-04 18:06:46 +0900,2024-08-04 21:05:29 +0900,research,CC-BY-NC,https://www.inaturalist.org/observations/233668609,https://inaturalist-open-data.s3.amazonaws.com/photos/415300437/medium.jpeg,NA,NA,NA,1,0,FALSE,3,"IH-10 W, El Paso, TX, US",31.8201447197,-106.5533317892,12473,NA,NA,NA,12473,NA,open,FALSE,NA,NA,Red-spotted Toad,Anaxyrus punctatus,Red-spotted Toad,Amphibia,64984
233953737,2e283d75-d02d-4b8d-8fa0-b105a297eab5,2024-08-03 19:10:16-05:00,2024-08-03,2024-08-04 09:10:16 +0900,Central Time (US & Canada),4039307,austinjknight,Austin J. Knight,2024-08-06 00:35:14 +0900,2024-08-06 05:52:06 +0900,research,CC-BY-NC,https://www.inaturalist.org/observations/233953737,https://inaturalist-open-data.s3.amazonaws.com/photos/415842428/medium.jpeg,NA,NA,"After a rain . 
",1,0,FALSE,3,"Presidio, TX, US",29.8644166667,-104.0207833333,4,NA,NA,NA,4,NA,open,FALSE,NA,NA,Red-spotted Toad,Anaxyrus punctatus,Red-spotted Toad,Amphibia,64984
234137908,c4c2222b-b4ae-49e8-9831-c28fadb1bb25,2024-08-04 19:15:46-05:00,2024-08-04,2024-08-05 09:15:46 +0900,Central Time (US & Canada),7851034,rmhernandez,Rogelio Hernandez,2024-08-06 22:24:07 +0900,2024-09-24 06:39:33 +0900,research,CC-BY-NC,https://www.inaturalist.org/observations/234137908,https://inaturalist-open-data.s3.amazonaws.com/photos/416191942/medium.jpeg,NA,NA,NA,1,0,FALSE,3,"Enchanted Rock, Fredericksburg, TX, US",30.50137,-98.8182616667,9,NA,NA,NA,9,NA,open,FALSE,NA,NA,Red-spotted Toad,Anaxyrus punctatus,Red-spotted Toad,Amphibia,64984
235317956,9dfa8b8c-ef33-48eb-9939-dd0ad01e2cd7,2024-08-09 21:01:30,2024-08-09,2024-08-10 11:01:30 +0900,Central Time (US & Canada),2462633,bcvi,Nick Glover,2024-08-12 21:24:15 +0900,2024-09-24 06:39:23 +0900,research,CC-BY-NC,https://www.inaturalist.org/observations/235317956,https://inaturalist-open-data.s3.amazonaws.com/photos/418482722/medium.jpeg,NA,NA,NA,3,0,FALSE,2,"Texas, US",31.2589589512,-97.6430549442,21180,Fort Cavazos Coryell county,31.2434629384,-97.7608299628,29252,obscured,open,TRUE,gps,gps,Red-spotted Toad,Anaxyrus punctatus,Red-spotted Toad,Amphibia,64984
236819848,03715392-6af4-4358-bb1d-7e0aec15aefb,2024-08-19 02:11:09,2024-08-19,2024-08-19 16:11:09 +0900,Central Time (US & Canada),5359090,snakejayd,NA,2024-08-20 08:57:27 +0900,2024-09-24 06:39:21 +0900,research,CC-BY-NC,https://www.inaturalist.org/observations/236819848,https://inaturalist-open-data.s3.amazonaws.com/photos/421371404/medium.jpeg,NA,NA,NA,2,0,FALSE,2,"Ranger, TX 76470, USA",32.6019195,-98.5874560997,NA,NA,NA,NA,NA,NA,open,FALSE,gps,gps,Red-spotted Toad,Anaxyrus punctatus,Red-spotted Toad,Amphibia,64984
237574042,4186e771-ce61-4693-92ab-a24ab23f3d3b,2024-08-18 23:21:19,2024-08-18,2024-08-19 13:21:19 +0900,Central Time (US & Canada),5771915,dylanfrom785,Dylan Mermis,2024-08-24 12:09:51 +0900,2024-09-13 22:28:52 +0900,research,CC-BY-NC,https://www.inaturalist.org/observations/237574042,https://inaturalist-open-data.s3.amazonaws.com/photos/422832957/medium.jpeg,NA,NA,NA,2,0,FALSE,2,"Fort Davis, TX 79734, USA",30.6874477904,-104.0774838254,2326,NA,NA,NA,2326,NA,open,FALSE,gps,gps,Red-spotted Toad,Anaxyrus punctatus,Red-spotted Toad,Amphibia,64984
238901951,0526289a-575c-44c6-bcb0-92d4fd27f1a9,2024-08-30 20:24:37-06:00,2024-08-30,2024-08-31 11:24:37 +0900,Mountain Time (US & Canada),7709264,sethshively,Seth Shively,2024-08-31 13:35:38 +0900,2024-09-26 07:55:55 +0900,research,CC-BY-NC,https://www.inaturalist.org/observations/238901951,https://inaturalist-open-data.s3.amazonaws.com/photos/425398154/medium.jpeg,NA,NA,NA,1,0,FALSE,3,"Franklin Mountains State Park, El Paso, TX, US",31.92805,-106.50972,4,NA,NA,NA,4,NA,open,FALSE,NA,NA,Red-spotted Toad,Anaxyrus punctatus,Red-spotted Toad,Amphibia,64984
238964766,0b4466ca-a6dd-4bda-93ad-9fedb1e18108,2024-08-30 20:53:38,2024-08-30,2024-08-31 10:53:38 +0900,Central Time (US & Canada),6690,sandboa,Chris Harrison,2024-08-31 23:19:50 +0900,2024-10-07 15:23:24 +0900,research,CC-BY,https://www.inaturalist.org/observations/238964766,https://inaturalist-open-data.s3.amazonaws.com/photos/425518369/medium.jpeg,NA,NA,NA,2,0,FALSE,2,"Edwards County, US-TX, US",29.6496344021,-100.4269843815,6,NA,NA,NA,6,NA,open,FALSE,NA,NA,Red-spotted Toad,Anaxyrus punctatus,Red-spotted Toad,Amphibia,64984
239151415,e927ee7d-b025-4ab0-bce8-12a9c3c52a6c,2015/10/20 15:24,2015-10-20,2015-10-21 05:24:00 +0900,Central Time (US & Canada),5221,petermudde,Peter Mudde,2024-09-01 20:24:48 +0900,2024-09-24 06:39:18 +0900,research,CC-BY,https://www.inaturalist.org/observations/239151415,https://static.inaturalist.org/photos/425878560/medium.jpg,NA,Big Thicket,NA,2,0,FALSE,NA,"Brown County, Texas, Verenigde Staten",31.4680527778,-99.1715555556,NA,NA,NA,NA,NA,NA,open,FALSE,NA,NA,Roodgestipte Pad,Anaxyrus punctatus,Red-spotted Toad,Amphibia,64984
239544158,d3db2a90-06b9-4c10-8f46-b8421f2e51f4,Mon Sep 02 2024 21:53:50 GMT -0500 (CDT),2024-09-02,2024-09-03 11:53:50 +0900,Central Time (US & Canada),4918278,frikinbats,Blade Pitts,2024-09-03 11:57:38 +0900,2024-09-24 06:39:16 +0900,research,NA,https://www.inaturalist.org/observations/239544158,https://static.inaturalist.org/photos/426652353/medium.jpeg,NA,NA,NA,2,0,FALSE,333,Fredericksburg,30.5011901855,-98.8299026489,10980,NA,NA,NA,10980,NA,open,FALSE,NA,NA,Red-spotted Toad,Anaxyrus punctatus,Red-spotted Toad,Amphibia,64984
239652116,5dd45767-1994-4666-adc7-d825a35e58ea,2024-06-20 21:30:31-05:00,2024-06-20,2024-06-21 11:30:31 +0900,Central Time (US & Canada),3410423,ian537,Ian Meloni,2024-09-04 03:05:51 +0900,2024-09-04 03:38:34 +0900,research,NA,https://www.inaturalist.org/observations/239652116,https://static.inaturalist.org/photos/426855281/medium.jpeg,NA,NA,NA,1,0,FALSE,3,"Texas, US",29.4131787805,-100.5980690974,3,"RM-674, Brackettville, TX, US",29.4792333333,-100.4102033333,29483,obscured,open,TRUE,NA,NA,Red-spotted Toad,Anaxyrus punctatus,Red-spotted Toad,Amphibia,64984
239652498,7252a2f6-2647-42c7-b42a-3890d40a4de3,2024-06-20 21:44:15-05:00,2024-06-20,2024-06-21 11:44:15 +0900,Central Time (US & Canada),3410423,ian537,Ian Meloni,2024-09-04 03:07:50 +0900,2024-09-04 03:38:30 +0900,research,NA,https://www.inaturalist.org/observations/239652498,https://static.inaturalist.org/photos/426856063/medium.jpeg,NA,NA,NA,1,0,FALSE,3,"Texas, US",29.4233039018,-100.2129256041,17,"RM-674, Brackettville, TX, US",29.5000883333,-100.3996116667,29483,obscured,open,TRUE,NA,NA,Red-spotted Toad,Anaxyrus punctatus,Red-spotted Toad,Amphibia,64984
239669316,b9ba43f7-9b4b-473d-a4b0-5acb0dde5e27,2024-08-05 22:03:38-05:00,2024-08-05,2024-08-06 12:03:38 +0900,Central Time (US & Canada),3410423,ian537,Ian Meloni,2024-09-04 04:41:02 +0900,2024-09-04 07:47:20 +0900,research,NA,https://www.inaturalist.org/observations/239669316,https://static.inaturalist.org/photos/426887762/medium.jpeg,NA,NA,NA,1,0,FALSE,3,"Texas, US",30.3232741252,-100.4942783059,4,"County Road 760, Sonora, TX, US",30.271805,-100.5619416667,29382,obscured,open,TRUE,NA,NA,Red-spotted Toad,Anaxyrus punctatus,Red-spotted Toad,Amphibia,64984
240088728,878a4197-c2b9-4f99-b795-2ec1f691d1d5,2024-06-13 09:41:57-05:00,2024-06-13,2024-06-13 23:41:57 +0900,Central Time (US & Canada),8373862,gsherman15,NA,2024-09-06 14:28:23 +0900,2024-09-24 06:39:12 +0900,research,CC-BY-NC,https://www.inaturalist.org/observations/240088728,https://inaturalist-open-data.s3.amazonaws.com/photos/427694977/medium.jpeg,NA,NA,NA,2,0,FALSE,3,"Texas, US",31.2039811083,-97.8176844652,366,NA,NA,NA,29252,obscured,open,TRUE,NA,NA,Red-spotted Toad,Anaxyrus punctatus,Red-spotted Toad,Amphibia,64984
240499226,d61cbdcd-8230-4093-a1c3-e14dc464e81f,2024-08-31 21:05:46-06:00,2024-08-31,2024-09-01 12:05:46 +0900,Mountain Time (US & Canada),5325396,jairo_uribarri,Jairo Uribarri,2024-09-08 17:37:33 +0900,2024-09-26 07:42:12 +0900,research,CC-BY-NC,https://www.inaturalist.org/observations/240499226,https://inaturalist-open-data.s3.amazonaws.com/photos/428485435/medium.jpeg,NA,NA,NA,1,0,FALSE,3,"El Paso County, US-TX, US",31.9161322061,-106.5150703491,4,NA,NA,NA,4,NA,open,FALSE,NA,NA,Red-spotted Toad,Anaxyrus punctatus,Red-spotted Toad,Amphibia,64984
240499714,cff5d384-43c4-4e0b-8bdb-577f3511b1aa,2024-08-31 21:18:58-06:00,2024-08-31,2024-09-01 12:18:58 +0900,Mountain Time (US & Canada),5325396,jairo_uribarri,Jairo Uribarri,2024-09-08 17:42:33 +0900,2024-09-26 07:55:16 +0900,research,CC-BY-NC,https://www.inaturalist.org/observations/240499714,https://inaturalist-open-data.s3.amazonaws.com/photos/428486425/medium.jpeg,NA,NA,NA,1,0,FALSE,3,"El Paso County, US-TX, US",31.9141351758,-106.5168972687,4,NA,NA,NA,4,NA,open,FALSE,NA,NA,Red-spotted Toad,Anaxyrus punctatus,Red-spotted Toad,Amphibia,64984
240666609,dbd3e5c4-2093-4def-9cfd-441cf769e01e,2015/06/13 12:02 PM,2015-06-13,2015-06-14 02:02:00 +0900,Central Time (US & Canada),25150,jakescott,Jake Scott,2024-09-09 09:18:06 +0900,2024-09-12 10:58:48 +0900,research,CC-BY-NC,https://www.inaturalist.org/observations/240666609,https://static.inaturalist.org/photos/428802668/medium.jpeg,NA,NA,NA,1,0,FALSE,NA,"Brewster County, US-TX, US",29.2824651904,-103.1419924197,61,NA,NA,NA,29508,obscured,open,TRUE,NA,NA,Red-spotted Toad,Anaxyrus punctatus,Red-spotted Toad,Amphibia,64984
240666717,24e196ed-9041-44fc-a22d-f5d50dfa20ba,2017/08/13 10:54 AM,2017-08-13,2017-08-14 00:54:00 +0900,Central Time (US & Canada),25150,jakescott,Jake Scott,2024-09-09 09:19:03 +0900,2024-09-12 10:58:40 +0900,research,CC-BY-NC,https://www.inaturalist.org/observations/240666717,https://static.inaturalist.org/photos/428803153/medium.jpg,NA,NA,NA,1,0,FALSE,NA,"Texas, US",29.3344060456,-103.771425002,488,NA,NA,NA,29508,obscured,open,TRUE,NA,NA,Red-spotted Toad,Anaxyrus punctatus,Red-spotted Toad,Amphibia,64984
241387869,26472bdb-dd9e-4609-a565-0f7625e41493,2024-09-12 20:25:21-05:00,2024-09-12,2024-09-13 10:25:21 +0900,Central Time (US & Canada),172852,wjneely,Wes Neely,2024-09-13 10:26:36 +0900,2024-09-24 06:39:02 +0900,research,CC-BY,https://www.inaturalist.org/observations/241387869,https://static.inaturalist.org/photos/430201800/medium.jpeg,NA,NA,NA,2,0,FALSE,3,"FM-1148, Graham, TX, US",32.9092216667,-98.495545,7,NA,NA,NA,7,NA,open,FALSE,NA,NA,Red-spotted Toad,Anaxyrus punctatus,Red-spotted Toad,Amphibia,64984
242176230,448ef221-5d8b-4103-8775-8eeae0c1260b,2024-09-16 16:45:59-05:00,2024-09-16,2024-09-17 06:45:59 +0900,Central Time (US & Canada),6315955,megan1810,Megan Bailey,2024-09-17 06:50:51 +0900,2024-09-24 06:39:00 +0900,research,NA,https://www.inaturalist.org/observations/242176230,https://static.inaturalist.org/photos/431716845/medium.jpeg,NA,NA,NA,2,0,FALSE,3,"N Kickapoo St, Lipan, TX, US",32.5191231264,-98.0466355495,560,NA,NA,NA,560,NA,open,FALSE,NA,NA,Red-spotted Toad,Anaxyrus punctatus,Red-spotted Toad,Amphibia,64984
244642176,a7f1d7f3-9217-4e2c-9a07-37c0c25f661c,2024-09-29 00:13:32-05:00,2024-09-29,2024-09-29 14:13:32 +0900,Central Time (US & Canada),2929427,williamschmidt,William Schmidt,2024-09-29 15:15:03 +0900,2024-09-29 16:15:41 +0900,research,CC-BY-NC,https://www.inaturalist.org/observations/244642176,https://inaturalist-open-data.s3.amazonaws.com/photos/436418178/medium.jpeg,NA,NA,NA,1,0,FALSE,3,"Adrian, TX, US",35.5251116667,-102.2810583333,4,NA,NA,NA,4,NA,open,FALSE,NA,NA,Red-spotted Toad,Anaxyrus punctatus,Red-spotted Toad,Amphibia,64984
246094715,a0cc54fb-f87a-41bf-97a0-6650b520e33f,2024/10/06 1:41 PM,2024-10-06,2024-10-07 03:41:00 +0900,Central Time (US & Canada),4052575,cindychrisler,Cindy Chrisler,2024-10-07 12:45:39 +0900,2024-11-28 05:47:44 +0900,research,CC-BY-NC,https://www.inaturalist.org/observations/246094715,https://inaturalist-open-data.s3.amazonaws.com/photos/439267128/medium.jpg,NA,NA,NA,1,0,FALSE,NA,"Val Verde County, TX, USA",29.6724805556,-100.9863305556,NA,NA,NA,NA,NA,NA,open,FALSE,NA,NA,Red-spotted Toad,Anaxyrus punctatus,Red-spotted Toad,Amphibia,64984
246275035,51f2130d-61b9-4581-994b-93dfd3c5205f,2024/09/25 11:49 PM,2024-09-25,2024-09-26 13:49:00 +0900,Central Time (US & Canada),18812,mako252,Jon McIntyre,2024-10-08 13:27:18 +0900,2024-10-24 02:09:18 +0900,research,CC-BY-NC,https://www.inaturalist.org/observations/246275035,https://inaturalist-open-data.s3.amazonaws.com/photos/439621357/medium.jpeg,NA,NA,NA,2,0,FALSE,NA,"Brewster County, TX, USA",29.3279980039,-103.2059962673,2,NA,NA,NA,2,NA,open,FALSE,NA,NA,Red-spotted Toad,Anaxyrus punctatus,Red-spotted Toad,Amphibia,64984
246317175,d1f036ef-f4dd-4beb-a8f6-df8aa3936245,2024/10/07 9:52 PM,2024-10-07,2024-10-08 11:52:00 +0900,Central Time (US & Canada),5109302,mickeydylan,NA,2024-10-08 22:39:56 +0900,2024-10-10 08:37:16 +0900,research,CC-BY-NC,https://www.inaturalist.org/observations/246317175,https://inaturalist-open-data.s3.amazonaws.com/photos/439702654/medium.jpg,NA,NA,NA,2,0,FALSE,NA,"Brewster County, TX, USA",29.3279844651,-103.206379133,15,NA,NA,NA,15,NA,open,FALSE,NA,NA,Red-spotted Toad,Anaxyrus punctatus,Red-spotted Toad,Amphibia,64984
246574168,444ebf6b-9cd6-46d9-a626-13f027ad6572,2024/09/26 12:50 AM,2024-09-26,2024-09-26 14:50:00 +0900,Central Time (US & Canada),670908,jugbayjs,NA,2024-10-10 12:12:48 +0900,2024-10-24 03:18:37 +0900,research,CC-BY-NC,https://www.inaturalist.org/observations/246574168,https://inaturalist-open-data.s3.amazonaws.com/photos/440194194/medium.jpeg,NA,NA,NA,0,0,FALSE,NA,"Brewster County, TX, USA",29.3280457318,-103.2060288056,20,NA,NA,NA,20,NA,open,FALSE,NA,NA,Red-spotted Toad,Anaxyrus punctatus,Red-spotted Toad,Amphibia,64984
246864007,ce9dd3d7-ded5-424d-843d-7819e07b5bee,2024/10/06 2:00 PM,2024-10-06,2024-10-07 04:00:00 +0900,Central Time (US & Canada),4052575,cindychrisler,Cindy Chrisler,2024-10-12 11:02:45 +0900,2024-11-28 03:59:43 +0900,research,CC-BY-NC,https://www.inaturalist.org/observations/246864007,https://inaturalist-open-data.s3.amazonaws.com/photos/440790146/medium.jpeg,NA,NA,NA,1,0,FALSE,NA,"Val Verde County, US-TX, US",29.6954159076,-100.9748595592,312,NA,NA,NA,29458,obscured,open,TRUE,NA,NA,Red-spotted Toad,Anaxyrus punctatus,Red-spotted Toad,Amphibia,64984
246962516,162067d6-761f-4d41-a573-9a041e856ec7,2024-10-12 09:44:29-05:00,2024-10-12,2024-10-12 23:44:29 +0900,Central Time (US & Canada),8673807,nationalparkhiker_2012,Clara T,2024-10-13 02:29:21 +0900,2024-12-20 04:23:37 +0900,research,NA,https://www.inaturalist.org/observations/246962516,https://static.inaturalist.org/photos/440981045/medium.jpeg,NA,NA,NA,1,0,FALSE,3,"Big Bend National Park, Brewster County, US-TX, US",29.1657851078,-103.6114141346,4,NA,NA,NA,4,NA,open,FALSE,NA,NA,Red-spotted Toad,Anaxyrus punctatus,Red-spotted Toad,Amphibia,64984
249897375,9169cbe3-1028-4dea-b695-633b584379ba,2024-10-31 10:58:26,2024-10-31,2024-11-01 00:58:26 +0900,Central Time (US & Canada),491963,martharichardson,Martha Richardson,2024-11-01 01:01:45 +0900,2024-12-13 23:53:52 +0900,research,CC-BY-NC-SA,https://www.inaturalist.org/observations/249897375,https://inaturalist-open-data.s3.amazonaws.com/photos/446808910/medium.jpeg,NA,NA,NA,0,0,FALSE,2,"Junction, TX 76849, USA",30.6174850997,-99.7440979997,NA,NA,NA,NA,NA,NA,open,FALSE,gps,gps,Red-spotted Toad,Anaxyrus punctatus,Red-spotted Toad,Amphibia,64984
251312925,eddc66d6-ef14-4f3c-a52b-83be0bf07836,2024/11/10 4:06 PM,2024-11-10,2024-11-11 07:06:00 +0900,Central Time (US & Canada),4052575,cindychrisler,Cindy Chrisler,2024-11-11 22:55:37 +0900,2024-11-21 09:48:15 +0900,research,CC-BY-NC,https://www.inaturalist.org/observations/251312925,https://inaturalist-open-data.s3.amazonaws.com/photos/449650257/medium.jpeg,NA,NA,NA,1,0,FALSE,NA,"Blanco County, TX, USA",30.4296732181,-98.1733691343,15,NA,NA,NA,15,NA,open,FALSE,NA,NA,Red-spotted Toad,Anaxyrus punctatus,Red-spotted Toad,Amphibia,64984
251398649,b200162c-6c65-4c78-9247-135aebf4b81a,2024-11-02 20:48:28-05:00,2024-11-02,2024-11-03 10:48:28 +0900,Central Time (US & Canada),6318983,brendoncrook,Brendon,2024-11-12 12:45:12 +0900,2024-11-27 06:54:57 +0900,research,CC-BY-NC,https://www.inaturalist.org/observations/251398649,https://inaturalist-open-data.s3.amazonaws.com/photos/449822433/medium.jpeg,NA,NA,NA,1,0,FALSE,3,"Seminole Canyon State Park & Historic Site, Ozona, TX, US",29.69557,-101.3219833333,5,NA,NA,NA,5,NA,open,FALSE,NA,NA,Red-spotted Toad,Anaxyrus punctatus,Red-spotted Toad,Amphibia,64984
251917055,017a9aa6-6ddc-4a8c-b75f-7c6624fccf16,2024/11/10 5:27 PM,2024-11-10,2024-11-11 08:27:00 +0900,Central Time (US & Canada),5693813,vweidman,Vanessa Weidman,2024-11-17 04:05:57 +0900,2024-11-27 07:57:52 +0900,research,CC-BY-NC,https://www.inaturalist.org/observations/251917055,https://inaturalist-open-data.s3.amazonaws.com/photos/450848953/medium.jpeg,NA,NA,NA,2,0,FALSE,NA,"Val Verde County, TX, USA",29.6991877778,-101.3123325,NA,NA,NA,NA,NA,NA,open,FALSE,NA,NA,Red-spotted Toad,Anaxyrus punctatus,Red-spotted Toad,Amphibia,64984
253840069,739538f4-1747-45c8-9cf2-c98e4d08bcff,2024-09-11 22:29:54-05:00,2024-09-11,2024-09-12 12:29:54 +0900,Central Time (US & Canada),3918119,funkysunobservations,NA,2024-12-02 13:41:50 +0900,2024-12-02 15:06:04 +0900,research,CC-BY-NC,https://www.inaturalist.org/observations/253840069,https://inaturalist-open-data.s3.amazonaws.com/photos/454588472/medium.jpeg,NA,NA,NA,0,0,FALSE,3,"SH-118, Alpine, TX, US",30.0577916667,-103.5837166667,28,NA,NA,NA,28,NA,open,FALSE,NA,NA,Red-spotted Toad,Anaxyrus punctatus,Red-spotted Toad,Amphibia,64984
254522392,dc9181ff-c6dc-4f09-ba0a-8f382e376e45,2024-12-04 20:27:31-06:00,2024-12-04,2024-12-05 11:27:31 +0900,Central Time (US & Canada),862438,oviscanadensis_connerties,Conner Ties,2024-12-09 01:36:52 +0900,2024-12-09 03:53:16 +0900,research,NA,https://www.inaturalist.org/observations/254522392,https://static.inaturalist.org/photos/455914566/medium.jpg,NA,NA,NA,0,0,FALSE,3,"Big Bend National Park, Terlingua, TX, US",29.1807783333,-102.959945,3,NA,NA,NA,3,NA,open,FALSE,NA,NA,Red-spotted Toad,Anaxyrus punctatus,Red-spotted Toad,Amphibia,64984
254530179,79ac6e55-7dd9-4d02-8b31-11674ccf975d,2024-12-04 20:26:51-06:00,2024-12-04,2024-12-05 11:26:51 +0900,Central Time (US & Canada),1924950,ecgawa,Earl Agpawa,2024-12-09 02:49:20 +0900,2024-12-10 05:08:25 +0900,research,CC-BY-NC,https://www.inaturalist.org/observations/254530179,https://inaturalist-open-data.s3.amazonaws.com/photos/455929119/medium.jpg,NA,NA,NA,2,0,FALSE,3,"Big Bend National Park, Brewster County, US-TX, US",29.18082,-102.9598866667,10,NA,NA,NA,10,NA,open,FALSE,NA,NA,Red-spotted Toad,Anaxyrus punctatus,Red-spotted Toad,Amphibia,64984
255656476,e5fda553-80c2-4aef-ac7a-8e87fcf20a04,2017-07-07 20:12:45,2017-07-07,2017-07-08 10:12:45 +0900,Central Time (US & Canada),1730434,odddave,Dave Odd,2024-12-20 16:19:18 +0900,2024-12-21 22:16:42 +0900,research,NA,https://www.inaturalist.org/observations/255656476,https://static.inaturalist.org/photos/458202691/medium.jpeg,NA,NA,NA,0,0,FALSE,2,"Quitaque, TX 79255, USA",34.44233725,-101.0598817778,NA,NA,NA,NA,NA,NA,open,FALSE,gps,gps,Red-spotted Toad,Anaxyrus punctatus,Red-spotted Toad,Amphibia,64984
255792167,4908f47f-9ee4-46ca-a95e-e11b3e0969cd,2017-07-06 20:49:53,2017-07-06,2017-07-07 10:49:53 +0900,Central Time (US & Canada),1730434,odddave,Dave Odd,2024-12-22 03:56:10 +0900,2024-12-31 01:42:53 +0900,research,NA,https://www.inaturalist.org/observations/255792167,https://static.inaturalist.org/photos/458478443/medium.jpeg,NA,NA,NA,1,0,FALSE,2,"Canyon, TX 79015, USA",34.9802440556,-101.6891828333,NA,NA,NA,NA,NA,NA,open,FALSE,gps,gps,Red-spotted Toad,Anaxyrus punctatus,Red-spotted Toad,Amphibia,64984
258351208,ef7b270c-0f3d-4638-b00d-5b08397ce7d8,2024/08/01 1:49 AM,2024-08-01,2024-08-01 15:49:00 +0900,Central Time (US & Canada),1375988,naturalist5716,louislo,2025-01-13 16:25:18 +0900,2025-02-14 06:06:23 +0900,research,NA,https://www.inaturalist.org/observations/258351208,https://static.inaturalist.org/photos/463500239/medium.jpeg,NA,NA,NA,0,0,FALSE,NA,"Texas, US",29.5537074531,-103.1802204477,78951,NA,NA,NA,78951,obscured,open,TRUE,NA,NA,Red-spotted Toad,Anaxyrus punctatus,Red-spotted Toad,Amphibia,64984
261557184,915a2080-5fef-4d0d-87aa-fd3636279c80,2014/07/28,2014-07-28,NA,Central Time (US & Canada),9227,sleepyhyrax,Richard Kazmaier,2025-02-14 03:41:44 +0900,2025-02-14 09:34:26 +0900,research,CC-BY-NC,https://www.inaturalist.org/observations/261557184,https://inaturalist-open-data.s3.amazonaws.com/photos/469913804/medium.jpeg,NA,NA,NA,0,0,FALSE,NA,"Boys Ranch, Oldham County, TX, USA",35.5930121029,-102.2192007511,3,NA,NA,NA,3,NA,open,FALSE,NA,NA,Red-spotted Toad,Anaxyrus punctatus,Red-spotted Toad,Amphibia,64984
261703350,24a2bce8-0e53-48be-a562-ff85675b972f,2015/07/12,2015-07-12,NA,Central Time (US & Canada),9227,sleepyhyrax,Richard Kazmaier,2025-02-15 16:59:38 +0900,2025-02-15 17:55:07 +0900,research,CC-BY-NC,https://www.inaturalist.org/observations/261703350,https://inaturalist-open-data.s3.amazonaws.com/photos/470211172/medium.jpeg,NA,NA,NA,0,0,FALSE,NA,"Independence Creek Preserve, Terrell County, TX, USA",30.474513,-101.793545,3,NA,NA,NA,3,NA,open,FALSE,NA,NA,Red-spotted Toad,Anaxyrus punctatus,Red-spotted Toad,Amphibia,64984
262649022,16d27895-1d5f-4bde-8545-739a9f51c6ea,2023/06/15 7:37 AM,2023-06-15,2023-06-15 21:37:00 +0900,Central Time (US & Canada),8130125,owen_birds,Owen Robertson,2025-02-22 12:02:50 +0900,2025-02-25 12:43:18 +0900,research,NA,https://www.inaturalist.org/observations/262649022,https://static.inaturalist.org/photos/471691151/medium.jpg,NA,NA,NA,1,0,FALSE,NA,"Devils River State Natural Area, 21715 Dolan Crk Rd, Del Rio, TX 78840, USA",29.9401792,-100.9698151,200,NA,NA,NA,200,NA,open,FALSE,NA,NA,Red-spotted Toad,Anaxyrus punctatus,Red-spotted Toad,Amphibia,64984
262874549,2bfc77dc-dc11-447c-b7cf-5d427867543f,2018/09/16,2018-09-16,NA,Central Time (US & Canada),9227,sleepyhyrax,Richard Kazmaier,2025-02-24 08:13:54 +0900,2025-02-24 08:14:18 +0900,research,CC-BY-NC,https://www.inaturalist.org/observations/262874549,https://inaturalist-open-data.s3.amazonaws.com/photos/472137833/medium.jpeg,NA,NA,NA,0,0,FALSE,NA,"Elephant Mountain WMA, Brewster County, TX, USA",30.0290089752,-103.558882723,3,NA,NA,NA,3,NA,open,FALSE,NA,NA,Red-spotted Toad,Anaxyrus punctatus,Red-spotted Toad,Amphibia,64984
262924900,5df46417-6dd5-488e-91ea-1f65843380d9,2015/05/19,2015-05-19,NA,Central Time (US & Canada),9227,sleepyhyrax,Richard Kazmaier,2025-02-24 19:21:50 +0900,2025-02-27 09:15:57 +0900,research,CC-BY-NC,https://www.inaturalist.org/observations/262924900,https://inaturalist-open-data.s3.amazonaws.com/photos/472244224/medium.jpeg,NA,NA,NA,0,0,FALSE,NA,"Crossbar Management Area, Potter County, TX, USA",35.420878,-101.911852,3,NA,NA,NA,3,NA,open,FALSE,NA,NA,Red-spotted Toad,Anaxyrus punctatus,Red-spotted Toad,Amphibia,64984
