id,uuid,observed_on_string,observed_on,time_observed_at,time_zone,user_id,user_login,user_name,created_at,updated_at,quality_grade,license,url,image_url,sound_url,tag_list,description,num_identification_agreements,num_identification_disagreements,captive_cultivated,oauth_application_id,place_guess,latitude,longitude,positional_accuracy,private_place_guess,private_latitude,private_longitude,public_positional_accuracy,geoprivacy,taxon_geoprivacy,coordinates_obscured,positioning_method,positioning_device,species_guess,scientific_name,common_name,iconic_taxon_name,taxon_id
47145,d8473138-9994-47f3-a0a3-acc487e7c663,2010-04-10,2010-04-10,NA,Central Time (US & Canada),3288,marv-n,Marv,2012-01-13 09:37:12 +0900,2023-08-25 20:43:01 +0900,research,NA,http://www.inaturalist.org/observations/47145,https://static.inaturalist.org/photos/76020/medium.JPG,NA,NA,NA,4,0,FALSE,NA,Big Bend National Park,29.2169349122,-103.381690979,NA,NA,NA,NA,NA,NA,open,FALSE,NA,NA,Eastern Collared Lizard,Crotaphytus collaris,Eastern Collared Lizard,Reptilia,33135
122853,e342b91d-fa2c-4f0f-a951-a9b5f46c920e,2009-06-15,2009-06-15,NA,Central Time (US & Canada),3179,rrommel,NA,2012-09-15 13:23:01 +0900,2025-03-08 10:21:52 +0900,research,NA,http://www.inaturalist.org/observations/122853,https://static.inaturalist.org/photos/175050/medium.JPG,NA,NA,NA,2,0,FALSE,NA,Palo Duro Canyon State Park,34.9251294,-101.6726755,8732,NA,NA,NA,8732,NA,open,FALSE,NA,NA,Eastern Collared Lizard,Crotaphytus collaris collaris,Eastern Collared Lizard,Reptilia,115559
123990,9f47d7fb-f50e-49e2-97ad-f43d492773e3,2007-04-30,2007-04-30,NA,Central Time (US & Canada),2098,toby,Toby Hibbitts,2012-09-17 13:26:02 +0900,2017-04-24 12:40:14 +0900,research,NA,http://www.inaturalist.org/observations/123990,https://static.inaturalist.org/photos/176130/medium.jpg,NA,NA,NA,1,0,FALSE,NA,"Burnet County, US-TX, US",30.7881349066,-98.3519541537,NA,NA,NA,NA,NA,NA,open,FALSE,NA,NA,Eastern Collared Lizard,Crotaphytus collaris,Eastern Collared Lizard,Reptilia,33135
135633,98f6d1ab-e0ed-4775-9f38-fdbf808aba85,2008-07-05,2008-07-05,NA,Hawaii,9560,dianaterryhibbitts,Diana-Terry Hibbitts,2012-10-15 14:02:04 +0900,2023-08-25 20:42:56 +0900,research,CC-BY-NC,http://www.inaturalist.org/observations/135633,https://inaturalist-open-data.s3.amazonaws.com/photos/188774/medium.jpg,NA,NA,NA,3,0,FALSE,NA,Brewster County,29.781271916,-103.1695448672,2000,NA,NA,NA,2000,NA,open,FALSE,NA,NA,Eastern Collared Lizard,Crotaphytus collaris,Eastern Collared Lizard,Reptilia,33135
250579,fba0d567-d849-432e-a829-82ecd62c55d3,2013-04-28,2013-04-28,NA,Central Time (US & Canada),12988,alejandra13,Alejandra Mendez,2013-05-01 15:03:42 +0900,2024-12-27 14:45:32 +0900,research,CC-BY-NC,http://www.inaturalist.org/observations/250579,https://inaturalist-open-data.s3.amazonaws.com/photos/312488/medium.JPG,NA,NA,Underneath a rock in a dry rocky area,2,0,FALSE,NA,brownswood state park,31.83999,-99.050218,6188,NA,NA,NA,6188,NA,open,FALSE,NA,NA,Crotaphytus collaris,Crotaphytus collaris,Eastern Collared Lizard,Reptilia,33135
258912,a9455d8a-b571-43fe-a2d9-96622dcc0c47,2013-05-05,2013-05-05,NA,Central Time (US & Canada),10505,cohen,Adam Cohen,2013-05-08 12:26:57 +0900,2024-12-27 14:45:39 +0900,research,CC-BY,http://www.inaturalist.org/observations/258912,https://inaturalist-open-data.s3.amazonaws.com/photos/321164/medium.JPG,NA,NA,NA,2,0,FALSE,NA,Inks Lake State Park,30.747368,-98.359823,209,NA,NA,NA,209,NA,open,FALSE,NA,manual,Crotaphytus collaris,Crotaphytus collaris,Eastern Collared Lizard,Reptilia,33135
273483,3d551157-cb3f-4b85-b183-d56bbcb54832,Sun May 19 2013 14:18:46 GMT-0500 (CDT),2013-05-19,2013-05-20 04:18:46 +0900,Central Time (US & Canada),2098,toby,Toby Hibbitts,2013-05-21 03:36:45 +0900,2017-04-24 12:36:59 +0900,research,NA,http://www.inaturalist.org/observations/273483,https://static.inaturalist.org/photos/338140/medium.jpg,NA,NA,NA,1,0,FALSE,NA,"County Rd-220, Eldorado, Texas, US",30.8376666667,-100.4878333333,5,NA,NA,NA,5,NA,open,FALSE,NA,NA,Eastern Collared Lizard,Crotaphytus collaris,Eastern Collared Lizard,Reptilia,33135
273538,f85c7bc3-154b-4296-9ea1-b98548b6dd12,2013-05-18,2013-05-18,NA,Central Time (US & Canada),2098,toby,Toby Hibbitts,2013-05-21 05:02:20 +0900,2017-04-24 12:37:06 +0900,research,NA,http://www.inaturalist.org/observations/273538,https://static.inaturalist.org/photos/338206/medium.jpg,NA,NA,NA,1,0,FALSE,NA,Franklin Mountains State Park,31.921636,-106.513001,14,NA,NA,NA,14,NA,open,FALSE,NA,NA,Crotaphytus collaris,Crotaphytus collaris,Eastern Collared Lizard,Reptilia,33135
273539,fed78124-f148-413b-a86b-fb3d9cc1071a,2013-05-18,2013-05-18,NA,Central Time (US & Canada),2098,toby,Toby Hibbitts,2013-05-21 05:04:20 +0900,2017-04-24 12:37:01 +0900,research,NA,http://www.inaturalist.org/observations/273539,https://static.inaturalist.org/photos/338207/medium.jpg,NA,NA,NA,1,0,FALSE,NA,Franklin Mountains State Park,31.93096,-106.513393,14,NA,NA,NA,14,NA,open,FALSE,NA,NA,Crotaphytus collaris,Crotaphytus collaris,Eastern Collared Lizard,Reptilia,33135
274396,0a780292-0089-4220-b7d2-cf4005987811,2013-05-18,2013-05-18,NA,Central Time (US & Canada),10766,connor22,Connor Adams,2013-05-22 03:00:42 +0900,2016-05-25 03:35:57 +0900,research,NA,http://www.inaturalist.org/observations/274396,https://static.inaturalist.org/photos/339371/medium.JPG,NA,NA,NA,1,0,FALSE,NA,Franklin mountain state park,31.844388,-106.490195,30,NA,NA,NA,30,NA,open,FALSE,NA,NA,Crotaphytus collaris,Crotaphytus collaris,Eastern Collared Lizard,Reptilia,33135
280139,3611f737-127c-4816-ab5d-b3b4b52f5859,2005-05-08 16:21:32,2005-05-08,2005-05-09 06:21:32 +0900,Central Time (US & Canada),5029,eurycea,Nathan Bendik,2013-05-28 12:40:12 +0900,2017-09-26 03:34:10 +0900,research,CC-BY,http://www.inaturalist.org/observations/280139,https://static.inaturalist.org/photos/346713/medium.jpg,NA,NA,"somewhere in Palo Pinto County, Texas",1,0,FALSE,NA,"Palo Pinto, Texas, United States",32.758983,-98.31253,18239,NA,NA,NA,18239,NA,open,FALSE,NA,NA,Crotaphytus collaris,Crotaphytus collaris,Eastern Collared Lizard,Reptilia,33135
319490,932ce984-774b-4c33-b441-b1fe9b9c8f69,2013-06-09 01:10:17,2013-06-09,2013-06-09 15:10:17 +0900,Central Time (US & Canada),18656,flying,NA,2013-07-03 20:33:59 +0900,2017-09-26 03:44:55 +0900,research,CC-BY-NC,http://www.inaturalist.org/observations/319490,https://static.inaturalist.org/photos/398697/medium.jpg,NA,NA,Male Collared Lizard. Photographed on the Lighthouse Trail at about 1:30 PM.,1,0,FALSE,NA,"Palo Duro Canyon State Park, Lighthouse Trail",34.952506,-101.684765,NA,NA,NA,NA,NA,NA,open,FALSE,NA,NA,Eastern Collared Lizard (Crotaphytus collaris),Crotaphytus collaris,Eastern Collared Lizard,Reptilia,33135
323509,225cd6df-364b-4d9c-8a7a-b093fce356fc,2013-05-05,2013-05-05,NA,Central Time (US & Canada),18780,hydaticus,Robby Deans,2013-07-07 13:33:47 +0900,2025-01-02 07:33:42 +0900,research,CC-BY-NC,http://www.inaturalist.org/observations/323509,https://inaturalist-open-data.s3.amazonaws.com/photos/402647/medium.JPG,NA,NA,NA,2,0,FALSE,NA,enchanted rock state park,30.504625,-98.82076,881,NA,NA,NA,881,NA,open,FALSE,NA,NA,Eastern Collared Lizard,Crotaphytus collaris,Eastern Collared Lizard,Reptilia,33135
324042,2c9ee03b-c2bf-42ed-9173-8c5113ab7625,2008-08-11,2008-08-11,NA,Central Time (US & Canada),206,lfelliott,Lee Elliott,2013-07-08 04:40:10 +0900,2017-09-26 03:46:06 +0900,research,CC-BY-NC,http://www.inaturalist.org/observations/324042,https://inaturalist-open-data.s3.amazonaws.com/photos/403320/medium.JPG,NA,NA,in gypsum area,4,0,FALSE,NA,"Culberson County, US-TX, US",31.879691,-104.297582,20,NA,NA,NA,20,NA,open,FALSE,NA,NA,Crotaphytus collaris,Crotaphytus collaris,Eastern Collared Lizard,Reptilia,33135
325498,2af54b34-7959-4400-b3e1-6a1e796adc8a,2009-06-04,2009-06-04,NA,Central Time (US & Canada),9570,mduran,Mike Duran,2013-07-09 05:50:40 +0900,2024-02-06 23:30:07 +0900,research,NA,http://www.inaturalist.org/observations/325498,https://static.inaturalist.org/photos/405182/medium.jpg,NA,NA,Crotophytus collaris in gravel pits S. of Midland,5,0,FALSE,NA,"S. Midland Co., TX",31.881056,-101.975784,5000,NA,NA,NA,5000,NA,open,FALSE,NA,NA,Eastern Collared Lizard,Crotaphytus collaris,Eastern Collared Lizard,Reptilia,33135
501495,5ceb561f-794a-4952-b4f7-68bac0e98e27,Fri Jun 03 2011 09:20:53 GMT-0500 (CDT),2011-06-03,2011-06-03 23:20:53 +0900,Central Time (US & Canada),28400,ctravis,Connor Travis,2014-01-15 10:03:27 +0900,2024-12-27 14:45:54 +0900,research,CC-BY-NC,http://www.inaturalist.org/observations/501495,https://inaturalist-open-data.s3.amazonaws.com/photos/638125/medium.jpg,NA,NA,"DOR adult female from Presidio County, Texas",6,0,FALSE,3,"Pinto Canyon Rd, Marfa, TX, US",30.289735,-104.052328,227,NA,NA,NA,227,NA,open,FALSE,NA,NA,Eastern Collared Lizard,Crotaphytus collaris,Eastern Collared Lizard,Reptilia,33135
572397,40805af4-0d1f-4b83-a31a-02dc1cdc3be9,2014-03-14,2014-03-14,NA,Central Time (US & Canada),9560,dianaterryhibbitts,Diana-Terry Hibbitts,2014-03-17 14:00:55 +0900,2017-09-26 05:06:37 +0900,research,CC-BY-NC,http://www.inaturalist.org/observations/572397,https://inaturalist-open-data.s3.amazonaws.com/photos/727409/medium.JPG,NA,NA,Female found under a rock.,3,0,FALSE,NA,"Henderson Canyon Ranch, Val Verde County",30.056957,-101.664978,50,NA,NA,NA,50,NA,open,FALSE,NA,NA,Crotaphytus collaris,Crotaphytus collaris,Eastern Collared Lizard,Reptilia,33135
602705,3105f5e2-4821-45a8-84c6-e1f4ad343dab,Sun Mar 30 2014 16:52:19 GMT-0500 (CDT),2014-03-30,2014-03-31 06:52:19 +0900,Central Time (US & Canada),2098,toby,Toby Hibbitts,2014-04-01 04:24:13 +0900,2017-04-24 09:31:46 +0900,research,NA,http://www.inaturalist.org/observations/602705,https://static.inaturalist.org/photos/759049/medium.jpg,NA,NA,NA,1,0,FALSE,3,"76943, Ozona, TX, US",31.0134416667,-101.0153888833,NA,NA,NA,NA,NA,NA,open,FALSE,NA,NA,Eastern Collared Lizard,Crotaphytus collaris,Eastern Collared Lizard,Reptilia,33135
618268,91b0dc98-b5b7-4fdf-8c6e-11ae11e87d68,"2014-04-09, 02:03pm",2014-04-09,2014-04-10 04:03:00 +0900,Central Time (US & Canada),10861,drawntoscales,Michael Smith,2014-04-11 07:17:18 +0900,2017-09-26 05:21:43 +0900,research,CC-BY-NC-ND,http://www.inaturalist.org/observations/618268,https://inaturalist-open-data.s3.amazonaws.com/photos/777581/medium.jpg,NA,NA,"Adult male, in Rock Garden trail within the park",2,0,FALSE,NA,Palo Duro Canyon State Park,34.943019,-101.652528,NA,NA,NA,NA,NA,NA,open,FALSE,NA,NA,Eastern Collared Lizard,Crotaphytus collaris,Eastern Collared Lizard,Reptilia,33135
622203,746da84d-bc64-4ffe-ac03-6b72986e0472,Fri Apr 04 2014 17:43:58 GMT-0500 (CDT),2014-04-04,2014-04-05 07:43:58 +0900,Central Time (US & Canada),32282,jreakin,NA,2014-04-14 01:57:56 +0900,2024-12-27 14:45:06 +0900,research,CC-BY-NC,http://www.inaturalist.org/observations/622203,https://inaturalist-open-data.s3.amazonaws.com/photos/782699/medium.jpg,NA,NA,NA,1,0,FALSE,3,"76366, Holliday, TX, US",33.435227,-98.734201,121,NA,NA,NA,121,NA,open,FALSE,NA,NA,eastern collared lizard,Crotaphytus collaris,Eastern Collared Lizard,Reptilia,33135
622668,d06b7602-7db3-475c-bafa-0496b082a6b4,Fri Apr 11 2014 14:51:27 GMT-0500 (CDT),2014-04-11,2014-04-12 04:51:27 +0900,Central Time (US & Canada),19051,mfontenot22,Mallory L. Fontenot,2014-04-14 07:35:19 +0900,2024-12-27 14:45:28 +0900,research,CC-BY-NC,http://www.inaturalist.org/observations/622668,https://inaturalist-open-data.s3.amazonaws.com/photos/783240/medium.jpg,NA,NA,NA,2,0,FALSE,3,"76943, Ozona, Texas, US",31.0288333333,-100.998,NA,NA,NA,NA,NA,NA,open,FALSE,NA,NA,Eastern Collared Lizard,Crotaphytus collaris,Eastern Collared Lizard,Reptilia,33135
622949,935e8da0-b5fc-43aa-bed5-9d20ae4bcb7a,Fri Apr 11 2014 14:53:43 GMT-0500 (CDT),2014-04-11,2014-04-12 04:53:43 +0900,Central Time (US & Canada),18946,croelke,Corey Roelke,2014-04-14 08:53:56 +0900,2017-09-26 05:23:36 +0900,research,NA,http://www.inaturalist.org/observations/622949,https://static.inaturalist.org/photos/783509/medium.jpg,NA,NA,NA,1,0,FALSE,3,"76943, Ozona, TX, US",31.0287221667,-100.9977716667,NA,NA,NA,NA,NA,NA,open,FALSE,NA,NA,Crotaphytus collaris,Crotaphytus collaris,Eastern Collared Lizard,Reptilia,33135
645681,d8a8ff23-eae0-401a-b355-15a1c4b4178a,2014-04-26,2014-04-26,NA,Central Time (US & Canada),9531,kucycads,Kenneth Bader,2014-04-28 05:12:11 +0900,2023-01-03 06:23:00 +0900,research,CC-BY-NC,http://www.inaturalist.org/observations/645681,https://inaturalist-open-data.s3.amazonaws.com/photos/813734/medium.JPG,NA,NA,"male
one of three",3,0,FALSE,NA,Inks Lake State Park,30.729294,-98.372784,736,NA,NA,NA,736,NA,open,FALSE,NA,NA,Eastern Collared Lizard,Crotaphytus collaris,Eastern Collared Lizard,Reptilia,33135
645804,54217f02-5e6b-43a5-bc50-84a530323e68,2014-04-26,2014-04-26,NA,Central Time (US & Canada),9531,kucycads,Kenneth Bader,2014-04-28 05:34:15 +0900,2023-01-03 06:23:08 +0900,research,CC-BY-NC,http://www.inaturalist.org/observations/645804,https://inaturalist-open-data.s3.amazonaws.com/photos/813858/medium.JPG,NA,NA,gravid female,4,0,FALSE,NA,Inks Lake State Park,30.729294,-98.372784,736,NA,NA,NA,736,NA,open,FALSE,NA,NA,Eastern Collared Lizard,Crotaphytus collaris,Eastern Collared Lizard,Reptilia,33135
657015,66a93a05-3f45-4989-b300-10a26ec6229b,Sat May 03 2014 20:15:43 GMT-0500 (CDT),2014-05-03,2014-05-04 10:15:43 +0900,Central Time (US & Canada),2098,toby,Toby Hibbitts,2014-05-04 15:36:35 +0900,2017-04-24 09:26:55 +0900,research,NA,http://www.inaturalist.org/observations/657015,https://static.inaturalist.org/photos/828615/medium.jpg,NA,NA,NA,1,0,FALSE,3,"FM 210, Holliday, TX, US",33.46135,-98.9194116667,NA,NA,NA,NA,NA,NA,open,FALSE,NA,NA,Eastern Collared Lizard,Crotaphytus collaris,Eastern Collared Lizard,Reptilia,33135
712241,f077eeb6-7e6e-4f2a-9c4c-bf092ed59ca2,2014-04-13 08:53:06,2014-04-13,2014-04-13 22:53:06 +0900,Central Time (US & Canada),39170,allopatry,Alex Hall,2014-06-02 16:27:25 +0900,2017-09-26 05:55:09 +0900,research,CC-BY-NC,http://www.inaturalist.org/observations/712241,https://inaturalist-open-data.s3.amazonaws.com/photos/894858/medium.JPG,NA,NA,"Male.
Captured near Barnhart, TX. May be duplicate photos on iNaturalist.",2,0,FALSE,NA,"Texas, US",31.024501747,-101.1111573202,5000,NA,31.015565,-101.01737,29278,obscured,open,TRUE,NA,NA,Eastern Collared Lizard,Crotaphytus collaris,Eastern Collared Lizard,Reptilia,33135
712258,7d5860ba-dc2d-44f6-9afe-250c7a4ffe0d,2014-04-13 13:17:30,2014-04-13,2014-04-14 03:17:30 +0900,Central Time (US & Canada),39170,allopatry,Alex Hall,2014-06-02 16:50:46 +0900,2017-09-26 05:55:12 +0900,research,CC-BY-NC,http://www.inaturalist.org/observations/712258,https://inaturalist-open-data.s3.amazonaws.com/photos/894878/medium.JPG,NA,Female,"This is why collared lizards are the best.
Female.
Captured near Barnhart, TX. May be duplicate photos on iNaturalist.",3,0,FALSE,NA,"Texas, US",31.1701012069,-101.1069967007,5000,NA,31.015565,-101.01737,29278,obscured,open,TRUE,NA,NA,Eastern Collared Lizard,Crotaphytus collaris,Eastern Collared Lizard,Reptilia,33135
752318,94a35337-d654-4958-831e-1a4825fdf98c,2014-06-23 3:54:53 PM CDT,2014-06-23,2014-06-24 05:54:53 +0900,Central Time (US & Canada),42557,jmceache,NA,2014-06-24 21:26:27 +0900,2017-09-26 06:05:41 +0900,research,CC-BY-NC,http://www.inaturalist.org/observations/752318,https://inaturalist-open-data.s3.amazonaws.com/photos/945611/medium.jpg,NA,NA,NA,2,0,FALSE,2,"Texas, US",31.3353017844,-101.2596254845,4,NA,31.3794542,-101.29477535,29252,obscured,open,TRUE,gps,gps,Collared lizard,Crotaphytus collaris,Eastern Collared Lizard,Reptilia,33135
752320,32e3ef43-3a1e-4d46-8192-9c12887f7c2e,2014-06-23 4:09:34 PM CDT,2014-06-23,2014-06-24 06:09:34 +0900,Central Time (US & Canada),42557,jmceache,NA,2014-06-24 21:26:31 +0900,2017-09-26 06:05:41 +0900,research,CC-BY-NC,http://www.inaturalist.org/observations/752320,https://inaturalist-open-data.s3.amazonaws.com/photos/945613/medium.jpg,NA,NA,2 sunning on same rock,2,0,FALSE,2,"Texas, US",31.4888575876,-101.3811540194,10,NA,31.40086234,-101.26403298,29226,obscured,open,TRUE,gps,gps,Eastern Collared Lizard,Crotaphytus collaris,Eastern Collared Lizard,Reptilia,33135
752812,9b8fc15d-993c-451c-8b9c-1a8e8f81bb56,2014-06-24 4:49:40 PM CDT,2014-06-24,2014-06-25 06:49:40 +0900,Central Time (US & Canada),15176,dbroman,NA,2014-06-25 06:51:10 +0900,2019-11-05 13:55:05 +0900,research,CC-BY-NC,http://www.inaturalist.org/observations/752812,https://inaturalist-open-data.s3.amazonaws.com/photos/946211/medium.jpg,NA,NA,NA,3,0,FALSE,2,"Brown County, US-TX, US",31.859073,-99.017052,11,NA,NA,NA,11,NA,open,FALSE,gps,gps,Eastern Collared Lizard,Crotaphytus collaris,Eastern Collared Lizard,Reptilia,33135
763080,2e24fc6b-4810-4f65-9de2-7ec40a0d57c1,07/01/2014 at 10:57AM,2014-07-01,2014-07-02 00:57:00 +0900,Central Time (US & Canada),9262,lauriehall581,Laurie Hall,2014-07-02 07:27:36 +0900,2017-09-26 06:10:09 +0900,research,CC-BY-NC,http://www.inaturalist.org/observations/763080,https://inaturalist-open-data.s3.amazonaws.com/photos/960051/medium.jpg,NA,NA,"Female, on the side of a steep wash.",1,0,FALSE,NA,Wilbarger county Texas,33.896362,-99.454486,2,NA,NA,NA,2,NA,open,FALSE,NA,NA,Eastern collared lizard,Crotaphytus collaris,Eastern Collared Lizard,Reptilia,33135
775105,71ebb9aa-264d-4382-ab1d-01c81be1606b,2014-07-08 11:37:14,2014-07-08,2014-07-09 01:37:14 +0900,Central Time (US & Canada),9262,lauriehall581,Laurie Hall,2014-07-09 07:07:07 +0900,2017-09-26 06:13:41 +0900,research,CC-BY-NC,http://www.inaturalist.org/observations/775105,https://inaturalist-open-data.s3.amazonaws.com/photos/973601/medium.jpg,NA,NA,Large green male and smaller female with breeding coloration.  Or possibly a juvenile male.  They were hanging out together on top of a large rock.,2,0,FALSE,NA,Wilbarger County Texas,33.896252,-99.454588,2,NA,NA,NA,2,NA,open,FALSE,NA,NA,Eastern Collared lizard,Crotaphytus collaris,Eastern Collared Lizard,Reptilia,33135
793545,2ff5ce55-0eda-4a99-9c85-c7c67fe23228,2014-07-21 10:21:18,2014-07-21,2014-07-22 00:21:18 +0900,Central Time (US & Canada),25184,hlarrya,H. Larry Austin,2014-07-21 03:24:25 +0900,2017-09-26 06:18:26 +0900,research,CC-BY-NC,http://www.inaturalist.org/observations/793545,https://inaturalist-open-data.s3.amazonaws.com/photos/1001422/medium.JPG,NA,NA,NA,2,0,FALSE,NA,"Randall, Texas, United States",34.960186,-101.71334,13,NA,NA,NA,13,NA,open,FALSE,NA,NA,Eastern Collared Lizard,Crotaphytus collaris,Eastern Collared Lizard,Reptilia,33135
794278,d512f720-4a6c-4183-ba1d-99d624fce626,2014-07-19 20:03:08,2014-07-19,2014-07-20 10:03:08 +0900,Central Time (US & Canada),9262,lauriehall581,Laurie Hall,2014-07-21 10:51:53 +0900,2017-09-26 06:18:40 +0900,research,CC-BY-NC,http://www.inaturalist.org/observations/794278,https://inaturalist-open-data.s3.amazonaws.com/photos/999345/medium.jpg,NA,NA,"Female, possibly gravid, her burrow is under the rock.  May be the same lizard I've seen and recorded previously this year.",2,0,FALSE,NA,"Texas, US",33.8137784595,-99.593491276,52720,"Wilbarger county, Texas",33.896252,-99.454569,52720,obscured,open,TRUE,NA,NA,Collared Lizard,Crotaphytus collaris,Eastern Collared Lizard,Reptilia,33135
871485,16b85bc7-a87a-45ac-b8ee-8ddd3827e709,2014-09-03,2014-09-03,NA,Central Time (US & Canada),9531,kucycads,Kenneth Bader,2014-09-12 11:29:44 +0900,2021-06-01 02:40:34 +0900,research,CC-BY-NC,http://www.inaturalist.org/observations/871485,https://inaturalist-open-data.s3.amazonaws.com/photos/1106605/medium.JPG,NA,NA,NA,5,0,FALSE,NA,"Franklin Mountain State Park, TX",31.84417,-106.491165,225,NA,NA,NA,225,NA,open,FALSE,NA,NA,Eastern Collared Lizard,Crotaphytus collaris,Eastern Collared Lizard,Reptilia,33135
888582,7af3dd84-9e48-4204-a1f7-c902393dc156,Sun Sep 21 2014 17:32:18 GMT-0500 (CDT),2014-09-21,2014-09-22 07:32:18 +0900,Central Time (US & Canada),9262,lauriehall581,Laurie Hall,2014-09-22 07:45:02 +0900,2017-09-26 06:46:48 +0900,research,CC-BY-NC,http://www.inaturalist.org/observations/888582,https://inaturalist-open-data.s3.amazonaws.com/photos/1128677/medium.jpg,NA,NA,"Young one, with an incomplete shed in his neck area.",3,0,FALSE,3,"76380, Seymour, Texas, US",33.8046666667,-99.3828333333,NA,NA,NA,NA,NA,NA,open,FALSE,NA,NA,Eastern Collared Lizard,Crotaphytus collaris,Eastern Collared Lizard,Reptilia,33135
892809,add92548-b700-4466-b955-ec65f12cba7d,2014-09-24,2014-09-24,NA,Mountain Time (US & Canada),53848,jennylynn1989,Jennifer Jackson,2014-09-25 01:05:16 +0900,2018-10-26 13:28:41 +0900,research,CC-BY-NC,http://www.inaturalist.org/observations/892809,https://inaturalist-open-data.s3.amazonaws.com/photos/1134644/medium.JPG,NA,"Collared Lizard, Chihuahua Desert",Viewed at 19:52 for approximately 5 minutes. No movement even when placing and removing quarter.,4,1,FALSE,NA,Transmountain,31.877624,-106.492886,13,NA,NA,NA,13,NA,open,FALSE,NA,NA,Eastern Collared Lizard,Crotaphytus collaris,Eastern Collared Lizard,Reptilia,33135
1023433,c95f2714-4c2d-4c43-a369-400a745ffebc,Fri Oct 17 2014 12:10:38 GMT-0600 (MDT),2014-10-17,2014-10-18 03:10:38 +0900,Mountain Time (US & Canada),53717,oecordero,NA,2014-10-18 06:05:35 +0900,2018-04-17 13:49:59 +0900,research,CC-BY-NC,http://www.inaturalist.org/observations/1023433,https://inaturalist-open-data.s3.amazonaws.com/photos/1282902/medium.jpg,NA,NA,Was laying on the side of the road on the payment,3,1,FALSE,3,"Franklin MTNS State Park, El Paso, Texas, US",31.832452,-106.475998,152,NA,NA,NA,152,NA,open,FALSE,NA,NA,Eastern Collared Lizard,Crotaphytus collaris,Eastern Collared Lizard,Reptilia,33135
1047373,8fbff429-95ad-42aa-b85a-ea65d86ae3c8,2014-08-30,2014-08-30,NA,Central Time (US & Canada),18780,hydaticus,Robby Deans,2014-10-31 12:24:57 +0900,2025-01-02 07:34:16 +0900,research,CC-BY-NC,http://www.inaturalist.org/observations/1047373,https://inaturalist-open-data.s3.amazonaws.com/photos/1314443/medium.JPG,NA,NA,NA,4,0,FALSE,NA,Caprock Canyon state park and trailway,34.430195,-101.053682,2175,NA,NA,NA,2175,NA,open,FALSE,NA,NA,Eastern Collared Lizard,Crotaphytus collaris,Eastern Collared Lizard,Reptilia,33135
1115950,98ddf8d2-5b4c-4e4f-8358-13a18803f111,2014-05-03,2014-05-03,NA,Hawaii,35496,jaredholmes,Jared Holmes,2014-12-07 03:45:08 +0900,2018-10-26 13:28:43 +0900,research,CC-BY-NC,http://www.inaturalist.org/observations/1115950,https://static.inaturalist.org/photos/1402233/medium.jpg,NA,NA,NA,2,0,FALSE,NA,"1035 blue ridge drive, johnson city, texas",30.21035,-98.443183,198,NA,NA,NA,198,NA,open,FALSE,NA,NA,Eastern Collared Lizard,Crotaphytus collaris,Eastern Collared Lizard,Reptilia,33135
1201175,77625b44-47a8-451c-9fd0-4515559e491d,2007-04-29,2007-04-29,NA,Central Time (US & Canada),14327,johnwilliams,NA,2015-01-30 06:33:39 +0900,2018-10-26 13:28:35 +0900,research,CC-BY-NC,http://www.inaturalist.org/observations/1201175,https://inaturalist-open-data.s3.amazonaws.com/photos/1517393/medium.jpg,NA,NA,NA,3,0,FALSE,NA,"Burnet County, US-TX, US",30.788904,-98.3508,57,NA,NA,NA,57,NA,open,FALSE,NA,NA,Eastern Collared Lizard,Crotaphytus collaris,Eastern Collared Lizard,Reptilia,33135
1235008,e533391d-6039-4dde-8e9a-bd2064f0b5b1,2015-02-11,2015-02-11,NA,Pacific Time (US & Canada),20292,nicetim,Tim Giller,2015-02-15 10:09:18 +0900,2023-08-25 20:42:51 +0900,research,CC-BY-NC,http://www.inaturalist.org/observations/1235008,https://inaturalist-open-data.s3.amazonaws.com/photos/1554244/medium.jpg,NA,NA,NA,5,0,FALSE,NA,"Big Bend National Park, TX",29.165943,-103.433779,13,NA,NA,NA,13,NA,open,FALSE,NA,NA,Eastern Collared Lizard,Crotaphytus collaris,Eastern Collared Lizard,Reptilia,33135
1285614,bea27cc3-7465-4eb3-b2bc-0846c4a6feb6,Tue Nov 18 2014 14:24:18 GMT-0600 (CST),2014-11-18,2014-11-19 05:24:18 +0900,Central Time (US & Canada),78749,skiefer,NA,2015-03-11 07:35:03 +0900,2018-10-26 13:28:36 +0900,research,NA,http://www.inaturalist.org/observations/1285614,https://static.inaturalist.org/photos/2552870/medium.jpg,NA,NA,NA,2,0,FALSE,3,"Texas, US",30.070764326,-98.348816459,NA,NA,NA,NA,29407,obscured,open,TRUE,NA,NA,Eastern Collared Lizard,Crotaphytus collaris,Eastern Collared Lizard,Reptilia,33135
1346050,38fe6a36-461b-41a4-a73e-d7ffd0e6f4e1,2015-03-28 5:44:36 PM CDT,2015-03-28,2015-03-29 07:44:36 +0900,Central Time (US & Canada),35496,jaredholmes,Jared Holmes,2015-03-29 07:49:45 +0900,2018-10-26 13:28:37 +0900,research,CC-BY-NC,http://www.inaturalist.org/observations/1346050,https://static.inaturalist.org/photos/1665206/medium.jpg,NA,NA,NA,3,0,FALSE,2,"Blanco County, US-TX, US",30.204044342,-98.3567810059,NA,NA,NA,NA,NA,NA,open,FALSE,gps,gps,Eastern Collared Lizard,Crotaphytus collaris,Eastern Collared Lizard,Reptilia,33135
1359601,772e7eb8-a234-4250-ab1b-c1cd61d0d2ba,2015-04-02 3:27:27 PM CDT,2015-04-02,2015-04-03 05:27:27 +0900,Central Time (US & Canada),35496,jaredholmes,Jared Holmes,2015-04-03 05:27:07 +0900,2018-10-26 13:28:37 +0900,research,CC-BY-NC,http://www.inaturalist.org/observations/1359601,https://static.inaturalist.org/photos/1681180/medium.jpg,NA,NA,NA,3,0,FALSE,2,"Blanco County, US-TX, US",30.18816185,-98.4513702393,NA,NA,NA,NA,NA,NA,open,FALSE,gps,gps,Eastern Collared Lizard,Crotaphytus collaris,Eastern Collared Lizard,Reptilia,33135
1373034,13bd5470-02a4-4369-bf55-e94f1900a443,2015-04-06,2015-04-06,NA,Central Time (US & Canada),35496,jaredholmes,Jared Holmes,2015-04-07 10:32:12 +0900,2018-10-26 13:28:34 +0900,research,CC-BY-NC,http://www.inaturalist.org/observations/1373034,https://static.inaturalist.org/photos/1697795/medium.jpg,NA,NA,NA,4,0,FALSE,NA,"Blanco County, US-TX, US",30.207409,-98.459101,NA,NA,NA,NA,NA,NA,open,FALSE,NA,NA,Eastern Collared Lizard,Crotaphytus collaris,Eastern Collared Lizard,Reptilia,33135
1409867,cad319d4-37ce-41e2-9621-847d3d0ed732,Sat Aug 02 2014 11:41:41 GMT-0500 (CDT),2014-08-02,2014-08-03 01:41:41 +0900,Central Time (US & Canada),16695,travisdimler,Travis Dimler,2015-04-21 07:44:59 +0900,2025-01-02 07:33:51 +0900,research,CC-BY-NC,http://www.inaturalist.org/observations/1409867,https://inaturalist-open-data.s3.amazonaws.com/photos/1744382/medium.jpg,NA,NA,NA,3,0,FALSE,3,"79738, Gail, Texas, US",32.765719,-101.500437,5,NA,NA,NA,5,NA,open,FALSE,NA,NA,Eastern Collared Lizard,Crotaphytus collaris,Eastern Collared Lizard,Reptilia,33135
1413976,5899febf-5d23-4ede-bce4-03351d66211b,2015-04-11,2015-04-11,NA,Mountain Time (US & Canada),75756,tabatha_schacht,Tabatha,2015-04-22 15:36:58 +0900,2023-09-07 12:08:38 +0900,research,CC-BY-NC,http://www.inaturalist.org/observations/1413976,https://inaturalist-open-data.s3.amazonaws.com/photos/1749473/medium.jpg,NA,NA,"Texas Greater Earless Lizard
Date: March 11, 2015
Time: 3:22 pm
Temperature: 80 F
Environment: Found near the Research Station trap
",5,1,FALSE,NA,Van Horn Texas,31.039856,-104.83077,5233,NA,NA,NA,5233,NA,open,FALSE,NA,NA,Eastern Collared Lizard,Crotaphytus collaris,Eastern Collared Lizard,Reptilia,33135
1427853,10760bbc-0135-42c4-bacf-21fd8563583d,2015-03-11,2015-03-11,NA,Mountain Time (US & Canada),76866,jcordova4,NA,2015-04-27 08:57:52 +0900,2023-09-08 13:43:59 +0900,research,CC-BY-NC,http://www.inaturalist.org/observations/1427853,https://inaturalist-open-data.s3.amazonaws.com/photos/1767081/medium.jpg,NA,NA,"Texas Greater Earless Lizard
Date: March 11, 2015
Time: 3:22 pm
Temperature: 80 F
Environment: Found near the Research Station trap
",5,0,FALSE,NA,van horn texas,31.081117,-104.875207,910,NA,NA,NA,910,NA,open,FALSE,NA,NA,Eastern Collared Lizard,Crotaphytus collaris,Eastern Collared Lizard,Reptilia,33135
1437578,a2795513-50b2-4af3-b63e-a8fcdc51601b,Wed Apr 29 2015 11:39:25 GMT-0600 (MDT),2015-04-29,2015-04-30 02:39:25 +0900,Mountain Time (US & Canada),76836,lreveler,NA,2015-04-30 04:40:13 +0900,2024-12-27 14:45:41 +0900,research,CC-BY-NC,http://www.inaturalist.org/observations/1437578,https://inaturalist-open-data.s3.amazonaws.com/photos/1778923/medium.jpg,NA,NA,"Collared lizard
Rocky environment
Green
Five inches long",2,0,FALSE,3,"Franklin MTNS State Park, El Paso, TX, US",31.875675,-106.494833,5,NA,NA,NA,5,NA,open,FALSE,NA,NA,Eastern Collared Lizard,Crotaphytus collaris,Eastern Collared Lizard,Reptilia,33135
1438636,7fc1e51e-87bf-4723-990a-551eea9d978e,Wed Apr 29 2015 11:39:25 GMT-0600 (MDT),2015-04-29,2015-04-30 02:39:25 +0900,Mountain Time (US & Canada),76840,salliewacker00,Sergio Rodriguez,2015-04-30 10:35:58 +0900,2018-10-26 13:28:27 +0900,research,NA,http://www.inaturalist.org/observations/1438636,https://static.inaturalist.org/photos/1780447/medium.jpg,NA,NA,"5 inches long
Light green coloration
Black spots on its back",4,1,FALSE,3,"Franklin MTNS State Park, El Paso, TX, US",31.875339,-106.49477,5,NA,NA,NA,5,NA,open,FALSE,NA,NA,Eastern Collared Lizard,Crotaphytus collaris,Eastern Collared Lizard,Reptilia,33135
1449058,30877f0a-da78-4d5e-80c5-75c8b15803dc,2015-04-17 20:09:25,2015-04-17,2015-04-18 10:09:25 +0900,Central Time (US & Canada),18994,johnkarges,John Karges,2015-05-03 15:29:29 +0900,2018-10-26 13:28:28 +0900,research,CC-BY-NC,http://www.inaturalist.org/observations/1449058,https://inaturalist-open-data.s3.amazonaws.com/photos/1795531/medium.jpg,NA,"Eastern Collared Lizard, Crotaphytus collaris, Dolan Falls Preserve, Val Verde County, Texas","Female beneath rock on plateau top grassland/shrubland
N29.85762 W-100.98293",3,0,FALSE,NA,"Dolan Falls Preserve, Val Verde County, Texas, United States",29.85762,-100.98293,5,NA,NA,NA,5,NA,open,FALSE,NA,NA,Eastern Collared Lizard,Crotaphytus collaris,Eastern Collared Lizard,Reptilia,33135
1492141,5ec432f8-01b9-48d6-9077-1c68c913caac,2015-05-07,2015-05-07,NA,Central Time (US & Canada),14327,johnwilliams,NA,2015-05-16 05:53:48 +0900,2023-01-03 06:23:11 +0900,research,CC-BY-NC,http://www.inaturalist.org/observations/1492141,https://inaturalist-open-data.s3.amazonaws.com/photos/1848949/medium.jpg,NA,NA,NA,4,0,FALSE,NA,"Burnet County, US-TX, US",30.734174,-98.369118,7,NA,NA,NA,7,NA,open,FALSE,NA,NA,Eastern Collared Lizard,Crotaphytus collaris,Eastern Collared Lizard,Reptilia,33135
1561842,d991772a-70d7-415f-811f-0aa453242b02,2015-05-23,2015-05-23,NA,Central Time (US & Canada),18780,hydaticus,Robby Deans,2015-05-30 05:02:54 +0900,2025-01-02 07:34:07 +0900,research,CC-BY-NC,http://www.inaturalist.org/observations/1561842,https://inaturalist-open-data.s3.amazonaws.com/photos/1933685/medium.jpg,NA,NA,NA,4,0,FALSE,NA,"big bend ranch state park, tx",29.304603,-103.843288,926,NA,NA,NA,926,NA,open,FALSE,NA,NA,Eastern Collared Lizard,Crotaphytus collaris,Eastern Collared Lizard,Reptilia,33135
1586595,e4313d79-7a1d-41ff-be9e-20856267bf9d,Wed Jun 03 2015 10:54:12 GMT-0500 (CDT),2015-06-03,2015-06-04 00:54:12 +0900,Central Time (US & Canada),10766,connor22,Connor Adams,2015-06-04 15:17:15 +0900,2023-08-25 20:45:23 +0900,research,NA,http://www.inaturalist.org/observations/1586595,https://static.inaturalist.org/photos/1957203/medium.jpg,NA,NA,NA,4,0,FALSE,3,"Big Bend National Park, Brewster County, US-TX, US",29.5025583333,-103.0522,NA,NA,NA,NA,NA,NA,open,FALSE,NA,NA,Eastern Collared Lizard,Crotaphytus collaris,Eastern Collared Lizard,Reptilia,33135
1604676,98eef212-f269-40e2-8fac-62cbe4c99f22,2008-07-13,2008-07-13,NA,Central Time (US & Canada),62176,aaronramon,Aaron Reed,2015-06-08 08:25:42 +0900,2025-01-02 07:33:49 +0900,research,CC-BY-NC,http://www.inaturalist.org/observations/1604676,https://inaturalist-open-data.s3.amazonaws.com/photos/1973106/medium.jpg,NA,NA,Observed mid-day beneath plants in rocky area.,3,0,FALSE,NA,"Big Bend National Park, TX, USA",29.523482,-103.123001,NA,NA,NA,NA,NA,NA,open,FALSE,NA,NA,Eastern Collared Lizard,Crotaphytus collaris,Eastern Collared Lizard,Reptilia,33135
1609706,0d0e2870-3778-493a-845d-915ee066edb1,2015-05-08 11:26:13,2015-05-08,2015-05-09 01:26:13 +0900,Central Time (US & Canada),39170,allopatry,Alex Hall,2015-06-09 13:56:54 +0900,2023-08-25 20:45:18 +0900,research,CC-BY-NC,http://www.inaturalist.org/observations/1609706,https://inaturalist-open-data.s3.amazonaws.com/photos/1979174/medium.jpg,NA,NA,Hot Springs Road.,2,0,FALSE,NA,"Big Bend, Brewster, Texas, United States",29.1821975556,-103.0008468611,NA,NA,NA,NA,NA,NA,open,FALSE,NA,NA,Eastern Collared Lizard,Crotaphytus collaris,Eastern Collared Lizard,Reptilia,33135
1609719,c9081f5d-6af9-4884-9c66-8cd3436331de,2015-05-08 12:07:39,2015-05-08,2015-05-09 02:07:39 +0900,Central Time (US & Canada),39170,allopatry,Alex Hall,2015-06-09 13:59:21 +0900,2023-08-25 20:45:10 +0900,research,CC-BY-NC,http://www.inaturalist.org/observations/1609719,https://inaturalist-open-data.s3.amazonaws.com/photos/1979181/medium.jpg,NA,NA,D.O.R.,3,0,FALSE,NA,"Big Bend, Brewster, Texas, United States",29.1999511667,-102.9932479722,NA,NA,NA,NA,NA,NA,open,FALSE,NA,NA,Eastern Collared Lizard,Crotaphytus collaris,Eastern Collared Lizard,Reptilia,33135
1609811,d5f58ec9-7bd4-4e93-a798-b62547527907,2015-05-11 16:21:20,2015-05-11,2015-05-12 06:21:20 +0900,Central Time (US & Canada),39170,allopatry,Alex Hall,2015-06-09 14:13:57 +0900,2023-08-25 20:45:00 +0900,research,CC-BY-NC,http://www.inaturalist.org/observations/1609811,https://inaturalist-open-data.s3.amazonaws.com/photos/1979235/medium.jpg,NA,NA,"D.O.R.
Big Bend NP. Can't remember the exact locality.",3,0,FALSE,NA,"Big Bend, Brewster, Texas, United States",29.4912566944,-103.1288070556,NA,NA,NA,NA,NA,NA,open,FALSE,NA,NA,Eastern Collared Lizard,Crotaphytus collaris,Eastern Collared Lizard,Reptilia,33135
1609936,0f79aaa3-ac65-49e4-8d5c-5c703dc31091,Mon Jun 08 2015 12:19:11 GMT-0500 (CDT),2015-06-08,2015-06-09 02:19:11 +0900,Central Time (US & Canada),10766,connor22,Connor Adams,2015-06-09 15:06:44 +0900,2018-10-26 13:28:25 +0900,research,NA,http://www.inaturalist.org/observations/1609936,https://static.inaturalist.org/photos/1979388/medium.jpg,NA,NA,NA,4,0,FALSE,3,"Midland County, US-TX, US",31.78062,-102.251275,NA,NA,NA,NA,NA,NA,open,FALSE,NA,NA,Eastern Collared Lizard,Crotaphytus collaris,Eastern Collared Lizard,Reptilia,33135
1612923,a9592159-30e5-45c6-898f-175fa3656605,2015-06-05 13:00:41,2015-06-05,2015-06-06 03:00:41 +0900,Central Time (US & Canada),39170,allopatry,Alex Hall,2015-06-10 09:34:06 +0900,2017-09-26 10:44:26 +0900,research,CC-BY-NC,http://www.inaturalist.org/observations/1612923,https://inaturalist-open-data.s3.amazonaws.com/photos/1982207/medium.jpg,NA,NA,Caprock Canyons SP.,1,0,FALSE,NA,"Briscoe, Texas, United States",34.4408416667,-101.06534575,NA,NA,NA,NA,NA,NA,open,FALSE,NA,NA,Eastern Collared Lizard,Crotaphytus collaris,Eastern Collared Lizard,Reptilia,33135
1612942,193ca6f1-afd8-42d9-8f41-0322eeb07faa,2015-06-06 10:36:35,2015-06-06,2015-06-07 00:36:35 +0900,Central Time (US & Canada),39170,allopatry,Alex Hall,2015-06-10 09:36:02 +0900,2017-09-26 10:44:26 +0900,research,CC-BY-NC,http://www.inaturalist.org/observations/1612942,https://inaturalist-open-data.s3.amazonaws.com/photos/1982221/medium.jpg,NA,NA,"Not a good ID photo, but you can see its head peeking up from the canyon wall in the center of the frame. Definitely a collared lizard.
North Prong Trail, Caprock Canyons SP.",1,0,FALSE,NA,"Briscoe, Texas, United States",34.4530143611,-101.08242033330001,NA,NA,NA,NA,NA,NA,open,FALSE,NA,NA,Eastern Collared Lizard,Crotaphytus collaris,Eastern Collared Lizard,Reptilia,33135
1612968,b0e7d020-d8bb-4bb9-8b05-ae6047b6dd55,2015-06-06 13:57:10,2015-06-06,2015-06-07 03:57:10 +0900,Central Time (US & Canada),39170,allopatry,Alex Hall,2015-06-10 09:48:49 +0900,2020-10-20 05:43:12 +0900,research,CC-BY-NC,http://www.inaturalist.org/observations/1612968,https://inaturalist-open-data.s3.amazonaws.com/photos/1982268/medium.jpg,NA,NA,D.O.R.,2,0,FALSE,NA,"Hall, Texas, United States",34.4740371667,-100.7840728611,NA,NA,NA,NA,NA,NA,open,FALSE,NA,NA,Eastern Collared Lizard,Crotaphytus collaris,Eastern Collared Lizard,Reptilia,33135
1612973,600838c2-9d47-4aad-9d6f-bcfb03164157,2015-06-06 14:20:21,2015-06-06,2015-06-07 04:20:21 +0900,Central Time (US & Canada),39170,allopatry,Alex Hall,2015-06-10 09:51:31 +0900,2020-10-20 05:42:37 +0900,research,CC-BY-NC,http://www.inaturalist.org/observations/1612973,https://inaturalist-open-data.s3.amazonaws.com/photos/1982274/medium.jpg,NA,NA,"D.O.R.
Didn't photograph it in situ, like usual. Coordinates should be approximately where I found it.",2,0,FALSE,NA,"Hall, Texas, United States",34.4987907222,-100.6736068611,NA,NA,NA,NA,NA,NA,open,FALSE,NA,NA,Eastern Collared Lizard,Crotaphytus collaris,Eastern Collared Lizard,Reptilia,33135
1633583,0623f5f7-826c-49c4-ab8d-37eeb73fefe7,2015-06-11 21:43:14,2015-06-11,2015-06-12 11:43:14 +0900,Central Time (US & Canada),12738,raindrops,Emily Powell,2015-06-15 11:42:02 +0900,2018-10-26 13:28:21 +0900,research,CC-BY-NC,http://www.inaturalist.org/observations/1633583,https://inaturalist-open-data.s3.amazonaws.com/photos/2003726/medium.JPG,NA,NA,Adult probably gravid female found sleeping in the middle of a dirt road.,2,0,FALSE,NA,"Terrell, Texas, United States",30.0279766667,-102.3580116667,NA,NA,NA,NA,NA,NA,open,FALSE,NA,NA,Eastern Collared Lizard,Crotaphytus collaris,Eastern Collared Lizard,Reptilia,33135
1639776,a096fbcb-1129-4f58-b373-33685e97eeca,Fri Jun 12 2015 10:34:26 GMT-0500 (CDT),2015-06-12,2015-06-13 00:34:26 +0900,Central Time (US & Canada),18365,timcole,NA,2015-06-17 06:23:43 +0900,2018-10-26 13:29:34 +0900,research,CC-BY-NC,http://www.inaturalist.org/observations/1639776,https://inaturalist-open-data.s3.amazonaws.com/photos/2011227/medium.jpg,NA,NA,Female,2,0,FALSE,3,"78851, Dryden, TX, US",30.0962111667,-102.4523866667,NA,NA,NA,NA,NA,NA,open,FALSE,NA,NA,Eastern Collared Lizard,Crotaphytus collaris,Eastern Collared Lizard,Reptilia,33135
1645399,a133aac4-da04-4273-bc53-ef5b6d16d1d1,Thu Jun 18 2015 10:26:33 GMT-0500 (CDT),2015-06-18,2015-06-19 00:26:33 +0900,Central Time (US & Canada),66466,dracorjc,Ryan Collister,2015-06-19 05:22:26 +0900,2025-01-02 07:33:56 +0900,research,CC-BY-NC,http://www.inaturalist.org/observations/1645399,https://inaturalist-open-data.s3.amazonaws.com/photos/2018715/medium.jpg,NA,NA,Freshly hit :(,3,0,FALSE,3,"FM 2872, Miles, TX, US",31.6553,-100.1009666667,NA,NA,NA,NA,NA,NA,open,FALSE,NA,NA,Eastern Collared Lizard,Crotaphytus collaris,Eastern Collared Lizard,Reptilia,33135
1657177,d8781dff-d333-4627-800e-ecfe971f6569,Sun Jun 21 2015 09:31:28 GMT-0600 (MDT),2015-06-21,2015-06-22 00:31:28 +0900,Mountain Time (US & Canada),111225,foreverorange,NA,2015-06-22 00:39:20 +0900,2018-10-26 13:29:35 +0900,research,CC-BY-NC,http://www.inaturalist.org/observations/1657177,https://inaturalist-open-data.s3.amazonaws.com/photos/2029030/medium.jpg,NA,NA,NA,3,0,FALSE,3,"El Paso County, US-TX, US",31.836675,-106.012978,4381,NA,NA,NA,4381,NA,open,FALSE,NA,NA,Eastern Collared Lizard,Crotaphytus collaris,Eastern Collared Lizard,Reptilia,33135
1673335,ea77e6df-9514-45cb-9a1b-072861f7aa67,Mon Jun 22 2015 20:32:15 GMT-0500 (CDT),2015-06-22,2015-06-23 10:32:15 +0900,Central Time (US & Canada),9065,andygluesenkamp,andy gluesenkamp,2015-06-23 11:47:39 +0900,2023-08-25 20:46:52 +0900,research,CC-BY-NC,http://www.inaturalist.org/observations/1673335,https://inaturalist-open-data.s3.amazonaws.com/photos/2036582/medium.jpg,NA,NA,AOR,4,0,FALSE,3,"Presidio County, US-TX, US",29.9604966667,-104.0316778333,NA,NA,NA,NA,NA,NA,open,FALSE,NA,NA,Eastern Collared Lizard,Crotaphytus collaris,Eastern Collared Lizard,Reptilia,33135
1716423,89452c88-bc87-4c2e-a8a1-c1e08ae22cbf,2009-07-03,2009-07-03,NA,Central Time (US & Canada),50078,cindylcobb5,Cindy Larson Cobb,2015-07-03 03:50:27 +0900,2018-10-26 13:29:36 +0900,research,NA,http://www.inaturalist.org/observations/1716423,https://static.inaturalist.org/photos/2078916/medium.jpg,NA,NA,NA,2,0,FALSE,NA,Palo Duro Canyon State Park,34.932219,-101.655211,7154,NA,NA,NA,7154,NA,open,FALSE,NA,NA,Eastern Collared Lizard,Crotaphytus collaris,Eastern Collared Lizard,Reptilia,33135
1755114,b942480b-8ab0-4f64-b274-69d8feb363a4,Mon Jul 06 2015 14:07:53 GMT-0500 (CDT),2015-07-06,2015-07-07 04:07:53 +0900,Central Time (US & Canada),16695,travisdimler,Travis Dimler,2015-07-15 01:02:19 +0900,2025-01-02 07:33:39 +0900,research,CC-BY-NC,http://www.inaturalist.org/observations/1755114,https://inaturalist-open-data.s3.amazonaws.com/photos/2130912/medium.jpg,NA,NA,NA,3,0,FALSE,3,"79738, Gail, TX, US",32.713185,-101.235129,12543,NA,NA,NA,12543,NA,open,FALSE,NA,NA,Eastern Collared Lizard,Crotaphytus collaris,Eastern Collared Lizard,Reptilia,33135
1767777,8d2b9cf3-7081-4ea1-a890-b46fcc542baa,2015-06-04,2015-06-04,NA,Central Time (US & Canada),35496,jaredholmes,Jared Holmes,2015-07-16 10:49:22 +0900,2023-08-25 20:44:53 +0900,research,CC-BY-NC,http://www.inaturalist.org/observations/1767777,https://static.inaturalist.org/photos/2137760/medium.jpg,NA,NA,NA,4,0,FALSE,NA,"Big Bend National Park, Brewster County, US-TX, US",29.14309,-103.22514,NA,NA,NA,NA,NA,NA,open,FALSE,NA,NA,Eastern Collared Lizard,Crotaphytus collaris,Eastern Collared Lizard,Reptilia,33135
1839907,765be3cd-398f-486c-b3e3-419d60e1efe3,2015-08-06 19:44:46,2015-08-06,2015-08-07 09:44:46 +0900,Central Time (US & Canada),12738,raindrops,Emily Powell,2015-08-07 13:09:48 +0900,2018-10-26 13:29:31 +0900,research,CC-BY-NC,http://www.inaturalist.org/observations/1839907,https://inaturalist-open-data.s3.amazonaws.com/photos/2235447/medium.JPG,NA,NA,Huge gorgeous male collared lizard out at dusk at Enchanted Rock. I did not know they got this large.,3,0,FALSE,NA,"Llano, Texas, United States",30.5070233333,-98.8186083333,NA,NA,NA,NA,NA,NA,open,FALSE,NA,NA,Eastern Collared Lizard,Crotaphytus collaris,Eastern Collared Lizard,Reptilia,33135
1920232,c59b5a43-4c2a-4d2a-8461-66a6417545cc,2015-06-02,2015-06-02,NA,Central Time (US & Canada),77062,bonnie_long,NA,2015-09-06 05:39:43 +0900,2024-04-11 01:48:58 +0900,research,CC-BY-NC,http://www.inaturalist.org/observations/1920232,https://inaturalist-open-data.s3.amazonaws.com/photos/2346889/medium.jpg,NA,"lizard, reptile, iguana, texas",NA,3,0,FALSE,NA,Enchanted Rock,30.506579,-98.81893,1869,NA,NA,NA,1869,NA,open,FALSE,NA,NA,Eastern Collared Lizard,Crotaphytus collaris,Eastern Collared Lizard,Reptilia,33135
1949517,121577e5-4b43-4130-84ca-7c9f28e2f1dd,2014-04-30 1:43 p.m.,2014-04-30,2014-05-01 03:43:00 +0900,Central Time (US & Canada),24071,bob777,Bob O'Kennon,2015-09-16 05:55:38 +0900,2025-01-24 12:00:48 +0900,research,CC-BY-NC,http://www.inaturalist.org/observations/1949517,https://inaturalist-open-data.s3.amazonaws.com/photos/2388584/medium.JPG,NA,NA,NA,2,0,FALSE,NA,"Enchanted Rock SNA Llano County, Texas",30.506519,-98.818347,1,NA,NA,NA,1,NA,open,FALSE,NA,NA,Eastern Collared Lizard,Crotaphytus collaris,Eastern Collared Lizard,Reptilia,33135
2102145,557c5731-88ec-4afb-9faf-2bd9964cd5b3,2015-09-19 10:49:32 AM CDT,2015-09-19,2015-09-20 00:49:32 +0900,Central Time (US & Canada),99884,rclark77,NA,2015-10-13 08:19:55 +0900,2019-07-30 01:43:42 +0900,research,CC-BY-NC,http://www.inaturalist.org/observations/2102145,https://inaturalist-open-data.s3.amazonaws.com/photos/2517769/medium.jpg,NA,NA,NA,1,0,FALSE,2,"Llano County, US-TX, US",30.50576635,-98.81944521,8,NA,NA,NA,8,NA,open,FALSE,gps,gps,Eastern Collared Lizard,Crotaphytus collaris,Eastern Collared Lizard,Reptilia,33135
2338483,fb9ec907-44db-47cc-afdb-078848f18be8,2014-06-13 16:14:07,2014-06-13,2014-06-14 06:14:07 +0900,Central Time (US & Canada),89772,becca_nh,Rebecca Cowser,2015-11-01 23:41:33 +0900,2024-12-26 05:00:55 +0900,research,CC-BY-NC,http://www.inaturalist.org/observations/2338483,https://inaturalist-open-data.s3.amazonaws.com/photos/2595298/medium.JPG,NA,NA,NA,4,0,FALSE,NA,Palo Duro Canyon,34.932219,-101.655211,193,NA,NA,NA,193,NA,open,FALSE,NA,NA,Eastern Collared Lizard,Crotaphytus collaris,Eastern Collared Lizard,Reptilia,33135
2466138,ef616ae5-1a06-4a5e-8104-99d83890d34e,5/9/2002,2002-05-09,NA,Central Time (US & Canada),6690,sandboa,Chris Harrison,2015-12-10 14:50:03 +0900,2025-01-02 07:33:57 +0900,research,CC-BY,http://www.inaturalist.org/observations/2466138,https://inaturalist-open-data.s3.amazonaws.com/photos/2904717/medium.jpg,NA,class-bulkobservationfile-user_id-6690-filename-source_file_for_inat_imports_2000-2011-csv-project_id-411-2015-12-09 21:48:49 -0800.csv,NA,3,0,FALSE,NA,Sterling County,31.587603,-100.923888,NA,NA,NA,NA,NA,NA,open,FALSE,NA,NA,Eastern Collared Lizard,Crotaphytus collaris,Eastern Collared Lizard,Reptilia,33135
2466139,ec216d41-a219-40c7-a9c1-351a648d29b0,5/9/2002 10:00,2002-05-09,2002-05-10 00:00:00 +0900,Central Time (US & Canada),6690,sandboa,Chris Harrison,2015-12-10 14:50:03 +0900,2025-01-02 07:33:58 +0900,research,CC-BY,http://www.inaturalist.org/observations/2466139,https://inaturalist-open-data.s3.amazonaws.com/photos/2904718/medium.jpg,NA,class-bulkobservationfile-user_id-6690-filename-source_file_for_inat_imports_2000-2011-csv-project_id-411-2015-12-09 21:48:49 -0800.csv,NA,2,0,FALSE,NA,Crockett County,30.997532,-101.127009,NA,NA,NA,NA,NA,NA,open,FALSE,NA,NA,Eastern Collared Lizard,Crotaphytus collaris,Eastern Collared Lizard,Reptilia,33135
2466187,c136e0b6-ae32-4459-a44a-faa60604ac33,4/9/2004 10:00,2004-04-09,2004-04-10 00:00:00 +0900,Central Time (US & Canada),6690,sandboa,Chris Harrison,2015-12-10 14:50:20 +0900,2025-01-02 07:33:25 +0900,research,CC-BY,http://www.inaturalist.org/observations/2466187,https://inaturalist-open-data.s3.amazonaws.com/photos/2904640/medium.jpg,NA,class-bulkobservationfile-user_id-6690-filename-source_file_for_inat_imports_2000-2011-csv-project_id-411-2015-12-09 21:48:49 -0800.csv,NA,1,0,FALSE,NA,Crockett County,31.07058056,-100.9746556,NA,NA,NA,NA,NA,NA,open,FALSE,NA,NA,Crotaphytus collaris,Crotaphytus collaris,Eastern Collared Lizard,Reptilia,33135
2473885,4b3ee84a-d279-4fd2-b476-0ee5804ba422,8/3/2011 20:09,2011-08-03,2011-08-04 10:09:00 +0900,Central Time (US & Canada),6690,sandboa,Chris Harrison,2015-12-13 14:57:09 +0900,2025-01-02 07:33:32 +0900,research,CC-BY,http://www.inaturalist.org/observations/2473885,https://inaturalist-open-data.s3.amazonaws.com/photos/2956846/medium.jpg,NA,class-bulkobservationfile-user_id-6690-filename-source_file_for_inat_imports_2011-15-csv-project_id-2015-12-12 21:55:31 -0800.csv,NA,1,0,FALSE,NA,Culberson County,31.31226,-104.536896,NA,NA,NA,NA,NA,NA,open,FALSE,NA,NA,Eastern Collared Lizard,Crotaphytus collaris,Eastern Collared Lizard,Reptilia,33135
2474256,67c0cc5f-ff48-4929-b509-099134918279,4/7/2014 15:43,2014-04-07,2014-04-08 05:43:00 +0900,Central Time (US & Canada),6690,sandboa,Chris Harrison,2015-12-13 14:59:10 +0900,2025-01-02 07:33:27 +0900,research,CC-BY,http://www.inaturalist.org/observations/2474256,https://inaturalist-open-data.s3.amazonaws.com/photos/2845297/medium.jpg,NA,class-bulkobservationfile-user_id-6690-filename-source_file_for_inat_imports_2011-15-csv-project_id-2015-12-12 21:55:31 -0800.csv,http://www.naherp.com/vouchers/180732-234458.jpg,2,0,FALSE,NA,Crockett County,31.031234,-100.996606,NA,NA,NA,NA,NA,NA,open,FALSE,NA,NA,Eastern Collared Lizard,Crotaphytus collaris,Eastern Collared Lizard,Reptilia,33135
2558732,53bd294b-b2af-4980-8a42-1206def80deb,2015-07-13,2015-07-13,NA,Central Time (US & Canada),114885,thomas_belford,Thomas Belford,2016-01-06 06:50:16 +0900,2018-10-26 13:29:25 +0900,research,CC-BY-NC,http://www.inaturalist.org/observations/2558732,https://inaturalist-open-data.s3.amazonaws.com/photos/2849446/medium.JPG,NA,NA,Multiple specimens were observed basking on the rocks along a trail.,3,0,FALSE,NA,Brisco County,34.447087,-101.08234,238807,NA,NA,NA,238807,NA,open,FALSE,NA,NA,Eastern Collared Lizard,Crotaphytus collaris,Eastern Collared Lizard,Reptilia,33135
2617153,7cb7a726-1b07-4fc4-9dd3-c627fd533d7a,2012-07-11,2012-07-11,NA,Eastern Time (US & Canada),60350,jbaecher,Alex Baecher,2016-01-26 06:19:35 +0900,2018-10-26 13:29:23 +0900,research,CC-BY-NC,http://www.inaturalist.org/observations/2617153,https://inaturalist-open-data.s3.amazonaws.com/photos/2927771/medium.jpg,NA,NA,NA,3,0,FALSE,NA,Palo Duro Canyon State Park,34.932219,-101.655211,NA,NA,NA,NA,NA,NA,open,FALSE,NA,NA,Eastern Collared Lizard,Crotaphytus collaris,Eastern Collared Lizard,Reptilia,33135
2784607,03f61ff0-8fbc-4135-b059-d6e727159dbe,2016-03-14 12:19:15 PM CDT,2016-03-14,2016-03-15 02:19:15 +0900,Central Time (US & Canada),99884,rclark77,NA,2016-03-15 12:56:17 +0900,2018-10-26 13:29:20 +0900,research,CC-BY-NC,http://www.inaturalist.org/observations/2784607,https://inaturalist-open-data.s3.amazonaws.com/photos/3157819/medium.jpeg,NA,NA,NA,3,0,FALSE,2,"Blanco County, US-TX, US",30.17175691,-98.24723445,10,NA,NA,NA,10,NA,open,FALSE,NA,NA,Eastern Collared Lizard,Crotaphytus collaris,Eastern Collared Lizard,Reptilia,33135
2784610,48ba19fe-9fc9-49d4-bef7-e6db8030f5c6,2016-03-14 1:07:46 PM CDT,2016-03-14,2016-03-15 03:07:46 +0900,Central Time (US & Canada),99884,rclark77,NA,2016-03-15 12:56:20 +0900,2017-09-26 16:11:43 +0900,research,CC-BY-NC,http://www.inaturalist.org/observations/2784610,https://inaturalist-open-data.s3.amazonaws.com/photos/3157824/medium.jpeg,NA,NA,"lizard is to the left in the shadow of the rock, red spotted toad is in the sunlight also under the rock.",2,0,FALSE,2,"Blanco County, US-TX, US",30.17143875,-98.24780013,11,NA,NA,NA,11,NA,open,FALSE,NA,NA,Eastern Collared Lizard,Crotaphytus collaris,Eastern Collared Lizard,Reptilia,33135
2804584,142121a4-7829-49c8-83ee-2702aa836b99,Sat Mar 19 2016 15:06:25 GMT-0500 (CDT),2016-03-19,2016-03-20 05:06:25 +0900,Central Time (US & Canada),161216,cmccartor,Chris McCartor,2016-03-20 05:24:57 +0900,2024-12-27 16:07:55 +0900,research,CC-BY-NC,http://www.inaturalist.org/observations/2804584,https://inaturalist-open-data.s3.amazonaws.com/photos/3185261/medium.jpg,NA,NA,NA,4,0,FALSE,3,"12673 US Highway 277 S, Tuscola, TX, US",32.2494760571,-99.9880504672,107,NA,NA,NA,107,NA,open,FALSE,NA,NA,Eastern Collared Lizard,Crotaphytus collaris,Eastern Collared Lizard,Reptilia,33135
2835718,b33808e4-9e06-4208-bb14-0727e44195df,2016-03-26,2016-03-26,NA,Central Time (US & Canada),9531,kucycads,Kenneth Bader,2016-03-27 13:17:26 +0900,2024-12-15 08:23:11 +0900,research,CC-BY-NC,http://www.inaturalist.org/observations/2835718,https://inaturalist-open-data.s3.amazonaws.com/photos/3230798/medium.JPG,NA,NA,NA,3,0,FALSE,NA,"Texas, US",30.1334191525,-102.3565588466,14,Texas,30.079624,-102.357299,29407,obscured,open,TRUE,NA,NA,Eastern Collared Lizard,Crotaphytus collaris,Eastern Collared Lizard,Reptilia,33135
2842113,3d4d770b-7a55-4509-bd52-b961e64a7672,Sun Mar 27 2016 14:26:05 GMT-0500 (CDT),2016-03-27,2016-03-28 04:26:05 +0900,Central Time (US & Canada),10766,connor22,Connor Adams,2016-03-28 23:18:15 +0900,2018-10-26 13:29:22 +0900,research,NA,http://www.inaturalist.org/observations/2842113,https://static.inaturalist.org/photos/3239720/medium.jpg,NA,NA,NA,2,0,FALSE,3,"Texas, US",31.095633534,-101.1099669094,NA,"76943, Ozona, TX, US",31.0087972167,-101.0234971667,29278,obscured,open,TRUE,NA,NA,Eastern Collared Lizard,Crotaphytus collaris,Eastern Collared Lizard,Reptilia,33135
2842115,861b237a-fc20-4262-a155-6aa3a160341a,Sun Mar 27 2016 14:29:50 GMT-0500 (CDT),2016-03-27,2016-03-28 04:29:50 +0900,Central Time (US & Canada),10766,connor22,Connor Adams,2016-03-28 23:19:05 +0900,2018-10-26 13:29:19 +0900,research,NA,http://www.inaturalist.org/observations/2842115,https://static.inaturalist.org/photos/3239722/medium.jpg,NA,NA,NA,2,0,FALSE,3,"Texas, US",31.1818031929,-101.1071986271,NA,"76943, Ozona, TX, US",31.0087388833,-101.023575,29278,obscured,open,TRUE,NA,NA,Eastern Collared Lizard,Crotaphytus collaris,Eastern Collared Lizard,Reptilia,33135
2842994,ed357256-3ec1-4f0e-aeea-156fb93f2f9e,2016-03-27 2:39:44 PM CDT,2016-03-27,2016-03-28 04:39:44 +0900,Central Time (US & Canada),35496,jaredholmes,Jared Holmes,2016-03-29 02:58:18 +0900,2018-10-26 13:29:18 +0900,research,CC-BY-NC,http://www.inaturalist.org/observations/2842994,https://inaturalist-open-data.s3.amazonaws.com/photos/3240505/medium.jpeg,NA,NA,NA,3,0,FALSE,2,"Texas, US",31.0393396934,-101.0551178744,NA,"Crockett County, US-TX, US",31.0089359283,-101.0230712891,29278,obscured,open,TRUE,gps,gps,Eastern Collared Lizard,Crotaphytus collaris,Eastern Collared Lizard,Reptilia,33135
2879722,6e3532f5-99cf-4cf7-81ff-55bee98cb559,Sat Apr 02 2016 12:44:55 GMT-0500 (CDT),2016-04-02,2016-04-03 02:44:55 +0900,Central Time (US & Canada),105479,sara39,Sara,2016-04-05 00:17:18 +0900,2025-01-02 07:34:09 +0900,research,CC-BY-NC,http://www.inaturalist.org/observations/2879722,https://inaturalist-open-data.s3.amazonaws.com/photos/3289006/medium.jpg,NA,NA,NA,4,0,FALSE,3,"Copper Breaks State Park, Quanah, TX, US",34.1147229162,-99.7510964041,183,NA,NA,NA,183,NA,open,FALSE,NA,NA,Eastern Collared Lizard,Crotaphytus collaris,Eastern Collared Lizard,Reptilia,33135
2910085,9afc609a-c596-4c9e-b007-ea44a5b70a97,Sat Apr 09 2016 15:45:05 GMT-0500 (CDT),2016-04-09,2016-04-10 05:45:05 +0900,Central Time (US & Canada),43772,gtsalmon,Gerry Salmon,2016-04-10 15:31:53 +0900,2024-09-01 06:48:25 +0900,research,CC-BY-NC,http://www.inaturalist.org/observations/2910085,https://inaturalist-open-data.s3.amazonaws.com/photos/3329893/medium.JPG,NA,NA,Adult female found under a rock on a cool overcast day w Kyle Elmore. Imaged only. GTS 2219. Posed on release.,3,0,FALSE,3,"Texas, US",31.1569144429,-100.9516790254,10,"County Road 134, Mertzon, TX, US",31.0902,-100.974328,29278,obscured,open,TRUE,NA,NA,Eastern Collared Lizard,Crotaphytus collaris,Eastern Collared Lizard,Reptilia,33135
2946690,da82b059-50cd-43a2-8086-f55cb0730f72,Sat Apr 16 2016 10:41:05 GMT-0500 (CDT),2016-04-16,2016-04-17 00:41:05 +0900,Central Time (US & Canada),177900,bemoore34,NA,2016-04-17 01:13:56 +0900,2023-08-09 22:03:04 +0900,research,CC-BY-NC,http://www.inaturalist.org/observations/2946690,https://inaturalist-open-data.s3.amazonaws.com/photos/3379404/medium.jpg,NA,NA,NA,4,0,FALSE,3,"Blue Ridge Dr, Johnson City, TX, US",30.2115279797,-98.433488677,6548,NA,NA,NA,6548,NA,open,FALSE,NA,NA,Eastern Collared Lizard,Crotaphytus collaris,Eastern Collared Lizard,Reptilia,33135
2963070,068495fc-3a9d-4780-9515-6c50a908d8f8,2016-04-16 12:15 Pm,2016-04-16,2016-04-17 02:15:00 +0900,Central Time (US & Canada),173577,salamandersquad,Simon Scarpetta,2016-04-18 13:49:51 +0900,2018-10-26 13:28:02 +0900,research,CC-BY-NC,http://www.inaturalist.org/observations/2963070,https://static.inaturalist.org/photos/3401397/medium.jpg,NA,"Crotaphytus, Texas","Found flipping rocks halfway up a talus slope. underneath rock semi-moist, no ants",3,0,FALSE,NA,Independence Creek Preserve,30.47233,-101.77074,NA,NA,NA,NA,NA,NA,open,FALSE,NA,NA,Eastern Collared Lizard,Crotaphytus collaris,Eastern Collared Lizard,Reptilia,33135
3011636,72f654c0-29f7-453c-9c0a-496d58841c24,Sat Apr 23 2016 10:30:47 GMT-0500 (CDT),2016-04-23,2016-04-24 00:30:47 +0900,Central Time (US & Canada),13156,romeyswanson,Romey Swanson,2016-04-24 00:41:19 +0900,2025-01-02 07:33:40 +0900,research,CC-BY-NC,http://www.inaturalist.org/observations/3011636,https://inaturalist-open-data.s3.amazonaws.com/photos/3464757/medium.jpg,NA,NA,NA,2,0,FALSE,3,"78840, Del Rio, TX, US",29.7911810895,-100.9742801033,19,NA,NA,NA,19,NA,open,FALSE,NA,NA,Eastern Collared Lizard,Crotaphytus collaris,Eastern Collared Lizard,Reptilia,33135
3011783,931ad6dd-90f6-43e5-81bc-96e8f0778890,Sat Apr 23 2016 10:31:27 GMT-0500 (CDT),2016-04-23,2016-04-24 00:31:27 +0900,Central Time (US & Canada),218258,eyswanson,Erin,2016-04-24 00:53:17 +0900,2018-10-26 13:28:03 +0900,research,CC-BY-NC,http://www.inaturalist.org/observations/3011783,https://inaturalist-open-data.s3.amazonaws.com/photos/3464761/medium.jpg,NA,NA,NA,3,0,FALSE,3,"Val Verde County, US-TX, US",29.7902866667,-100.9750366667,NA,NA,NA,NA,NA,NA,open,FALSE,NA,NA,Eastern Collared Lizard,Crotaphytus collaris,Eastern Collared Lizard,Reptilia,33135
3014393,c7317ade-06dc-4ac4-bb48-ff355eb27cc6,Sat Apr 23 2016 13:11:26 GMT-0500 (CDT),2016-04-23,2016-04-24 03:11:26 +0900,Central Time (US & Canada),218258,eyswanson,Erin,2016-04-24 05:01:23 +0900,2018-10-26 13:28:00 +0900,research,CC-BY-NC,http://www.inaturalist.org/observations/3014393,https://inaturalist-open-data.s3.amazonaws.com/photos/3467714/medium.jpg,NA,NA,NA,2,0,FALSE,3,"78840, Del Rio, TX, US",29.79112,-100.979705,NA,NA,NA,NA,NA,NA,open,FALSE,NA,NA,Eastern Collared Lizard,Crotaphytus collaris,Eastern Collared Lizard,Reptilia,33135
3030799,a1e5ff31-8ad9-4584-bebd-66bb0d07411b,Sat Apr 23 2016 13:10:57 GMT-0500 (CDT),2016-04-23,2016-04-24 03:10:57 +0900,Central Time (US & Canada),13156,romeyswanson,Romey Swanson,2016-04-26 04:15:53 +0900,2025-01-02 07:33:26 +0900,research,CC-BY-NC,http://www.inaturalist.org/observations/3030799,https://inaturalist-open-data.s3.amazonaws.com/photos/3488827/medium.jpg,NA,NA,NA,3,0,FALSE,3,"78840, Del Rio, TX, US",29.7900474376,-100.9809691549,32,NA,NA,NA,32,NA,open,FALSE,NA,NA,Eastern Collared Lizard,Crotaphytus collaris,Eastern Collared Lizard,Reptilia,33135
3041637,15839e81-6ff4-4395-b9f4-d0bf9c67300e,Tue Apr 26 2016 18:10:44 GMT-0500 (CDT),2016-04-26,2016-04-27 08:10:44 +0900,Central Time (US & Canada),2098,toby,Toby Hibbitts,2016-04-27 14:17:51 +0900,2018-10-26 13:27:58 +0900,research,NA,http://www.inaturalist.org/observations/3041637,https://static.inaturalist.org/photos/3501862/medium.jpg,NA,NA,NA,2,0,FALSE,3,"78880, Rocksprings, TX, US",30.2790383333,-100.23458,500,NA,NA,NA,500,NA,open,FALSE,NA,NA,Eastern Collared Lizard,Crotaphytus collaris,Eastern Collared Lizard,Reptilia,33135
3045013,769c34e5-ee68-4b3a-b7c6-521eb89c100f,2016-04-27,2016-04-27,NA,Central Time (US & Canada),152903,mp548225,Matthew Poole,2016-04-28 06:41:37 +0900,2018-10-26 13:27:58 +0900,research,CC-BY-NC,http://www.inaturalist.org/observations/3045013,https://inaturalist-open-data.s3.amazonaws.com/photos/3506406/medium.JPG,NA,NA,"Male eastern collared lizard, hiding next to prickly poppy.",2,0,FALSE,NA,Matador WMA,34.15687,-100.426658,24,NA,NA,NA,24,NA,open,FALSE,NA,NA,Eastern Collared Lizard,Crotaphytus collaris,Eastern Collared Lizard,Reptilia,33135
3071989,8a935052-47c3-4bc8-a35f-4ddcba75e08c,Sat Apr 30 2016 14:11:53 GMT-0500 (CDT),2016-04-30,2016-05-01 04:11:53 +0900,Central Time (US & Canada),18946,croelke,Corey Roelke,2016-05-01 21:53:30 +0900,2018-10-26 13:27:57 +0900,research,NA,http://www.inaturalist.org/observations/3071989,https://static.inaturalist.org/photos/3540249/medium.jpg,NA,NA,NA,2,0,FALSE,3,"8634–9084 County Road 1115, Eden, TX, US",31.2842416667,-99.8858866667,NA,NA,NA,NA,NA,NA,open,FALSE,NA,NA,Eastern Collared Lizard,Crotaphytus collaris,Eastern Collared Lizard,Reptilia,33135
3109151,d798d2c4-8ff4-4a25-b779-2f8f62b618e3,Thu May 05 2016 12:23:23 GMT-0500 (CDT),2016-05-05,2016-05-06 02:23:23 +0900,Central Time (US & Canada),2098,toby,Toby Hibbitts,2016-05-06 14:47:01 +0900,2018-10-26 13:27:39 +0900,research,NA,http://www.inaturalist.org/observations/3109151,https://static.inaturalist.org/photos/3593644/medium.jpg,NA,NA,NA,5,0,FALSE,3,"76936, Eldorado, TX, US",30.8480333333,-100.6204533333,500,NA,NA,NA,500,NA,open,FALSE,NA,NA,Eastern Collared Lizard,Crotaphytus collaris,Eastern Collared Lizard,Reptilia,33135
3181150,e472eb60-ec95-43d0-9d75-5e0cd3a232a4,2015-10-24 15:49:22,2015-10-24,2015-10-25 05:49:22 +0900,Central Time (US & Canada),18994,johnkarges,John Karges,2016-05-16 03:25:12 +0900,2018-10-26 13:27:41 +0900,research,CC-BY-NC,http://www.inaturalist.org/observations/3181150,https://inaturalist-open-data.s3.amazonaws.com/photos/3679958/medium.JPG,NA,"Crotaphytus collaris, Eastern Collared Lizard, Diamond Y Spring Preserve (TNC), Pecos County, Texas","Diamond Y Spring Preserve (TNC).
Adult female beneath flat rock in a den cavity.
N31.03607253	W-102.9040792
JPK-2680
",3,0,FALSE,NA,"Diamond Y Spring Preserve (TNC), Pecos County, Texas, United States",31.03607253,-102.9040792,5,NA,NA,NA,5,NA,open,FALSE,NA,NA,Eastern Collared Lizard,Crotaphytus collaris,Eastern Collared Lizard,Reptilia,33135
3235269,1026ace6-0933-4884-b27d-29c8fe1ea43f,2016-05-20 2:27:25 PM CDT,2016-05-20,2016-05-21 04:27:25 +0900,Central Time (US & Canada),209047,jsiegma,Jennifer Siegmann,2016-05-21 07:35:19 +0900,2021-04-10 21:46:12 +0900,research,CC0,http://www.inaturalist.org/observations/3235269,https://inaturalist-open-data.s3.amazonaws.com/photos/3744626/medium.jpeg,NA,NA,NA,2,0,FALSE,2,"Alibates Flint Quarries National Monument, Potter County, US-TX, US",35.59126339,-101.67056727,4,NA,NA,NA,4,NA,open,FALSE,NA,NA,Eastern Collared Lizard,Crotaphytus collaris,Eastern Collared Lizard,Reptilia,33135
3235270,e0fc79c4-1dc8-4222-8bbf-6e102cda3614,2016-05-20 3:05:14 PM CDT,2016-05-20,2016-05-21 05:05:14 +0900,Central Time (US & Canada),209047,jsiegma,Jennifer Siegmann,2016-05-21 07:35:20 +0900,2021-04-10 21:46:47 +0900,research,CC0,http://www.inaturalist.org/observations/3235270,https://inaturalist-open-data.s3.amazonaws.com/photos/3744630/medium.jpeg,NA,NA,NA,3,0,FALSE,2,"9150 S Coulter St Amarillo, TX 79119",35.11228541,-101.92083714,15,NA,NA,NA,15,NA,open,FALSE,NA,NA,Eastern Collared Lizard,Crotaphytus collaris,Eastern Collared Lizard,Reptilia,33135
3327087,6f985e39-364f-4873-816f-d9289be109cf,Mon May 23 2016 14:31:07 GMT-0500 (CDT),2016-05-23,2016-05-24 04:31:07 +0900,Central Time (US & Canada),16695,travisdimler,Travis Dimler,2016-05-29 09:33:01 +0900,2018-10-26 13:27:42 +0900,research,CC-BY-NC,http://www.inaturalist.org/observations/3327087,https://inaturalist-open-data.s3.amazonaws.com/photos/3843445/medium.jpg,NA,NA,NA,2,0,FALSE,3,"79738, Gail, TX, US",32.648845,-101.474075,NA,NA,NA,NA,NA,NA,open,FALSE,NA,NA,Eastern Collared Lizard,Crotaphytus collaris,Eastern Collared Lizard,Reptilia,33135
3339674,57f73839-4ea8-4e96-abc0-e707d0692da3,Fri May 27 2016 11:57:53 GMT-0500 (CDT),2016-05-27,2016-05-28 01:57:53 +0900,Central Time (US & Canada),18946,croelke,Corey Roelke,2016-05-31 00:21:01 +0900,2018-10-26 13:27:35 +0900,research,NA,http://www.inaturalist.org/observations/3339674,https://static.inaturalist.org/photos/3856523/medium.jpg,NA,NA,NA,2,0,FALSE,3,"78880, Rocksprings, TX, US",30.2757383333,-100.1617445,NA,NA,NA,NA,NA,NA,open,FALSE,NA,NA,Eastern Collared Lizard,Crotaphytus collaris,Eastern Collared Lizard,Reptilia,33135
3380472,6674383e-66d5-42f9-8898-b9dbcd720080,Thu Jun 02 2016 11:35:44 GMT-0500 (CDT),2016-06-02,2016-06-03 01:35:44 +0900,Central Time (US & Canada),253440,zaohedglen,NA,2016-06-05 04:28:18 +0900,2017-09-26 20:02:29 +0900,research,CC-BY-NC,http://www.inaturalist.org/observations/3380472,https://inaturalist-open-data.s3.amazonaws.com/photos/3905429/medium.jpg,NA,NA,NA,3,0,FALSE,3,"Davis Mountains State Park, Fort Davis, TX, US",30.59492,-103.9237283333,NA,NA,NA,NA,NA,NA,open,FALSE,NA,NA,Eastern Collared Lizard,Crotaphytus collaris,Eastern Collared Lizard,Reptilia,33135
3382263,3308e01c-d851-4d1c-be7c-799e62efc2fd,Sat Jun 04 2016 18:07:49 GMT-0500 (CDT),2016-06-04,2016-06-05 08:07:49 +0900,Central Time (US & Canada),10595,dh1303,NA,2016-06-05 08:10:05 +0900,2023-08-25 20:47:12 +0900,research,NA,http://www.inaturalist.org/observations/3382263,https://static.inaturalist.org/photos/3908280/medium.jpg,NA,NA,DOR,4,0,FALSE,3,"US-90 E, Marathon, TX, US",30.2063123463,-103.2057740261,5,NA,NA,NA,5,NA,open,FALSE,NA,NA,Eastern Collared Lizard,Crotaphytus collaris,Eastern Collared Lizard,Reptilia,33135
3392129,ce0968b6-60f4-46fd-9cae-af129cae25ef,2016-06-04 14:06:52,2016-06-04,2016-06-05 04:06:52 +0900,Central Time (US & Canada),9294,jcentavo,Jason Penney,2016-06-06 13:09:38 +0900,2018-10-26 13:27:34 +0900,research,NA,http://www.inaturalist.org/observations/3392129,https://static.inaturalist.org/photos/3922695/medium.jpg,NA,Crotaphytus collaris,NA,3,0,FALSE,NA,Davis Mountains Park,30.595513,-103.922911,7,NA,NA,NA,7,NA,open,FALSE,NA,NA,Eastern Collared Lizard,Crotaphytus collaris,Eastern Collared Lizard,Reptilia,33135
3396109,c4db811c-f13f-4aae-a7ab-3af19730269b,Sat Jun 04 2016 20:21:16 GMT-0500 (CDT),2016-06-04,2016-06-05 10:21:16 +0900,Central Time (US & Canada),150198,benwalker505,Ben,2016-06-07 04:58:59 +0900,2023-08-25 20:44:47 +0900,research,CC-BY-NC,http://www.inaturalist.org/observations/3396109,https://inaturalist-open-data.s3.amazonaws.com/photos/3928790/medium.jpg,NA,NA,On A large rock in rubble on a hillside overlooking the trans-pecos plains northeast of Terlingua TX.,4,0,FALSE,3,"Terlingua Ranch Rd, Alpine, TX, US",29.5308466667,-103.4205166667,NA,NA,NA,NA,NA,NA,open,FALSE,NA,NA,Eastern Collared Lizard,Crotaphytus collaris,Eastern Collared Lizard,Reptilia,33135
3413017,5bd4be10-6b69-4465-9ba6-9751cc95dbf0,Wed Jun 08 2016 16:19:36 GMT-0500 (CDT),2016-06-08,2016-06-09 06:19:36 +0900,Central Time (US & Canada),206492,wild-about-texas,Michael Price,2016-06-09 06:20:12 +0900,2023-07-08 20:51:25 +0900,research,CC-BY-NC,http://www.inaturalist.org/observations/3413017,https://inaturalist-open-data.s3.amazonaws.com/photos/3954718/medium.JPG,NA,NA,Photo pending...,3,0,FALSE,3,"County Road 220, Eldorado, TX, US",30.8110963321,-100.4717580603,5,NA,NA,NA,5,NA,open,FALSE,NA,NA,Eastern Collared Lizard,Crotaphytus collaris,Eastern Collared Lizard,Reptilia,33135
3421149,5df0879e-f2c3-4520-a057-1dc784fb7a53,Thu Jun 09 2016 14:19:47 GMT-0500 (CDT),2016-06-09,2016-06-10 04:19:47 +0900,Central Time (US & Canada),218258,eyswanson,Erin,2016-06-10 04:51:44 +0900,2018-10-26 13:27:24 +0900,research,CC-BY-NC,http://www.inaturalist.org/observations/3421149,https://inaturalist-open-data.s3.amazonaws.com/photos/3962062/medium.jpg,NA,NA,NA,4,0,FALSE,3,"79743, Imperial, TX, US",30.9745862335,-102.8964760155,5,NA,NA,NA,5,NA,open,FALSE,NA,NA,Eastern Collared Lizard,Crotaphytus collaris,Eastern Collared Lizard,Reptilia,33135
3468632,f4612304-9b32-4f91-8503-55a3c021d666,Thu Jun 16 2016 15:44:32 GMT-0500 (CDT),2016-06-16,2016-06-17 05:44:32 +0900,Central Time (US & Canada),208028,myrmexflora,Blake Bringhurst,2016-06-17 08:26:52 +0900,2024-01-12 04:03:30 +0900,research,CC-BY,http://www.inaturalist.org/observations/3468632,https://inaturalist-open-data.s3.amazonaws.com/photos/4029150/medium.jpg,NA,NA,NA,3,0,FALSE,3,"Balcones Canyonlands National Wildlife Refuge, Marble Falls, TX, US",30.6112181179,-98.0625199035,46,NA,NA,NA,46,NA,open,FALSE,NA,NA,Eastern Collared Lizard,Crotaphytus collaris,Eastern Collared Lizard,Reptilia,33135
3507151,0f504665-009f-4afc-a72f-ec7e7940f2f7,2016-06-21,2016-06-21,NA,Central Time (US & Canada),46083,lastime,Larry Snyder,2016-06-23 21:54:38 +0900,2025-01-02 07:33:55 +0900,research,CC-BY-NC,http://www.inaturalist.org/observations/3507151,https://inaturalist-open-data.s3.amazonaws.com/photos/4081971/medium.jpg,NA,NA,Female?,3,0,FALSE,NA,"Wilbarger County, TX",34.068809,-99.278558,52720,NA,NA,NA,52720,NA,open,FALSE,NA,NA,Eastern Collared Lizard,Crotaphytus collaris,Eastern Collared Lizard,Reptilia,33135
3527156,06d51f06-45b7-4164-951c-13cba5ff0b94,Sun Jun 26 2016 11:35:02 GMT-0500 (CDT),2016-06-26,2016-06-27 01:35:02 +0900,Central Time (US & Canada),16695,travisdimler,Travis Dimler,2016-06-27 01:36:37 +0900,2025-01-02 07:34:08 +0900,research,CC-BY-NC,http://www.inaturalist.org/observations/3527156,https://inaturalist-open-data.s3.amazonaws.com/photos/4108122/medium.jpg,NA,NA,NA,2,0,FALSE,3,"79738, Gail, TX, US",32.6500666667,-101.4760666667,NA,NA,NA,NA,NA,NA,open,FALSE,NA,NA,Eastern Collared Lizard,Crotaphytus collaris,Eastern Collared Lizard,Reptilia,33135
3538612,a0731014-2371-4362-b0ee-a27f6cf5058e,Mon May 30 2016 13:05:18 GMT-0500 (CDT),2016-05-30,2016-05-31 03:05:18 +0900,Central Time (US & Canada),36543,langaha,Michael Sager,2016-06-28 22:22:14 +0900,2023-08-25 20:44:40 +0900,research,NA,http://www.inaturalist.org/observations/3538612,https://static.inaturalist.org/photos/4124251/medium.jpg,NA,NA,NA,3,0,FALSE,3,"Big Bend National Park, Brewster County, US-TX, US",29.2773083333,-103.3428416667,NA,NA,NA,NA,NA,NA,open,FALSE,NA,NA,Eastern Collared Lizard,Crotaphytus collaris,Eastern Collared Lizard,Reptilia,33135
3538676,e7ec66f6-5bdb-4c0f-9a5f-a1b57a518f51,Fri Jun 03 2016 15:12:11 GMT-0500 (CDT),2016-06-03,2016-06-04 05:12:11 +0900,Central Time (US & Canada),36543,langaha,Michael Sager,2016-06-28 22:29:57 +0900,2018-10-26 13:26:36 +0900,research,NA,http://www.inaturalist.org/observations/3538676,https://static.inaturalist.org/photos/4124334/medium.jpg,NA,NA,NA,3,0,FALSE,3,"TPWD Davis Mountains State Park, Jeff Davis County, US-TX, US",30.590975,-103.9273133333,NA,NA,NA,NA,NA,NA,open,FALSE,NA,NA,Eastern Collared Lizard,Crotaphytus collaris,Eastern Collared Lizard,Reptilia,33135
3539351,e90f45dc-273d-4a2c-aacd-7a83632eb1bb,Tue Jun 28 2016 08:25:13 GMT-0500 (CDT),2016-06-28,2016-06-28 22:25:13 +0900,Central Time (US & Canada),135678,hedgehogpro,Cindy,2016-06-29 02:10:38 +0900,2018-10-26 13:26:35 +0900,research,CC-BY-NC,http://www.inaturalist.org/observations/3539351,https://inaturalist-open-data.s3.amazonaws.com/photos/4125217/medium.jpg,NA,NA,NA,2,0,FALSE,3,"Copper Breaks State Park, Quanah, TX, US",34.1014778333,-99.755705,NA,NA,NA,NA,NA,NA,open,FALSE,NA,NA,Eastern Collared Lizard,Crotaphytus collaris,Eastern Collared Lizard,Reptilia,33135
3564589,f27171f7-76de-4896-9d8a-e4eb82043be3,2007-06-04 3:48:27 PM CDT,2007-06-04,2007-06-05 05:48:27 +0900,Central Time (US & Canada),265956,dustin6,Dustin McWilliams,2016-06-30 12:02:00 +0900,2018-10-26 13:26:35 +0900,research,NA,http://www.inaturalist.org/observations/3564589,https://static.inaturalist.org/photos/4140513/medium.jpeg,NA,NA,NA,4,0,FALSE,2,"Lighthouse Trail Canyon, TX 79015",34.954292251,-101.6747083515,1529,NA,NA,NA,1529,NA,open,FALSE,gps,gps,Eastern Collared Lizard,Crotaphytus collaris,Eastern Collared Lizard,Reptilia,33135
3571581,9382a2fc-3cba-449c-b0a0-e356b14c978c,2016-06-30 3:39:44 PM CDT,2016-06-30,2016-07-01 05:39:44 +0900,Central Time (US & Canada),124824,tjsonger16,NA,2016-07-01 05:44:15 +0900,2018-10-26 13:26:34 +0900,research,CC-BY-NC,http://www.inaturalist.org/observations/3571581,https://inaturalist-open-data.s3.amazonaws.com/photos/4145201/medium.jpeg,NA,NA,NA,4,0,FALSE,2,"Texas, US",31.4909905939,-102.075501013,4572,NA,NA,NA,29226,obscured,open,TRUE,NA,NA,Eastern Collared Lizard,Crotaphytus collaris,Eastern Collared Lizard,Reptilia,33135
3717302,dcabcf7b-88fe-458a-8be6-589c995e674e,Thu Jul 21 2016 16:54:36 GMT-0500 (CDT),2016-07-21,2016-07-22 06:54:36 +0900,Central Time (US & Canada),275266,carlfabre,Carl Fabre,2016-07-22 06:57:59 +0900,2018-10-26 13:26:18 +0900,research,NA,http://www.inaturalist.org/observations/3717302,https://static.inaturalist.org/photos/4319593/medium.jpeg,NA,NA,NA,3,0,FALSE,3,"Enchanted Rock State Natural Area, Llano, TX, US",30.5042112674,-98.8194327392,56,NA,NA,NA,56,NA,open,FALSE,NA,NA,Eastern Collared Lizard,Crotaphytus collaris,Eastern Collared Lizard,Reptilia,33135
3719273,7e2e839e-55a6-4825-8a46-ee5d70fbcc66,2016/07/21 11:23 AM CDT,2016-07-21,2016-07-22 01:23:00 +0900,Central Time (US & Canada),268486,brooksy,Jason Brooks,2016-07-22 13:39:38 +0900,2018-10-26 13:26:17 +0900,research,NA,http://www.inaturalist.org/observations/3719273,https://static.inaturalist.org/photos/4322423/medium.jpeg,NA,NA,NA,4,0,FALSE,NA,"Loving County, TX, USA",31.7436427217,-103.7263871278,3706,NA,NA,NA,3706,NA,open,FALSE,NA,NA,Eastern Collared Lizard,Crotaphytus collaris,Eastern Collared Lizard,Reptilia,33135
3761317,b2d5c45f-3606-45be-bd87-5bbf44785621,Thu Jul 28 2016 16:59:06 GMT-0500 (CDT),2016-07-28,2016-07-29 06:59:06 +0900,Central Time (US & Canada),206492,wild-about-texas,Michael Price,2016-07-29 06:59:49 +0900,2023-07-08 20:55:37 +0900,research,CC-BY-NC,http://www.inaturalist.org/observations/3761317,https://inaturalist-open-data.s3.amazonaws.com/photos/4385717/medium.jpeg,NA,NA,NA,2,0,FALSE,3,"US-67 N, Barnhart, TX, US",31.1348728231,-101.2405029685,5,NA,NA,NA,5,NA,open,FALSE,NA,NA,Eastern Collared Lizard,Crotaphytus collaris,Eastern Collared Lizard,Reptilia,33135
3825669,05ac404d-9ef6-49f0-8d12-e0765680f28b,Mon Jul 18 2016 13:28:34 GMT-0500 (CDT),2016-07-18,2016-07-19 03:28:34 +0900,Central Time (US & Canada),293262,samuellamkin,Samuel Lamkin,2016-08-08 04:52:46 +0900,2018-10-26 13:26:16 +0900,research,NA,http://www.inaturalist.org/observations/3825669,https://static.inaturalist.org/photos/4473788/medium.jpg,NA,NA,NA,3,0,FALSE,3,"Palo Duro Canyon State Park, Canyon, TX, US",34.9227243731,-101.6654994842,11567,NA,NA,NA,11567,NA,open,FALSE,NA,NA,Eastern Collared Lizard,Crotaphytus collaris,Eastern Collared Lizard,Reptilia,33135
3857205,eca60686-7ab9-4414-afe1-561a7e60673c,2016-07-30,2016-07-30,NA,Central Time (US & Canada),115129,aguilita,Roberto R. Calderón,2016-08-11 12:35:03 +0900,2018-10-26 13:26:19 +0900,research,CC-BY-NC,http://www.inaturalist.org/observations/3857205,https://inaturalist-open-data.s3.amazonaws.com/photos/4519005/medium.jpg,NA,"Eastern Collared Lizard (Crotaphytus collaris), Enchanted Rock State Natural Area, 16710 Ranch Road 965, Fredericksburg, Texas, lizards, reptiles, summer, Central Texas, North America, Western Hemisphere, The IUCN Red List of Threatened Species, International Union for Conservation of Nature and Natural Resources","Eastern Collared Lizard (Crotaphytus collaris)

30 July 2016
Enchanted Rock State Natural Area
Gillespie and Llano Counties, Texas

Eastern Collared Lizard shares several other common names including Common Collared Lizard, Oklahoma Collared Lizard, and Collared Lizard. According to the IUCN range map (accessible at the link cited below), Eastern Collared Lizard is found in the Lower Midwest and Southwest of the United States and in the North Central and Northeast states of Mexico. Eastern Collared Lizard is a North American reptile, and as such its extensive (US) range in Texas, New Mexico, Arizona, Utah, Colorado, Kansas, Oklahoma, Arkansas, and Missouri, and comparable (MX) range in at least Sonora, Chihuahua, Coahuila and Nuevo León, and possibly parts of other northern states, makes it an authentic resident of the Western Hemisphere. 

The volunteer interpreter who wore the uniform of the Texas Parks and Wildlife Department, Chris, told us that he has at times seen up to three Greater Roadrunners at the crest of Enchanted Rock chasing Eastern Collared Lizard and other edibles. The one presented in this observation is a resident of the crest at Enchanted Rock and eventually it slipped under a rock and made its exit. This specimen was easily between 9-10 inches in length from the tip of its nose to the end of its tail. It was the largest of the four different lizards we observed during our visit.

Source: ""Crotaphytus collaris,""  The IUCN Red List of Threatened Species, International Union for Conservation of Nature and Natural Resources, range map, description, resources, accessed 8.10.16, http://www.iucnredlist.org/details/64007/0",2,0,FALSE,NA,"Enchanted Rock State Natural Area, 16710 Ranch Road 965, Fredericksburg, Texas 78624",30.507609,-98.819034,2259,NA,NA,NA,2259,NA,open,FALSE,NA,NA,Eastern Collared Lizard,Crotaphytus collaris,Eastern Collared Lizard,Reptilia,33135
3869367,c8304de7-1f48-4e4d-a66c-a353db8805c1,2016/07/01 6:50 PM CDT,2016-07-01,2016-07-02 08:50:00 +0900,Central Time (US & Canada),43815,nathantaylor,Nathan Taylor,2016-08-13 05:05:29 +0900,2018-10-26 13:26:11 +0900,research,CC-BY,http://www.inaturalist.org/observations/3869367,https://inaturalist-open-data.s3.amazonaws.com/photos/4536354/medium.jpeg,NA,NA,NA,3,0,FALSE,NA,"Randall County, TX, USA",34.9617938235,-101.680816412,19,NA,NA,NA,19,NA,open,FALSE,NA,NA,Eastern Collared Lizard,Crotaphytus collaris,Eastern Collared Lizard,Reptilia,33135
3895416,122342d0-cf77-4385-8d10-9fee69cb2136,Mon Aug 15 2016 11:40:04 GMT-0500 (CDT),2016-08-15,2016-08-16 01:40:04 +0900,Central Time (US & Canada),66466,dracorjc,Ryan Collister,2016-08-16 09:26:20 +0900,2025-01-02 07:33:43 +0900,research,CC-BY-NC,http://www.inaturalist.org/observations/3895416,https://inaturalist-open-data.s3.amazonaws.com/photos/4575615/medium.jpg,NA,NA,NA,3,0,FALSE,3,"Texas, US",30.1039154949,-102.3481288044,NA,"123–241 Five Mile Hill Rd, Dryden, TX, US",30.0535555,-102.343545,29407,obscured,open,TRUE,NA,NA,Eastern Collared Lizard,Crotaphytus collaris,Eastern Collared Lizard,Reptilia,33135
3902330,8c9eb593-c56a-4e15-9464-7dcb3eb25c93,Tue Aug 16 2016 18:29:51 GMT-0600 (MDT),2016-08-16,2016-08-17 09:29:51 +0900,Mountain Time (US & Canada),283106,wendyhoggard,NA,2016-08-17 10:30:06 +0900,2025-01-02 07:32:17 +0900,research,CC-BY-NC,http://www.inaturalist.org/observations/3902330,https://inaturalist-open-data.s3.amazonaws.com/photos/4586018/medium.jpg,NA,NA,NA,3,0,FALSE,3,"Franklin MTNS State Park, El Paso, TX, US",31.7991216667,-106.4939633333,NA,NA,NA,NA,NA,NA,open,FALSE,NA,NA,Eastern Collared Lizard,Crotaphytus collaris,Eastern Collared Lizard,Reptilia,33135
3926846,fb17e0bb-3aaf-4f36-a652-187d0abefce6,Mon Aug 01 2016 09:12:18 GMT-0500 (CDT),2016-08-01,2016-08-01 23:12:18 +0900,Central Time (US & Canada),309702,linniezpooh,NA,2016-08-21 06:27:11 +0900,2024-12-27 14:45:18 +0900,research,CC-BY-NC,http://www.inaturalist.org/observations/3926846,https://inaturalist-open-data.s3.amazonaws.com/photos/4621240/medium.jpg,NA,NA,NA,3,0,FALSE,3,"Palo Duro Canyon State Park, Canyon, TX, US",34.9261134604,-101.6598186186,9772,NA,NA,NA,9772,NA,open,FALSE,NA,NA,Eastern Collared Lizard,Crotaphytus collaris,Eastern Collared Lizard,Reptilia,33135
3939873,e8f2b152-d707-4533-847a-3754ec7b33de,Sun Aug 21 2016 11:57:30 GMT-0600 (MDT),2016-08-21,2016-08-22 02:57:30 +0900,Mountain Time (US & Canada),311048,aana,Aana Taylor-Smith,2016-08-23 00:35:28 +0900,2018-10-26 13:26:13 +0900,research,NA,http://www.inaturalist.org/observations/3939873,https://static.inaturalist.org/photos/4640192/medium.jpg,NA,NA,NA,3,0,FALSE,3,"79835, El Paso, TX, US",31.9318416667,-106.512505,NA,NA,NA,NA,NA,NA,open,FALSE,NA,NA,Eastern Collared Lizard,Crotaphytus collaris,Eastern Collared Lizard,Reptilia,33135
4059865,b3acbc6a-f1d4-4d0a-9298-1be56e1f3495,Sun Jun 19 2016 11:26:29 GMT-0500 (CDT),2016-06-19,2016-06-20 01:26:29 +0900,Central Time (US & Canada),115786,oddfitz,Todd Fitzgerald,2016-09-08 08:54:57 +0900,2024-12-27 14:45:38 +0900,research,CC-BY-NC,http://www.inaturalist.org/observations/4059865,https://inaturalist-open-data.s3.amazonaws.com/photos/4809851/medium.jpg,NA,NA,NA,4,0,FALSE,3,"79502, Aspermont, TX, US",33.0564206598,-100.5058978246,36,NA,NA,NA,36,NA,open,FALSE,NA,NA,Eastern Collared Lizard,Crotaphytus collaris,Eastern Collared Lizard,Reptilia,33135
4117278,11515ae9-89b7-4ab9-b626-25743ad17050,2016-09-03 9:29:00 AM MDT,2016-09-03,2016-09-04 00:29:00 +0900,Mountain Time (US & Canada),329974,plino,Paulino Covarrubias,2016-09-16 04:26:21 +0900,2018-10-26 13:26:10 +0900,research,CC-BY-NC,http://www.inaturalist.org/observations/4117278,https://inaturalist-open-data.s3.amazonaws.com/photos/4895683/medium.jpeg,NA,NA,NA,2,0,FALSE,2,"Mammoths Trunk Trail El Paso, TX 79912",31.8722465227,-106.495764479,688,NA,NA,NA,688,NA,open,FALSE,NA,NA,Eastern Collared Lizard,Crotaphytus collaris,Eastern Collared Lizard,Reptilia,33135
4123880,8b201281-19b0-4a48-850e-893b80674733,Fri Sep 16 2016 13:26:37 GMT-0500 (CDT),2016-09-16,2016-09-17 03:26:37 +0900,Central Time (US & Canada),206492,wild-about-texas,Michael Price,2016-09-17 03:46:39 +0900,2023-07-08 20:26:56 +0900,research,CC-BY-NC,http://www.inaturalist.org/observations/4123880,https://inaturalist-open-data.s3.amazonaws.com/photos/4923781/medium.jpeg,NA,NA,NA,2,0,FALSE,3,"County Road 2275, Eden, TX, US",31.0910537839,-100.0665875898,5,NA,NA,NA,5,NA,open,FALSE,NA,NA,Eastern Collared Lizard,Crotaphytus collaris,Eastern Collared Lizard,Reptilia,33135
4123949,08684ef7-2315-4794-9c15-7abfa75f26c4,Fri Sep 16 2016 13:36:16 GMT-0500 (CDT),2016-09-16,2016-09-17 03:36:16 +0900,Central Time (US & Canada),206492,wild-about-texas,Michael Price,2016-09-17 04:01:57 +0900,2023-07-08 20:27:30 +0900,research,CC-BY-NC,http://www.inaturalist.org/observations/4123949,https://inaturalist-open-data.s3.amazonaws.com/photos/4923796/medium.jpeg,NA,NA,NA,2,0,FALSE,3,"Menard County, US-TX, US",31.0472593457,-100.0812556689,5,NA,NA,NA,5,NA,open,FALSE,NA,NA,Eastern Collared Lizard,Crotaphytus collaris,Eastern Collared Lizard,Reptilia,33135
4123952,219850e1-309f-458b-980e-91cfc4f4285a,Fri Sep 16 2016 13:46:41 GMT-0500 (CDT),2016-09-16,2016-09-17 03:46:41 +0900,Central Time (US & Canada),206492,wild-about-texas,Michael Price,2016-09-17 04:02:11 +0900,2023-07-08 20:27:32 +0900,research,CC-BY-NC,http://www.inaturalist.org/observations/4123952,https://inaturalist-open-data.s3.amazonaws.com/photos/4923827/medium.jpeg,NA,NA,NA,2,0,FALSE,3,"Treadwell Ln, Menard, TX, US",31.0172178503,-100.0825565402,5,NA,NA,NA,5,NA,open,FALSE,NA,NA,Eastern Collared Lizard,Crotaphytus collaris,Eastern Collared Lizard,Reptilia,33135
4123953,30d9d71a-ffe2-4316-8766-90727ad0ccaf,Fri Sep 16 2016 13:48:27 GMT-0500 (CDT),2016-09-16,2016-09-17 03:48:27 +0900,Central Time (US & Canada),206492,wild-about-texas,Michael Price,2016-09-17 04:02:22 +0900,2023-07-08 20:27:34 +0900,research,CC-BY-NC,http://www.inaturalist.org/observations/4123953,https://inaturalist-open-data.s3.amazonaws.com/photos/4923838/medium.jpeg,NA,NA,NA,2,0,FALSE,3,"Menard County, US-TX, US",31.0156433517,-100.082650669,5,NA,NA,NA,5,NA,open,FALSE,NA,NA,Eastern Collared Lizard,Crotaphytus collaris,Eastern Collared Lizard,Reptilia,33135
4150470,f0187fb2-a39e-4f01-9878-36c8fcc8441e,Sun Sep 18 2016 12:10:55 GMT-0500 (CDT),2016-09-18,2016-09-19 02:10:55 +0900,Central Time (US & Canada),180183,kemmons,NA,2016-09-20 06:31:30 +0900,2023-01-03 06:23:18 +0900,research,CC-BY-NC,http://www.inaturalist.org/observations/4150470,https://inaturalist-open-data.s3.amazonaws.com/photos/4942318/medium.jpg,NA,NA,NA,3,0,FALSE,3,"Inks Lake State Park, Burnet, TX, US",30.73068,-98.3698366667,NA,NA,NA,NA,NA,NA,open,FALSE,NA,NA,Eastern Collared Lizard,Crotaphytus collaris,Eastern Collared Lizard,Reptilia,33135
4175215,7b060fca-0ce5-4c97-b3e7-3365894cc80c,2007/04/01 2:22 PM CDT,2007-04-01,2007-04-02 04:22:00 +0900,Central Time (US & Canada),24825,salamander9505,Sal Scibetta,2016-09-23 04:31:21 +0900,2018-10-26 13:26:04 +0900,research,NA,http://www.inaturalist.org/observations/4175215,https://static.inaturalist.org/photos/4972471/medium.jpeg,NA,NA,NA,3,0,FALSE,NA,"Llano County, TX, USA",30.5057796915,-98.8183093126,251,NA,NA,NA,251,NA,open,FALSE,NA,NA,Eastern Collared Lizard,Crotaphytus collaris,Eastern Collared Lizard,Reptilia,33135
4298476,ce151574-36c3-4772-a3c1-c5eae6af9113,2016-05-18 12:03:00 PM MDT,2016-05-18,2016-05-19 03:03:00 +0900,Mountain Time (US & Canada),324774,tewilson,NA,2016-10-09 03:08:34 +0900,2023-09-07 12:08:17 +0900,research,CC-BY-NC,http://www.inaturalist.org/observations/4298476,https://inaturalist-open-data.s3.amazonaws.com/photos/5157148/medium.jpg,NA,NA,"One of the first lizards we saw. Apparently they don't usually fall into the pit fall traps to be cataloged, so we got extremely lucky. It wad getting close to the rain hitting so some patches were gloomy from cloud coverage.  About this time it was close to 22.7C with temperatures dropping the closer the storm got.",4,0,FALSE,2,"Van Horn, TX 79855",30.970563019,-105.0757446885,352222,NA,NA,NA,352222,NA,open,FALSE,gps,gps,Eastern Collared Lizard,Crotaphytus collaris,Eastern Collared Lizard,Reptilia,33135
4314883,c9c78cfe-394f-4972-8b62-f2b1a87b5121,2016-10-10 4:15:38 PM CDT,2016-10-10,2016-10-11 06:15:38 +0900,Central Time (US & Canada),315102,melissa94,Melissa Stafford York,2016-10-11 06:17:40 +0900,2018-10-26 13:26:06 +0900,research,NA,http://www.inaturalist.org/observations/4314883,https://static.inaturalist.org/photos/5185097/medium.jpeg,NA,NA,NA,3,0,FALSE,2,"Canyon, TX 79015",34.9603908344,-101.66809,8256,NA,NA,NA,8256,NA,open,FALSE,gps,gps,Eastern Collared Lizard,Crotaphytus collaris,Eastern Collared Lizard,Reptilia,33135
4343913,d66a41c1-9f05-46fe-aae6-678410ecf62d,Wed Oct 12 2016 23:38:27 GMT-0600 (MDT),2016-10-12,2016-10-13 14:38:27 +0900,Mountain Time (US & Canada),329520,vorona,NA,2016-10-14 09:40:21 +0900,2023-09-07 12:08:25 +0900,research,CC-BY-NC,http://www.inaturalist.org/observations/4343913,https://inaturalist-open-data.s3.amazonaws.com/photos/5215452/medium.jpg,NA,NA,"Scientific name: Crotaphytus collaris. Common name: eastern collared lizard. Found at indio mountain research station. Lives in grassy meadows and rocky deserts. Range from Mexico and Southwestern US. May 20, 2016 around 1 pm",3,0,FALSE,3,"79855, Van Horn, TX, US",30.7752464317,-104.7979570492,31392,NA,NA,NA,31392,NA,open,FALSE,NA,NA,Eastern Collared Lizard,Crotaphytus collaris,Eastern Collared Lizard,Reptilia,33135
4406739,200953a0-9dfe-4947-aaca-828cff190b76,Sat Sep 17 2016 13:41:01 GMT-0500 (CDT),2016-09-17,2016-09-18 03:41:01 +0900,Central Time (US & Canada),70209,cmvaldez,NA,2016-10-22 01:32:15 +0900,2021-05-15 05:40:59 +0900,research,CC-BY-NC,http://www.inaturalist.org/observations/4406739,https://inaturalist-open-data.s3.amazonaws.com/photos/122667022/medium.jpg,NA,NA,NA,1,0,FALSE,37,"Palo Duro Canyon State Park, Amarillo, TX, US",34.94363,-101.651442,5,NA,NA,NA,5,NA,open,FALSE,NA,NA,Eastern Collared Lizard,Crotaphytus collaris,Eastern Collared Lizard,Reptilia,33135
4479244,d2f5d31c-5176-4bf0-842c-93cccdf88657,2016/09/30 8:49 PM -0500,2016-09-30,2016-10-01 10:49:00 +0900,Bogota,209047,jsiegma,Jennifer Siegmann,2016-11-02 10:52:57 +0900,2021-04-10 21:53:23 +0900,research,CC0,http://www.inaturalist.org/observations/4479244,https://inaturalist-open-data.s3.amazonaws.com/photos/5407208/medium.jpg,NA,NA,NA,3,0,FALSE,NA,"Caprock Canyons State Park & Trailway, Quitaque, TX, United States",34.4369909,-101.0598617,NA,NA,NA,NA,NA,NA,open,FALSE,NA,NA,Eastern Collared Lizard,Crotaphytus collaris,Eastern Collared Lizard,Reptilia,33135
4479363,6c94daed-6a17-4aaf-b377-cd98c3027fd4,2016/09/30 9:04 PM -0500,2016-09-30,2016-10-01 11:04:00 +0900,Bogota,209047,jsiegma,Jennifer Siegmann,2016-11-02 11:08:56 +0900,2021-04-10 21:54:11 +0900,research,CC0,http://www.inaturalist.org/observations/4479363,https://inaturalist-open-data.s3.amazonaws.com/photos/5407415/medium.jpg,NA,NA,NA,3,0,FALSE,NA,"Caprock Canyons State Park & Trailway, Quitaque, TX, United States",34.4369909,-101.0598617,NA,NA,NA,NA,NA,NA,open,FALSE,NA,NA,Eastern Collared Lizard,Crotaphytus collaris,Eastern Collared Lizard,Reptilia,33135
4662931,01f36e11-ce39-4522-94c6-167973edfecc,2008/04/30 10:28 AM CDT,2008-04-30,2008-05-01 00:28:00 +0900,Central Time (US & Canada),59933,brushfreeman,Brush F,2016-11-30 07:41:23 +0900,2019-11-05 13:53:33 +0900,research,CC-BY-NC,http://www.inaturalist.org/observations/4662931,https://inaturalist-open-data.s3.amazonaws.com/photos/5646086/medium.jpg,NA,NA,NA,3,0,FALSE,NA,"Archer County, TX, USA",33.5921531828,-98.5583496094,977,NA,NA,NA,977,NA,open,FALSE,NA,NA,Eastern Collared Lizard,Crotaphytus collaris,Eastern Collared Lizard,Reptilia,33135
4742330,9bd6dbe1-5494-4ca0-b231-3f5de4613730,2013/07/27 1:28 PM HST,2013-07-27,2013-07-28 08:28:00 +0900,Hawaii,206492,wild-about-texas,Michael Price,2016-12-10 01:42:42 +0900,2023-07-07 01:20:38 +0900,research,CC-BY-NC,http://www.inaturalist.org/observations/4742330,https://inaturalist-open-data.s3.amazonaws.com/photos/5746348/medium.jpeg,NA,NA,NA,4,0,FALSE,NA,"Texas, US",31.1020094672,-101.1299264706,2,"Irion County, TX, USA",31.1451790332,-101.1413490772,29278,obscured,open,TRUE,NA,NA,Eastern Collared Lizard,Crotaphytus collaris,Eastern Collared Lizard,Reptilia,33135
4742332,8d56ec83-1db8-48ab-b28d-23a9b3717cfa,2012/05/20 12:09 PM HST,2012-05-20,2012-05-21 07:09:00 +0900,Hawaii,206492,wild-about-texas,Michael Price,2016-12-10 01:42:43 +0900,2023-07-07 01:20:33 +0900,research,CC-BY-NC,http://www.inaturalist.org/observations/4742332,https://inaturalist-open-data.s3.amazonaws.com/photos/5746323/medium.jpg,NA,NA,NA,4,0,FALSE,NA,"Texas, US",30.8351741225,-101.4486886791,2,"Crockett County, TX, USA",30.8869579308,-101.520306318,29304,obscured,open,TRUE,NA,NA,Eastern Collared Lizard,Crotaphytus collaris,Eastern Collared Lizard,Reptilia,33135
4742333,42842f11-df67-4d80-89f6-6773b55f81c9,2013/07/27 1:23 PM HST,2013-07-27,2013-07-28 08:23:00 +0900,Hawaii,206492,wild-about-texas,Michael Price,2016-12-10 01:42:43 +0900,2023-07-07 01:20:35 +0900,research,CC-BY-NC,http://www.inaturalist.org/observations/4742333,https://inaturalist-open-data.s3.amazonaws.com/photos/5746340/medium.jpeg,NA,NA,NA,3,0,FALSE,NA,"Texas, US",31.0130952612,-101.1364171367,2,"Irion County, TX, USA",31.1458355709,-101.1399167776,29278,obscured,open,TRUE,NA,NA,Eastern Collared Lizard,Crotaphytus collaris,Eastern Collared Lizard,Reptilia,33135
4742334,726f5b5f-3a66-4abf-b6de-d9fb8f1a57cf,2013/06/27 11:46 AM HST,2013-06-27,2013-06-28 06:46:00 +0900,Hawaii,206492,wild-about-texas,Michael Price,2016-12-10 01:42:45 +0900,2023-08-25 20:47:05 +0900,research,CC-BY-NC,http://www.inaturalist.org/observations/4742334,https://inaturalist-open-data.s3.amazonaws.com/photos/5746357/medium.jpeg,NA,13-25,NA,5,0,FALSE,NA,"Jeff Davis County, TX, USA",30.5438425415,-104.283945858,2,NA,NA,NA,2,NA,open,FALSE,NA,NA,Eastern Collared Lizard,Crotaphytus collaris,Eastern Collared Lizard,Reptilia,33135
4742396,552a3aa3-2027-457e-8249-0f85173b3b7c,2014/05/04 7:09 PM HST,2014-05-04,2014-05-05 14:09:00 +0900,Hawaii,206492,wild-about-texas,Michael Price,2016-12-10 01:55:53 +0900,2023-07-07 01:20:47 +0900,research,CC-BY-NC,http://www.inaturalist.org/observations/4742396,https://inaturalist-open-data.s3.amazonaws.com/photos/5746579/medium.jpg,NA,NA,NA,3,0,FALSE,NA,"Pecos County, US-TX, US",30.9375714967,-102.4767295343,2,"Pecos County, TX, USA",30.9578945305,-102.581001967,29304,obscured,open,TRUE,NA,NA,Eastern Collared Lizard,Crotaphytus collaris,Eastern Collared Lizard,Reptilia,33135
4742397,30c8403f-7c15-40e4-94ad-0d6ca20aeebf,2013/07/27 11:09 AM HST,2013-07-27,2013-07-28 06:09:00 +0900,Hawaii,206492,wild-about-texas,Michael Price,2016-12-10 01:55:53 +0900,2023-07-07 01:20:45 +0900,research,CC-BY-NC,http://www.inaturalist.org/observations/4742397,https://inaturalist-open-data.s3.amazonaws.com/photos/5746569/medium.jpeg,NA,NA,NA,3,0,FALSE,NA,"Pecos County, US-TX, US",30.920122203,-102.4341938622,4,"Pecos County, TX, USA",30.9584902588,-102.581161558,29304,obscured,open,TRUE,NA,NA,Eastern Collared Lizard,Crotaphytus collaris,Eastern Collared Lizard,Reptilia,33135
4742398,72bc690e-17ed-47bb-b8a3-28b745d082a2,2014/05/04 7:05 PM HST,2014-05-04,2014-05-05 14:05:00 +0900,Hawaii,206492,wild-about-texas,Michael Price,2016-12-10 01:55:53 +0900,2023-07-07 01:20:49 +0900,research,CC-BY-NC,http://www.inaturalist.org/observations/4742398,https://inaturalist-open-data.s3.amazonaws.com/photos/5746584/medium.jpg,NA,NA,NA,3,0,FALSE,NA,"Pecos County, US-TX, US",30.9661694983,-102.4975153828,2,"Pecos County, TX, USA",30.9581107412,-102.581219226,29304,obscured,open,TRUE,NA,NA,Eastern Collared Lizard,Crotaphytus collaris,Eastern Collared Lizard,Reptilia,33135
4742399,8dc9fcb2-8667-4216-be6f-604568783520,2014/10/02 4:10 PM HST,2014-10-02,2014-10-03 11:10:00 +0900,Hawaii,206492,wild-about-texas,Michael Price,2016-12-10 01:55:53 +0900,2023-07-07 01:20:52 +0900,research,CC-BY-NC,http://www.inaturalist.org/observations/4742399,https://inaturalist-open-data.s3.amazonaws.com/photos/5746587/medium.jpg,NA,NA,NA,3,0,FALSE,NA,"Pecos County, US-TX, US",30.9431959084,-102.5587118616,2,"Pecos County, TX, USA",30.9575828643,-102.581093162,29304,obscured,open,TRUE,NA,NA,Eastern Collared Lizard,Crotaphytus collaris,Eastern Collared Lizard,Reptilia,33135
4742400,20e04c06-84c6-4e2e-981a-b72af402ddce,2008/07/03 10:59 AM HST,2008-07-03,2008-07-04 00:59:00 +0900,Central Time (US & Canada),206492,wild-about-texas,Michael Price,2016-12-10 01:55:56 +0900,2023-07-07 01:20:54 +0900,research,CC-BY-NC,http://www.inaturalist.org/observations/4742400,https://inaturalist-open-data.s3.amazonaws.com/photos/5746589/medium.jpeg,NA,NA,On private ranch,3,0,FALSE,NA,"Texas, US",30.4618150619,-104.712170569,2,"Presidio County, TX, USA",30.5585551444,-104.659587889,29356,obscured,open,TRUE,NA,NA,Eastern Collared Lizard,Crotaphytus collaris,Eastern Collared Lizard,Reptilia,33135
4742401,f3efeac7-e480-4a97-bd32-fcaf87d3fe4e,2008/07/03 11:46 AM HST,2008-07-03,2008-07-04 01:46:00 +0900,Central Time (US & Canada),206492,wild-about-texas,Michael Price,2016-12-10 01:55:56 +0900,2023-07-07 01:20:56 +0900,research,CC-BY-NC,http://www.inaturalist.org/observations/4742401,https://inaturalist-open-data.s3.amazonaws.com/photos/5746593/medium.jpeg,NA,NA,On private ranch,4,0,FALSE,NA,"Texas, US",30.4093070706,-104.6022792353,2,"Presidio County, TX, USA",30.5585851702,-104.659669697,29356,obscured,open,TRUE,NA,NA,Eastern Collared Lizard,Crotaphytus collaris,Eastern Collared Lizard,Reptilia,33135
4742402,1010eec2-4006-4dbe-b446-12062ba34af3,2014/05/03 6:18 PM HST,2014-05-03,2014-05-04 08:18:00 +0900,Central Time (US & Canada),206492,wild-about-texas,Michael Price,2016-12-10 01:55:56 +0900,2023-07-07 01:20:58 +0900,research,CC-BY-NC,http://www.inaturalist.org/observations/4742402,https://inaturalist-open-data.s3.amazonaws.com/photos/5746599/medium.jpg,NA,NA,On private ranch,3,0,FALSE,NA,"Texas, US",30.5826643252,-104.7735561835,2,"Presidio County, TX, USA",30.5547799039,-104.6587657928,29356,obscured,open,TRUE,NA,NA,Eastern Collared Lizard,Crotaphytus collaris,Eastern Collared Lizard,Reptilia,33135
4742403,b4b98cb6-ace7-4bbf-af49-1f7bc23713e0,2000-05-06,2000-05-06,NA,Hawaii,206492,wild-about-texas,Michael Price,2016-12-10 01:55:56 +0900,2023-07-07 01:21:01 +0900,research,CC-BY-NC,http://www.inaturalist.org/observations/4742403,https://inaturalist-open-data.s3.amazonaws.com/photos/5746601/medium.jpg,NA,NA,NA,4,0,FALSE,NA,"Texas, US",31.5521214262,-101.3189050316,2,"Reagan County, TX, USA",31.5676968706,-101.272979825,29226,obscured,open,TRUE,NA,NA,Eastern Collared Lizard,Crotaphytus collaris,Eastern Collared Lizard,Reptilia,33135
4743060,93ae0349-55bb-4673-a16a-ce4edfa30801,2015/04/02 7:11 PM HST,2015-04-02,2015-04-03 14:11:00 +0900,Hawaii,206492,wild-about-texas,Michael Price,2016-12-10 03:51:54 +0900,2023-07-07 01:21:32 +0900,research,CC-BY-NC,http://www.inaturalist.org/observations/4743060,https://inaturalist-open-data.s3.amazonaws.com/photos/5749385/medium.jpg,NA,NA,NA,4,0,FALSE,NA,"Texas, US",31.994658933,-100.9112744007,2,"Sterling County, TX, USA",31.8115338371,-100.836490541,29173,obscured,open,TRUE,NA,NA,Eastern Collared Lizard,Crotaphytus collaris,Eastern Collared Lizard,Reptilia,33135
4743061,7a645b20-bc4c-4a11-8be8-c0431b725522,2015/04/02 7:04 PM HST,2015-04-02,2015-04-03 14:04:00 +0900,Hawaii,206492,wild-about-texas,Michael Price,2016-12-10 03:51:54 +0900,2023-07-07 01:21:30 +0900,research,CC-BY-NC,http://www.inaturalist.org/observations/4743061,https://inaturalist-open-data.s3.amazonaws.com/photos/5749374/medium.jpg,NA,NA,NA,3,0,FALSE,NA,"Texas, US",31.8836545884,-100.8434772767,2,"Sterling County, TX, USA",31.8112261304,-100.836577713,29173,obscured,open,TRUE,NA,NA,Eastern Collared Lizard,Crotaphytus collaris,Eastern Collared Lizard,Reptilia,33135
4743062,98b444e8-dda9-4d1c-98e1-596e0ee124fd,2009/04/10 4:32 PM HST,2009-04-10,2009-04-11 11:32:00 +0900,Hawaii,206492,wild-about-texas,Michael Price,2016-12-10 03:51:54 +0900,2023-07-07 01:21:28 +0900,research,CC-BY-NC,http://www.inaturalist.org/observations/4743062,https://inaturalist-open-data.s3.amazonaws.com/photos/5749367/medium.jpeg,NA,NA,NA,3,0,FALSE,NA,"Texas, US",31.4240564179,-100.820394664,2,"Sterling County, TX, USA",31.5907298659,-100.924468338,29226,obscured,open,TRUE,NA,NA,Eastern Collared Lizard,Crotaphytus collaris,Eastern Collared Lizard,Reptilia,33135
4779516,4602158e-307c-4149-b5b6-4541c04a5f9f,2014-08-05,2014-08-05,NA,Central Time (US & Canada),65793,lparker24,Lauren Parker,2016-12-16 07:52:19 +0900,2023-08-25 20:44:32 +0900,research,CC-BY-NC,https://www.inaturalist.org/observations/4779516,https://inaturalist-open-data.s3.amazonaws.com/photos/5822461/medium.jpg,NA,NA,NA,3,0,FALSE,NA,Big Bend National Park,29.127487,-103.242538,13426,NA,NA,NA,13426,NA,open,FALSE,NA,manual,Eastern Collared Lizard,Crotaphytus collaris,Eastern Collared Lizard,Reptilia,33135
4870784,fea840f3-0526-4a2a-8502-c1fe72eb8d10,2011/06/18 5:00 PM CDT,2011-06-18,2011-06-19 07:00:00 +0900,Central Time (US & Canada),147168,eric_keith,Eric Keith,2016-12-31 08:50:25 +0900,2017-02-04 02:08:32 +0900,research,CC-BY-NC,https://www.inaturalist.org/observations/4870784,https://inaturalist-open-data.s3.amazonaws.com/photos/5918270/medium.jpg,NA,NA,NA,2,0,FALSE,NA,"Randall County, TX, USA",34.9832011279,-101.6856014729,15,NA,NA,NA,15,NA,open,FALSE,NA,NA,Eastern Collared Lizard,Crotaphytus collaris,Eastern Collared Lizard,Reptilia,33135
4907589,2397e676-3487-414a-ade2-5859dc86ab5f,2015/07/07 10:28 AM CDT,2015-07-07,2015-07-08 00:28:00 +0900,Central Time (US & Canada),185080,krysta,Krysta Demere,2017-01-08 01:31:19 +0900,2023-08-25 20:44:25 +0900,research,NA,https://www.inaturalist.org/observations/4907589,https://static.inaturalist.org/photos/5973305/medium.jpg,NA,NA,Seen on the road to Cattail falls in Big Bend National Park,4,0,FALSE,NA,"Brewster County, TX, USA",29.2835888799,-103.3467793464,215,NA,NA,NA,215,NA,open,FALSE,NA,NA,Eastern Collared Lizard,Crotaphytus collaris,Eastern Collared Lizard,Reptilia,33135
4921425,44f59d05-28d6-4a84-8bc1-50956a053af1,2012/04/28 10:59 AM EDT,2012-04-28,2012-04-28 23:59:00 +0900,Eastern Time (US & Canada),388333,clint_morgan,Clint Morgan,2017-01-10 11:49:27 +0900,2017-01-16 08:03:56 +0900,research,CC-BY-NC,https://www.inaturalist.org/observations/4921425,https://inaturalist-open-data.s3.amazonaws.com/photos/5995228/medium.jpeg,NA,NA,NA,2,0,FALSE,NA,"Irion County, TX, USA",31.298501438,-101.2431335449,500,NA,NA,NA,500,NA,open,FALSE,NA,NA,Collared Lizards,Crotaphytus collaris,Eastern Collared Lizard,Reptilia,33135
4950155,610d0f31-834a-4bdd-83c7-edd0eec3ca5d,2004/06/02 12:30 PM EDT,2004-06-02,2004-06-03 01:30:00 +0900,Eastern Time (US & Canada),21469,biophyl,NA,2017-01-16 05:17:06 +0900,2017-01-17 02:32:14 +0900,research,CC-BY-NC,https://www.inaturalist.org/observations/4950155,https://inaturalist-open-data.s3.amazonaws.com/photos/6037727/medium.jpeg,NA,NA,NA,3,0,FALSE,NA,"Randall County, TX, USA",34.9287877822,-101.6582107544,244,NA,NA,NA,244,NA,open,FALSE,NA,NA,Eastern Collared Lizard,Crotaphytus collaris,Eastern Collared Lizard,Reptilia,33135
4981031,9c7e9ebb-b513-4c4a-9147-9f6aa244a4fb,2014/05/31 5:03 PM CDT,2014-05-31,2014-06-01 07:03:00 +0900,Central Time (US & Canada),318400,birdbug62,Candy McNamee,2017-01-21 13:16:31 +0900,2017-02-04 03:15:33 +0900,research,NA,https://www.inaturalist.org/observations/4981031,https://static.inaturalist.org/photos/6081654/medium.jpeg,NA,NA,NA,2,0,FALSE,NA,"Enchanted Rock, Texas 78643, USA",30.5065789,-98.8189304,NA,NA,NA,NA,NA,NA,open,FALSE,NA,NA,Eastern Collared Lizard,Crotaphytus collaris,Eastern Collared Lizard,Reptilia,33135
5122277,4194622a-41a9-4347-a0be-a6d0f5e4dccb,1986-06-04 11:45:00 AM CDT,1986-06-04,1986-06-05 01:45:00 +0900,Central Time (US & Canada),380122,dcarrie,Dawn Carrie,2017-02-17 12:42:25 +0900,2020-07-10 08:46:37 +0900,research,CC-BY-NC,https://www.inaturalist.org/observations/5122277,https://inaturalist-open-data.s3.amazonaws.com/photos/6301500/medium.jpeg,NA,NA,NA,2,0,FALSE,2,"Llano, TX 78643",30.732176014,-98.551813736,44028,NA,NA,NA,44028,NA,open,FALSE,gps,gps,lagartija de collar del altiplano,Crotaphytus collaris,Eastern Collared Lizard,Reptilia,33135
5254017,240e4d40-f81f-4c7d-9b36-84af4c515efa,2017/03/08 11:31 AM CST,2017-03-08,2017-03-09 02:31:00 +0900,Central Time (US & Canada),19402,chris_and_pamela_pipes,Chris (CP) and Pamela (PP) Pipes,2017-03-09 10:11:51 +0900,2024-09-13 06:44:29 +0900,research,CC0,https://www.inaturalist.org/observations/5254017,https://inaturalist-open-data.s3.amazonaws.com/photos/6501170/medium.jpeg,NA,NA,"Road killed. The lizard was struck by a government vehicle on a private (dirt/gravel) road, no posted speed limit, on government property in a rural area. Unknown what the lizard was doing at the time.  Photo by Art Fuentes of Fort Stockton.  Entry by CP.",2,0,FALSE,NA,"Pecos County, US-TX, US",30.8158331776,-102.946938346,5,"Pecos County, TX, USA",30.8721361111,-102.8478305556,29304,obscured,open,TRUE,NA,NA,Eastern Collared Lizard,Crotaphytus collaris,Eastern Collared Lizard,Reptilia,33135
5259126,60ff3f7c-ad55-47b7-8ad1-150a8d4e160f,2015/06/17 1:52 PM CDT,2015-06-17,2015-06-18 03:52:00 +0900,Central Time (US & Canada),419734,kari_dawn,NA,2017-03-10 03:58:39 +0900,2021-02-18 10:30:41 +0900,research,NA,https://www.inaturalist.org/observations/5259126,https://static.inaturalist.org/photos/6507875/medium.jpg,NA,NA,NA,2,0,FALSE,NA,"850 Caprock Canyon Park Road, Quitaque, TX 79255, USA",34.4369909,-101.0598617,194,NA,NA,NA,194,NA,open,FALSE,NA,NA,Eastern Collared Lizard,Crotaphytus collaris,Eastern Collared Lizard,Reptilia,33135
5259131,bf66be2e-25da-445c-ac8e-630360bc3601,2015/06/18 6:26 PM CDT,2015-06-18,2015-06-19 08:26:00 +0900,Central Time (US & Canada),419734,kari_dawn,NA,2017-03-10 03:58:40 +0900,2021-02-18 10:30:41 +0900,research,NA,https://www.inaturalist.org/observations/5259131,https://static.inaturalist.org/photos/6507882/medium.jpg,NA,NA,NA,2,0,FALSE,NA,"11450 State Hwy Park Rd 5, Canyon, TX 79015, USA",34.9372636,-101.6476154,193,NA,NA,NA,193,NA,open,FALSE,NA,NA,Eastern Collared Lizard,Crotaphytus collaris,Eastern Collared Lizard,Reptilia,33135
5259132,813ec8ea-5962-40c1-b220-e404404fb872,2015/06/18 6:39 PM CDT,2015-06-18,2015-06-19 08:39:00 +0900,Central Time (US & Canada),419734,kari_dawn,NA,2017-03-10 03:58:40 +0900,2021-02-18 10:30:41 +0900,research,NA,https://www.inaturalist.org/observations/5259132,https://static.inaturalist.org/photos/6507886/medium.jpg,NA,NA,NA,1,0,FALSE,NA,"11450 State Hwy Park Rd 5, Canyon, TX 79015, USA",34.9372636,-101.6476154,193,NA,NA,NA,193,NA,open,FALSE,NA,NA,Eastern Collared Lizard,Crotaphytus collaris,Eastern Collared Lizard,Reptilia,33135
5259218,172c3e44-12de-4360-a5f3-134d0f8031c7,06/18/2015,2015-06-18,NA,Central Time (US & Canada),419734,kari_dawn,NA,2017-03-10 04:08:04 +0900,2021-02-18 10:30:41 +0900,research,NA,https://www.inaturalist.org/observations/5259218,https://static.inaturalist.org/photos/6508094/medium.jpg,NA,NA,NA,3,0,FALSE,NA,Caprock Canyon State park,34.436991,-101.059862,NA,NA,NA,NA,NA,NA,open,FALSE,NA,NA,lagartija de collar del altiplano,Crotaphytus collaris,Eastern Collared Lizard,Reptilia,33135
5259251,8459d74b-0d5c-4c74-ba10-f88495f8c36f,06/18/2015,2015-06-18,NA,Central Time (US & Canada),419734,kari_dawn,NA,2017-03-10 04:11:33 +0900,2017-03-10 04:36:57 +0900,research,NA,https://www.inaturalist.org/observations/5259251,https://static.inaturalist.org/photos/6508133/medium.jpg,NA,NA,NA,1,0,FALSE,NA,Caprock Canyon State park,34.436991,-101.059862,NA,NA,NA,NA,NA,NA,open,FALSE,NA,NA,Eastern Collared Lizard,Crotaphytus collaris,Eastern Collared Lizard,Reptilia,33135
5289789,57be91fc-f9d0-4b68-8e13-b69dc7360ba3,2017-03-11 5:12:14 PM CST,2017-03-11,2017-03-12 08:12:14 +0900,Central Time (US & Canada),34495,troyhibbitts,Troy Hibbitts,2017-03-13 02:04:55 +0900,2017-03-17 01:26:48 +0900,research,NA,https://www.inaturalist.org/observations/5289789,https://static.inaturalist.org/photos/6543528/medium.jpeg,NA,NA,NA,3,0,FALSE,2,"Unnamed Road Ozona, TX 76943",31.0065821892,-101.026567965,11007,NA,NA,NA,11007,NA,open,FALSE,gps,gps,Eastern Collared Lizard,Crotaphytus collaris,Eastern Collared Lizard,Reptilia,33135
5350039,b15a0f7d-c10a-4e81-a278-e9ab31e8bba5,2009/05/04 2:29 PM CDT,2009-05-04,2009-05-05 04:29:00 +0900,Central Time (US & Canada),68260,ecarpe,Eric Carpenter,2017-03-16 10:09:28 +0900,2023-08-25 20:46:05 +0900,research,CC-BY-NC,https://www.inaturalist.org/observations/5350039,https://inaturalist-open-data.s3.amazonaws.com/photos/6587926/medium.jpeg,NA,NA,NA,3,0,FALSE,NA,"Pine Canyon, BBNP, Brewster County, TX, USA",29.2721744506,-103.2493400574,405,NA,NA,NA,405,NA,open,FALSE,NA,NA,Eastern Collared Lizard,Crotaphytus collaris,Eastern Collared Lizard,Reptilia,33135
5382137,3186a9ca-6570-4f3e-89af-f1d0bfd1a38c,Mon Mar 13 2017 15:10:01 GMT-0500 (CDT),2017-03-13,2017-03-14 05:10:01 +0900,Central Time (US & Canada),99899,rikimiller,Riki Miller,2017-03-18 04:41:17 +0900,2023-01-03 06:23:28 +0900,research,CC-BY-NC,https://www.inaturalist.org/observations/5382137,https://inaturalist-open-data.s3.amazonaws.com/photos/6608617/medium.jpg,NA,NA,"Thought it was a leaf blown under the rock. When I got down with the cellphone camera, I found this guy.",4,0,FALSE,3,"Inks Lake State Park, Burnet, TX, US",30.7330033333,-98.3715666667,NA,NA,NA,NA,NA,NA,open,FALSE,NA,NA,Eastern Collared Lizard,Crotaphytus collaris,Eastern Collared Lizard,Reptilia,33135
5401627,82556173-8712-455b-a9ec-b8cb552ab710,2017-03-19 12:56:00 PM CDT,2017-03-19,2017-03-20 02:56:00 +0900,Central Time (US & Canada),268311,dodomae98,Carl,2017-03-20 08:15:46 +0900,2023-08-25 20:46:00 +0900,research,CC-BY-NC,https://www.inaturalist.org/observations/5401627,https://inaturalist-open-data.s3.amazonaws.com/photos/6638287/medium.jpeg,NA,NA,"Juv, off hot springs trail from Rio Grande Village
SVL 2 3/8""
Tail  5 1/2""
Tail Base B 5/16""
Girth 15/16""
HL 3/4""
HW 11/16""",4,0,FALSE,2,"Hot Springs Trail Big Bend National Park, TX 79834",29.1880621475,-102.9752933979,172,NA,NA,NA,172,NA,open,FALSE,gps,gps,Eastern Collared Lizard,Crotaphytus collaris,Eastern Collared Lizard,Reptilia,33135
5417117,3a417f93-8a8b-474f-ae56-2eb5b95296b3,Tue Mar 21 2017 10:25:23 GMT-0500 (CDT),2017-03-21,2017-03-22 00:25:23 +0900,Central Time (US & Canada),18994,johnkarges,John Karges,2017-03-22 00:25:37 +0900,2018-10-26 13:25:11 +0900,research,CC-BY-NC,https://www.inaturalist.org/observations/5417117,https://inaturalist-open-data.s3.amazonaws.com/photos/6660045/medium.jpg,NA,"Crotaphytus collaris, Diamond Y Spring Preserve (TNC), Pecos County, Texas","31.0352 -102.9037231 
JPK-3116
Adult female beneath rock in chamber.",6,0,FALSE,3,"Diamond Y Spring Preserve, Pecos County, TX, US",31.0352004692,-102.9037231767,5,NA,NA,NA,5,NA,open,FALSE,NA,NA,Eastern Collared Lizard,Crotaphytus collaris,Eastern Collared Lizard,Reptilia,33135
5470430,eea57b97-3727-432c-b0a8-45a50b63fbd8,Sat Mar 25 2017 10:10:38 GMT-0500 (CDT),2017-03-25,2017-03-26 00:10:38 +0900,Central Time (US & Canada),173651,christinarscanlon,Christina Burns,2017-03-27 08:56:34 +0900,2018-10-26 13:25:10 +0900,research,CC-BY-NC,https://www.inaturalist.org/observations/5470430,https://inaturalist-open-data.s3.amazonaws.com/photos/6737171/medium.jpg,NA,NA,"Was flipping many rocks on hill slide of Bamberger Ranch Preserve and as I approached a rather larger rock, i flipped towards me and underneath the flat surface revealed this lizard trying to stay warm. Lizard and I were both in shock and I quickly reached down to grab lizard, and missed! This lizard then ran about 5 feet to the right near another rock, I chased it, and it ran back underneath the same initial rock. I was then able to reflip the rock and catch the lizard with my hands. It was not a very happy lizard as it was ready to bite anything that went near it's mouth.",4,0,FALSE,3,"78636, Johnson City, TX, US",30.1814116667,-98.4912633333,NA,NA,NA,NA,NA,NA,open,FALSE,NA,NA,Eastern Collared Lizard,Crotaphytus collaris,Eastern Collared Lizard,Reptilia,33135
5533582,74fe6fbe-ae33-4a27-bdf3-038d2b470ee1,Sat Apr 01 2017 17:44:17 GMT-0500 (CDT),2017-04-01,2017-04-02 07:44:17 +0900,Central Time (US & Canada),206492,wild-about-texas,Michael Price,2017-04-02 08:31:22 +0900,2023-07-07 01:28:55 +0900,research,CC-BY-NC,https://www.inaturalist.org/observations/5533582,https://inaturalist-open-data.s3.amazonaws.com/photos/6828614/medium.jpeg,NA,NA,NA,2,0,FALSE,3,"County Road 300, Eldorado, TX, US",30.9319625376,-100.4236949702,5,NA,NA,NA,5,NA,open,FALSE,NA,NA,Eastern Collared Lizard,Crotaphytus collaris,Eastern Collared Lizard,Reptilia,33135
5678915,27a99db0-735c-4faa-a6c1-5f1ee71bed3d,Wed Apr 12 2017 11:41:30 GMT-0500 (CDT),2017-04-12,2017-04-13 01:41:30 +0900,Central Time (US & Canada),144368,seaskymountains,Doug Brown,2017-04-14 07:08:31 +0900,2023-08-25 20:45:55 +0900,research,CC-BY-NC-ND,https://www.inaturalist.org/observations/5678915,https://inaturalist-open-data.s3.amazonaws.com/photos/7033890/medium.jpg,NA,NA,NA,4,0,FALSE,3,"Big Bend National Park, Brewster County, US-TX, US",29.1656816332,-103.6127435883,5,NA,NA,NA,5,NA,open,FALSE,NA,NA,Eastern Collared Lizard,Crotaphytus collaris,Eastern Collared Lizard,Reptilia,33135
5782882,f264ab48-2c4c-4c09-b87d-98ada17e8cda,2017/04/15 12:56 PM CDT,2017-04-15,2017-04-16 02:56:00 +0900,Central Time (US & Canada),9531,kucycads,Kenneth Bader,2017-04-17 14:24:40 +0900,2023-01-03 06:24:00 +0900,research,CC-BY-NC,https://www.inaturalist.org/observations/5782882,https://inaturalist-open-data.s3.amazonaws.com/photos/7183756/medium.jpeg,NA,NA,NA,5,0,FALSE,NA,"3630 Park Rd 4 W, Burnet, TX 78611, USA",30.732369,-98.3641348,852,NA,NA,NA,852,NA,open,FALSE,NA,NA,Eastern Collared Lizard,Crotaphytus collaris,Eastern Collared Lizard,Reptilia,33135
5875005,58016d72-7536-41c5-a007-2762afb128e4,2017-04-20 12:08:08 PM CDT,2017-04-20,2017-04-21 02:08:08 +0900,Central Time (US & Canada),450296,bluetip84,Jeremy,2017-04-21 04:30:15 +0900,2018-10-26 13:25:06 +0900,research,CC-BY-NC,https://www.inaturalist.org/observations/5875005,https://inaturalist-open-data.s3.amazonaws.com/photos/7319898/medium.jpeg,NA,NA,NA,3,0,FALSE,2,"Morales Road Fort McKavett, TX 76841",30.7267264419,-100.07665459,2064,NA,NA,NA,2064,NA,open,FALSE,gps,gps,Eastern Collared Lizard,Crotaphytus collaris,Eastern Collared Lizard,Reptilia,33135
5948508,0aed193c-dbb2-426a-8617-7fe12a4c20f8,Mon Apr 24 2017 15:02:44 GMT-0500 (CDT),2017-04-24,2017-04-25 05:02:44 +0900,Central Time (US & Canada),405759,wild_irish_rose,Rose Cassidy,2017-04-25 12:55:10 +0900,2018-10-26 13:25:08 +0900,research,CC-BY-NC,https://www.inaturalist.org/observations/5948508,https://inaturalist-open-data.s3.amazonaws.com/photos/7429050/medium.jpg,NA,NA,NA,3,0,FALSE,3,"Palo Duro Canyon State Park, Canyon, TX, US",34.9348674134,-101.660321282,2761,NA,NA,NA,2761,NA,open,FALSE,NA,NA,Eastern Collared Lizard,Crotaphytus collaris,Eastern Collared Lizard,Reptilia,33135
6031424,34ff49fd-6c50-4ca4-bcc3-d8521b60d49a,2017/04/24 2:12 PM CDT,2017-04-24,2017-04-25 04:12:00 +0900,Central Time (US & Canada),43591,wildcarrot,Meghan Cassidy,2017-05-01 10:33:36 +0900,2018-10-26 13:25:11 +0900,research,CC-BY-SA,https://www.inaturalist.org/observations/6031424,https://inaturalist-open-data.s3.amazonaws.com/photos/7550719/medium.jpg,NA,"Canon, Canon 100mm-400mm IS II, Canon 70D, Canyon, Lizards, Palo Duro Canyon State Park, Reptiles, Texas",NA,4,0,FALSE,NA,"Randall County, TX, USA",34.975425,-101.677295,NA,NA,NA,NA,NA,NA,open,FALSE,NA,NA,Eastern Collared Lizard,Crotaphytus collaris,Eastern Collared Lizard,Reptilia,33135
6074305,c97ab064-6c49-4ff7-a532-ae96c0855db9,Wed May 03 2017 11:36:07 GMT-0500 (CDT),2017-05-03,2017-05-04 01:36:07 +0900,Central Time (US & Canada),206492,wild-about-texas,Michael Price,2017-05-04 01:36:36 +0900,2023-07-07 01:17:41 +0900,research,CC-BY-NC,https://www.inaturalist.org/observations/6074305,https://inaturalist-open-data.s3.amazonaws.com/photos/7602343/medium.jpeg,NA,NA,Gravid female,3,0,FALSE,3,"Texas, US",31.1575601526,-100.1164267564,5,"County Road 2275, Eden, TX, US",31.1568005523,-100.084068887,29278,obscured,open,TRUE,NA,NA,Eastern Collared Lizard,Crotaphytus collaris,Eastern Collared Lizard,Reptilia,33135
6074412,258b2f3a-6b41-4165-9304-7ea560399bc0,Wed May 03 2017 11:42:19 GMT-0500 (CDT),2017-05-03,2017-05-04 01:42:19 +0900,Central Time (US & Canada),206492,wild-about-texas,Michael Price,2017-05-04 01:43:11 +0900,2023-07-07 01:14:52 +0900,research,CC-BY-NC,https://www.inaturalist.org/observations/6074412,https://inaturalist-open-data.s3.amazonaws.com/photos/7600188/medium.jpeg,NA,NA,NA,3,0,FALSE,3,"County Road 2275, Eden, TX, US",31.1558300536,-100.0622908586,5,NA,NA,NA,5,NA,open,FALSE,NA,NA,Eastern Collared Lizard,Crotaphytus collaris,Eastern Collared Lizard,Reptilia,33135
6074535,841a654a-7a2f-4598-a3e8-56521637bb1a,Wed May 03 2017 11:56:15 GMT-0500 (CDT),2017-05-03,2017-05-04 01:56:15 +0900,Central Time (US & Canada),206492,wild-about-texas,Michael Price,2017-05-04 01:56:40 +0900,2023-07-07 01:17:44 +0900,research,CC-BY-NC,https://www.inaturalist.org/observations/6074535,https://inaturalist-open-data.s3.amazonaws.com/photos/7602397/medium.jpeg,NA,NA,Male (female was basking at base of this rock - did not observe until a few seconds after the male departed...),3,0,FALSE,3,"Texas, US",31.1680754552,-100.0845719817,5,"County Road 2275, Eden, TX, US",31.0922533181,-100.0659540855,29278,obscured,open,TRUE,NA,NA,Eastern Collared Lizard,Crotaphytus collaris,Eastern Collared Lizard,Reptilia,33135
6074542,3a415805-e2c4-4078-b45e-777506bfcf6b,Wed May 03 2017 11:57:10 GMT-0500 (CDT),2017-05-03,2017-05-04 01:57:10 +0900,Central Time (US & Canada),206492,wild-about-texas,Michael Price,2017-05-04 01:57:41 +0900,2023-07-07 01:17:48 +0900,research,CC-BY-NC,https://www.inaturalist.org/observations/6074542,https://inaturalist-open-data.s3.amazonaws.com/photos/7602472/medium.jpeg,NA,NA,"Post-partum female... was basking at the base of the same rock as the male in observation:
http://www.inaturalist.org/observations/6074535
",3,0,FALSE,3,"Texas, US",31.0920131734,-100.152299234,5,"County Road 2275, Eden, TX, US",31.0922491271,-100.0659940672,29278,obscured,open,TRUE,NA,NA,Eastern Collared Lizard,Crotaphytus collaris,Eastern Collared Lizard,Reptilia,33135
6100961,0eecebe1-a7d2-47a9-8740-3ff39ef2dbf0,2017/05/04 4:14 PM CDT,2017-05-04,2017-05-05 06:14:00 +0900,Central Time (US & Canada),115786,oddfitz,Todd Fitzgerald,2017-05-06 01:35:26 +0900,2020-05-13 10:34:15 +0900,research,CC-BY-NC,https://www.inaturalist.org/observations/6100961,https://inaturalist-open-data.s3.amazonaws.com/photos/7632335/medium.jpg,NA,NA,NA,2,0,FALSE,NA,"Cottle County, TX, USA",34.1568569969,-100.4246681929,4,NA,NA,NA,4,NA,open,FALSE,NA,NA,Eastern Collared Lizard,Crotaphytus collaris,Eastern Collared Lizard,Reptilia,33135
6162351,efa70b1d-d836-4563-96c0-f3fdacee0ac8,2017/03/28 1:01 PM CDT,2017-03-28,2017-03-29 03:01:00 +0900,Central Time (US & Canada),10766,connor22,Connor Adams,2017-05-11 04:08:00 +0900,2018-10-26 13:23:19 +0900,research,NA,https://www.inaturalist.org/observations/6162351,https://static.inaturalist.org/photos/7727089/medium.jpeg,NA,NA,NA,2,0,FALSE,NA,"Crockett County, TX, USA",31.0199866714,-101.159362793,36134,NA,NA,NA,36134,NA,open,FALSE,NA,NA,Eastern Collared Lizard,Crotaphytus collaris,Eastern Collared Lizard,Reptilia,33135
6170494,e1630a47-a456-45ae-af5f-b9976e26936a,2016/06/11 10:55 AM CDT,2016-06-11,2016-06-12 00:55:00 +0900,Central Time (US & Canada),24857,andrewbrinker,Andrew Brinker,2017-05-12 00:51:14 +0900,2018-10-26 13:23:19 +0900,research,CC-BY-NC,https://www.inaturalist.org/observations/6170494,https://inaturalist-open-data.s3.amazonaws.com/photos/7739975/medium.jpeg,NA,NA,NA,3,0,FALSE,NA,"Menard County, TX, USA",30.8660850291,-100.029219389,15,NA,NA,NA,15,NA,open,FALSE,NA,NA,Eastern Collared Lizard,Crotaphytus collaris,Eastern Collared Lizard,Reptilia,33135
6214122,4056e947-bebb-4993-8e9b-6b6bffef9244,2017-05-14 8:00:56 PM CDT,2017-05-14,2017-05-15 10:00:56 +0900,Central Time (US & Canada),387685,robsrip,NA,2017-05-15 10:02:30 +0900,2022-05-07 20:41:14 +0900,research,NA,https://www.inaturalist.org/observations/6214122,https://static.inaturalist.org/photos/7805707/medium.jpeg,NA,NA,NA,3,0,FALSE,2,"Llano, TX 78643",30.5034785608,-98.820048719,1376,NA,NA,NA,1376,NA,open,FALSE,NA,NA,Eastern Collared Lizard,Crotaphytus collaris,Eastern Collared Lizard,Reptilia,33135
6254190,7019c69e-9efa-4e43-be98-0d2ad13a82d9,2016/05/26 10:30 AM,2016-05-26,2016-05-27 00:30:00 +0900,Central Time (US & Canada),201832,conormcmahon,Conor McMahon,2017-05-18 10:23:00 +0900,2018-10-26 13:23:17 +0900,research,CC-BY-NC,https://www.inaturalist.org/observations/6254190,https://inaturalist-open-data.s3.amazonaws.com/photos/7863265/medium.jpg,NA,NA,"On the wall here along the road right on the edge of the lake! The landward side of the road here is very scrubby and open desert. 
Sunny, 81F, dry, moderate wind. Watched me very calmly while I stayed in the car, but skedaddled as soon as I opened the door. Relatively small and slender for this species, but still larger than most other lizards I've seen in Texas.",2,0,FALSE,NA,"Reeves County, TX, USA",30.9680053071,-103.7140381336,15,NA,NA,NA,15,NA,open,FALSE,NA,NA,Eastern Collared Lizard,Crotaphytus collaris,Eastern Collared Lizard,Reptilia,33135
6264692,3a174425-e928-49f5-b4b4-777a5949966f,2017-05-18 12:53:01 PM CDT,2017-05-18,2017-05-19 02:53:01 +0900,Central Time (US & Canada),178937,dilljone,Dillon Jones,2017-05-19 06:42:01 +0900,2018-10-26 13:23:17 +0900,research,CC-BY-NC,https://www.inaturalist.org/observations/6264692,https://inaturalist-open-data.s3.amazonaws.com/photos/7879217/medium.jpeg,NA,NA,NA,2,0,FALSE,2,"Randall County, US-TX, US",34.93886806,-101.64079266,22,NA,NA,NA,22,NA,open,FALSE,NA,NA,Eastern Collared Lizard,Crotaphytus collaris,Eastern Collared Lizard,Reptilia,33135
6266746,85060dec-0878-4aba-843a-64a9e1525e2e,2017-05-18 11:52:30 AM CDT,2017-05-18,2017-05-19 01:52:30 +0900,Central Time (US & Canada),6690,sandboa,Chris Harrison,2017-05-19 10:04:38 +0900,2024-09-24 01:19:19 +0900,research,CC-BY,https://www.inaturalist.org/observations/6266746,https://inaturalist-open-data.s3.amazonaws.com/photos/7882368/medium.jpeg,NA,NA,NA,2,0,FALSE,2,"Texas, US",31.1512636679,-101.0472745131,5,"Unnamed Road Ozona, TX 76943",31.01394732,-101.0146634,29278,obscured,open,TRUE,NA,NA,Eastern Collared Lizard,Crotaphytus collaris,Eastern Collared Lizard,Reptilia,33135
6269227,d27332a9-2aa0-48d1-9cd9-4cbe3238a3f4,Fri May 05 2017 22:21:57 GMT-0500 (CDT),2017-05-05,2017-05-06 12:21:57 +0900,Central Time (US & Canada),66466,dracorjc,Ryan Collister,2017-05-19 14:17:13 +0900,2024-10-02 04:39:29 +0900,research,CC-BY-NC,https://www.inaturalist.org/observations/6269227,https://inaturalist-open-data.s3.amazonaws.com/photos/7886733/medium.jpg,NA,NA,DOR,5,0,FALSE,3,"Big Bend Ranch State Park, Marfa, TX, US",29.3218966667,-104.0087583333,NA,NA,NA,NA,NA,NA,open,FALSE,NA,NA,Eastern Collared Lizard,Crotaphytus collaris,Eastern Collared Lizard,Reptilia,33135
6359332,748562dd-d71c-4a8d-815b-b1f56b6ed603,2017-05-01 10:32:23 AM MDT,2017-05-01,2017-05-02 01:32:23 +0900,Mountain Time (US & Canada),403832,xaviergutierrez2,Xavier Gutierrez,2017-05-26 04:42:40 +0900,2018-10-26 13:23:07 +0900,research,NA,https://www.inaturalist.org/observations/6359332,https://static.inaturalist.org/photos/8020254/medium.jpeg,NA,NA,NA,3,0,FALSE,2,"West Cottonwood Spring Trail El Paso, TX 79934",31.9144696401,-106.504153758,2752,NA,NA,NA,2752,NA,open,FALSE,gps,gps,Eastern Collared Lizard,Crotaphytus collaris,Eastern Collared Lizard,Reptilia,33135
6412047,650dd48e-0b61-4b53-ba96-3e43afb1a9c9,Thu May 25 2017 13:15:16 GMT-0500 (CDT),2017-05-25,2017-05-26 03:15:16 +0900,Central Time (US & Canada),150198,benwalker505,Ben,2017-05-29 12:25:23 +0900,2018-10-26 13:23:12 +0900,research,CC-BY-NC,https://www.inaturalist.org/observations/6412047,https://inaturalist-open-data.s3.amazonaws.com/photos/8091262/medium.jpg,NA,NA,Sunning on dirt road.  Not sure if its eastern or not.,2,0,FALSE,3,"County Road 408, Eldorado, TX, US",30.9316716667,-100.7178333333,NA,NA,NA,NA,NA,NA,open,FALSE,NA,NA,Eastern Collared Lizard,Crotaphytus collaris,Eastern Collared Lizard,Reptilia,33135
6420987,ecfadbe2-de43-4903-b75f-3481e84dfc0e,2017-05-29,2017-05-29,NA,Central Time (US & Canada),487605,rcypert,NA,2017-05-30 06:11:49 +0900,2023-04-28 06:11:46 +0900,research,CC-BY-NC,https://www.inaturalist.org/observations/6420987,https://inaturalist-open-data.s3.amazonaws.com/photos/8105690/medium.jpeg,NA,"Sonoran collared lizard, Odessa, reptile","Yellow with brown spots all over, a white underbelly, and two black stripes on both sides of it's neck making it look like it has two collars on. It's toes are clawed with the back legs having two extra long toes each. It does appear to have a beard but may be flaps.",4,0,FALSE,NA,Odessa texas,31.732839,-102.476177,225,NA,NA,NA,225,NA,open,FALSE,NA,NA,Eastern Collared Lizard,Crotaphytus collaris,Eastern Collared Lizard,Reptilia,33135
6461946,00911f1d-efb6-4207-9683-2ed16b47dae4,2017/05/05 4:27 PM CDT,2017-05-05,2017-05-06 06:27:00 +0900,Central Time (US & Canada),16488,dneuharth,Dalton Neuharth,2017-06-02 10:08:37 +0900,2019-05-10 02:56:59 +0900,research,CC-BY-NC,https://www.inaturalist.org/observations/6461946,https://inaturalist-open-data.s3.amazonaws.com/photos/8168569/medium.jpeg,NA,NA,NA,2,0,FALSE,NA,"Texas, US",30.8003962715,-101.3486672372,3471,"Crockett County, TX, USA",30.9387464426,-101.203994751,29304,obscured,open,TRUE,NA,NA,Eastern Collared Lizard,Crotaphytus collaris,Eastern Collared Lizard,Reptilia,33135
6465033,889169cc-7b95-4df4-a971-4e05032e49c2,Thu Jun 01 2017 21:48:05 GMT-0500 (CDT),2017-06-01,2017-06-02 11:48:05 +0900,Central Time (US & Canada),21609,trans-pecos-herpetology,R. Reed McClure,2017-06-02 16:52:01 +0900,2023-08-26 01:40:39 +0900,research,NA,https://www.inaturalist.org/observations/6465033,https://static.inaturalist.org/photos/8173889/medium.jpg,NA,NA,NA,4,0,FALSE,3,"Brewster County, US-TX, US",29.4974944391,-102.9115807064,NA,"RM 2627, Big Bend National Park, TX, US",29.5659666667,-102.9587083333,29483,obscured,open,TRUE,NA,NA,Eastern Collared Lizard,Crotaphytus collaris,Eastern Collared Lizard,Reptilia,33135
6552497,7ec88199-c266-462b-ade5-9dde908ca155,Sun Jun 19 2016 11:26:29 GMT-0500 (CDT),2016-06-19,2016-06-20 01:26:29 +0900,Central Time (US & Canada),503806,vechiles3,Trey Chiles,2017-06-09 06:26:03 +0900,2018-10-26 13:23:04 +0900,research,CC-BY-NC,https://www.inaturalist.org/observations/6552497,https://inaturalist-open-data.s3.amazonaws.com/photos/8307996/medium.jpg,NA,NA,NA,2,0,FALSE,3,"79502, Aspermont, TX, US",33.0519323786,-100.5101478072,70,NA,NA,NA,70,NA,open,FALSE,NA,NA,Eastern Collared Lizard,Crotaphytus collaris,Eastern Collared Lizard,Reptilia,33135
6570073,b7b1916d-1636-44dc-abfc-20e9f04b3c5f,Fri Jun 09 2017 12:17:38 GMT-0500 (CDT),2017-06-09,2017-06-10 02:17:38 +0900,Central Time (US & Canada),109125,jrotzeke,NA,2017-06-10 12:33:47 +0900,2018-10-26 13:23:04 +0900,research,CC-BY-NC,https://www.inaturalist.org/observations/6570073,https://inaturalist-open-data.s3.amazonaws.com/photos/8335733/medium.jpg,NA,NA,NA,2,0,FALSE,3,"Texas, US",30.8491465093,-101.110838259,5,"Texas, US",30.9249035502,-101.1787863449,29304,obscured,open,TRUE,NA,NA,Eastern Collared Lizard,Crotaphytus collaris,Eastern Collared Lizard,Reptilia,33135
6591455,c8e85d95-e091-4cf9-bae7-56c651b2a835,Sat Jun 10 2017 09:18:04 GMT-0600 (MDT),2017-06-10,2017-06-11 00:18:04 +0900,Mountain Time (US & Canada),174073,santillanaale,Alejandro Santillana,2017-06-12 01:42:40 +0900,2022-12-20 05:41:37 +0900,research,CC0,https://www.inaturalist.org/observations/6591455,https://inaturalist-open-data.s3.amazonaws.com/photos/8366702/medium.jpg,NA,NA,NA,1,0,FALSE,3,"Franklin Mountains State Park, El Paso, TX, US",31.9309383333,-106.5140133333,NA,NA,NA,NA,NA,NA,open,FALSE,NA,NA,Eastern Collared Lizard,Crotaphytus collaris,Eastern Collared Lizard,Reptilia,33135
6673237,f2a957fe-cb0f-4862-af18-64485b5ecf21,2017-06-15 5:26:24 PM CDT,2017-06-15,2017-06-16 07:26:24 +0900,Central Time (US & Canada),209047,jsiegma,Jennifer Siegmann,2017-06-16 08:54:38 +0900,2021-04-10 21:54:50 +0900,research,CC0,https://www.inaturalist.org/observations/6673237,https://inaturalist-open-data.s3.amazonaws.com/photos/8457093/medium.jpeg,NA,NA,NA,1,0,FALSE,2,Capulin Volcano National Monument,35.1122071639,-101.9208248903,6,NA,NA,NA,6,NA,open,FALSE,NA,NA,Eastern Collared Lizard,Crotaphytus collaris,Eastern Collared Lizard,Reptilia,33135
6731725,aa0707e1-c910-48ea-b01e-0fa16f038ab3,2017/06/18 5:23 PM CDT,2017-06-18,2017-06-19 07:23:00 +0900,Central Time (US & Canada),115786,oddfitz,Todd Fitzgerald,2017-06-21 01:55:43 +0900,2020-05-13 10:35:28 +0900,research,CC-BY-NC,https://www.inaturalist.org/observations/6731725,https://inaturalist-open-data.s3.amazonaws.com/photos/8545920/medium.jpeg,NA,NA,NA,2,0,FALSE,NA,"Randall County, TX, USA",34.9844135501,-101.688570678,4,NA,NA,NA,4,NA,open,FALSE,NA,NA,Eastern Collared Lizard,Crotaphytus collaris,Eastern Collared Lizard,Reptilia,33135
6741544,ce2e1c4a-429a-41b0-902b-9f1c26761b0b,Tue Jun 20 2017 12:27:37 GMT-0600 (MDT),2017-06-20,2017-06-21 03:27:37 +0900,Mountain Time (US & Canada),443354,littlenickles,Marissa Little,2017-06-21 21:52:04 +0900,2018-10-26 13:27:13 +0900,research,CC-BY-NC,https://www.inaturalist.org/observations/6741544,https://inaturalist-open-data.s3.amazonaws.com/photos/8561452/medium.jpg,NA,NA,Wow!! Never seen this before. Amazing.,2,0,FALSE,3,"Palo Duro Canyon State Park, Canyon, TX, US",34.9538712552,-101.682681444,215,NA,NA,NA,215,NA,open,FALSE,NA,NA,Eastern Collared Lizard,Crotaphytus collaris,Eastern Collared Lizard,Reptilia,33135
6768950,29deebab-8d68-4719-8376-26d83ff1c8d7,Fri Jun 09 2017 15:20:30 GMT-0500 (CDT),2017-06-09,2017-06-10 05:20:30 +0900,Central Time (US & Canada),516345,francisco_torres,NA,2017-06-24 05:14:50 +0900,2018-10-26 13:27:10 +0900,research,NA,https://www.inaturalist.org/observations/6768950,https://static.inaturalist.org/photos/8602495/medium.jpg,NA,NA,NA,2,0,FALSE,3,"78636, Johnson City, TX, US",30.2000033333,-98.4599833333,NA,NA,NA,NA,NA,NA,open,FALSE,NA,NA,Eastern Collared Lizard,Crotaphytus collaris,Eastern Collared Lizard,Reptilia,33135
6802345,dc9dbd0e-0db1-469d-916e-8c374eb450c3,Sat Jun 24 2017 20:04:53 GMT-0500 (CDT),2017-06-24,2017-06-25 10:04:53 +0900,Central Time (US & Canada),18780,hydaticus,Robby Deans,2017-06-26 11:18:27 +0900,2023-08-25 20:44:06 +0900,research,CC-BY-NC,https://www.inaturalist.org/observations/6802345,https://inaturalist-open-data.s3.amazonaws.com/photos/8654444/medium.jpg,NA,NA,NA,3,0,FALSE,3,"US-385 S, Marathon, TX, US",29.8301166667,-103.2175216667,NA,NA,NA,NA,NA,NA,open,FALSE,NA,NA,Eastern Collared Lizard,Crotaphytus collaris,Eastern Collared Lizard,Reptilia,33135
6812272,8f07502c-fcf4-4cec-9daf-d79b23b709f2,2009/06/25 8:02 PM CDT,2009-06-25,2009-06-26 10:02:00 +0900,Central Time (US & Canada),19402,chris_and_pamela_pipes,Chris (CP) and Pamela (PP) Pipes,2017-06-27 05:42:45 +0900,2024-09-13 06:44:29 +0900,research,CC0,https://www.inaturalist.org/observations/6812272,https://inaturalist-open-data.s3.amazonaws.com/photos/8668831/medium.jpg,NA,NA,Somewhere in the Franklin Mountains State Park. Photo & entry by CP.,2,0,FALSE,NA,"El Paso, TX, USA",31.9155596332,-106.5024518967,1000,NA,NA,NA,1000,NA,open,FALSE,NA,NA,Eastern Collared Lizard,Crotaphytus collaris,Eastern Collared Lizard,Reptilia,33135
6894724,446c0ad8-f91e-46a1-882d-cc586412871d,2017/06/30 10:43 AM CDT,2017-06-30,2017-07-01 00:43:00 +0900,Central Time (US & Canada),9560,dianaterryhibbitts,Diana-Terry Hibbitts,2017-07-03 09:08:44 +0900,2018-10-26 13:27:08 +0900,research,CC-BY-NC,https://www.inaturalist.org/observations/6894724,https://inaturalist-open-data.s3.amazonaws.com/photos/8796577/medium.jpg,NA,NA,breeding female,3,0,FALSE,NA,"Val Verde County, TX, USA",30.0516894322,-101.6769218445,122,NA,NA,NA,122,NA,open,FALSE,NA,NA,Eastern Collared Lizard,Crotaphytus collaris,Eastern Collared Lizard,Reptilia,33135
6909287,5ae9130e-85d4-46ac-9701-654f9807a7be,Wed Aug 12 2015 11:39:44 GMT-0500 (CDT),2015-08-12,2015-08-13 01:39:44 +0900,Central Time (US & Canada),523707,marshmj,NA,2017-07-04 09:06:16 +0900,2018-10-26 13:27:07 +0900,research,NA,https://www.inaturalist.org/observations/6909287,https://static.inaturalist.org/photos/8820080/medium.jpg,NA,NA,NA,3,0,FALSE,3,"Palo Duro Canyon State Park, Canyon, TX, US",34.9503883333,-101.689055,NA,NA,NA,NA,NA,NA,open,FALSE,NA,NA,Eastern Collared Lizard,Crotaphytus collaris,Eastern Collared Lizard,Reptilia,33135
6928597,17e08682-9d21-49f5-9d40-4e1aecafa4da,2017-06-30 9:58:07 AM CDT,2017-06-30,2017-06-30 23:58:07 +0900,Central Time (US & Canada),34495,troyhibbitts,Troy Hibbitts,2017-07-05 21:50:13 +0900,2018-10-26 13:27:04 +0900,research,NA,https://www.inaturalist.org/observations/6928597,https://static.inaturalist.org/photos/9883875/medium.jpeg,NA,NA,NA,2,0,FALSE,2,"Val Verde County, US-TX, US",30.051164991,-101.6962785982,4,NA,NA,NA,4,NA,open,FALSE,NA,NA,Eastern Collared Lizard,Crotaphytus collaris,Eastern Collared Lizard,Reptilia,33135
6949324,efe05937-94bc-4949-9d95-53a5f3e722cf,2017/07/05 2:30 PM CDT,2017-07-05,2017-07-06 04:30:00 +0900,Central Time (US & Canada),173577,salamandersquad,Simon Scarpetta,2017-07-07 10:35:33 +0900,2021-02-11 00:55:57 +0900,research,CC-BY-NC,https://www.inaturalist.org/observations/6949324,https://static.inaturalist.org/photos/8883429/medium.jpg,NA,"Crotaphytus, Texas",DOR,4,0,FALSE,NA,"Texas, US",30.4557633305,-98.9635144931,757,"Gillespie County, TX, USA",30.4952527778,-98.822875,29356,obscured,open,TRUE,NA,NA,Eastern Collared Lizard,Crotaphytus collaris,Eastern Collared Lizard,Reptilia,33135
7028213,11a5c17a-4b7e-40d6-ba74-191d9467b960,Fri Jun 16 2017 14:08:45 GMT-0500 (CDT),2017-06-16,2017-06-17 04:08:45 +0900,Central Time (US & Canada),88101,jcaceves,NA,2017-07-13 06:02:06 +0900,2018-10-26 13:27:05 +0900,research,NA,https://www.inaturalist.org/observations/7028213,https://static.inaturalist.org/photos/9014265/medium.jpg,NA,NA,NA,3,0,FALSE,3,"Terrell County, US-TX, US",30.08069,-102.373605,5,NA,NA,NA,5,NA,open,FALSE,NA,NA,Eastern Collared Lizard,Crotaphytus collaris,Eastern Collared Lizard,Reptilia,33135
7064852,458f6e0e-6a89-4565-af63-b7239b4146f8,Sat Jul 15 2017 11:17:21 GMT-0500 (CDT),2017-07-15,2017-07-16 01:17:21 +0900,Central Time (US & Canada),483798,aspectcamper,NA,2017-07-16 04:38:23 +0900,2025-03-08 10:23:22 +0900,research,NA,https://www.inaturalist.org/observations/7064852,https://static.inaturalist.org/photos/9070911/medium.jpg,NA,NA,NA,3,0,FALSE,3,"Alibates Flint Quarries National Monument, Amarillo, TX, US",35.5847262515,-101.676542133,1729,NA,NA,NA,1729,NA,open,FALSE,NA,NA,Eastern Collared Lizard,Crotaphytus collaris collaris,Eastern Collared Lizard,Reptilia,115559
7111459,bd90a9e9-6dca-48be-bda6-b7e3dcb8eaef,Tue Jul 18 2017 18:26:27 GMT-0500 (CDT),2017-07-18,2017-07-19 08:26:27 +0900,Central Time (US & Canada),537019,reaper3223,NA,2017-07-19 10:41:30 +0900,2018-10-26 13:27:06 +0900,research,NA,https://www.inaturalist.org/observations/7111459,https://static.inaturalist.org/photos/9145172/medium.jpg,NA,NA,NA,3,0,FALSE,3,"J St, Canyon, TX, US",35.0157630343,-101.8875100012,98,NA,NA,NA,98,NA,open,FALSE,NA,NA,Eastern Collared Lizard,Crotaphytus collaris,Eastern Collared Lizard,Reptilia,33135
7148793,632720de-9199-4d19-82e3-78e33520b92d,2014-04-30 13:43:57,2014-04-30,2014-05-01 03:43:57 +0900,Central Time (US & Canada),24071,bob777,Bob O'Kennon,2017-07-22 06:32:06 +0900,2025-01-24 12:00:28 +0900,research,CC-BY-NC,https://www.inaturalist.org/observations/7148793,https://inaturalist-open-data.s3.amazonaws.com/photos/9205399/medium.jpeg,NA,NA,NA,2,0,FALSE,NA,Enchanted Rock State Natural Area,30.506644,-98.818319,2,NA,NA,NA,2,NA,open,FALSE,NA,NA,Eastern Collared Lizard,Crotaphytus collaris,Eastern Collared Lizard,Reptilia,33135
7279154,652f2d70-f23d-41fb-b785-3d9cf9fff8a5,2005/05/26 3:44 PM CDT,2005-05-26,2005-05-27 05:44:00 +0900,Central Time (US & Canada),284358,bill40,Bill Bettilyon,2017-07-31 02:05:29 +0900,2020-09-06 02:24:57 +0900,research,CC-BY-NC,https://www.inaturalist.org/observations/7279154,https://inaturalist-open-data.s3.amazonaws.com/photos/9412188/medium.jpg,NA,NA,NA,4,0,FALSE,NA,"16710 Ranch Road 965, Fredericksburg, TX 78624, USA",30.50613,-98.820064,197,NA,NA,NA,197,NA,open,FALSE,NA,NA,Eastern Collared Lizard,Crotaphytus collaris,Eastern Collared Lizard,Reptilia,33135
7478715,d89e7f5d-4caf-4816-b99e-53ecf449616b,2017-07-13 10:37:16 AM CDT,2017-07-13,2017-07-14 00:37:16 +0900,Central Time (US & Canada),569524,theloon2,Mary,2017-08-14 03:11:58 +0900,2023-04-24 22:35:25 +0900,research,CC-BY-NC,https://www.inaturalist.org/observations/7478715,https://inaturalist-open-data.s3.amazonaws.com/photos/9736214/medium.jpeg,NA,NA,NA,3,1,FALSE,2,"CCC Trail, Canyon, TX 79015, USA",34.9819450378,-101.6894454956,NA,NA,NA,NA,NA,NA,open,FALSE,gps,gps,Eastern Collared Lizard,Crotaphytus collaris,Eastern Collared Lizard,Reptilia,33135
7498699,0c9465c1-976a-4fb1-bdcd-02c7fdf69e0c,Tue Jul 28 2015 16:51:53 GMT-0500 (CDT),2015-07-28,2015-07-29 06:51:53 +0900,Central Time (US & Canada),456966,aa5tb,Stephen Yates,2017-08-15 07:25:11 +0900,2017-08-15 11:25:33 +0900,research,NA,https://www.inaturalist.org/observations/7498699,https://static.inaturalist.org/photos/9769108/medium.jpg,NA,NA,NA,1,0,FALSE,3,"Palo Duro Canyon State Park, Canyon, TX, US",34.9340301108,-101.6486144758,19,NA,NA,NA,19,NA,open,FALSE,NA,NA,Eastern Collared Lizard,Crotaphytus collaris,Eastern Collared Lizard,Reptilia,33135
7750581,40649b82-0f06-4bdd-8c7c-6f901f535ff4,2017/08/29 12:26 PM CDT,2017-08-29,2017-08-30 02:26:00 +0900,Central Time (US & Canada),72880,charley,NA,2017-09-03 02:13:37 +0900,2023-08-25 20:43:53 +0900,research,CC-BY-NC,https://www.inaturalist.org/observations/7750581,https://inaturalist-open-data.s3.amazonaws.com/photos/10176139/medium.jpeg,NA,NA,NA,3,0,FALSE,NA,"Big Bend National Park, Brewster, Texas, United States",29.4004033333,-103.2164533333,NA,NA,NA,NA,NA,NA,open,FALSE,NA,NA,Eastern Collared Lizard,Crotaphytus collaris,Eastern Collared Lizard,Reptilia,33135
7951434,fb6c9228-c24d-48d9-9338-b6b7ed5f5f11,Sat Sep 16 2017 12:18:32 GMT-0500 (CDT),2017-09-16,2017-09-17 02:18:32 +0900,Central Time (US & Canada),174073,santillanaale,Alejandro Santillana,2017-09-17 06:42:05 +0900,2022-12-20 05:41:37 +0900,research,CC0,https://www.inaturalist.org/observations/7951434,https://inaturalist-open-data.s3.amazonaws.com/photos/10503350/medium.jpg,NA,NA,NA,2,0,FALSE,3,"Balcones Canyonlands National Wildlife Refuge, Marble Falls, TX, US",30.6176616667,-98.0657361667,NA,NA,NA,NA,NA,NA,open,FALSE,NA,NA,Eastern Collared Lizard,Crotaphytus collaris,Eastern Collared Lizard,Reptilia,33135
8527694,cc1e7bd7-1c91-4522-bec9-0827576b60ad,Mon Oct 23 2017 16:36:12 GMT-0500 (CDT),2017-10-23,2017-10-24 06:36:12 +0900,Central Time (US & Canada),21609,trans-pecos-herpetology,R. Reed McClure,2017-10-24 12:07:33 +0900,2023-08-25 20:43:47 +0900,research,NA,https://www.inaturalist.org/observations/8527694,https://static.inaturalist.org/photos/11387829/medium.jpg,NA,NA,NA,3,0,FALSE,3,"Brewster County, US-TX, US",29.5430468162,-103.5510911475,NA,"TX-118, Alpine, TX, US",29.4260216667,-103.5077583333,29483,obscured,open,TRUE,NA,NA,Eastern Collared Lizard,Crotaphytus collaris,Eastern Collared Lizard,Reptilia,33135
8551487,9ecd150e-7eec-46e6-b613-c900486ce227,2017/05/27 9:01 AM PDT,2017-05-27,2017-05-28 01:01:00 +0900,Pacific Time (US & Canada),248231,atrox77,Marc L.,2017-10-26 09:06:49 +0900,2018-10-26 13:27:01 +0900,research,CC-BY-NC,https://www.inaturalist.org/observations/8551487,https://inaturalist-open-data.s3.amazonaws.com/photos/11426696/medium.jpeg,NA,NA,NA,2,0,FALSE,NA,"El Paso, TX, USA",31.8768834492,-106.4946520329,8,NA,NA,NA,8,NA,open,FALSE,NA,NA,Eastern Collared Lizard,Crotaphytus collaris,Eastern Collared Lizard,Reptilia,33135
8581813,0ea49ab1-ed51-4ed2-af46-bce1c651139a,2017-03-11 5:47:21 PM CST,2017-03-11,2017-03-12 08:47:21 +0900,Central Time (US & Canada),25807,marlahibbitts,Marla Hibbitts,2017-10-28 09:07:07 +0900,2017-12-13 01:46:02 +0900,research,NA,https://www.inaturalist.org/observations/8581813,https://static.inaturalist.org/photos/11467318/medium.jpeg,NA,NA,NA,2,0,FALSE,2,"Crockett County, US-TX, US",31.0013027191,-101.0366363525,NA,NA,NA,NA,NA,NA,open,FALSE,gps,gps,Eastern Collared Lizard,Crotaphytus collaris,Eastern Collared Lizard,Reptilia,33135
8910973,9cd14473-9815-45d0-8b1d-9aad34546df1,Thu Nov 23 2017 14:57:53 GMT-0600 (CST),2017-11-23,2017-11-24 05:57:53 +0900,Central Time (US & Canada),512401,thelmg,NA,2017-11-24 06:08:15 +0900,2018-10-26 13:26:50 +0900,research,NA,https://www.inaturalist.org/observations/8910973,https://static.inaturalist.org/photos/11995246/medium.jpg,NA,NA,NA,3,0,FALSE,3,"Texas, US",30.7453382843,-98.386660795,6,NA,NA,NA,29330,obscured,open,TRUE,NA,NA,Eastern Collared Lizard,Crotaphytus collaris,Eastern Collared Lizard,Reptilia,33135
8946402,06c1520e-8a09-4da0-af0c-9e765d24c55b,Sun Sep 28 2017 13:26:49 GMT-0600 (MDT),2017-09-28,2017-09-29 04:26:49 +0900,Mountain Time (US & Canada),636790,carrieadams,NA,2017-11-27 08:16:40 +0900,2018-10-26 13:26:51 +0900,research,CC-BY-NC,https://www.inaturalist.org/observations/8946402,https://inaturalist-open-data.s3.amazonaws.com/photos/12055070/medium.jpg,NA,NA,"This Lizard is found chiefly in dry, open regions of Mexico and the south-central United States including Missouri, Texas, Arizona, and Kansas, the full extent of its habitat in the United States ranges from the Ozark Mountains to southern California. Males have a blue-green body with a light brown head. Females have a light brown head and body.",3,0,FALSE,3,"Franklin Mountains State Park, El Paso, TX, US",31.9165166667,-106.5037833333,0,NA,NA,NA,0,NA,open,FALSE,NA,NA,Eastern Collared Lizard,Crotaphytus collaris,Eastern Collared Lizard,Reptilia,33135
9055134,5aec96a7-4bc5-41fb-a5b7-a1306078d5e1,Sun May 28 2017 14:55:21 GMT-0500 (CDT),2017-05-28,2017-05-29 04:55:21 +0900,Central Time (US & Canada),588998,sh221,NA,2017-12-06 03:41:15 +0900,2018-10-26 13:26:52 +0900,research,NA,https://www.inaturalist.org/observations/9055134,https://static.inaturalist.org/photos/12223377/medium.jpg,NA,NA,NA,3,0,FALSE,3,"17300 Spring Lake Dr, Canyon, TX, US",35.0342,-101.93322,NA,NA,NA,NA,NA,NA,open,FALSE,NA,NA,Eastern Collared Lizard,Crotaphytus collaris,Eastern Collared Lizard,Reptilia,33135
9267320,34d4bfe4-3b2c-4341-aa1b-3343ec830f11,2015/06/04 10:48:00 AM CST,2015-06-04,2015-06-05 00:48:00 +0900,Central Time (US & Canada),248231,atrox77,Marc L.,2017-12-27 05:38:50 +0900,2019-05-18 02:13:05 +0900,research,CC-BY-NC,https://www.inaturalist.org/observations/9267320,https://inaturalist-open-data.s3.amazonaws.com/photos/12554489/medium.jpg,NA,NA,NA,3,0,FALSE,NA,"Texas, US",33.2485650727,-98.8250076442,14,"Young County, TX, USA",33.3807387281,-98.8075588504,28984,obscured,open,TRUE,NA,NA,Eastern Collared Lizard,Crotaphytus collaris,Eastern Collared Lizard,Reptilia,33135
9658986,84088309-62e1-4c26-9610-4c637b4aaa70,2015/04/08 11:52 AM MDT,2015-04-08,2015-04-09 02:52:00 +0900,Mountain Time (US & Canada),755462,tresa,Tresa Moulton,2018-01-30 05:16:20 +0900,2018-10-26 13:26:52 +0900,research,CC-BY-NC,https://www.inaturalist.org/observations/9658986,https://inaturalist-open-data.s3.amazonaws.com/photos/13196595/medium.jpeg,NA,NA,Greenish lizard with long tail and hint of a black collar.,3,0,FALSE,NA,"11450 State Hwy Park Rd 5, Canyon, TX 79015, USA",34.937254,-101.6475533,8477,NA,NA,NA,8477,NA,open,FALSE,NA,NA,Eastern Collared Lizard,Crotaphytus collaris,Eastern Collared Lizard,Reptilia,33135
9658987,5cf88372-341b-4176-8532-9955ef3b1016,2015/04/08 11:53 AM MDT,2015-04-08,2015-04-09 02:53:00 +0900,Mountain Time (US & Canada),755462,tresa,Tresa Moulton,2018-01-30 05:16:20 +0900,2018-10-26 13:26:49 +0900,research,CC-BY-NC,https://www.inaturalist.org/observations/9658987,https://inaturalist-open-data.s3.amazonaws.com/photos/13196604/medium.jpeg,NA,NA,Greenish lizard with long tail and hint of a black collar.,3,0,FALSE,NA,"11450 State Hwy Park Rd 5, Canyon, TX 79015, USA",34.937254,-101.6475533,8477,NA,NA,NA,8477,NA,open,FALSE,NA,NA,Eastern Collared Lizard,Crotaphytus collaris,Eastern Collared Lizard,Reptilia,33135
9730917,79a5cb0e-9503-485a-a8a9-c8d7465e6daa,2017-06-24,2017-06-24,NA,Central Time (US & Canada),758736,daisyh,NA,2018-02-05 04:25:45 +0900,2018-10-26 13:26:48 +0900,research,NA,https://www.inaturalist.org/observations/9730917,https://static.inaturalist.org/photos/13314326/medium.jpg,NA,NA,NA,5,0,FALSE,3,"Seminole Canyon State Park, Comstock, TX, US",29.6850533046,-101.3183953927,1024,NA,NA,NA,1024,NA,open,FALSE,NA,NA,Eastern Collared Lizard,Crotaphytus collaris,Eastern Collared Lizard,Reptilia,33135
9841449,105b004b-1304-4dab-a68d-726984a12eaa,2009/08/27 12:15 AM CDT,2009-08-27,2009-08-27 14:15:00 +0900,Central Time (US & Canada),470497,a43560,David Dodd,2018-02-13 09:49:53 +0900,2018-03-10 13:47:27 +0900,research,CC-BY-NC,https://www.inaturalist.org/observations/9841449,https://inaturalist-open-data.s3.amazonaws.com/photos/13478266/medium.jpg,NA,NA,NA,4,0,FALSE,NA,"11450 State Hwy Park Rd 5, Canyon, TX 79015, USA",34.937254,-101.6475533,4595,NA,NA,NA,4595,NA,open,FALSE,NA,NA,Eastern Collared Lizard,Crotaphytus collaris,Eastern Collared Lizard,Reptilia,33135
10084747,1283a2cb-85ba-4883-8dff-b0f5dac387f6,Sat Mar 03 2018 18:55:08 GMT-0600 (CST),2018-03-03,2018-03-04 09:55:08 +0900,Central Time (US & Canada),21609,trans-pecos-herpetology,R. Reed McClure,2018-03-05 01:02:07 +0900,2021-07-29 10:07:31 +0900,research,NA,https://www.inaturalist.org/observations/10084747,https://static.inaturalist.org/photos/13891863/medium.jpg,NA,NA,NA,1,0,FALSE,3,"Texas, US",31.0714799131,-100.8067043104,5,"Ozona, TX  76943, Ozona, TX, US",31.0316666667,-100.9963216667,29278,obscured,open,TRUE,NA,NA,Eastern Collared Lizard,Crotaphytus collaris,Eastern Collared Lizard,Reptilia,33135
10135504,8d7459ae-765c-4ef6-a9a1-15603f469985,Thu Aug 17 2017 18:10:34 GMT-0500 (CDT),2017-08-17,2017-08-18 08:10:34 +0900,Central Time (US & Canada),646908,edbiotx,NA,2018-03-08 15:09:05 +0900,2018-10-26 13:26:48 +0900,research,NA,https://www.inaturalist.org/observations/10135504,https://static.inaturalist.org/photos/13980302/medium.jpg,NA,NA,NA,4,0,FALSE,3,"Copper Breaks State Park, Chillicothe, TX, US",34.1135888333,-99.7475966667,5,NA,NA,NA,5,NA,open,FALSE,NA,NA,Eastern Collared Lizard,Crotaphytus collaris,Eastern Collared Lizard,Reptilia,33135
10208553,5127264e-6b04-40d2-aada-7e8fa9d49124,2018/03/12 12:38 PM,2018-03-12,2018-03-12 21:38:00 +0900,UTC,753818,jordynpoole,NA,2018-03-13 06:11:19 +0900,2018-10-26 13:26:47 +0900,research,NA,https://www.inaturalist.org/observations/10208553,https://static.inaturalist.org/photos/14103075/medium.jpg,NA,NA,NA,5,0,FALSE,NA,"Randall County, TX, USA",34.9380849447,-101.6963268599,30,NA,NA,NA,30,NA,open,FALSE,NA,NA,Eastern Collared Lizard,Crotaphytus collaris,Eastern Collared Lizard,Reptilia,33135
10391229,43d7b7fd-7ce1-4b6a-ac31-b71dd9bbb731,2018-03-24 10:05:40 AM CDT,2018-03-24,2018-03-25 00:05:40 +0900,Central Time (US & Canada),432749,hannahgilbird,Hannah Gilbreath,2018-03-25 00:05:49 +0900,2023-08-09 22:04:21 +0900,research,NA,https://www.inaturalist.org/observations/10391229,https://static.inaturalist.org/photos/14424986/medium.jpeg,NA,NA,NA,7,0,FALSE,2,"Hye, TX 78635, USA",30.2501845,-98.5269601,3000,NA,NA,NA,3000,NA,open,FALSE,NA,NA,Eastern Collared Lizard,Crotaphytus collaris,Eastern Collared Lizard,Reptilia,33135
10579909,01882694-06e3-4b9a-8b7b-a6e104819306,Fri Mar 30 2018 14:39:12 GMT-0500 (CDT),2018-03-30,2018-03-31 04:39:12 +0900,Central Time (US & Canada),21609,trans-pecos-herpetology,R. Reed McClure,2018-04-03 08:01:25 +0900,2021-07-29 10:12:44 +0900,research,NA,https://www.inaturalist.org/observations/10579909,https://static.inaturalist.org/photos/14745858/medium.jpg,NA,NA,"Crockett, Co. TX",1,0,FALSE,3,"Texas, US",31.0404898645,-101.0071420737,5,"Ozona, TX  76943, Ozona, TX, US",31.0000027778,-101.0388861667,29278,obscured,open,TRUE,NA,NA,Eastern Collared Lizard,Crotaphytus collaris,Eastern Collared Lizard,Reptilia,33135
10579946,b18f6aae-62fd-4dbb-8dc0-75b85a846bb8,Fri Mar 30 2018 14:44:33 GMT-0500 (CDT),2018-03-30,2018-03-31 04:44:33 +0900,Central Time (US & Canada),21609,trans-pecos-herpetology,R. Reed McClure,2018-04-03 08:02:05 +0900,2021-07-29 10:12:50 +0900,research,NA,https://www.inaturalist.org/observations/10579946,https://static.inaturalist.org/photos/14745894/medium.jpg,NA,NA,"Crockett, Co. TX",1,0,FALSE,3,"Texas, US",30.9574535717,-101.0078179955,5,"Ozona, TX  76943, Ozona, TX, US",30.9999916667,-101.0388805,29304,obscured,open,TRUE,NA,NA,Eastern Collared Lizard,Crotaphytus collaris,Eastern Collared Lizard,Reptilia,33135
10580020,3560f073-315f-4d64-9672-71a61419853c,Fri Mar 30 2018 15:16:56 GMT-0500 (CDT),2018-03-30,2018-03-31 05:16:56 +0900,Central Time (US & Canada),21609,trans-pecos-herpetology,R. Reed McClure,2018-04-03 08:04:32 +0900,2021-07-29 10:12:56 +0900,research,NA,https://www.inaturalist.org/observations/10580020,https://static.inaturalist.org/photos/14745980/medium.jpg,NA,NA,"Crockett, Co. TX",2,0,FALSE,3,"Texas, US",31.1943814136,-101.0785440255,5,"Ozona, TX  76943, Ozona, TX, US",31.001069445,-101.0370555,29278,obscured,open,TRUE,NA,NA,Eastern Collared Lizard,Crotaphytus collaris,Eastern Collared Lizard,Reptilia,33135
10580092,5d8e7704-3052-4c4f-ba12-ac64b93b67bc,Fri Mar 30 2018 16:58:53 GMT-0500 (CDT),2018-03-30,2018-03-31 06:58:53 +0900,Central Time (US & Canada),21609,trans-pecos-herpetology,R. Reed McClure,2018-04-03 08:07:59 +0900,2021-07-29 10:13:27 +0900,research,NA,https://www.inaturalist.org/observations/10580092,https://static.inaturalist.org/photos/14746124/medium.jpg,NA,NA,"Crockett, Co. TX",1,0,FALSE,3,"Texas, US",31.1128185575,-101.1116707606,5,"Ozona, TX  76943, Ozona, TX, US",31.0091666667,-101.02275,29278,obscured,open,TRUE,NA,NA,Eastern Collared Lizard,Crotaphytus collaris,Eastern Collared Lizard,Reptilia,33135
10580114,2af700e5-c83f-4d56-aeb1-87ba9ff1e69a,Fri Mar 30 2018 17:18:21 GMT-0500 (CDT),2018-03-30,2018-03-31 07:18:21 +0900,Central Time (US & Canada),21609,trans-pecos-herpetology,R. Reed McClure,2018-04-03 08:09:46 +0900,2021-07-29 10:13:40 +0900,research,NA,https://www.inaturalist.org/observations/10580114,https://static.inaturalist.org/photos/14746172/medium.jpg,NA,NA,"Crockett, Co. TX",2,0,FALSE,3,"Texas, US",31.005335893,-101.0905465515,5,"Ozona, TX  76943, Ozona, TX, US",31.0093777833,-101.0227361667,29278,obscured,open,TRUE,NA,NA,Eastern Collared Lizard,Crotaphytus collaris,Eastern Collared Lizard,Reptilia,33135
10665044,2fb65bf7-b825-474e-88d2-bc4ab348a425,2018-04-06 11:06:23 AM CDT,2018-04-06,2018-04-07 01:06:23 +0900,Central Time (US & Canada),25863,brentano,Brent Franklin,2018-04-07 06:18:00 +0900,2018-04-07 23:59:23 +0900,research,CC-BY-NC,https://www.inaturalist.org/observations/10665044,https://inaturalist-open-data.s3.amazonaws.com/photos/14886971/medium.jpeg,NA,NA,NA,4,0,FALSE,2,"Unnamed Road, Comstock, TX 78837, USA",29.6921534008,-101.3181602955,344,NA,NA,NA,344,NA,open,FALSE,gps,gps,Eastern Collared Lizard,Crotaphytus collaris,Eastern Collared Lizard,Reptilia,33135
10672282,c4475fb8-e9f5-4e95-adbc-60727899ce53,2018/04/06 11:43 AM CDT,2018-04-06,2018-04-07 01:43:00 +0900,Central Time (US & Canada),448213,cameralenswrangler,NA,2018-04-07 12:57:28 +0900,2018-10-26 13:22:53 +0900,research,CC-BY-NC,https://www.inaturalist.org/observations/10672282,https://inaturalist-open-data.s3.amazonaws.com/photos/14898568/medium.jpeg,NA,NA,NA,5,0,FALSE,NA,"Val Verde County, TX, USA",29.6883833333,-101.3169283333,5,NA,NA,NA,5,NA,open,FALSE,NA,NA,Eastern Collared Lizard,Crotaphytus collaris,Eastern Collared Lizard,Reptilia,33135
10672293,d576f1ab-34c3-443e-a7d0-c2074b389ee3,2018/04/06 1:03 PM CDT,2018-04-06,2018-04-07 03:03:00 +0900,Central Time (US & Canada),448213,cameralenswrangler,NA,2018-04-07 12:57:34 +0900,2018-10-26 13:22:54 +0900,research,CC-BY-NC,https://www.inaturalist.org/observations/10672293,https://inaturalist-open-data.s3.amazonaws.com/photos/14898660/medium.jpeg,NA,NA,NA,5,0,FALSE,NA,"Val Verde County, TX, USA",29.68818,-101.316935,5,NA,NA,NA,5,NA,open,FALSE,NA,NA,Eastern Collared Lizard,Crotaphytus collaris,Eastern Collared Lizard,Reptilia,33135
10718016,fcf7ba64-5988-4a69-ac91-74f1e18b961f,2018/04/06 1:15 PM CDT,2018-04-06,2018-04-07 03:15:00 +0900,Central Time (US & Canada),72880,charley,NA,2018-04-09 10:02:20 +0900,2018-04-10 00:35:36 +0900,research,CC-BY-NC,https://www.inaturalist.org/observations/10718016,https://inaturalist-open-data.s3.amazonaws.com/photos/14973439/medium.jpeg,NA,NA,NA,5,0,FALSE,NA,"Val Verde, Texas, United States",29.687795,-101.3167716667,NA,NA,NA,NA,NA,NA,open,FALSE,NA,NA,Eastern Collared Lizard,Crotaphytus collaris,Eastern Collared Lizard,Reptilia,33135
10718017,dce8f1fc-ec95-4291-a66b-1f783ba6fb3f,2018/04/06 1:22 PM CDT,2018-04-06,2018-04-07 03:22:00 +0900,Central Time (US & Canada),72880,charley,NA,2018-04-09 10:02:20 +0900,2018-10-26 13:22:54 +0900,research,CC-BY-NC,https://www.inaturalist.org/observations/10718017,https://inaturalist-open-data.s3.amazonaws.com/photos/14973771/medium.jpeg,NA,NA,NA,5,0,FALSE,NA,"Val Verde, Texas, United States",29.6887933333,-101.3172066667,NA,NA,NA,NA,NA,NA,open,FALSE,NA,NA,Eastern Collared Lizard,Crotaphytus collaris,Eastern Collared Lizard,Reptilia,33135
10720369,269e6600-77cb-43cb-bec2-dbe079387f0f,2018/04/06 11:07 AM CDT,2018-04-06,2018-04-07 01:07:00 +0900,Central Time (US & Canada),28,tiwane,Tony Iwane,2018-04-09 11:40:18 +0900,2018-10-26 13:22:55 +0900,research,CC0,https://www.inaturalist.org/observations/10720369,https://inaturalist-open-data.s3.amazonaws.com/photos/14977650/medium.jpg,NA,"val verde county, texas, macro",NA,4,0,FALSE,NA,"Val Verde, Texas, United States",29.6925205,-101.3177077667,NA,NA,NA,NA,NA,NA,open,FALSE,NA,NA,Eastern Collared Lizard,Crotaphytus collaris,Eastern Collared Lizard,Reptilia,33135
10721185,180ed863-034d-4302-905a-82970a59e839,2018/04/06 12:42 PM CDT,2018-04-06,2018-04-07 02:42:00 +0900,Central Time (US & Canada),28,tiwane,Tony Iwane,2018-04-09 12:18:02 +0900,2018-10-26 13:22:59 +0900,research,CC0,https://www.inaturalist.org/observations/10721185,https://inaturalist-open-data.s3.amazonaws.com/photos/14979325/medium.jpg,NA,"val verde county, texas, macro, collared lizards, Crotaphytus, reptile, herps, herping, lizard, eastern collared lizard, Crotaphytus collaris",What a magnificent creature.,4,0,FALSE,NA,"Val Verde, Texas, United States",29.6884037333,-101.3169280667,NA,NA,NA,NA,NA,NA,open,FALSE,NA,NA,Eastern Collared Lizard,Crotaphytus collaris,Eastern Collared Lizard,Reptilia,33135
10782931,88fcaf95-4141-4daf-9cb2-51d190b71967,2018/04/06 2:08 PM CDT,2018-04-06,2018-04-07 04:08:00 +0900,Central Time (US & Canada),312832,jwn,Justin,2018-04-12 06:11:38 +0900,2018-10-26 13:22:52 +0900,research,CC-BY-NC,https://www.inaturalist.org/observations/10782931,https://inaturalist-open-data.s3.amazonaws.com/photos/15084668/medium.jpeg,NA,NA,NA,4,0,FALSE,NA,"Val Verde, Texas, United States",29.687775,-101.3168833333,NA,NA,NA,NA,NA,NA,open,FALSE,NA,NA,Eastern Collared Lizard,Crotaphytus collaris,Eastern Collared Lizard,Reptilia,33135
10791448,0741c296-3e76-4735-a968-b9a329984b54,2018/04/06 1:59 PM CDT,2018-04-06,2018-04-07 03:59:00 +0900,Central Time (US & Canada),28,tiwane,Tony Iwane,2018-04-12 10:31:13 +0900,2022-06-15 11:55:47 +0900,research,CC0,https://www.inaturalist.org/observations/10791448,https://inaturalist-open-data.s3.amazonaws.com/photos/15101739/medium.jpg,NA,"val verde county, texas, macro",NA,4,0,FALSE,NA,"Val Verde County, TX, USA",29.68818395,-101.3169752667,NA,NA,NA,NA,NA,NA,open,FALSE,NA,NA,Eastern Collared Lizard,Crotaphytus collaris,Eastern Collared Lizard,Reptilia,33135
10791617,e4cc48d2-7027-48e0-9c25-fef4b1329587,Wed Apr 11 2018 13:26:13 GMT-0500 (CDT),2018-04-11,2018-04-12 03:26:13 +0900,Central Time (US & Canada),550791,paultough,Paul Tough,2018-04-12 10:34:53 +0900,2023-08-25 20:42:38 +0900,research,NA,https://www.inaturalist.org/observations/10791617,https://static.inaturalist.org/photos/15102245/medium.jpg,NA,NA,NA,5,0,FALSE,3,"Big Bend National Park, Alpine, TX, US",29.1997383333,-102.9177466667,6,NA,NA,NA,6,NA,open,FALSE,NA,NA,Eastern Collared Lizard,Crotaphytus collaris,Eastern Collared Lizard,Reptilia,33135
10838047,97a8eadb-79e6-4901-896c-69a0330d5458,2018/04/06 11:03 AM CDT,2018-04-06,2018-04-07 01:03:00 +0900,Central Time (US & Canada),13118,tadamcochran,NA,2018-04-13 11:54:43 +0900,2018-10-26 13:22:50 +0900,research,CC-BY-NC,https://www.inaturalist.org/observations/10838047,https://static.inaturalist.org/photos/15189552/medium.jpg,NA,NA,NA,4,0,FALSE,NA,"US Highway 90, Comstock, TX 78837, USA",29.6952928,-101.3188276,198,NA,NA,NA,198,NA,open,FALSE,NA,NA,Eastern Collared Lizard,Crotaphytus collaris,Eastern Collared Lizard,Reptilia,33135
10838073,3d2188e5-5ad1-4de3-850d-1133947958e3,2018/04/06 12:35 PM CDT,2018-04-06,2018-04-07 02:35:00 +0900,Central Time (US & Canada),13118,tadamcochran,NA,2018-04-13 11:54:58 +0900,2018-10-26 13:22:49 +0900,research,CC-BY-NC,https://www.inaturalist.org/observations/10838073,https://static.inaturalist.org/photos/15190070/medium.jpg,NA,NA,NA,4,0,FALSE,NA,"US Highway 90, Comstock, TX 78837, USA",29.6952928,-101.3188276,198,NA,NA,NA,198,NA,open,FALSE,NA,NA,Eastern Collared Lizard,Crotaphytus collaris,Eastern Collared Lizard,Reptilia,33135
10883240,cfdb2556-73f2-485e-8caf-84f412abd235,Fri Apr 06 2018 11:01:41 GMT-0500 (CDT),2018-04-06,2018-04-07 01:01:41 +0900,Central Time (US & Canada),43815,nathantaylor,Nathan Taylor,2018-04-14 11:51:27 +0900,2018-10-26 13:22:39 +0900,research,CC-BY,https://www.inaturalist.org/observations/10883240,https://inaturalist-open-data.s3.amazonaws.com/photos/15285126/medium.jpeg,NA,NA,Interesting article on female coloration: http://www.hljournals.org/doi/abs/10.1655/03-17?code=herl-site,3,0,FALSE,NA,"Seminole Canyon State Park, Del Rio, TX, US",29.692934,-101.318069,30,NA,NA,NA,30,NA,open,FALSE,NA,NA,Eastern Collared Lizard,Crotaphytus collaris,Eastern Collared Lizard,Reptilia,33135
10884547,5b4bfe48-b0ff-423f-b354-2b6b03071931,2018/04/06 12:45 PM CDT,2018-04-06,2018-04-07 02:45:00 +0900,Central Time (US & Canada),43815,nathantaylor,Nathan Taylor,2018-04-14 12:30:28 +0900,2018-10-26 13:22:46 +0900,research,CC-BY,https://www.inaturalist.org/observations/10884547,https://inaturalist-open-data.s3.amazonaws.com/photos/15287551/medium.jpeg,NA,NA,NA,5,0,FALSE,NA,"Val Verde County, TX, USA",29.687651967,-101.3165938854,137,NA,NA,NA,137,NA,open,FALSE,NA,NA,Eastern Collared Lizard,Crotaphytus collaris,Eastern Collared Lizard,Reptilia,33135
10884847,7f71e69a-2725-41e5-9061-cb1cf1139904,Fri Apr 06 2018 14:17:20 GMT-0500 (CDT),2018-04-06,2018-04-07 04:17:20 +0900,Central Time (US & Canada),43815,nathantaylor,Nathan Taylor,2018-04-14 12:40:32 +0900,2018-10-26 13:22:46 +0900,research,CC-BY,https://www.inaturalist.org/observations/10884847,https://inaturalist-open-data.s3.amazonaws.com/photos/15288540/medium.jpeg,NA,NA,NA,5,0,FALSE,3,"Seminole Canyon State Park, Del Rio, TX, US",29.6888488904,-101.3170345222,5,NA,NA,NA,5,NA,open,FALSE,NA,NA,Eastern Collared Lizard,Crotaphytus collaris,Eastern Collared Lizard,Reptilia,33135
10885098,d446066d-3ca3-4aa3-9659-5f8865fb9138,2018/04/06 2:16 PM CDT,2018-04-06,2018-04-07 04:16:00 +0900,Central Time (US & Canada),43815,nathantaylor,Nathan Taylor,2018-04-14 12:47:21 +0900,2018-10-26 13:22:47 +0900,research,CC-BY,https://www.inaturalist.org/observations/10885098,https://inaturalist-open-data.s3.amazonaws.com/photos/15288684/medium.jpeg,NA,NA,NA,4,0,FALSE,NA,"Val Verde County, TX, USA",29.6864868914,-101.3166314363,80,NA,NA,NA,80,NA,open,FALSE,NA,NA,Eastern Collared Lizard,Crotaphytus collaris,Eastern Collared Lizard,Reptilia,33135
10942572,65381a21-6036-4688-8481-63100cddaef8,Thu Apr 12 2018 17:46:55 GMT-0500 (CDT),2018-04-12,2018-04-13 07:46:55 +0900,Central Time (US & Canada),150198,benwalker505,Ben,2018-04-15 12:34:32 +0900,2018-05-25 14:31:26 +0900,research,CC-BY-NC,https://www.inaturalist.org/observations/10942572,https://inaturalist-open-data.s3.amazonaws.com/photos/15386847/medium.jpg,NA,NA,Sunning on road,1,0,FALSE,3,"County Road 203, Ozona, TX, US",30.7963383333,-101.065925,5,NA,NA,NA,5,NA,open,FALSE,NA,NA,Eastern Collared Lizard,Crotaphytus collaris,Eastern Collared Lizard,Reptilia,33135
11024851,5881f6c7-a492-45ca-b142-c5a55aeb4080,2018/04/06 11:07 AM CDT,2018-04-06,2018-04-07 01:07:00 +0900,Central Time (US & Canada),90526,nanofishology,Kai Joaquin,2018-04-17 05:48:15 +0900,2018-10-26 13:22:33 +0900,research,CC-BY-NC,https://www.inaturalist.org/observations/11024851,https://inaturalist-open-data.s3.amazonaws.com/photos/15547756/medium.jpeg,NA,NA,Humans are SO RUDE,6,0,FALSE,NA,"Val Verde County, TX, USA",29.6925361111,-101.3177694444,NA,NA,NA,NA,NA,NA,open,FALSE,NA,NA,Eastern Collared Lizard,Crotaphytus collaris,Eastern Collared Lizard,Reptilia,33135
11027373,3e6acfa9-f9b4-4c16-96e6-a96e04978b40,Mon Apr 16 2018 15:37:32 GMT-0600 (MDT),2018-04-16,2018-04-17 06:37:32 +0900,Mountain Time (US & Canada),612292,amunoz23,NA,2018-04-17 06:47:26 +0900,2023-09-07 12:13:34 +0900,research,NA,https://www.inaturalist.org/observations/11027373,https://static.inaturalist.org/photos/15552538/medium.jpg,NA,NA,Photographed and released in desert environment by van horn Texas,4,0,FALSE,3,"Fort Hancock, TX  79854, Fort Hancock, TX, US",30.8384492143,-104.9999896697,8671,NA,NA,NA,8671,NA,open,FALSE,NA,NA,Eastern Collared Lizard,Crotaphytus collaris,Eastern Collared Lizard,Reptilia,33135
11040273,5b784eb2-4912-4b88-ac18-b2b56bac6324,2018-04-07 11:00:00 AM MDT,2018-04-07,2018-04-08 02:00:00 +0900,Mountain Time (US & Canada),756105,ltovar4,NA,2018-04-17 12:25:17 +0900,2018-10-26 13:22:32 +0900,research,CC-BY-NC,https://www.inaturalist.org/observations/11040273,https://inaturalist-open-data.s3.amazonaws.com/photos/15577305/medium.jpeg,NA,NA,Spotted lizard while hiking at the Franklin mountains. Didn't seem scared at all.,4,0,FALSE,2,"Mammoths Trunk Trail, El Paso, TX 79912, USA",31.8704131555,-106.4972950146,4128,NA,NA,NA,4128,NA,open,FALSE,gps,gps,Eastern Collared Lizard,Crotaphytus collaris,Eastern Collared Lizard,Reptilia,33135
11069884,8b840b2c-6940-4de8-9430-2b0a5d9c78d9,2018/04/02 9:28 AM MDT,2018-04-02,2018-04-03 00:28:00 +0900,Mountain Time (US & Canada),756730,bnovak11,NA,2018-04-18 01:04:26 +0900,2018-10-26 13:22:29 +0900,research,CC-BY-NC,https://www.inaturalist.org/observations/11069884,https://inaturalist-open-data.s3.amazonaws.com/photos/15619855/medium.jpg,NA,NA,"This lizard was very fast, it had tan brown skin with dots. It also had a black and white collar on neck.",6,0,FALSE,NA,"El Paso, TX 79930, USA",31.8436622,-106.490929,196,NA,NA,NA,196,NA,open,FALSE,NA,NA,Eastern Collared Lizard,Crotaphytus collaris,Eastern Collared Lizard,Reptilia,33135
11175782,46a0b94f-f381-4c52-b9ba-51153353c5cb,2018/04/06 11:19 AM CDT,2018-04-06,2018-04-07 01:19:00 +0900,Central Time (US & Canada),25863,brentano,Brent Franklin,2018-04-20 03:40:09 +0900,2018-10-26 13:22:32 +0900,research,CC-BY-NC,https://www.inaturalist.org/observations/11175782,https://inaturalist-open-data.s3.amazonaws.com/photos/15828293/medium.jpg,NA,"BKSquaredPhotography, Texas, Val Verde county",NA,4,0,FALSE,NA,"Val Verde County, TX, USA",29.680345011,-101.3145103434,808,NA,NA,NA,808,NA,open,FALSE,NA,NA,Eastern Collared Lizard,Crotaphytus collaris,Eastern Collared Lizard,Reptilia,33135
11175785,a7af90ed-45e0-496a-837e-24d61f1dd7b1,2018/04/06 11:40 AM CDT,2018-04-06,2018-04-07 01:40:00 +0900,Central Time (US & Canada),25863,brentano,Brent Franklin,2018-04-20 03:40:12 +0900,2018-10-26 13:22:24 +0900,research,CC-BY-NC,https://www.inaturalist.org/observations/11175785,https://inaturalist-open-data.s3.amazonaws.com/photos/15828367/medium.jpg,NA,"BKSquaredPhotography, Texas, Val Verde county",NA,5,0,FALSE,NA,"Val Verde County, TX, USA",29.680345011,-101.3145103434,808,NA,NA,NA,808,NA,open,FALSE,NA,NA,Eastern Collared Lizard,Crotaphytus collaris,Eastern Collared Lizard,Reptilia,33135
11176569,05e913d0-2503-4ef6-90b0-404fb9c611d6,2018/04/06 1:12 PM CDT,2018-04-06,2018-04-07 03:12:00 +0900,Central Time (US & Canada),25863,brentano,Brent Franklin,2018-04-20 04:00:24 +0900,2018-10-26 13:22:25 +0900,research,CC-BY-NC,https://www.inaturalist.org/observations/11176569,https://inaturalist-open-data.s3.amazonaws.com/photos/15830334/medium.jpg,NA,"BKSquaredPhotography, Texas, Val Verde county",NA,4,0,FALSE,NA,"Val Verde County, TX, USA",29.6795993122,-101.313652037,758,NA,NA,NA,758,NA,open,FALSE,NA,NA,Eastern Collared Lizard,Crotaphytus collaris,Eastern Collared Lizard,Reptilia,33135
11247580,16f0874c-9e5f-491b-9a80-a1e5d8c94286,2018/04/06,2018-04-06,NA,Central Time (US & Canada),22589,sambiology,Sam Kieschnick,2018-04-21 12:02:40 +0900,2018-10-26 13:22:25 +0900,research,CC-BY,https://www.inaturalist.org/observations/11247580,https://inaturalist-open-data.s3.amazonaws.com/photos/15969856/medium.jpeg,NA,NA,"Had such a blast with other iNatters at the Del Rio gathering. I saw lots and lots of new plants and animals -- so these ID's are tentative. I'll have to do a little more digging later. 
https://www.inaturalist.org/journal/sambiology/15447-spending-time-with-inat-community-in-del-rio",4,0,FALSE,NA,"Val Verde County, TX, USA",29.6923326521,-101.3177214934,15,NA,NA,NA,15,NA,open,FALSE,NA,NA,Eastern Collared Lizard,Crotaphytus collaris,Eastern Collared Lizard,Reptilia,33135
11248919,78815cb2-b217-4382-889e-e4d0029d237c,2018/04/06,2018-04-06,NA,Central Time (US & Canada),22589,sambiology,Sam Kieschnick,2018-04-21 12:38:33 +0900,2018-10-26 13:22:26 +0900,research,CC-BY,https://www.inaturalist.org/observations/11248919,https://inaturalist-open-data.s3.amazonaws.com/photos/15972380/medium.jpeg,NA,NA,"Had such a blast with other iNatters at the Del Rio gathering. I saw lots and lots of new plants and animals -- so these ID's are tentative. I'll have to do a little more digging later. 
https://www.inaturalist.org/journal/sambiology/15447-spending-time-with-inat-community-in-del-rio",4,0,FALSE,NA,"Val Verde County, TX, USA",29.6873028664,-101.3160526194,8,NA,NA,NA,8,NA,open,FALSE,NA,NA,Eastern Collared Lizard,Crotaphytus collaris,Eastern Collared Lizard,Reptilia,33135
11248949,7c77ab0e-3fac-4b3d-830a-15f65c228491,2018/04/06,2018-04-06,NA,Central Time (US & Canada),22589,sambiology,Sam Kieschnick,2018-04-21 12:38:47 +0900,2018-10-26 13:22:26 +0900,research,CC-BY,https://www.inaturalist.org/observations/11248949,https://inaturalist-open-data.s3.amazonaws.com/photos/15973067/medium.jpeg,NA,NA,"Had such a blast with other iNatters at the Del Rio gathering. I saw lots and lots of new plants and animals -- so these ID's are tentative. I'll have to do a little more digging later. 
https://www.inaturalist.org/journal/sambiology/15447-spending-time-with-inat-community-in-del-rio",4,0,FALSE,NA,"Val Verde County, TX, USA",29.68651631,-101.3168465533,8,NA,NA,NA,8,NA,open,FALSE,NA,NA,Eastern Collared Lizard,Crotaphytus collaris,Eastern Collared Lizard,Reptilia,33135
11254690,4873b376-0b0f-4fbe-a698-ed8b71d12102,2016/06/14 12:25 PM CDT,2016-06-14,2016-06-15 02:25:00 +0900,Central Time (US & Canada),858503,rrash,Ryan Rash,2018-04-21 15:35:32 +0900,2018-10-26 13:22:23 +0900,research,CC-BY-NC,https://www.inaturalist.org/observations/11254690,https://inaturalist-open-data.s3.amazonaws.com/photos/15986809/medium.jpg,NA,NA,NA,3,0,FALSE,NA,"Brownwood, TX, USA",31.6744217542,-98.9614133951,3384,NA,NA,NA,3384,NA,open,FALSE,NA,NA,Eastern Collared Lizard,Crotaphytus collaris,Eastern Collared Lizard,Reptilia,33135
11278454,4799d5ae-a0f8-4190-aed0-39d69efde9d3,2016/07/28 10:46 AM CDT,2016-07-28,2016-07-29 00:46:00 +0900,Central Time (US & Canada),858503,rrash,Ryan Rash,2018-04-22 03:48:34 +0900,2021-07-12 02:15:32 +0900,research,CC-BY-NC,https://www.inaturalist.org/observations/11278454,https://inaturalist-open-data.s3.amazonaws.com/photos/16035391/medium.jpg,NA,NA,NA,4,0,FALSE,NA,"Brown County, TX, USA",31.6602219029,-98.9527159895,7274,NA,NA,NA,7274,NA,open,FALSE,NA,NA,Eastern Collared Lizard,Crotaphytus collaris,Eastern Collared Lizard,Reptilia,33135
11278455,e59f58ab-ed9f-4479-b2a9-f370c7d31ee5,2016/03/20 1:02 PM CDT,2016-03-20,2016-03-21 03:02:00 +0900,Central Time (US & Canada),858503,rrash,Ryan Rash,2018-04-22 03:48:34 +0900,2018-10-26 13:22:20 +0900,research,CC-BY-NC,https://www.inaturalist.org/observations/11278455,https://inaturalist-open-data.s3.amazonaws.com/photos/16035453/medium.jpg,NA,NA,NA,4,0,FALSE,NA,"Brownwood, TX, USA",31.6773421251,-98.95316948,5399,NA,NA,NA,5399,NA,open,FALSE,NA,NA,Eastern Collared Lizard,Crotaphytus collaris,Eastern Collared Lizard,Reptilia,33135
11286299,731108a2-5a5b-41cc-a1be-103a0676e146,2016/09/10 3:15 PM CDT,2016-09-10,2016-09-11 05:15:00 +0900,Central Time (US & Canada),858503,rrash,Ryan Rash,2018-04-22 06:32:02 +0900,2018-10-26 13:22:21 +0900,research,CC-BY-NC,https://www.inaturalist.org/observations/11286299,https://inaturalist-open-data.s3.amazonaws.com/photos/16051439/medium.jpg,NA,NA,NA,3,0,FALSE,NA,"Brown County, TX, USA",31.6837765551,-98.9463110585,3840,NA,NA,NA,3840,NA,open,FALSE,NA,NA,Eastern Collared Lizard,Crotaphytus collaris,Eastern Collared Lizard,Reptilia,33135
11333153,340e99db-856e-490b-8561-f9ef7be1ef0a,Sun Apr 22 2018 12:18:50 GMT-0500 (CDT),2018-04-22,2018-04-23 02:18:50 +0900,Central Time (US & Canada),857115,theponchoguy,NA,2018-04-23 05:09:34 +0900,2018-10-26 13:22:19 +0900,research,NA,https://www.inaturalist.org/observations/11333153,https://static.inaturalist.org/photos/16139693/medium.jpg,NA,NA,NA,3,0,FALSE,3,"Texas, US",31.1946742245,-101.1174368308,8,NA,NA,NA,29278,obscured,open,TRUE,NA,NA,Eastern Collared Lizard,Crotaphytus collaris,Eastern Collared Lizard,Reptilia,33135
11379187,29e21b11-5a63-42fd-b823-206323f1a2f4,Sun Apr 22 2018 12:17:20 GMT-0500 (CDT),2018-04-22,2018-04-23 02:17:20 +0900,Central Time (US & Canada),21609,trans-pecos-herpetology,R. Reed McClure,2018-04-24 10:06:11 +0900,2018-04-25 07:45:38 +0900,research,NA,https://www.inaturalist.org/observations/11379187,https://static.inaturalist.org/photos/16217210/medium.jpg,NA,NA,NA,3,0,FALSE,3,"Texas, US",31.0732621838,-101.0395633428,5,"Ozona, TX  76943, Ozona, TX, US",31.0017833333,-101.0354083333,29278,obscured,open,TRUE,NA,NA,Eastern Collared Lizard,Crotaphytus collaris,Eastern Collared Lizard,Reptilia,33135
11698364,561267a0-4e7f-456e-a291-22765ef6c518,2018/04/19 12:37 PM EDT,2018-04-19,2018-04-20 01:37:00 +0900,Eastern Time (US & Canada),12610,susanelliott,Susan Elliott,2018-04-29 10:31:10 +0900,2023-01-03 10:09:59 +0900,research,CC-BY-NC,https://www.inaturalist.org/observations/11698364,https://inaturalist-open-data.s3.amazonaws.com/photos/16721861/medium.jpg,NA,NA,NA,3,0,FALSE,NA,"Inks Lake State Park, Burnet County, TX, USA",30.7268740617,-98.3757705678,244,NA,NA,NA,244,NA,open,FALSE,NA,NA,Eastern Collared Lizard,Crotaphytus collaris,Eastern Collared Lizard,Reptilia,33135
11740154,4a52c896-6fd0-47da-b24c-c0442ee95762,Wed May 03 2017 15:48:39 GMT-0500 (CDT),2017-05-03,2017-05-04 05:48:39 +0900,Central Time (US & Canada),917588,wmccarley,William McCarley,2018-04-29 22:52:11 +0900,2020-05-07 21:58:46 +0900,research,NA,https://www.inaturalist.org/observations/11740154,https://static.inaturalist.org/photos/16788883/medium.jpg,NA,NA,NA,3,0,FALSE,3,"9001 Sharman Loop, Amarillo, TX, US",35.2844102397,-101.9498097162,130,NA,NA,NA,130,NA,open,FALSE,NA,NA,Eastern Collared Lizard,Crotaphytus collaris,Eastern Collared Lizard,Reptilia,33135
11743168,a09f5749-7894-43a6-853d-ee10cfa9a0c8,Wed Apr 18 2018 15:10:46 GMT-0500 (CDT),2018-04-18,2018-04-19 05:10:46 +0900,Central Time (US & Canada),35496,jaredholmes,Jared Holmes,2018-04-29 23:22:10 +0900,2018-05-01 00:25:41 +0900,research,CC-BY-NC,https://www.inaturalist.org/observations/11743168,https://inaturalist-open-data.s3.amazonaws.com/photos/16793098/medium.jpg,NA,NA,NA,2,0,FALSE,3,"Blanco County, US-TX, US",30.196105,-98.4551783333,5,NA,NA,NA,5,NA,open,FALSE,NA,NA,Eastern Collared Lizard,Crotaphytus collaris,Eastern Collared Lizard,Reptilia,33135
12014665,36a2a4cb-de35-4a2b-aee2-1a04cb945a8b,2018/04/28 11:27 AM CDT,2018-04-28,2018-04-29 01:27:00 +0900,Central Time (US & Canada),9531,kucycads,Kenneth Bader,2018-05-02 07:32:33 +0900,2023-01-03 06:24:14 +0900,research,CC-BY-NC,https://www.inaturalist.org/observations/12014665,https://inaturalist-open-data.s3.amazonaws.com/photos/17217319/medium.jpeg,NA,NA,NA,4,0,FALSE,NA,"3630 Park Rd 4 W, Burnet, TX 78611, USA",30.732369,-98.3641348,852,NA,NA,NA,852,NA,open,FALSE,NA,NA,Eastern Collared Lizard,Crotaphytus collaris,Eastern Collared Lizard,Reptilia,33135
12015699,798ce98b-48e7-479c-abb9-bece98656234,2018/04/28 11:54 AM CDT,2018-04-28,2018-04-29 01:54:00 +0900,Central Time (US & Canada),9531,kucycads,Kenneth Bader,2018-05-02 07:58:33 +0900,2021-06-01 02:53:33 +0900,research,CC-BY-NC,https://www.inaturalist.org/observations/12015699,https://inaturalist-open-data.s3.amazonaws.com/photos/17219134/medium.jpeg,NA,NA,NA,3,0,FALSE,NA,"3630 Park Rd 4 W, Burnet, TX 78611, USA",30.732369,-98.3641348,852,NA,NA,NA,852,NA,open,FALSE,NA,NA,Eastern Collared Lizard,Crotaphytus collaris,Eastern Collared Lizard,Reptilia,33135
12205503,90f8c802-5008-404f-8d39-9d81e4ddd25b,2010/08/12 7:41 PM EDT,2010-08-12,2010-08-13 08:41:00 +0900,Eastern Time (US & Canada),486020,rgundy,Robert Gundy,2018-05-07 04:55:46 +0900,2024-12-17 06:27:21 +0900,research,CC-BY-NC-ND,https://www.inaturalist.org/observations/12205503,https://inaturalist-open-data.s3.amazonaws.com/photos/17532904/medium.jpeg,NA,NA,NA,3,0,FALSE,NA,Blue Mountain Peak Ranch,30.5673324928,-99.4654617932,1580,NA,NA,NA,1580,NA,open,FALSE,NA,NA,Eastern Collared Lizard,Crotaphytus collaris,Eastern Collared Lizard,Reptilia,33135
12205504,395994c1-7573-42cf-b528-eae8c3e1bafb,2010/06/08 1:07 PM EDT,2010-06-08,2010-06-09 02:07:00 +0900,Eastern Time (US & Canada),486020,rgundy,Robert Gundy,2018-05-07 04:55:46 +0900,2024-12-17 06:27:21 +0900,research,CC-BY-NC-ND,https://www.inaturalist.org/observations/12205504,https://inaturalist-open-data.s3.amazonaws.com/photos/17532920/medium.jpeg,NA,NA,NA,3,0,FALSE,NA,Camp Bowie,31.6200567082,-98.9234728622,3352,NA,NA,NA,3352,NA,open,FALSE,NA,NA,Eastern Collared Lizard,Crotaphytus collaris,Eastern Collared Lizard,Reptilia,33135
12254940,d299501b-246d-42d1-97e2-ee1330b0e446,Mon May 07 2018 15:25:00 GMT-0500 (CDT),2018-05-07,2018-05-08 05:25:00 +0900,Central Time (US & Canada),9160,jeff32,Jeff Adams,2018-05-08 11:37:07 +0900,2018-06-17 17:41:39 +0900,research,CC-BY-NC,https://www.inaturalist.org/observations/12254940,https://static.inaturalist.org/photos/17619358/medium.jpg,NA,NA,NA,3,0,FALSE,3,"4248–4298 US Highway 285, Pecos, TX, US",31.8971009621,-103.9596693921,1237,NA,NA,NA,1237,NA,open,FALSE,NA,NA,Eastern Collared Lizard,Crotaphytus collaris,Eastern Collared Lizard,Reptilia,33135
12341128,ed1324c3-7af9-48d6-85b2-eecaba324d24,Wed May 09 2018 12:42:00 GMT-0500 (CDT),2018-05-09,2018-05-10 02:42:00 +0900,Central Time (US & Canada),13156,romeyswanson,Romey Swanson,2018-05-11 11:00:08 +0900,2018-05-12 09:46:30 +0900,research,CC-BY-NC,https://www.inaturalist.org/observations/12341128,https://inaturalist-open-data.s3.amazonaws.com/photos/17769743/medium.jpg,NA,NA,NA,3,0,FALSE,3,"Texas, US",31.1232256292,-101.0479362051,8,"Texas, US",31.0236276135,-101.001113603,29278,obscured,open,TRUE,NA,NA,Eastern Collared Lizard,Crotaphytus collaris,Eastern Collared Lizard,Reptilia,33135
12341136,7095759e-afa9-4f19-8dee-ad281db7d5f7,Wed May 09 2018 12:55:55 GMT-0500 (CDT),2018-05-09,2018-05-10 02:55:55 +0900,Central Time (US & Canada),13156,romeyswanson,Romey Swanson,2018-05-11 11:00:21 +0900,2018-05-11 20:17:58 +0900,research,CC-BY-NC,https://www.inaturalist.org/observations/12341136,https://inaturalist-open-data.s3.amazonaws.com/photos/17769753/medium.jpg,NA,NA,NA,3,0,FALSE,3,"Texas, US",31.0251759177,-101.1957091616,24,"Texas, US",31.0091159061,-101.0229152207,29278,obscured,open,TRUE,NA,NA,Eastern Collared Lizard,Crotaphytus collaris,Eastern Collared Lizard,Reptilia,33135
12341194,f2912110-f1be-4f0d-894d-d695a0f6934f,Thu May 10 2018 12:57:30 GMT-0500 (CDT),2018-05-10,2018-05-11 02:57:30 +0900,Central Time (US & Canada),13156,romeyswanson,Romey Swanson,2018-05-11 11:02:59 +0900,2018-05-12 09:46:28 +0900,research,CC-BY-NC,https://www.inaturalist.org/observations/12341194,https://inaturalist-open-data.s3.amazonaws.com/photos/17769848/medium.jpg,NA,NA,NA,4,0,FALSE,3,"Texas, US",31.0486216184,-101.0914920459,8,"Texas, US",31.0117347629,-101.0184114679,29278,obscured,open,TRUE,NA,NA,Eastern Collared Lizard,Crotaphytus collaris,Eastern Collared Lizard,Reptilia,33135
12389245,452dcba0-41ec-4510-bd60-51df9199a32d,2018/05/09 3:34 PM HST,2018-05-09,2018-05-10 10:34:00 +0900,Hawaii,206492,wild-about-texas,Michael Price,2018-05-13 04:12:09 +0900,2023-07-07 06:13:05 +0900,research,CC-BY-NC,https://www.inaturalist.org/observations/12389245,https://inaturalist-open-data.s3.amazonaws.com/photos/17853504/medium.jpeg,NA,NA,NA,3,0,FALSE,NA,"Texas, US",31.1241278469,-101.0273566005,2,"Crockett County, TX, USA",31.0254032151,-101.0000047088,29278,obscured,open,TRUE,NA,NA,Eastern Collared Lizard,Crotaphytus collaris,Eastern Collared Lizard,Reptilia,33135
12389246,b12e6ae0-64b4-4412-bdc3-ec08c64bff94,2018/05/10 2:59 PM HST,2018-05-10,2018-05-11 09:59:00 +0900,Hawaii,206492,wild-about-texas,Michael Price,2018-05-13 04:12:09 +0900,2023-07-07 06:13:07 +0900,research,CC-BY-NC,https://www.inaturalist.org/observations/12389246,https://inaturalist-open-data.s3.amazonaws.com/photos/17853509/medium.jpeg,NA,NA,NA,3,0,FALSE,NA,"Texas, US",31.0572178946,-101.1781452352,2,"Crockett County, TX, USA",31.0022465712,-101.03464812040001,29278,obscured,open,TRUE,NA,NA,Eastern Collared Lizard,Crotaphytus collaris,Eastern Collared Lizard,Reptilia,33135
12427874,8df7236b-96a4-4fdb-9bca-76b71b31e215,2018/05/13 11:36 AM CDT,2018-05-13,2018-05-14 01:36:00 +0900,Central Time (US & Canada),18812,mako252,Jon McIntyre,2018-05-14 06:49:47 +0900,2023-08-25 20:43:31 +0900,research,CC-BY-NC,https://www.inaturalist.org/observations/12427874,https://inaturalist-open-data.s3.amazonaws.com/photos/17921086/medium.jpeg,NA,NA,NA,4,0,FALSE,NA,"Brewster County, TX, USA",29.2831049877,-103.368640691,2,NA,NA,NA,2,NA,open,FALSE,NA,NA,Eastern Collared Lizard,Crotaphytus collaris,Eastern Collared Lizard,Reptilia,33135
12428480,e1746117-5a2d-4a18-97e0-fd4d92129b73,2018/05/13 1:33 PM CDT,2018-05-13,2018-05-14 03:33:00 +0900,Central Time (US & Canada),18812,mako252,Jon McIntyre,2018-05-14 07:06:00 +0900,2023-08-25 20:42:32 +0900,research,CC-BY-NC,https://www.inaturalist.org/observations/12428480,https://inaturalist-open-data.s3.amazonaws.com/photos/17922075/medium.jpeg,NA,NA,NA,4,0,FALSE,NA,"Brewster County, TX, USA",29.1599964837,-103.4505486488,4,NA,NA,NA,4,NA,open,FALSE,NA,NA,Eastern Collared Lizard,Crotaphytus collaris,Eastern Collared Lizard,Reptilia,33135
12462369,de9e2191-0550-4da0-a8a8-258516a8f79b,2018/05/14 2:35 PM CDT,2018-05-14,2018-05-15 04:35:00 +0900,Central Time (US & Canada),268486,brooksy,Jason Brooks,2018-05-15 07:05:22 +0900,2018-05-16 09:54:20 +0900,research,NA,https://www.inaturalist.org/observations/12462369,https://static.inaturalist.org/photos/17980177/medium.jpeg,NA,NA,NA,2,0,FALSE,NA,"Upton County, TX, USA",31.3514746547,-102.2063148022,16,NA,NA,NA,16,NA,open,FALSE,NA,NA,Eastern Collared Lizard,Crotaphytus collaris,Eastern Collared Lizard,Reptilia,33135
12568408,01ca8660-fd16-4805-b5ae-6b59f606a376,Wed May 09 2018 10:18:41 GMT-0500 (CDT),2018-05-09,2018-05-10 00:18:41 +0900,Central Time (US & Canada),150198,benwalker505,Ben,2018-05-18 14:08:08 +0900,2018-05-24 11:47:46 +0900,research,CC-BY-NC,https://www.inaturalist.org/observations/12568408,https://inaturalist-open-data.s3.amazonaws.com/photos/18160288/medium.jpg,NA,NA,Basking in the road,3,0,FALSE,3,"Texas, US",30.8243284567,-101.0963208852,5,"County Road 109, Ozona, TX, US",30.803325,-101.0902945,29304,obscured,open,TRUE,NA,NA,Eastern Collared Lizard,Crotaphytus collaris,Eastern Collared Lizard,Reptilia,33135
12580947,a152458a-e159-462f-be5f-06fc2afb09b1,2018/04/06 11:46 AM CDT,2018-04-06,2018-04-07 01:46:00 +0900,Central Time (US & Canada),27047,gcwarbler,Chuck Sexton,2018-05-19 02:50:18 +0900,2023-01-11 22:22:06 +0900,research,CC0,https://www.inaturalist.org/observations/12580947,https://inaturalist-open-data.s3.amazonaws.com/photos/18181148/medium.jpg,NA,"Herp, Lizard",This beautiful pair of Collared Lizards were doing some courtship activities and were paying less attention to me.  I approached both within about 12 to 15 ft.,4,0,FALSE,NA,"Seminole Canyon SP, Val Verde Co., TX",29.685,-101.3164888889,500,NA,NA,NA,500,NA,open,FALSE,NA,NA,Eastern Collared Lizard,Crotaphytus collaris,Eastern Collared Lizard,Reptilia,33135
12695165,7ca192b3-e2fd-48f5-8853-411fefab95d3,2018/04/06 9:06 AM PDT,2018-04-06,2018-04-07 01:06:00 +0900,Pacific Time (US & Canada),6971,silversea_starsong,James Bailey,2018-05-22 10:10:27 +0900,2018-05-23 06:54:06 +0900,research,CC-BY-NC,https://www.inaturalist.org/observations/12695165,https://inaturalist-open-data.s3.amazonaws.com/photos/18379085/medium.jpeg,NA,NA,NA,3,0,FALSE,NA,"Val Verde County, TX, USA",29.69258,-101.31766,NA,NA,NA,NA,NA,NA,open,FALSE,NA,NA,Eastern Collared Lizard,Crotaphytus collaris,Eastern Collared Lizard,Reptilia,33135
12701080,e8dcdeb3-dcb7-4cac-a91c-6cfa174df8ae,2018/04/06 10:19 AM PDT,2018-04-06,2018-04-07 02:19:00 +0900,Pacific Time (US & Canada),6971,silversea_starsong,James Bailey,2018-05-22 14:34:26 +0900,2018-05-23 06:44:53 +0900,research,CC-BY-NC,https://www.inaturalist.org/observations/12701080,https://inaturalist-open-data.s3.amazonaws.com/photos/18389730/medium.jpeg,NA,NA,NA,4,0,FALSE,NA,"Val Verde County, TX, USA",29.6891766667,-101.31858,NA,NA,NA,NA,NA,NA,open,FALSE,NA,NA,Eastern Collared Lizard,Crotaphytus collaris,Eastern Collared Lizard,Reptilia,33135
12701091,a455bfba-23ac-42c4-8020-31c7fcd2ac2d,2018/04/06 10:43 AM PDT,2018-04-06,2018-04-07 02:43:00 +0900,Pacific Time (US & Canada),6971,silversea_starsong,James Bailey,2018-05-22 14:34:32 +0900,2018-05-23 06:44:12 +0900,research,CC-BY-NC,https://www.inaturalist.org/observations/12701091,https://inaturalist-open-data.s3.amazonaws.com/photos/18389825/medium.jpeg,NA,NA,NA,6,0,FALSE,NA,"Val Verde County, TX, USA",29.6884016667,-101.3169416667,NA,NA,NA,NA,NA,NA,open,FALSE,NA,NA,Eastern Collared Lizard,Crotaphytus collaris,Eastern Collared Lizard,Reptilia,33135
12923851,cd33d321-dc6e-47e3-9b42-7a0fd07bc33d,Mon May 28 2018 19:44:35 GMT-0500 (CDT),2018-05-28,2018-05-29 09:44:35 +0900,Central Time (US & Canada),993393,journeyman_jeff,NA,2018-05-29 23:00:21 +0900,2018-05-31 09:47:02 +0900,research,CC-BY-NC,https://www.inaturalist.org/observations/12923851,https://inaturalist-open-data.s3.amazonaws.com/photos/18776066/medium.jpg,NA,NA,NA,2,0,FALSE,3,"Palo Duro Canyon State Park, Canyon, TX, US",34.9475216667,-101.6460416667,5,NA,NA,NA,5,NA,open,FALSE,NA,NA,Eastern Collared Lizard,Crotaphytus collaris,Eastern Collared Lizard,Reptilia,33135
13177234,c8afe4b7-415d-4446-920e-a102c94f2bab,2018-05-31 11:55:32,2018-05-31,2018-06-01 06:55:32 +0900,Hawaii,88032,berkhoudtre,NA,2018-06-07 01:08:41 +0900,2018-06-07 09:27:26 +0900,research,NA,https://www.inaturalist.org/observations/13177234,https://static.inaturalist.org/photos/19253155/medium.jpg,NA,NA,Collared lizard at Palo Duro Canyon,3,0,FALSE,NA,"Randall County, TX, USA",34.9665865,-101.6753115,5,NA,NA,NA,5,NA,open,FALSE,NA,NA,Eastern Collared Lizard,Crotaphytus collaris,Eastern Collared Lizard,Reptilia,33135
13394220,9c5d134c-00fe-4872-afdc-d1d37b745912,2018-06-13 8:54:10 AM CDT,2018-06-13,2018-06-13 22:54:10 +0900,Central Time (US & Canada),417752,jameskgreen,James K Green,2018-06-13 23:57:46 +0900,2018-06-14 16:39:40 +0900,research,NA,https://www.inaturalist.org/observations/13394220,https://static.inaturalist.org/photos/19645325/medium.jpeg,NA,NA,NA,2,0,FALSE,2,"Texas, US",30.5420712524,-98.2681613545,NA,NA,NA,NA,29356,obscured,open,TRUE,gps,gps,Eastern Collared Lizard,Crotaphytus collaris,Eastern Collared Lizard,Reptilia,33135
13420020,80da2fd3-7b3b-4e27-97d5-1e3aaa6258a2,2016/06/20 5:55 AM UTC,2016-06-20,NA,UTC,9159,rowdius,Rowdy White,2018-06-14 20:47:23 +0900,2018-06-15 08:29:57 +0900,research,NA,https://www.inaturalist.org/observations/13420020,https://static.inaturalist.org/photos/19690324/medium.jpg,NA,NA,NA,3,0,FALSE,NA,"Mitchell County, TX, USA",32.3360516,-100.8903099,30344,NA,NA,NA,30344,NA,open,FALSE,NA,NA,Eastern Collared Lizard,Crotaphytus collaris,Eastern Collared Lizard,Reptilia,33135
13610675,8079efdd-9388-427c-b3af-018549af0b65,2008/06/19 10:26 AM CDT,2008-06-19,2008-06-20 00:26:00 +0900,Central Time (US & Canada),488003,mattbuckingham,NA,2018-06-21 00:43:32 +0900,2018-06-21 01:20:29 +0900,research,NA,https://www.inaturalist.org/observations/13610675,https://static.inaturalist.org/photos/20026928/medium.jpg,NA,NA,NA,1,0,FALSE,NA,"Randall County, TX, USA",34.9352483417,-101.6390725243,4,NA,NA,NA,4,NA,open,FALSE,NA,NA,Eastern Collared Lizard,Crotaphytus collaris,Eastern Collared Lizard,Reptilia,33135
13656013,a5499665-2053-4dcb-9fa7-8750ac5a86ee,2016-06-20 5:26:26 PM CDT,2016-06-20,2016-06-21 07:26:26 +0900,Central Time (US & Canada),9159,rowdius,Rowdy White,2018-06-22 10:27:37 +0900,2018-06-23 05:24:52 +0900,research,NA,https://www.inaturalist.org/observations/13656013,https://static.inaturalist.org/photos/20106369/medium.jpeg,NA,NA,NA,3,0,FALSE,2,"Texas, US",32.2531563236,-100.3399776061,86,NA,NA,NA,29120,obscured,open,TRUE,gps,gps,Eastern Collared Lizard,Crotaphytus collaris,Eastern Collared Lizard,Reptilia,33135
13873025,3e0c9561-916d-4c91-bf9c-e9bfca9b2249,Mon May 28 2018 13:13:00 GMT-0600 (MDT),2018-05-28,2018-05-29 04:13:00 +0900,Mountain Time (US & Canada),630404,lindseydacey,Lindsey R. Dacey,2018-06-29 09:02:44 +0900,2018-10-26 13:22:06 +0900,research,CC-BY-NC,https://www.inaturalist.org/observations/13873025,https://inaturalist-open-data.s3.amazonaws.com/photos/20481058/medium.jpg,NA,NA,NA,4,0,FALSE,3,"Franklin Mountains State Park, El Paso, TX, US",31.9239345102,-106.5055261393,23,NA,NA,NA,23,NA,open,FALSE,NA,NA,Eastern Collared Lizard,Crotaphytus collaris,Eastern Collared Lizard,Reptilia,33135
13954519,6bb48a3f-6377-4ca9-abf4-9e10c0057b56,2018-06-18 11:54:12 AM CDT,2018-06-18,2018-06-19 01:54:12 +0900,Central Time (US & Canada),1018857,courtneyhill0201,NA,2018-07-02 04:22:17 +0900,2018-10-26 13:22:06 +0900,research,CC-BY-NC,https://www.inaturalist.org/observations/13954519,https://inaturalist-open-data.s3.amazonaws.com/photos/20626722/medium.jpeg,NA,NA,NA,3,0,FALSE,2,"Canyon, TX 79015, USA",34.9392507667,-101.6615454108,11007,NA,NA,NA,11007,NA,open,FALSE,gps,gps,Eastern Collared Lizard,Crotaphytus collaris,Eastern Collared Lizard,Reptilia,33135
14201516,51d4dfb1-ac43-44d5-ba9f-59fe0abc68bb,2018-07-09 11:28:46 AM CDT,2018-07-09,2018-07-10 01:28:46 +0900,Central Time (US & Canada),268486,brooksy,Jason Brooks,2018-07-10 01:29:55 +0900,2018-10-26 13:22:07 +0900,research,NA,https://www.inaturalist.org/observations/14201516,https://static.inaturalist.org/photos/21064112/medium.jpeg,NA,NA,NA,2,0,FALSE,2,"County Rd 117, Midkiff, TX 79755, USA",31.58247904,-102.05363411,3,NA,NA,NA,3,NA,open,FALSE,NA,NA,Eastern Collared Lizard,Crotaphytus collaris,Eastern Collared Lizard,Reptilia,33135
14260612,c4753f08-15b1-4c7a-95f5-23f107eb6b77,2018/07/10 12:43 PM CDT,2018-07-10,2018-07-11 02:43:00 +0900,Central Time (US & Canada),268486,brooksy,Jason Brooks,2018-07-12 00:35:17 +0900,2024-02-06 23:27:39 +0900,research,NA,https://www.inaturalist.org/observations/14260612,https://static.inaturalist.org/photos/21168324/medium.jpeg,NA,NA,NA,3,0,FALSE,NA,"Upton County, TX, USA",31.3208817381,-102.2258338011,521,NA,NA,NA,521,NA,open,FALSE,NA,NA,Eastern Collared Lizard,Crotaphytus collaris,Eastern Collared Lizard,Reptilia,33135
14314552,e5bdae17-2d01-4895-9388-d31568acb08d,2018/07/11 12:21 PM PDT,2018-07-11,2018-07-12 04:21:00 +0900,Pacific Time (US & Canada),983800,carrendell,NA,2018-07-13 22:59:52 +0900,2018-10-26 13:22:13 +0900,research,CC-BY-NC,https://www.inaturalist.org/observations/14314552,https://inaturalist-open-data.s3.amazonaws.com/photos/21263699/medium.jpeg,NA,NA,NA,4,0,FALSE,NA,"Texas, US",31.2974848226,-102.0427515744,1953,NA,NA,NA,29252,obscured,open,TRUE,NA,NA,Eastern Collared Lizard,Crotaphytus collaris,Eastern Collared Lizard,Reptilia,33135
14719200,a9aeef87-8ef9-47af-b1da-7423f205d8cb,Mon Jun 04 2018 16:30:26 GMT+0800 (GMT+8),2018-06-04,2018-06-04 17:30:26 +0900,Australia/Perth,744893,frostioe,Kevin Chen,2018-07-26 00:35:41 +0900,2024-09-18 18:20:54 +0900,research,CC-BY-NC,https://www.inaturalist.org/observations/14719200,https://inaturalist-open-data.s3.amazonaws.com/photos/21953069/medium.jpg,NA,NA,NA,3,0,FALSE,3,"Caprock Canyons State Park, Quitaque, TX, US",34.4465496983,-101.0810704145,352,NA,NA,NA,352,NA,open,FALSE,NA,NA,Eastern Collared Lizard,Crotaphytus collaris,Eastern Collared Lizard,Reptilia,33135
14771677,f163f954-371d-4e95-8017-066ce556b478,Thu Jul 26 2018 17:50:19 GMT-0500 (CDT),2018-07-26,2018-07-27 07:50:19 +0900,Central Time (US & Canada),21609,trans-pecos-herpetology,R. Reed McClure,2018-07-27 10:39:08 +0900,2023-08-25 20:46:45 +0900,research,NA,https://www.inaturalist.org/observations/14771677,https://static.inaturalist.org/photos/22041490/medium.jpg,NA,NA,NA,3,0,FALSE,3,"Texas, US",30.5535192829,-103.9930769678,5,"TX-118, Fort Davis, TX, US",30.5474166667,-103.8610166667,29356,obscured,open,TRUE,NA,NA,Eastern Collared Lizard,Crotaphytus collaris,Eastern Collared Lizard,Reptilia,33135
14859176,fb526a74-f4e3-4c05-a755-c6b0c80de03e,Sat Jul 28 2018 19:15:43 GMT-0500 (CDT),2018-07-28,2018-07-29 09:15:43 +0900,Central Time (US & Canada),646908,edbiotx,NA,2018-07-29 09:47:34 +0900,2019-11-05 13:54:23 +0900,research,NA,https://www.inaturalist.org/observations/14859176,https://static.inaturalist.org/photos/22182942/medium.jpg,NA,NA,NA,3,0,FALSE,3,"Copper Breaks State Park, Chillicothe, TX, US",34.1078555,-99.7476666667,5,NA,NA,NA,5,NA,open,FALSE,NA,NA,Eastern Collared Lizard,Crotaphytus collaris,Eastern Collared Lizard,Reptilia,33135
15000152,ff2d37d9-0667-4896-9a2b-a47a32107861,Tue Jul 31 2018 16:12:36 GMT-0600 (MDT),2018-07-31,2018-08-01 07:12:36 +0900,Mountain Time (US & Canada),865470,gthul9,NA,2018-08-01 08:28:50 +0900,2018-10-26 13:22:03 +0900,research,NA,https://www.inaturalist.org/observations/15000152,https://static.inaturalist.org/photos/22379319/medium.jpg,NA,NA,NA,2,0,FALSE,3,"Franklin Mountains State Park, El Paso, TX, US",31.9056532531,-106.4953688345,545,NA,NA,NA,545,NA,open,FALSE,NA,NA,Eastern Collared Lizard,Crotaphytus collaris,Eastern Collared Lizard,Reptilia,33135
15146995,fb066f27-c27e-4e8a-b19d-6380ef84e272,Sun Aug 05 2018 15:39:50 GMT-0500 (CDT),2018-08-05,2018-08-06 05:39:50 +0900,Central Time (US & Canada),691366,ronaldkendall,Ronald Kendall,2018-08-06 05:51:00 +0900,2019-08-04 04:15:19 +0900,research,CC-BY-NC,https://www.inaturalist.org/observations/15146995,https://inaturalist-open-data.s3.amazonaws.com/photos/22695183/medium.jpg,NA,NA,NA,3,0,FALSE,3,"79549, Snyder, TX, US",32.96583,-100.593795,6,NA,NA,NA,6,NA,open,FALSE,NA,NA,Eastern Collared Lizard,Crotaphytus collaris,Eastern Collared Lizard,Reptilia,33135
15339067,23f1448c-a6da-4e5b-901b-5c381bfa1fdd,Sat Aug 11 2018 13:48:15 GMT-0500 (CDT),2018-08-11,2018-08-12 03:48:15 +0900,Central Time (US & Canada),1100227,jenny177,Jenny Ozmetin,2018-08-12 11:53:12 +0900,2018-10-26 13:21:58 +0900,research,NA,https://www.inaturalist.org/observations/15339067,https://static.inaturalist.org/photos/22975635/medium.jpg,NA,NA,NA,3,0,FALSE,3,"Caprock Canyons State Park, Quitaque, TX, US",34.461525,-101.1142111667,10,NA,NA,NA,10,NA,open,FALSE,NA,NA,Eastern Collared Lizard,Crotaphytus collaris,Eastern Collared Lizard,Reptilia,33135
15377254,f1ab18d2-bebb-47ec-88d0-cecac889e636,2018/08/11 2:11 PM CDT,2018-08-11,2018-08-12 04:11:00 +0900,Central Time (US & Canada),348898,amzapp,Lena Zappia,2018-08-13 12:05:07 +0900,2018-10-26 13:21:58 +0900,research,CC-BY-NC,https://www.inaturalist.org/observations/15377254,https://inaturalist-open-data.s3.amazonaws.com/photos/23042213/medium.jpg,NA,NA,NA,3,0,FALSE,NA,"Briscoe County, TX, USA",34.4507030565,-101.0820382007,31,NA,NA,NA,31,NA,open,FALSE,NA,NA,Eastern Collared Lizard,Crotaphytus collaris,Eastern Collared Lizard,Reptilia,33135
15397344,67138c5f-c44e-4a6e-813c-b882987ffa79,2018-08-13 12:59:50 PM CDT,2018-08-13,2018-08-14 02:59:50 +0900,Central Time (US & Canada),140403,jefrobodeen,Jeff,2018-08-14 04:47:20 +0900,2018-10-26 13:22:00 +0900,research,CC-BY-NC,https://www.inaturalist.org/observations/15397344,https://inaturalist-open-data.s3.amazonaws.com/photos/23079514/medium.jpeg,NA,NA,NA,3,0,FALSE,2,"Randall County, US-TX, US",34.98059024,-101.68494798,7,NA,NA,NA,7,NA,open,FALSE,NA,NA,Eastern Collared Lizard,Crotaphytus collaris,Eastern Collared Lizard,Reptilia,33135
15961779,0b3f752b-ab08-4a5d-a4c6-e659ccec2bbd,2014/08/24 2:09 PM EDT,2014-08-24,2014-08-25 03:09:00 +0900,Eastern Time (US & Canada),25150,jakescott,Jake Scott,2018-08-28 09:19:28 +0900,2023-06-29 04:20:37 +0900,research,CC-BY-NC,https://www.inaturalist.org/observations/15961779,https://static.inaturalist.org/photos/23890619/medium.jpeg,NA,NA,NA,2,0,FALSE,NA,"Val Verde County, US-TX, US",29.6172368807,-101.2730173617,31,NA,NA,NA,29458,obscured,open,TRUE,NA,NA,Eastern Collared Lizard,Crotaphytus collaris,Eastern Collared Lizard,Reptilia,33135
16076038,63e99d5a-8219-4e9f-bd04-ba3ae3a74da4,Fri Aug 31 2018 08:55:11 GMT-0600 (MDT),2018-08-31,2018-08-31 23:55:11 +0900,Mountain Time (US & Canada),630404,lindseydacey,Lindsey R. Dacey,2018-09-01 03:36:46 +0900,2018-10-26 13:22:01 +0900,research,CC-BY-NC,https://www.inaturalist.org/observations/16076038,https://inaturalist-open-data.s3.amazonaws.com/photos/24076060/medium.jpg,NA,NA,NA,2,0,FALSE,3,"Franklin Mountains State Park, El Paso, TX, US",31.9255546454,-106.5066398382,269,NA,NA,NA,269,NA,open,FALSE,NA,NA,Eastern Collared Lizard,Crotaphytus collaris,Eastern Collared Lizard,Reptilia,33135
16130409,059a255e-b781-46dc-8b36-7683a8b09a5b,2018-08-19 12:47:14 PM MDT,2018-08-19,2018-08-20 03:47:14 +0900,Mountain Time (US & Canada),1174886,joshphillips2,Josh Phillips,2018-09-02 22:33:05 +0900,2018-10-26 13:22:00 +0900,research,NA,https://www.inaturalist.org/observations/16130409,https://static.inaturalist.org/photos/24174313/medium.jpeg,NA,NA,NA,3,0,FALSE,2,"Lighthouse Trail, Canyon, TX 79015, USA",34.935798645,-101.6970062256,NA,NA,NA,NA,NA,NA,open,FALSE,gps,gps,Eastern Collared Lizard,Crotaphytus collaris,Eastern Collared Lizard,Reptilia,33135
16212573,d5795eb6-b6fe-4786-8640-537c781ce572,2009/04/19 5:34 AM MDT,2009-04-19,2009-04-19 20:34:00 +0900,Mountain Time (US & Canada),190613,aggie_wildlifer,Brian Dickerson,2018-09-05 05:12:59 +0900,2024-09-06 00:36:07 +0900,research,CC0,https://www.inaturalist.org/observations/16212573,https://inaturalist-open-data.s3.amazonaws.com/photos/24325010/medium.jpeg,NA,NA,NA,3,0,FALSE,NA,"Leon County, TX, USA",31.1346650208,-95.8882979188,139685,NA,NA,NA,139685,NA,open,FALSE,NA,NA,Eastern Collared Lizard,Crotaphytus collaris,Eastern Collared Lizard,Reptilia,33135
16396341,afb05470-ccd6-46f4-8079-e8d2a0557a51,2018/09/08 12:54 PM PDT,2018-09-08,2018-09-09 04:54:00 +0900,Pacific Time (US & Canada),11108,maspangler,Mark Spangler,2018-09-11 03:59:57 +0900,2024-04-05 09:58:58 +0900,research,CC0,https://www.inaturalist.org/observations/16396341,https://inaturalist-open-data.s3.amazonaws.com/photos/24661206/medium.jpeg,NA,NA,NA,2,0,FALSE,NA,"Palo Duro Canyon State Park, TX, USA",34.947557,-101.644848,NA,NA,NA,NA,NA,NA,open,FALSE,NA,NA,Eastern Collared Lizard,Crotaphytus collaris,Eastern Collared Lizard,Reptilia,33135
16396828,bdf40696-e98a-4a09-994a-10cb6246deaf,2015/07/12 5:40 AM PDT,2015-07-12,2015-07-12 21:40:00 +0900,Pacific Time (US & Canada),11108,maspangler,Mark Spangler,2018-09-11 04:16:52 +0900,2024-04-05 09:57:00 +0900,research,CC0,https://www.inaturalist.org/observations/16396828,https://inaturalist-open-data.s3.amazonaws.com/photos/24661864/medium.jpeg,NA,NA,NA,2,0,FALSE,NA,"Palo Duro Canyon State Park, TX, USA",34.9563248277,-101.6850754507,1000,NA,NA,NA,1000,NA,open,FALSE,NA,NA,Eastern Collared Lizard,Crotaphytus collaris,Eastern Collared Lizard,Reptilia,33135
16396829,ff22dd4e-a089-497d-8a78-9eba515d5848,2015/07/12 5:44 AM PDT,2015-07-12,2015-07-12 21:44:00 +0900,Pacific Time (US & Canada),11108,maspangler,Mark Spangler,2018-09-11 04:16:52 +0900,2024-04-05 09:56:31 +0900,research,CC0,https://www.inaturalist.org/observations/16396829,https://inaturalist-open-data.s3.amazonaws.com/photos/24661916/medium.jpeg,NA,NA,NA,3,0,FALSE,NA,"Palo Duro Canyon State Park, TX, USA",34.9562348617,-101.6852470776,1000,NA,NA,NA,1000,NA,open,FALSE,NA,NA,Eastern Collared Lizard,Crotaphytus collaris,Eastern Collared Lizard,Reptilia,33135
16434930,ec02bb21-b0c3-4ad3-89cf-aef0b2ffa25a,Tue Sep 11 2018 14:52:10 GMT-0500 (CDT),2018-09-11,2018-09-12 04:52:10 +0900,Central Time (US & Canada),670984,gry,NA,2018-09-12 07:23:59 +0900,2018-10-26 13:21:50 +0900,research,NA,https://www.inaturalist.org/observations/16434930,https://static.inaturalist.org/photos/24726959/medium.jpg,NA,NA,NA,3,0,FALSE,3,"Palo Duro Canyon State Park, Canyon, TX, US",34.9414166667,-101.65068,6,NA,NA,NA,6,NA,open,FALSE,NA,NA,Eastern Collared Lizard,Crotaphytus collaris,Eastern Collared Lizard,Reptilia,33135
16613941,6c41ac6b-79d1-4cfa-aa63-911bba2505d3,2018/09/16 5:24 PM MDT,2018-09-16,2018-09-17 08:24:00 +0900,Mountain Time (US & Canada),917390,ameeds,Andrew Meeds,2018-09-17 10:44:01 +0900,2023-07-07 10:37:02 +0900,research,CC-BY,https://www.inaturalist.org/observations/16613941,https://inaturalist-open-data.s3.amazonaws.com/photos/25035880/medium.jpg,NA,NA,NA,2,0,FALSE,NA,"Tom Mays Park Access Rd, El Paso, TX 79930, USA",31.9513292171,-106.5077542629,6036,NA,NA,NA,6036,NA,open,FALSE,NA,NA,Eastern Collared Lizard,Crotaphytus collaris,Eastern Collared Lizard,Reptilia,33135
16642523,5cb2d742-4e24-44c6-b170-e6394a286104,2018/09/15 11:40 AM CDT,2018-09-15,2018-09-16 01:40:00 +0900,Central Time (US & Canada),696944,castlegrande,Kerry Carloy,2018-09-18 08:08:23 +0900,2018-10-26 13:21:53 +0900,research,CC-BY-NC,https://www.inaturalist.org/observations/16642523,https://inaturalist-open-data.s3.amazonaws.com/photos/25088180/medium.jpg,NA,"arid, desert, palo duro canyon, southwest, texas, eastern collared lizard, lizard, reptile, herp, Crotaphytus collaris",NA,2,0,FALSE,NA,"11450 State Hwy Park Rd 5, Canyon, TX 79015, USA",34.937254,-101.6475533,8477,NA,NA,NA,8477,NA,open,FALSE,NA,NA,Eastern Collared Lizard,Crotaphytus collaris,Eastern Collared Lizard,Reptilia,33135
16860484,0f29825e-5db4-4a0d-85fb-5b2b7f2f2478,Sun Sep 23 2018 20:06:32 GMT-0600 (MDT),2018-09-23,2018-09-24 11:06:32 +0900,Mountain Time (US & Canada),1181972,dejeanne,NA,2018-09-24 12:38:15 +0900,2018-10-26 13:21:52 +0900,research,NA,https://www.inaturalist.org/observations/16860484,https://static.inaturalist.org/photos/25463312/medium.jpg,NA,NA,Seen at the Franklin Mountain State Park Cottonwood trail.,3,0,FALSE,3,"Tom Mays Park, El Paso, TX, US",31.9014685791,-106.514475532,129,NA,NA,NA,129,NA,open,FALSE,NA,NA,Eastern Collared Lizard,Crotaphytus collaris,Eastern Collared Lizard,Reptilia,33135
16881860,47bbee96-5c9a-41c9-be7f-e323e1dedbc6,2018-09-21 11:09:35 PM CDT,2018-09-21,2018-09-22 13:09:35 +0900,Central Time (US & Canada),500525,dannysanders,NA,2018-09-25 06:01:56 +0900,2018-10-26 13:21:53 +0900,research,NA,https://www.inaturalist.org/observations/16881860,https://static.inaturalist.org/photos/25500322/medium.jpeg,NA,NA,NA,2,0,FALSE,2,"Texas, US",30.0045636019,-102.2544248518,11252,NA,NA,NA,29407,obscured,open,TRUE,gps,gps,Eastern Collared Lizard,Crotaphytus collaris,Eastern Collared Lizard,Reptilia,33135
16960646,26e771fa-894b-466d-bb52-a3bde14eb2b9,2018/09/25 1:22 PM CDT,2018-09-25,2018-09-26 03:22:00 +0900,Central Time (US & Canada),9159,rowdius,Rowdy White,2018-09-27 22:08:47 +0900,2018-10-26 13:21:49 +0900,research,NA,https://www.inaturalist.org/observations/16960646,https://static.inaturalist.org/photos/25637926/medium.jpg,NA,"Crotaphytus collaris, animal, eastern collared lizard, female, gravid",NA,2,0,FALSE,NA,"Dawson County, TX, USA",32.8133133333,-101.752455,NA,NA,NA,NA,NA,NA,open,FALSE,NA,NA,Eastern Collared Lizard,Crotaphytus collaris,Eastern Collared Lizard,Reptilia,33135
17117128,58808029-7ebf-40c3-97bc-6bc51be52e49,Mon Oct 01 2018 17:02:06 GMT-0500 (CDT),2018-10-01,2018-10-02 07:02:06 +0900,Central Time (US & Canada),88342,stephenfalick,NA,2018-10-02 10:39:28 +0900,2023-08-25 20:46:22 +0900,research,NA,https://www.inaturalist.org/observations/17117128,https://static.inaturalist.org/photos/25923125/medium.jpg,NA,NA,NA,3,0,FALSE,3,"Post Rd, Alpine, TX, US",30.1693916667,-103.2611,5,NA,NA,NA,5,NA,open,FALSE,NA,NA,Eastern Collared Lizard,Crotaphytus collaris,Eastern Collared Lizard,Reptilia,33135
17170248,c107e299-bc05-476a-9945-aa54e57bf7c0,2018/10/02 4:29 PM CDT,2018-10-02,2018-10-03 06:29:00 +0900,Central Time (US & Canada),9159,rowdius,Rowdy White,2018-10-04 06:56:49 +0900,2018-10-26 13:21:48 +0900,research,NA,https://www.inaturalist.org/observations/17170248,https://static.inaturalist.org/photos/26017948/medium.jpg,NA,collared lizard,NA,2,0,FALSE,NA,"Dawson County, TX, USA",32.8371433333,-101.8123583333,NA,NA,NA,NA,NA,NA,open,FALSE,NA,NA,Eastern Collared Lizard,Crotaphytus collaris,Eastern Collared Lizard,Reptilia,33135
17473663,33103836-9ab3-4166-af9b-0bfe20f01e96,2011/09/26 10:46 AM PDT,2011-09-26,2011-09-27 02:46:00 +0900,Pacific Time (US & Canada),42662,huatulco,Jon Church,2018-10-14 04:47:53 +0900,2018-10-26 13:21:47 +0900,research,CC-BY-NC-SA,https://www.inaturalist.org/observations/17473663,https://static.inaturalist.org/photos/26571770/medium.jpg,NA,NA,NA,2,0,FALSE,NA,"Hays County, TX, USA",30.2287503768,-98.1774058042,61,NA,NA,NA,61,NA,open,FALSE,NA,NA,Eastern Collared Lizard,Crotaphytus collaris,Eastern Collared Lizard,Reptilia,33135
17825452,2841964b-d697-46ef-a60d-c06cc7435ceb,2010-06-12 16:39:15,2010-06-12,2010-06-13 05:39:15 +0900,Eastern Time (US & Canada),586546,stevecollins,Steve Collins,2018-10-26 00:33:03 +0900,2023-12-11 04:09:05 +0900,research,CC-BY,https://www.inaturalist.org/observations/17825452,https://static.inaturalist.org/photos/27205797/medium.jpg,NA,"Eastern Collared Lizard, Crotaphytus collaris, Collared Lizard, Crotaphytus, Lizard, Briscoe County, TX, taxonomy:binomial=Crotaphytus collaris, female, I'm beautiful and full of eggs","The red stripes indicate that this is a gravid female.  These large lizards eat insects and other lizards.

Caprock Canyon SP, Briscoe Co., TX",3,0,FALSE,NA,"Caprock Canyon SP, Briscoe Co., TX",34.422258,-101.063045,1031,NA,NA,NA,1031,NA,open,FALSE,NA,manual,Eastern Collared Lizard,Crotaphytus collaris,Eastern Collared Lizard,Reptilia,33135
17839659,5ffc9196-24b8-495d-939c-7a8348686d05,2015/04/03 3:30 PM EDT,2015-04-03,2015-04-04 04:30:00 +0900,Eastern Time (US & Canada),1192276,ossifrage94,Dean Hester,2018-10-26 08:38:02 +0900,2023-08-25 20:42:24 +0900,research,CC-BY-NC,https://www.inaturalist.org/observations/17839659,https://inaturalist-open-data.s3.amazonaws.com/photos/27229730/medium.jpg,NA,NA,NA,3,0,FALSE,NA,"Dog Canyon, Texas 79830, USA",29.6238051,-103.1115584,1886,NA,NA,NA,1886,NA,open,FALSE,NA,NA,Eastern Collared Lizard,Crotaphytus collaris,Eastern Collared Lizard,Reptilia,33135
17852727,ec57d7ab-0d9f-4b67-845e-52208cfd721c,Sat Sep 01 2018 12:14:22 GMT-0600 (MDT),2018-09-01,2018-09-02 03:14:22 +0900,Mountain Time (US & Canada),1238941,brendahurly,NA,2018-10-27 00:51:11 +0900,2018-11-30 10:06:02 +0900,research,NA,https://www.inaturalist.org/observations/17852727,https://static.inaturalist.org/photos/27253569/medium.jpg,NA,NA,This lizard was found at Franklin Mountains. The lizard has a long tail ad a pointy head.,4,0,FALSE,3,"Franklin Mountains State Park, El Paso, TX, US",31.8721283333,-106.4964833333,12,NA,NA,NA,12,NA,open,FALSE,NA,NA,Eastern Collared Lizard,Crotaphytus collaris,Eastern Collared Lizard,Reptilia,33135
17976066,8872c379-b3ce-446a-a5b1-54f74415f307,2018-10-30 6:15:01 PM CDT,2018-10-30,2018-10-31 08:15:01 +0900,Central Time (US & Canada),417752,jameskgreen,James K Green,2018-10-31 09:40:30 +0900,2024-06-28 11:29:34 +0900,research,NA,https://www.inaturalist.org/observations/17976066,https://static.inaturalist.org/photos/27475322/medium.jpeg,NA,NA,Furthest east I've seen one.,3,0,FALSE,2,"Texas, US",30.6656034727,-98.03587787,NA,NA,NA,NA,29330,obscured,open,TRUE,gps,gps,Eastern Collared Lizard,Crotaphytus collaris,Eastern Collared Lizard,Reptilia,33135
18072693,a377ef06-04fc-4f1b-bbdc-18d70d298f0f,Thu Aug 30 2018 14:00:08 GMT-0600 (MDT),2018-08-30,2018-08-31 05:00:08 +0900,Mountain Time (US & Canada),1215375,eamitchell,NA,2018-11-04 07:23:51 +0900,2018-11-18 09:58:03 +0900,research,NA,https://www.inaturalist.org/observations/18072693,https://static.inaturalist.org/photos/27632466/medium.jpg,NA,NA,Found off of a hiking trail near some yucca plants on a rocky outcropping around midday.,2,0,FALSE,3,"Franklin Mountains State Park, El Paso, TX, US",31.8657915629,-106.4984721666,1360,NA,NA,NA,1360,NA,open,FALSE,NA,NA,Eastern Collared Lizard,Crotaphytus collaris,Eastern Collared Lizard,Reptilia,33135
18116317,3d453b4e-1620-4ef5-8f5a-c741dc6236f3,2001/07/30 10:58 PM -0500,2001-07-30,2001-07-31 12:58:00 +0900,Bogota,1267173,ktratboy,Kim Draper,2018-11-05 14:10:47 +0900,2023-01-28 11:48:46 +0900,research,CC-BY-NC,https://www.inaturalist.org/observations/18116317,https://inaturalist-open-data.s3.amazonaws.com/photos/27700377/medium.jpg,NA,"June, Texas, 2001, Reptiles & Amphibians, Tabor RV Trip 2001, Palo Duro Canyon SP, lizard",NA,1,0,FALSE,NA,"11450 State Hwy Park Rd 5, Canyon, TX 79015, USA",34.937254,-101.6475533,5283,NA,NA,NA,5283,NA,open,FALSE,NA,NA,Eastern Collared Lizard,Crotaphytus collaris,Eastern Collared Lizard,Reptilia,33135
18338601,faebde24-9b01-49e5-beda-d8ddd2f829c7,2018/09/08 4:17 PM MDT,2018-09-08,2018-09-09 07:17:00 +0900,Mountain Time (US & Canada),1236065,lucerofierrob,NA,2018-11-12 07:51:13 +0900,2018-11-12 09:04:34 +0900,research,CC-BY-NC,https://www.inaturalist.org/observations/18338601,https://inaturalist-open-data.s3.amazonaws.com/photos/28023986/medium.jpg,NA,NA,"Species has a light green color thorughout its body. Long toes and tail. Black dots are visible all over the body specially the torso. A black collar can be seen, which might make this lizard recognizable.",1,0,FALSE,NA,"Thunderbird Dr, El Paso, TX 79912, EE. UU.",31.8513961,-106.5098828,192,NA,NA,NA,192,NA,open,FALSE,NA,NA,Eastern Collared Lizard,Crotaphytus collaris,Eastern Collared Lizard,Reptilia,33135
18730537,7e9502f9-0620-4ee1-8c82-97303004645a,2018/09/15 12:31 AM MDT,2018-09-15,2018-09-15 15:31:00 +0900,Mountain Time (US & Canada),1300988,kristenpulley,NA,2018-11-30 16:34:04 +0900,2018-12-01 01:05:46 +0900,research,CC-BY-NC,https://www.inaturalist.org/observations/18730537,https://inaturalist-open-data.s3.amazonaws.com/photos/28680062/medium.jpeg,NA,NA,"Brown and green colored lizard with white spots down its back.  This lizard has two vary distinct black stripes around its neck that are most likely the reason they're called ""collared"" lizards.
",3,0,FALSE,NA,"El Paso, TX, USA",31.9232500568,-106.5052222576,196,NA,NA,NA,196,NA,open,FALSE,NA,NA,Eastern Collared Lizard,Crotaphytus collaris,Eastern Collared Lizard,Reptilia,33135
18851100,7c7d012e-b8fb-4032-a661-219f46e032d0,2009/04/30 5:19 PM CDT,2009-04-30,2009-05-01 07:19:00 +0900,Central Time (US & Canada),9570,mduran,Mike Duran,2018-12-06 07:36:18 +0900,2018-12-06 15:16:38 +0900,research,NA,https://www.inaturalist.org/observations/18851100,https://static.inaturalist.org/photos/28879428/medium.jpg,NA,NA,NA,2,0,FALSE,NA,"Crockett County, TX, USA",30.8224865472,-101.1629310438,122,NA,NA,NA,122,NA,open,FALSE,NA,NA,Eastern Collared Lizard,Crotaphytus collaris,Eastern Collared Lizard,Reptilia,33135
18852367,d5795209-08d6-4508-9b31-cc7c551a369c,2015/04/30 2:11 AM CDT,2015-04-30,2015-04-30 16:11:00 +0900,Central Time (US & Canada),9570,mduran,Mike Duran,2018-12-06 09:04:36 +0900,2020-07-22 11:55:39 +0900,research,NA,https://www.inaturalist.org/observations/18852367,https://static.inaturalist.org/photos/28881518/medium.jpg,NA,NA,NA,4,0,FALSE,NA,"Texas, US",31.0717882214,-100.5908636581,3204,"Tom Green County, TX, USA",31.1493861719,-100.431610748,29278,obscured,open,TRUE,NA,NA,Eastern Collared Lizard,Crotaphytus collaris,Eastern Collared Lizard,Reptilia,33135
21100932,18460d55-0077-4f4c-ac1e-eb6c2423ae1c,1988/01/12 2:28 PM CST,1988-01-12,1988-01-13 05:28:00 +0900,Central Time (US & Canada),153985,txlorax,Larry Thornton,2019-03-10 12:00:06 +0900,2022-08-06 07:06:40 +0900,research,CC-BY-NC,https://www.inaturalist.org/observations/21100932,https://inaturalist-open-data.s3.amazonaws.com/photos/32607951/medium.jpg,NA,NA,NA,1,0,FALSE,NA,"Llano County, TX, USA",30.5013977681,-98.8197210595,8,NA,NA,NA,8,NA,open,FALSE,NA,NA,Eastern Collared Lizard,Crotaphytus collaris,Eastern Collared Lizard,Reptilia,33135
21522235,470fadf9-e609-40aa-9459-d2ddbf7ddfad,Sat Mar 23 2019 13:27:47 GMT-0500 (CDT),2019-03-23,2019-03-24 03:27:47 +0900,Bogota,1451049,a_lofty,Adrienne Loftus,2019-03-24 03:29:31 +0900,2019-04-19 03:47:51 +0900,research,CC-BY-NC,https://www.inaturalist.org/observations/21522235,https://inaturalist-open-data.s3.amazonaws.com/photos/33306202/medium.jpg,NA,NA,NA,3,0,FALSE,3,"78636, Johnson City, TX, US",30.2096200548,-98.4526179359,5,NA,NA,NA,5,NA,open,FALSE,NA,NA,Eastern Collared Lizard,Crotaphytus collaris,Eastern Collared Lizard,Reptilia,33135
21612542,2f066152-f58a-4209-8d3e-38175b18d52f,Sat Mar 23 2019 10:43:15 GMT-0500 (CDT),2019-03-23,2019-03-24 00:43:15 +0900,Bogota,1450454,meridionalis,NA,2019-03-26 08:03:57 +0900,2023-01-09 07:55:14 +0900,research,CC-BY-NC,https://www.inaturalist.org/observations/21612542,https://inaturalist-open-data.s3.amazonaws.com/photos/33457335/medium.jpg,NA,NA,Male,1,0,FALSE,3,"78636, Johnson City, TX, US",30.1810133333,-98.49122,2404,NA,NA,NA,2404,NA,open,FALSE,NA,NA,Eastern Collared Lizard,Crotaphytus collaris,Eastern Collared Lizard,Reptilia,33135
21696848,48ad55f9-9826-4008-86ce-f1725041b4a5,1991/04/14 7:21 AM CDT,1991-04-14,1991-04-14 21:21:00 +0900,Central Time (US & Canada),256619,cmeckerman,Curtis Eckerman,2019-03-28 21:36:06 +0900,2019-03-30 04:52:29 +0900,research,CC-BY-NC,https://www.inaturalist.org/observations/21696848,https://inaturalist-open-data.s3.amazonaws.com/photos/33596233/medium.jpg,NA,NA,"I am going back in my field journals to resurrect some of my old data.  This observation came as part of a field herpetology class I took at Texas A&M with Dr. James (Jim) Dixon as an undergraduate student.  We spend the weekend at a ranch of another faculty member (Klussman) just west of Enchanted Rock State Park.

I apologize for the poor quality of the photo but I was taking the picture with a poor camera and a poor eye to detail at that time.",2,0,FALSE,NA,"Llano County, TX, USA",30.501507,-98.869178,214,NA,NA,NA,214,NA,open,FALSE,NA,NA,Eastern Collared Lizard,Crotaphytus collaris,Eastern Collared Lizard,Reptilia,33135
21842813,98e8d7e4-5004-4f4f-bd4c-a5329facebe5,2019-03-23 10:11:44 AM CDT,2019-03-23,2019-03-24 00:11:44 +0900,Central Time (US & Canada),16488,dneuharth,Dalton Neuharth,2019-04-01 05:12:18 +0900,2019-04-01 13:32:02 +0900,research,CC-BY-NC,https://www.inaturalist.org/observations/21842813,https://inaturalist-open-data.s3.amazonaws.com/photos/33836614/medium.jpeg,NA,NA,NA,3,0,FALSE,2,"255 Oakcrest Dr, Blanco, TX 78606, USA",30.1814861298,-98.4912338257,NA,NA,NA,NA,NA,NA,open,FALSE,gps,gps,Eastern Collared Lizard,Crotaphytus collaris,Eastern Collared Lizard,Reptilia,33135
21917006,848c2f4c-5194-4045-99da-8a3df64e0825,2019/03/22 10:18 AM CDT,2019-03-22,2019-03-23 00:18:00 +0900,Central Time (US & Canada),330406,jenthebird,Jen Schlauch,2019-04-03 03:45:52 +0900,2023-02-27 05:18:29 +0900,research,CC-BY-NC,https://www.inaturalist.org/observations/21917006,https://inaturalist-open-data.s3.amazonaws.com/photos/33961983/medium.jpeg,NA,NA,"young male, flipped under 0.5x0.5m rock, overcast, yellow dirt bluff above grassland",3,0,FALSE,NA,"Blanco County, TX, USA",30.1815,-98.4912,NA,NA,NA,NA,NA,NA,open,FALSE,NA,NA,Eastern Collared Lizard,Crotaphytus collaris,Eastern Collared Lizard,Reptilia,33135
21991585,57082020-afe8-4016-8ce2-f986aa4ef7c3,2019/03/20 12:39 PM CDT,2019-03-20,2019-03-21 02:39:00 +0900,Central Time (US & Canada),512257,cwhiting,NA,2019-04-05 04:35:22 +0900,2023-08-25 20:43:24 +0900,research,CC-BY-NC,https://www.inaturalist.org/observations/21991585,https://inaturalist-open-data.s3.amazonaws.com/photos/34086568/medium.jpeg,NA,NA,NA,3,0,FALSE,NA,"Brewster County, TX, USA",29.3062722222,-103.0364611111,NA,NA,NA,NA,NA,NA,open,FALSE,NA,NA,Eastern Collared Lizard,Crotaphytus collaris,Eastern Collared Lizard,Reptilia,33135
22575123,491cc640-2741-43ea-97ee-82f110d2030e,Wed Apr 04 2018 14:45:47 GMT-0400 (EDT),2018-04-04,2018-04-05 03:45:47 +0900,Eastern Time (US & Canada),1612421,colinthereptileguy,NA,2019-04-17 05:50:59 +0900,2019-04-17 08:49:23 +0900,research,CC-BY-NC,https://www.inaturalist.org/observations/22575123,https://inaturalist-open-data.s3.amazonaws.com/photos/34976186/medium.jpg,NA,NA,Flipped under a rock while turkey hunting. Was released back where he was found after a quick photo shoot.,2,0,FALSE,3,"78880, Rocksprings, TX, US",30.0001523938,-100.2214412735,290,NA,NA,NA,290,NA,open,FALSE,NA,NA,Halsband Leguan,Crotaphytus collaris,Eastern Collared Lizard,Reptilia,33135
22783569,05eb8ed8-1b3a-4af8-a9f2-55491286925c,Fri Apr 19 2019 18:02:51 GMT-0600 (MDT),2019-04-19,2019-04-20 09:02:51 +0900,Mountain Time (US & Canada),1181206,cheyennedolin,Cheyenne Dolin,2019-04-21 07:46:55 +0900,2019-04-22 01:56:02 +0900,research,NA,https://www.inaturalist.org/observations/22783569,https://static.inaturalist.org/photos/35308638/medium.jpg,NA,NA,NA,2,0,FALSE,3,"Franklin Mountains State Park, El Paso, TX, US",31.9148616667,-106.4930883333,5,NA,NA,NA,5,NA,open,FALSE,NA,NA,Eastern Collared Lizard,Crotaphytus collaris,Eastern Collared Lizard,Reptilia,33135
22981850,0e9049c2-8b5e-4612-a367-a46efaa5421c,Sun Apr 07 2019 12:19:53 GMT-0600 (MDT),2019-04-07,2019-04-08 03:19:53 +0900,Mountain Time (US & Canada),1464330,amzacarias,NA,2019-04-24 13:02:14 +0900,2022-11-03 13:47:04 +0900,research,CC-BY-NC,https://www.inaturalist.org/observations/22981850,https://inaturalist-open-data.s3.amazonaws.com/photos/35626324/medium.jpg,NA,NA,"Light green/ light brown color, light colored spots running down the back all through tail. Short legs long tail almost same size as the whole body",4,0,FALSE,3,"Franklin Mountains State Park, El Paso, TX, US",31.921555,-106.5035783333,10,NA,NA,NA,10,NA,open,FALSE,NA,NA,Eastern Collared Lizard,Crotaphytus collaris,Eastern Collared Lizard,Reptilia,33135
23483004,8d9dbb74-848d-4cdf-9c96-690f7578cbdf,Sat Apr 27 2019 10:26:36 GMT-0500 (CDT),2019-04-27,2019-04-27 19:26:36 +0900,UTC,929251,mshaver,Melissa Shaver,2019-04-28 06:47:25 +0900,2019-04-28 07:32:36 +0900,research,CC-BY-NC-SA,https://www.inaturalist.org/observations/23483004,https://inaturalist-open-data.s3.amazonaws.com/photos/36364120/medium.jpg,NA,NA,NA,1,0,FALSE,3,"Palo Duro Canyon State Park, Canyon, TX, US",34.980275,-101.6846916667,16,NA,NA,NA,16,NA,open,FALSE,NA,NA,Eastern Collared Lizard,Crotaphytus collaris,Eastern Collared Lizard,Reptilia,33135
23484643,28f79ea4-4271-40cf-bd3f-fc45433e6ad7,Sat Apr 27 2019 12:43:57 GMT-0500 (CDT),2019-04-27,2019-04-27 21:43:57 +0900,UTC,929251,mshaver,Melissa Shaver,2019-04-28 06:54:31 +0900,2019-04-28 07:32:13 +0900,research,CC-BY-NC-SA,https://www.inaturalist.org/observations/23484643,https://inaturalist-open-data.s3.amazonaws.com/photos/36366103/medium.jpg,NA,NA,NA,1,0,FALSE,3,"Palo Duro Canyon State Park, Canyon, TX, US",34.9636783333,-101.67472,8,NA,NA,NA,8,NA,open,FALSE,NA,NA,Eastern Collared Lizard,Crotaphytus collaris,Eastern Collared Lizard,Reptilia,33135
23518399,ddc18bc2-13ca-4645-947a-8258b3a3ddd4,Sat Apr 27 2019 10:02:41 GMT-0600 (MDT),2019-04-27,2019-04-28 01:02:41 +0900,Mountain Time (US & Canada),1499979,gkonings,NA,2019-04-28 09:26:49 +0900,2019-04-28 22:38:15 +0900,research,CC-BY-NC,https://www.inaturalist.org/observations/23518399,https://inaturalist-open-data.s3.amazonaws.com/photos/36417211/medium.jpg,NA,NA,NA,1,0,FALSE,3,"79835, El Paso, TX, US",31.9379166667,-106.509475,5,NA,NA,NA,5,NA,open,FALSE,NA,NA,Eastern Collared Lizard,Crotaphytus collaris,Eastern Collared Lizard,Reptilia,33135
23519546,07a5eb4f-ef17-4f41-8bea-83cfc99415a6,2019/04/27 10:03 AM MDT,2019-04-27,2019-04-28 01:03:00 +0900,Mountain Time (US & Canada),1499212,adkonings,Ad Konings,2019-04-28 09:32:18 +0900,2019-04-28 09:32:42 +0900,research,CC-BY-NC,https://www.inaturalist.org/observations/23519546,https://inaturalist-open-data.s3.amazonaws.com/photos/36418961/medium.jpg,NA,NA,NA,1,0,FALSE,NA,"El Paso, TX, USA",31.937925,-106.50934,NA,NA,NA,NA,NA,NA,open,FALSE,NA,NA,Eastern Collared Lizard,Crotaphytus collaris,Eastern Collared Lizard,Reptilia,33135
23615657,e6aa994b-5e46-40c4-8888-c31815e81982,Sat Apr 27 2019 10:25:33 GMT-0500 (CDT),2019-04-27,2019-04-27 19:25:33 +0900,UTC,483798,aspectcamper,NA,2019-04-28 21:50:35 +0900,2019-04-29 06:59:26 +0900,research,NA,https://www.inaturalist.org/observations/23615657,https://static.inaturalist.org/photos/36561511/medium.jpg,NA,NA,NA,2,0,FALSE,3,"Palo Duro Canyon State Park, Canyon, TX, US",34.9162952775,-101.6591914129,20842,NA,NA,NA,20842,NA,open,FALSE,NA,NA,Halsband Leguan,Crotaphytus collaris,Eastern Collared Lizard,Reptilia,33135
23695969,98ad7526-f398-4e3c-a635-cdc2195cfea8,Sat Apr 27 2019 13:24:51 GMT-0500 (CDT),2019-04-27,2019-04-27 22:24:51 +0900,UTC,1637720,chrholme,NA,2019-04-29 03:25:42 +0900,2019-04-29 03:26:09 +0900,research,CC-BY-NC,https://www.inaturalist.org/observations/23695969,https://inaturalist-open-data.s3.amazonaws.com/photos/36673069/medium.jpg,NA,NA,NA,1,0,FALSE,3,"Caprock Canyons State Park, Quitaque, TX, US",34.4615883333,-101.1138445,12,NA,NA,NA,12,NA,open,FALSE,NA,NA,Eastern Collared Lizard,Crotaphytus collaris,Eastern Collared Lizard,Reptilia,33135
23707480,b167b681-cfbd-46d1-af7b-147af042e986,2019/04/27 9:22 AM CDT,2019-04-27,2019-04-27 23:22:00 +0900,Central Time (US & Canada),1042485,starrgirl,Martha Russell,2019-04-29 04:10:11 +0900,2019-04-30 01:29:22 +0900,research,NA,https://www.inaturalist.org/observations/23707480,https://static.inaturalist.org/photos/36592024/medium.jpg,NA,NA,NA,1,0,FALSE,NA,"Randall County, TX, USA",34.9681999827,-101.6792239936,2148,NA,NA,NA,2148,NA,open,FALSE,NA,NA,Eastern Collared Lizard,Crotaphytus collaris,Eastern Collared Lizard,Reptilia,33135
24202285,91c26301-a37e-4cd1-9d03-5e3d628c8703,2019-04-30 8:55:47 AM MDT,2019-04-30,2019-04-30 23:55:47 +0900,Mountain Time (US & Canada),1564064,annaklewis,NA,2019-05-01 02:52:46 +0900,2019-05-01 05:38:19 +0900,research,CC-BY-NC,https://www.inaturalist.org/observations/24202285,https://inaturalist-open-data.s3.amazonaws.com/photos/37425107/medium.jpeg,NA,NA,Maze trail,2,0,FALSE,2,"Mundy's Gap E, El Paso, TX 79934, USA",31.9346677038,-106.4540182427,88,NA,NA,NA,88,NA,open,FALSE,gps,gps,Eastern Collared Lizard,Crotaphytus collaris,Eastern Collared Lizard,Reptilia,33135
24593219,158697f1-2bd1-434e-a3d9-6b651f5cb430,2019/04/21 12:57 PM CDT,2019-04-21,2019-04-22 02:57:00 +0900,Central Time (US & Canada),348898,amzapp,Lena Zappia,2019-05-06 00:41:43 +0900,2019-08-04 03:52:16 +0900,research,CC-BY-NC,https://www.inaturalist.org/observations/24593219,https://inaturalist-open-data.s3.amazonaws.com/photos/38027439/medium.jpg,NA,NA,NA,1,0,FALSE,NA,"Garza County, TX, USA",33.0511,-101.1077,NA,NA,NA,NA,NA,NA,open,FALSE,NA,NA,Eastern Collared Lizard,Crotaphytus collaris,Eastern Collared Lizard,Reptilia,33135
24611533,ea0c210a-34fd-417b-9382-98633fd9467b,2019-04-28 11:03:07 AM MDT,2019-04-28,2019-04-29 02:03:07 +0900,Mountain Time (US & Canada),1508938,cynmen,Cynthia Mendez,2019-05-06 04:23:56 +0900,2020-01-21 15:08:44 +0900,research,CC-BY-NC,https://www.inaturalist.org/observations/24611533,https://inaturalist-open-data.s3.amazonaws.com/photos/38055311/medium.jpeg,NA,NA,NA,2,0,FALSE,2,"Ron Coleman Trail, El Paso, TX 79930, USA",31.8474998474,-106.4966659546,NA,NA,NA,NA,NA,NA,open,FALSE,gps,gps,Eastern Collared Lizard,Crotaphytus collaris,Eastern Collared Lizard,Reptilia,33135
24712471,c6c62c2d-434e-45ec-a513-c1d90a1aa8c5,2019-05-06,2019-05-06,NA,Central Time (US & Canada),710938,paul_crump,Paul Crump,2019-05-07 13:13:38 +0900,2019-05-10 23:56:00 +0900,research,CC-BY-NC,https://www.inaturalist.org/observations/24712471,https://inaturalist-open-data.s3.amazonaws.com/photos/38217653/medium.jpeg,NA,NA,NA,2,0,FALSE,NA,"Texas, US",34.955855,-101.677744,3,NA,NA,NA,3,NA,open,FALSE,NA,NA,Eastern Collared Lizard,Crotaphytus collaris,Eastern Collared Lizard,Reptilia,33135
24712522,39169b7e-5271-498e-b89c-2519eadf06c8,2019-05-06,2019-05-06,NA,Central Time (US & Canada),710938,paul_crump,Paul Crump,2019-05-07 13:15:22 +0900,2019-05-07 15:27:29 +0900,research,CC-BY-NC,https://www.inaturalist.org/observations/24712522,https://inaturalist-open-data.s3.amazonaws.com/photos/38217784/medium.jpg,NA,NA,NA,2,0,FALSE,NA,"Texas, US",34.954102,-101.682495,5,NA,NA,NA,5,NA,open,FALSE,NA,NA,Eastern Collared Lizard,Crotaphytus collaris,Eastern Collared Lizard,Reptilia,33135
24817970,5396d982-4a55-4350-9afd-882ecd850081,2019-05-08,2019-05-08,NA,Central Time (US & Canada),710938,paul_crump,Paul Crump,2019-05-09 11:23:43 +0900,2019-05-11 00:23:17 +0900,research,CC-BY-NC,https://www.inaturalist.org/observations/24817970,https://inaturalist-open-data.s3.amazonaws.com/photos/38384371/medium.jpeg,NA,NA,NA,3,0,FALSE,NA,"Randall County, US-TX, US",34.94162,-101.65067,5,NA,NA,NA,5,NA,open,FALSE,NA,NA,Eastern Collared Lizard,Crotaphytus collaris,Eastern Collared Lizard,Reptilia,33135
24818062,7357d148-5694-4b48-b1e5-5c88dc2214e7,2019-05-08,2019-05-08,NA,Central Time (US & Canada),710938,paul_crump,Paul Crump,2019-05-09 11:25:34 +0900,2019-05-11 00:23:25 +0900,research,CC-BY-NC,https://www.inaturalist.org/observations/24818062,https://inaturalist-open-data.s3.amazonaws.com/photos/38384498/medium.jpeg,NA,NA,NA,3,0,FALSE,NA,"Randall County, US-TX, US",34.94319,-101.6517,5,NA,NA,NA,5,NA,open,FALSE,NA,NA,Eastern Collared Lizard,Crotaphytus collaris,Eastern Collared Lizard,Reptilia,33135
24818115,d9de6520-ad3a-4c0c-ae85-2c046da50be6,2019-05-08,2019-05-08,NA,Central Time (US & Canada),710938,paul_crump,Paul Crump,2019-05-09 11:27:03 +0900,2019-05-11 00:23:36 +0900,research,CC-BY-NC,https://www.inaturalist.org/observations/24818115,https://inaturalist-open-data.s3.amazonaws.com/photos/38384610/medium.jpeg,NA,NA,NA,3,0,FALSE,NA,"Randall County, US-TX, US",34.94189,-101.63824,5,NA,NA,NA,5,NA,open,FALSE,NA,NA,Eastern Collared Lizard,Crotaphytus collaris,Eastern Collared Lizard,Reptilia,33135
24818242,fda80a6e-39a1-4629-b4db-ad1307fb8075,2019-05-08,2019-05-08,NA,Central Time (US & Canada),710938,paul_crump,Paul Crump,2019-05-09 11:29:37 +0900,2019-05-11 00:23:29 +0900,research,CC-BY-NC,https://www.inaturalist.org/observations/24818242,https://inaturalist-open-data.s3.amazonaws.com/photos/38384792/medium.jpeg,NA,NA,NA,3,0,FALSE,NA,"Randall County, US-TX, US",34.939214,-101.637955,5,NA,NA,NA,5,NA,open,FALSE,NA,NA,Eastern Collared Lizard,Crotaphytus collaris,Eastern Collared Lizard,Reptilia,33135
24875577,537cfc99-1678-45ea-9dab-5d0d7cd0f3cf,Thu May 09 2019 22:32:02 GMT-0600 (MDT),2019-05-09,2019-05-10 13:32:02 +0900,Mountain Time (US & Canada),1470087,delkueh,NA,2019-05-10 16:18:29 +0900,2022-10-27 12:05:58 +0900,research,CC-BY-NC,https://www.inaturalist.org/observations/24875577,https://inaturalist-open-data.s3.amazonaws.com/photos/38477207/medium.jpg,NA,NA,NA,2,0,FALSE,3,"Franklin Mountains State Park, El Paso, TX, US",31.8738261019,-106.4952764155,66,NA,NA,NA,66,NA,open,FALSE,NA,NA,Halsband Leguan,Crotaphytus collaris,Eastern Collared Lizard,Reptilia,33135
25034672,4a7b36b2-15ac-4dea-ab94-6811a397db1a,2019/05/12 10:55 PM CDT,2019-05-12,2019-05-13 12:55:00 +0900,Central Time (US & Canada),142286,macykrishnamoorthy,NA,2019-05-13 09:34:38 +0900,2023-08-25 20:42:11 +0900,research,CC-BY-NC,https://www.inaturalist.org/observations/25034672,https://inaturalist-open-data.s3.amazonaws.com/photos/38737526/medium.jpg,NA,NA,"Roadkilled collared lizard. Tail would not stretch straight, but measuring tape in centimeters. Time approximate.",4,0,FALSE,NA,"Brewster County, TX, USA",29.50561,-102.88754,NA,NA,NA,NA,NA,NA,open,FALSE,NA,NA,Eastern Collared Lizard,Crotaphytus collaris,Eastern Collared Lizard,Reptilia,33135
25134972,2e8e6e7e-55d2-4d1e-bda7-085a1f95855d,Tue May 14 2019 16:14:24 GMT-0600 (MDT),2019-05-14,2019-05-15 07:14:24 +0900,Mountain Time (US & Canada),1413946,klazar,Kristi Lazar,2019-05-15 08:10:05 +0900,2020-01-21 15:07:10 +0900,research,CC-BY-NC,https://www.inaturalist.org/observations/25134972,https://inaturalist-open-data.s3.amazonaws.com/photos/39468795/medium.jpg,NA,NA,NA,1,0,FALSE,3,"Franklin Mountains State Park, El Paso, TX, US",31.8021533333,-106.4920283333,8,NA,NA,NA,8,NA,open,FALSE,NA,NA,Eastern Collared Lizard,Crotaphytus collaris,Eastern Collared Lizard,Reptilia,33135
25318006,0f4d7cfe-2955-43fc-895d-49c6f35f01e8,Fri May 17 2019 16:02:33 GMT-0500 (CDT),2019-05-17,2019-05-18 06:02:33 +0900,Central Time (US & Canada),21609,trans-pecos-herpetology,R. Reed McClure,2019-05-19 00:09:08 +0900,2019-05-19 08:40:34 +0900,research,NA,https://www.inaturalist.org/observations/25318006,https://static.inaturalist.org/photos/39200979/medium.jpg,NA,NA,NA,2,0,FALSE,3,"Texas, US",30.7904982101,-103.976359306,5,"42817–42899 State Highway 118, Fort Davis, TX, US",30.60837,-103.9572916667,29330,obscured,open,TRUE,NA,NA,Eastern Collared Lizard,Crotaphytus collaris,Eastern Collared Lizard,Reptilia,33135
25362053,b5449e1d-7c24-43c9-b856-0ddebdd95dfe,2019-05-17,2019-05-17,NA,Central Time (US & Canada),710938,paul_crump,Paul Crump,2019-05-19 12:31:54 +0900,2019-05-20 22:50:22 +0900,research,CC-BY-NC,https://www.inaturalist.org/observations/25362053,https://inaturalist-open-data.s3.amazonaws.com/photos/39271495/medium.jpeg,NA,NA,NA,2,0,FALSE,NA,"Pecos County, US-TX, US",30.73097,-103.40683,5,NA,NA,NA,5,NA,open,FALSE,NA,NA,Eastern Collared Lizard,Crotaphytus collaris,Eastern Collared Lizard,Reptilia,33135
25397024,50d782a1-3f2f-478c-9e3f-33c72739394e,Sat May 18 2019 16:57:55 GMT-0500 (CDT),2019-05-18,2019-05-19 01:57:55 +0900,UTC,1449522,pamwilkinson,NA,2019-05-20 03:52:24 +0900,2019-05-20 04:30:15 +0900,research,CC-BY-NC,https://www.inaturalist.org/observations/25397024,https://inaturalist-open-data.s3.amazonaws.com/photos/39328196/medium.jpg,NA,NA,NA,1,0,FALSE,3,"Texas, US",34.5797628722,-101.177254759,13438,NA,NA,NA,28818,obscured,open,TRUE,NA,NA,Eastern Collared Lizard,Crotaphytus collaris,Eastern Collared Lizard,Reptilia,33135
25602687,7317ad31-6597-45e1-8530-de2326297e41,Sat May 18 2019 13:29:39 GMT-0500 (CDT),2019-05-18,2019-05-19 03:29:39 +0900,Central Time (US & Canada),2098,toby,Toby Hibbitts,2019-05-23 13:31:03 +0900,2023-08-25 20:46:15 +0900,research,NA,https://www.inaturalist.org/observations/25602687,https://static.inaturalist.org/photos/39674471/medium.jpg,NA,NA,NA,2,0,FALSE,3,"RM 169, Marfa, TX, US",29.8675116667,-104.0191278333,16,NA,NA,NA,16,NA,open,FALSE,NA,NA,Eastern Collared Lizard,Crotaphytus collaris,Eastern Collared Lizard,Reptilia,33135
25627843,4e8769cd-0517-477c-919e-0ee98fd14922,Mon May 20 2019 14:07:29 GMT-0500 (CDT),2019-05-20,2019-05-21 04:07:29 +0900,Central Time (US & Canada),23082,dkwalkup,NA,2019-05-24 02:58:14 +0900,2019-05-24 06:53:24 +0900,research,CC-BY-NC-SA,https://www.inaturalist.org/observations/25627843,https://inaturalist-open-data.s3.amazonaws.com/photos/39715320/medium.jpg,NA,NA,Hudspeth county TX,1,0,FALSE,3,"79938, El Paso, TX, US",31.6358,-105.57698,32,NA,NA,NA,32,NA,open,FALSE,NA,NA,Eastern Collared Lizard,Crotaphytus collaris,Eastern Collared Lizard,Reptilia,33135
25682727,a1bc1934-b9b7-4ad2-8cbc-4475abd15694,2004/08/13 9:34 AM CDT,2004-08-13,2004-08-13 23:34:00 +0900,Central Time (US & Canada),1396301,mikecong,Mike Cong,2019-05-25 02:19:33 +0900,2019-05-25 12:53:03 +0900,research,CC-BY-NC,https://www.inaturalist.org/observations/25682727,https://inaturalist-open-data.s3.amazonaws.com/photos/39806258/medium.jpg,NA,"Eastern Collared Lizard, Lizards, Locations, Texas, Wildlife",NA,1,0,FALSE,NA,"Val Verde County, TX, USA",29.7088835683,-101.2283368434,186,NA,NA,NA,186,NA,open,FALSE,NA,NA,Eastern Collared Lizard,Crotaphytus collaris,Eastern Collared Lizard,Reptilia,33135
25889288,e3fa8472-e0f6-4de8-8e6c-558e8f567504,2017/04/29 2:41 PM UTC,2017-04-29,NA,UTC,1604342,kaf213,NA,2019-05-28 03:08:22 +0900,2020-08-16 05:57:18 +0900,research,CC-BY-NC,https://www.inaturalist.org/observations/25889288,https://inaturalist-open-data.s3.amazonaws.com/photos/40149910/medium.jpeg,NA,NA,on top of Enchanted Rock,2,0,FALSE,NA,"Llano County, TX, USA",30.5063518543,-98.8216081942,977,NA,NA,NA,977,NA,open,FALSE,NA,NA,Eastern Collared Lizard,Crotaphytus collaris,Eastern Collared Lizard,Reptilia,33135
26144612,44b6b8cf-a209-44f7-809b-ec28b5753c5f,Fri May 31 2019 11:50:07 GMT-0600 (MDT),2019-05-31,2019-06-01 02:50:07 +0900,Mountain Time (US & Canada),1809497,andreslucero2701,NA,2019-06-01 08:30:02 +0900,2019-06-01 10:14:37 +0900,research,CC-BY-NC,https://www.inaturalist.org/observations/26144612,https://inaturalist-open-data.s3.amazonaws.com/photos/40568588/medium.jpg,NA,NA,NA,2,0,FALSE,3,"Franklin Mountains State Park, El Paso, TX, US",31.9301633333,-106.5147633333,6,NA,NA,NA,6,NA,open,FALSE,NA,NA,Eastern Collared Lizard,Crotaphytus collaris,Eastern Collared Lizard,Reptilia,33135
26144687,1aeee8e2-10e8-46d9-8128-b4ae5a54d4c1,Fri May 31 2019 11:50:07 GMT-0600 (MDT),2019-05-31,2019-06-01 02:50:07 +0900,Mountain Time (US & Canada),1809497,andreslucero2701,NA,2019-06-01 08:31:37 +0900,2019-06-01 21:14:04 +0900,research,CC-BY-NC,https://www.inaturalist.org/observations/26144687,https://inaturalist-open-data.s3.amazonaws.com/photos/40568735/medium.jpg,NA,NA,NA,2,0,FALSE,3,"Franklin Mountains State Park, El Paso, TX, US",31.9301633333,-106.5147633333,6,NA,NA,NA,6,NA,open,FALSE,NA,NA,Eastern Collared Lizard,Crotaphytus collaris,Eastern Collared Lizard,Reptilia,33135
26178851,36df9d10-82db-4555-b8d0-53e351577fb9,Thu May 30 2019 08:35:23 GMT-0600 (MDT),2019-05-30,2019-05-30 23:35:23 +0900,Mountain Time (US & Canada),253271,andreapetrullo,Andrea Petrullo,2019-06-01 23:57:57 +0900,2019-06-04 02:36:39 +0900,research,NA,https://www.inaturalist.org/observations/26178851,https://static.inaturalist.org/photos/40631221/medium.jpg,NA,NA,NA,1,0,FALSE,3,"Palo Duro Canyon State Park, Canyon, TX, US",34.9823583333,-101.687745,4,NA,NA,NA,4,NA,open,FALSE,NA,NA,Eastern Collared Lizard,Crotaphytus collaris,Eastern Collared Lizard,Reptilia,33135
26349013,ed4c9e85-da50-407c-84a8-4749818ad860,2019/06/02 9:24 PM HST,2019-06-02,2019-06-03 16:24:00 +0900,Hawaii,1757006,scottylofland,Scotty Lofland,2019-06-04 06:06:43 +0900,2019-11-05 13:52:36 +0900,research,CC-BY-NC,https://www.inaturalist.org/observations/26349013,https://inaturalist-open-data.s3.amazonaws.com/photos/40907486/medium.jpg,NA,NA,NA,2,0,FALSE,NA,"Archer County, TX, USA",33.6256033943,-98.7858050238,31,NA,NA,NA,31,NA,open,FALSE,NA,NA,Eastern Collared Lizard,Crotaphytus collaris,Eastern Collared Lizard,Reptilia,33135
26350644,983e779f-ca84-4fcc-95d8-b6949f5b04f4,Fri May 17 2019 13:24:47 GMT-0500 (CDT),2019-05-17,2019-05-17 22:24:47 +0900,UTC,1440108,corey01,NA,2019-06-04 06:36:13 +0900,2019-06-07 01:02:24 +0900,research,CC-BY-NC,https://www.inaturalist.org/observations/26350644,https://inaturalist-open-data.s3.amazonaws.com/photos/40910317/medium.jpg,NA,NA,NA,2,0,FALSE,3,"Hudspeth County, US-TX, US",31.6765035826,-105.5152950727,466,NA,NA,NA,29199,obscured,open,TRUE,NA,NA,Eastern Collared Lizard,Crotaphytus collaris,Eastern Collared Lizard,Reptilia,33135
26671013,6603ae39-11f4-45df-8b91-66d5491a91b8,Sat Jun 08 2019 18:25:00 GMT-0500 (CDT),2019-06-08,2019-06-09 08:25:00 +0900,Central Time (US & Canada),2098,toby,Toby Hibbitts,2019-06-09 22:09:05 +0900,2019-11-26 13:02:48 +0900,research,NA,https://www.inaturalist.org/observations/26671013,https://static.inaturalist.org/photos/41427937/medium.jpg,NA,NA,NA,5,0,FALSE,3,"5414–5500 County Road 270, Wellington, TX, US",35.079225,-100.0436166667,15,NA,NA,NA,15,NA,open,FALSE,NA,NA,Eastern Collared Lizard,Crotaphytus collaris,Eastern Collared Lizard,Reptilia,33135
26671385,daa8f556-cb69-434d-8f53-43e1767eb1f2,Sat Jun 08 2019 19:10:37 GMT-0500 (CDT),2019-06-08,2019-06-09 09:10:37 +0900,Central Time (US & Canada),2098,toby,Toby Hibbitts,2019-06-09 22:18:08 +0900,2019-06-10 23:26:07 +0900,research,NA,https://www.inaturalist.org/observations/26671385,https://static.inaturalist.org/photos/41428652/medium.jpg,NA,NA,NA,2,0,FALSE,3,"5527–5577 County Road 270, Shamrock, TX, US",35.1017945,-100.0431445,9,NA,NA,NA,9,NA,open,FALSE,NA,NA,Eastern Collared Lizard,Crotaphytus collaris,Eastern Collared Lizard,Reptilia,33135
26671514,107e71c5-ac6d-44e0-b145-ac7bb2c75773,Sat Jun 08 2019 19:29:35 GMT-0500 (CDT),2019-06-08,2019-06-09 09:29:35 +0900,Central Time (US & Canada),2098,toby,Toby Hibbitts,2019-06-09 22:21:15 +0900,2019-06-10 23:25:45 +0900,research,NA,https://www.inaturalist.org/observations/26671514,https://static.inaturalist.org/photos/41428887/medium.jpg,NA,NA,NA,2,0,FALSE,3,"5637–5647 County Road 270, Shamrock, TX, US",35.1170916667,-100.0426778333,4,NA,NA,NA,4,NA,open,FALSE,NA,NA,Eastern Collared Lizard,Crotaphytus collaris,Eastern Collared Lizard,Reptilia,33135
26981155,7087d081-a03b-4730-b39c-0b42552af63a,Fri Jun 03 2011 12:35:36 GMT-0500 (CDT),2011-06-03,2011-06-04 02:35:36 +0900,Central Time (US & Canada),17794,bchambers,Brad Chambers,2019-06-15 04:43:10 +0900,2024-10-21 03:31:18 +0900,research,CC-BY-NC,https://www.inaturalist.org/observations/26981155,https://static.inaturalist.org/photos/41932650/medium.jpg,NA,NA,DOR,3,0,FALSE,3,"Pinto Canyon Rd, Marfa, TX, US",30.0497095884,-104.4640400342,196,NA,NA,NA,196,NA,open,FALSE,NA,NA,Eastern Collared Lizard,Crotaphytus collaris,Eastern Collared Lizard,Reptilia,33135
27220071,f514450b-ebea-4229-9876-459ae29ab35b,Tue Jun 18 2019 12:16:02 GMT-0500 (CDT),2019-06-18,2019-06-18 21:16:02 +0900,UTC,1440108,corey01,NA,2019-06-19 02:22:17 +0900,2019-06-20 03:10:16 +0900,research,CC-BY-NC,https://www.inaturalist.org/observations/27220071,https://inaturalist-open-data.s3.amazonaws.com/photos/42328964/medium.jpg,NA,NA,NA,2,0,FALSE,3,"County Road 307, Garden City, TX, US",31.8592666667,-101.3675833333,5,NA,NA,NA,5,NA,open,FALSE,NA,NA,Eastern Collared Lizard,Crotaphytus collaris,Eastern Collared Lizard,Reptilia,33135
27252684,10c4bee5-c051-47d3-b60d-c6b351813949,Sun Jul 01 2018 11:28:38 GMT-0500 (CDT),2018-07-01,2018-07-01 20:28:38 +0900,UTC,1890586,sunnyd_78,Diana Lynn Rychlik,2019-06-19 13:46:05 +0900,2019-06-19 13:52:31 +0900,research,NA,https://www.inaturalist.org/observations/27252684,https://static.inaturalist.org/photos/42383412/medium.jpg,NA,NA,NA,1,0,FALSE,3,"Palo Duro Canyon State Park, Canyon, TX, US",34.9788166667,-101.684005,5,NA,NA,NA,5,NA,open,FALSE,NA,NA,Eastern Collared Lizard,Crotaphytus collaris,Eastern Collared Lizard,Reptilia,33135
27345829,e6da602a-dd1d-43e9-986c-509785d98c7b,2019/06/20 12:13 PM CDT,2019-06-20,2019-06-21 02:13:00 +0900,Central Time (US & Canada),268486,brooksy,Jason Brooks,2019-06-21 05:59:42 +0900,2019-06-22 08:33:52 +0900,research,NA,https://www.inaturalist.org/observations/27345829,https://static.inaturalist.org/photos/42536677/medium.jpeg,NA,NA,NA,2,0,FALSE,NA,"Upton County, TX, USA",31.3252026729,-102.2081991311,61,NA,NA,NA,61,NA,open,FALSE,NA,NA,Halsband Leguan,Crotaphytus collaris,Eastern Collared Lizard,Reptilia,33135
27463660,3b16bafc-a1b2-48b5-90e9-3b90f36dfb76,Sat Jun 22 2019 16:05:35 GMT-0500 (CDT),2019-06-22,2019-06-23 01:05:35 +0900,UTC,764654,finecut69,NA,2019-06-23 07:01:24 +0900,2019-06-25 06:15:36 +0900,research,NA,https://www.inaturalist.org/observations/27463660,https://static.inaturalist.org/photos/42733445/medium.jpg,NA,NA,NA,2,0,FALSE,3,"Palo Duro Canyon State Park, Canyon, TX, US",34.980105,-101.6907116667,10,NA,NA,NA,10,NA,open,FALSE,NA,NA,Halsband Leguan,Crotaphytus collaris,Eastern Collared Lizard,Reptilia,33135
27468424,aa29f849-1f6a-4758-9848-8cc437fdabd6,2019-06-22 10:58:49 AM MDT,2019-06-22,2019-06-23 01:58:49 +0900,Mountain Time (US & Canada),1754769,txwildflowers,NA,2019-06-23 08:17:58 +0900,2019-06-23 22:07:20 +0900,research,CC-BY-NC,https://www.inaturalist.org/observations/27468424,https://inaturalist-open-data.s3.amazonaws.com/photos/42741500/medium.jpeg,NA,NA,NA,2,0,FALSE,2,"Randall County, US-TX, US",34.96379191,-101.67474028,8,NA,NA,NA,8,NA,open,FALSE,NA,NA,Eastern Collared Lizard,Crotaphytus collaris,Eastern Collared Lizard,Reptilia,33135
27478135,ae2af8e6-0e6b-4ff7-a7b7-0d3d8459b9a4,Sat Jun 22 2019 11:19:32 GMT-0500 (CDT),2019-06-22,2019-06-22 20:19:32 +0900,UTC,1790691,emily798,Emily Hanby,2019-06-23 11:22:58 +0900,2019-06-29 01:54:08 +0900,research,NA,https://www.inaturalist.org/observations/27478135,https://static.inaturalist.org/photos/42757824/medium.jpg,NA,NA,NA,2,0,FALSE,3,"Caprock Canyons State Park and Trailway, Quitaque, TX, US",34.433724045,-101.0480824577,9851,NA,NA,NA,9851,NA,open,FALSE,NA,NA,Eastern Collared Lizard,Crotaphytus collaris,Eastern Collared Lizard,Reptilia,33135
27568803,65a6dce2-d3a3-4aa0-bc99-fb7b78020490,Sun Jun 23 2019 10:29:42 GMT-0500 (CDT),2019-06-23,2019-06-24 05:29:42 +0900,Hawaii,665238,calebt,NA,2019-06-24 23:33:13 +0900,2019-07-19 05:46:27 +0900,research,NA,https://www.inaturalist.org/observations/27568803,https://static.inaturalist.org/photos/42908758/medium.jpg,NA,NA,NA,3,0,FALSE,3,"Caprock Canyons State Park and Trailway, Quitaque, TX, US",34.4379833333,-101.0688388333,5,NA,NA,NA,5,NA,open,FALSE,NA,NA,Halsband Leguan,Crotaphytus collaris,Eastern Collared Lizard,Reptilia,33135
27579313,ef1828fc-213a-4f88-8b06-abe4dacda076,Mon Jun 24 2019 12:07:11 GMT-0500 (CDT),2019-06-24,2019-06-24 21:07:11 +0900,UTC,1440108,corey01,NA,2019-06-25 02:25:24 +0900,2019-06-25 03:42:26 +0900,research,CC-BY-NC,https://www.inaturalist.org/observations/27579313,https://inaturalist-open-data.s3.amazonaws.com/photos/42925531/medium.jpg,NA,NA,NA,3,0,FALSE,3,"15409–15599 County Road 307, Big Spring, TX, US",31.8998133333,-101.362275,5,NA,NA,NA,5,NA,open,FALSE,NA,NA,Eastern Collared Lizard,Crotaphytus collaris,Eastern Collared Lizard,Reptilia,33135
27657110,794f42bb-ca96-4c4c-b166-2dcc83c330b5,Tue Jun 25 2019 10:22:43 GMT-0500 (CDT),2019-06-25,2019-06-26 00:22:43 +0900,Central Time (US & Canada),148447,jhamby,NA,2019-06-26 06:27:40 +0900,2019-06-26 07:29:50 +0900,research,CC-BY-NC,https://www.inaturalist.org/observations/27657110,https://inaturalist-open-data.s3.amazonaws.com/photos/43059508/medium.jpg,NA,NA,NA,2,0,FALSE,3,"Palo Duro Canyon State Park, Canyon, TX, US",34.9433808515,-101.6541482746,223,NA,NA,NA,223,NA,open,FALSE,NA,NA,Halsband Leguan,Crotaphytus collaris,Eastern Collared Lizard,Reptilia,33135
27665730,84c7dd0e-08f7-46a4-99d7-1881d6f95a81,Mon Jun 17 2019 11:05:37 GMT-0600 (MDT),2019-06-17,2019-06-18 02:05:37 +0900,Mountain Time (US & Canada),1914654,acorral19,NA,2019-06-26 09:02:24 +0900,2020-08-25 23:07:51 +0900,research,CC-BY-NC,https://www.inaturalist.org/observations/27665730,https://inaturalist-open-data.s3.amazonaws.com/photos/43068194/medium.jpg,NA,NA,Spotted this collared lizard going up the Mammoths Trunk trail.,3,0,FALSE,3,"Franklin Mountains State Park, El Paso, TX, US",31.8651741614,-106.4954981592,75,NA,NA,NA,75,NA,open,FALSE,NA,NA,Eastern Collared Lizard,Crotaphytus collaris,Eastern Collared Lizard,Reptilia,33135
27666354,307e2af0-c67b-40e2-9e9d-4b64ec00f598,Mon Jun 17 2019 10:32:53 GMT-0600 (MDT),2019-06-17,2019-06-18 01:32:53 +0900,Mountain Time (US & Canada),1914654,acorral19,NA,2019-06-26 09:13:30 +0900,2020-08-25 23:08:11 +0900,research,CC-BY-NC,https://www.inaturalist.org/observations/27666354,https://inaturalist-open-data.s3.amazonaws.com/photos/43069189/medium.jpg,NA,NA,Spotted the Collard Lizard on the Mammoths Trunk trail.,2,0,FALSE,3,"Franklin Mountains State Park, El Paso, TX, US",31.8726161812,-106.4975281524,19,NA,NA,NA,19,NA,open,FALSE,NA,NA,Halsband Leguan,Crotaphytus collaris,Eastern Collared Lizard,Reptilia,33135
28097667,bcc3281a-922c-4e2d-82a8-298de4742f14,2019-06-24,2019-06-24,NA,Central Time (US & Canada),480809,donalsg,NA,2019-07-03 11:36:33 +0900,2020-02-16 11:46:37 +0900,research,NA,https://www.inaturalist.org/observations/28097667,https://static.inaturalist.org/photos/43776421/medium.jpg,NA,NA,NA,1,0,FALSE,NA,Lake McClellan,35.212595,-100.862835,108,NA,NA,NA,108,NA,open,FALSE,NA,NA,Eastern Collared Lizard,Crotaphytus collaris,Eastern Collared Lizard,Reptilia,33135
28270232,a382b85f-56a4-4680-9604-62a3e42469f3,Fri Jul 05 2019 11:31:12 GMT-0500 (CDT),2019-07-05,2019-07-05 20:31:12 +0900,UTC,1009393,wilderhite,NA,2019-07-06 11:39:01 +0900,2019-07-06 12:37:29 +0900,research,NA,https://www.inaturalist.org/observations/28270232,https://static.inaturalist.org/photos/44057932/medium.jpg,NA,NA,NA,2,0,FALSE,3,"Palo Duro Canyon State Park, Canyon, TX, US",34.9635341693,-101.6703704847,824,NA,NA,NA,824,NA,open,FALSE,NA,NA,Eastern Collared Lizard,Crotaphytus collaris,Eastern Collared Lizard,Reptilia,33135
28542780,7ae3ca78-7233-40ea-963b-97ef12ac46b0,2015/03/29 3:21 PM CDT,2015-03-29,2015-03-30 05:21:00 +0900,Central Time (US & Canada),9627,badger8181,Bryan Box,2019-07-10 16:03:23 +0900,2019-11-05 13:52:47 +0900,research,CC-BY-NC,https://www.inaturalist.org/observations/28542780,https://inaturalist-open-data.s3.amazonaws.com/photos/44502179/medium.jpg,NA,NA,NA,3,0,FALSE,NA,"Texas, US",33.9087731386,-98.4713084616,481,"Archer County, TX, USA",33.8214092649,-98.5013985808,28902,obscured,open,TRUE,NA,NA,Eastern Collared Lizard,Crotaphytus collaris,Eastern Collared Lizard,Reptilia,33135
28611330,2a0b72ef-e72d-46fb-b5af-769ad15cf7f7,2019/07/10 10:51 AM CDT,2019-07-10,2019-07-11 00:51:00 +0900,Central Time (US & Canada),268486,brooksy,Jason Brooks,2019-07-11 22:48:02 +0900,2021-07-07 23:09:30 +0900,research,NA,https://www.inaturalist.org/observations/28611330,https://static.inaturalist.org/photos/44612337/medium.jpeg,NA,NA,NA,2,0,FALSE,NA,"Upton County, TX, USA",31.3585893437,-102.2223965485,151,NA,NA,NA,151,NA,open,FALSE,NA,NA,Halsband Leguan,Crotaphytus collaris,Eastern Collared Lizard,Reptilia,33135
28611336,0cbf1a04-cfe1-4ff1-9a84-2f66c3bae84f,2019/07/10 11:32 AM CDT,2019-07-10,2019-07-11 01:32:00 +0900,Central Time (US & Canada),268486,brooksy,Jason Brooks,2019-07-11 22:48:06 +0900,2021-07-07 23:09:30 +0900,research,NA,https://www.inaturalist.org/observations/28611336,https://static.inaturalist.org/photos/44612341/medium.jpeg,NA,NA,NA,2,0,FALSE,NA,"Upton County, TX, USA",31.3265080717,-102.2160874275,207,NA,NA,NA,207,NA,open,FALSE,NA,NA,Halsband Leguan,Crotaphytus collaris,Eastern Collared Lizard,Reptilia,33135
28616057,9cadf9f6-73f8-47e1-8636-958afc8fb7ce,Thu Jul 11 2019 08:51:57 GMT-0600 (MDT),2019-07-11,2019-07-11 23:51:57 +0900,Mountain Time (US & Canada),1255454,carlosigutierrez,Carlos Gutierrez,2019-07-12 00:20:09 +0900,2020-01-21 15:03:50 +0900,research,NA,https://www.inaturalist.org/observations/28616057,https://static.inaturalist.org/photos/44620209/medium.jpg,NA,NA,NA,2,0,FALSE,3,"El Paso County, US-TX, US",31.8743672362,-106.4946797771,5,NA,NA,NA,5,NA,open,FALSE,NA,NA,Eastern Collared Lizard,Crotaphytus collaris,Eastern Collared Lizard,Reptilia,33135
28706607,a29b21af-e344-4b93-9e38-07cf494d42d3,2013/09/22 6:24 PM CDT,2013-09-22,2013-09-23 08:24:00 +0900,Central Time (US & Canada),9627,badger8181,Bryan Box,2019-07-13 10:18:30 +0900,2020-02-16 11:45:24 +0900,research,CC-BY-NC,https://www.inaturalist.org/observations/28706607,https://inaturalist-open-data.s3.amazonaws.com/photos/44767053/medium.jpg,NA,NA,NA,2,0,FALSE,NA,"Texas, US",33.5087708748,-98.4964338932,3980,"Archer County, TX, USA",33.4344068587,-98.470698121,28957,obscured,open,TRUE,NA,NA,Eastern Collared Lizard,Crotaphytus collaris,Eastern Collared Lizard,Reptilia,33135
28706608,92345e20-1901-40a5-9f30-8d6c8c4eccc4,2013/09/22 6:33 PM CDT,2013-09-22,2013-09-23 08:33:00 +0900,Central Time (US & Canada),9627,badger8181,Bryan Box,2019-07-13 10:18:32 +0900,2020-08-19 08:37:53 +0900,research,CC-BY-NC,https://www.inaturalist.org/observations/28706608,https://inaturalist-open-data.s3.amazonaws.com/photos/44767057/medium.jpg,NA,NA,NA,3,0,FALSE,NA,"Texas, US",33.5271660091,-98.4621590289,3980,"Archer County, TX, USA",33.4344068587,-98.470698121,28957,obscured,open,TRUE,NA,NA,Eastern Collared Lizard,Crotaphytus collaris,Eastern Collared Lizard,Reptilia,33135
28714948,8d076126-9838-4713-9d3b-a7ec8283baf6,2013/05/03 1:14 PM CDT,2013-05-03,2013-05-04 03:14:00 +0900,Central Time (US & Canada),9627,badger8181,Bryan Box,2019-07-13 14:12:28 +0900,2023-08-25 20:43:18 +0900,research,CC-BY-NC,https://www.inaturalist.org/observations/28714948,https://inaturalist-open-data.s3.amazonaws.com/photos/44780532/medium.jpg,NA,NA,NA,4,0,FALSE,NA,"Brewster County, US-TX, US",29.4810637877,-102.8794945088,12421,"Brewster County, TX, USA",29.5138010472,-102.9289169353,29483,obscured,open,TRUE,NA,NA,Eastern Collared Lizard,Crotaphytus collaris,Eastern Collared Lizard,Reptilia,33135
28731146,00d85212-634f-4456-879e-da1ad9965ebb,2016/07/07 12:30 PM CDT,2016-07-07,2016-07-08 02:30:00 +0900,Central Time (US & Canada),93532,stephen_pollard,Stephen Pollard,2019-07-13 23:33:01 +0900,2020-02-16 11:45:10 +0900,research,NA,https://www.inaturalist.org/observations/28731146,https://static.inaturalist.org/photos/44806321/medium.jpeg,NA,NA,NA,3,0,FALSE,NA,"Randall County, TX, USA",34.9656985699,-101.6757842468,26,NA,NA,NA,26,NA,open,FALSE,NA,NA,Eastern Collared Lizard,Crotaphytus collaris,Eastern Collared Lizard,Reptilia,33135
28872133,fa6fdda5-61aa-4ead-95fa-bd03e05fbd47,Mon Jul 15 2019 11:00:29 GMT-0500 (CDT),2019-07-15,2019-07-15 20:00:29 +0900,UTC,1555459,goteamesquivel,NA,2019-07-16 01:04:29 +0900,2020-02-16 11:45:05 +0900,research,CC-BY-NC,https://www.inaturalist.org/observations/28872133,https://inaturalist-open-data.s3.amazonaws.com/photos/45031756/medium.jpg,NA,NA,NA,1,0,FALSE,3,"Palo Duro Canyon State Park, Canyon, TX, US",34.9344458611,-101.6647673726,22,NA,NA,NA,22,NA,open,FALSE,NA,NA,Eastern Collared Lizard,Crotaphytus collaris,Eastern Collared Lizard,Reptilia,33135
28974714,488cdea1-de28-44f3-b27a-98babf346e82,2016-06-12 10:14:07 AM MDT,2016-06-12,2016-06-13 01:14:07 +0900,Mountain Time (US & Canada),1369592,drewdittmer,Drew E. Dittmer,2019-07-17 10:25:39 +0900,2023-08-25 20:41:52 +0900,research,CC-BY-NC,https://www.inaturalist.org/observations/28974714,https://static.inaturalist.org/photos/45195711/medium.jpeg,NA,NA,NA,4,0,FALSE,2,"Presidio County, US-TX, US",29.5636119672,-103.8067386299,33,NA,NA,NA,33,NA,open,FALSE,gps,gps,Eastern Collared Lizard,Crotaphytus collaris,Eastern Collared Lizard,Reptilia,33135
28997595,2a7cac6d-abed-4bce-8223-45a854e04c06,2019-07-14 7:28:58 PM CDT,2019-07-14,2019-07-15 09:28:58 +0900,Central Time (US & Canada),563128,austinrkelly,Austin R. Kelly,2019-07-17 23:31:58 +0900,2025-03-01 07:18:05 +0900,research,CC-BY-NC,https://www.inaturalist.org/observations/28997595,https://inaturalist-open-data.s3.amazonaws.com/photos/45233896/medium.jpeg,NA,NA,NA,4,0,FALSE,2,"Canyon, TX 79015, USA",34.9488140207,-101.6749946773,2789,NA,NA,NA,2789,NA,open,FALSE,gps,gps,Eastern Collared Lizard,Crotaphytus collaris,Eastern Collared Lizard,Reptilia,33135
29041926,82f83781-87c7-4ebc-a4b5-4a62677030ed,2009/08/14 8:11 PM CDT,2009-08-14,2009-08-15 10:11:00 +0900,Central Time (US & Canada),9627,badger8181,Bryan Box,2019-07-18 16:06:08 +0900,2023-08-25 20:41:46 +0900,research,CC-BY-NC,https://www.inaturalist.org/observations/29041926,https://inaturalist-open-data.s3.amazonaws.com/photos/45307934/medium.jpg,NA,NA,NA,3,0,FALSE,NA,"Brewster County, TX, USA",29.4239724315,-103.5326953606,5884,NA,NA,NA,5884,NA,open,FALSE,NA,NA,Eastern Collared Lizard,Crotaphytus collaris,Eastern Collared Lizard,Reptilia,33135
29610468,849a9050-c3ae-42b3-bae9-3cbeeb9d432b,Fri Jul 26 2019 18:54:09 GMT-0500 (CDT),2019-07-26,2019-07-27 03:54:09 +0900,UTC,1236455,ariana1,Ariana Rivera,2019-07-27 10:17:04 +0900,2019-07-28 04:55:08 +0900,research,NA,https://www.inaturalist.org/observations/29610468,https://static.inaturalist.org/photos/46224286/medium.jpg,NA,NA,NA,2,0,FALSE,3,"Randall County, US-TX, US",34.9646633333,-101.6736216667,5,NA,NA,NA,5,NA,open,FALSE,NA,NA,Eastern Collared Lizard,Crotaphytus collaris,Eastern Collared Lizard,Reptilia,33135
29833469,29b1a983-fe56-4662-bece-b68d46d4359b,Mon Jul 29 2019 20:14:55 GMT-0500 (CDT),2019-07-29,2019-07-30 05:14:55 +0900,UTC,1033190,amphibianaddict,Landen Shockley,2019-07-30 12:58:06 +0900,2020-02-16 11:42:32 +0900,research,NA,https://www.inaturalist.org/observations/29833469,https://static.inaturalist.org/photos/46581547/medium.jpg,NA,NA,NA,2,0,FALSE,3,"Palo Duro Canyon State Park, Canyon, TX, US",34.9553216667,-101.6693883333,6000,NA,NA,NA,6000,NA,open,FALSE,NA,NA,Eastern Collared Lizard,Crotaphytus collaris,Eastern Collared Lizard,Reptilia,33135
29937801,7c3e925f-7460-4c4f-b617-c86937c15b3b,Sat Aug 27 2016 10:09:24 GMT-0600 (MDT),2016-08-27,2016-08-28 01:09:24 +0900,Mountain Time (US & Canada),1499979,gkonings,NA,2019-08-01 05:26:52 +0900,2019-08-01 06:00:27 +0900,research,CC-BY-NC,https://www.inaturalist.org/observations/29937801,https://inaturalist-open-data.s3.amazonaws.com/photos/46749864/medium.jpg,NA,NA,NA,2,0,FALSE,3,"79835, El Paso, TX, US",31.9979416667,-106.5120783333,5,NA,NA,NA,5,NA,open,FALSE,NA,NA,Eastern Collared Lizard,Crotaphytus collaris,Eastern Collared Lizard,Reptilia,33135
30317660,1536397c-12eb-4680-bb10-f3fdb4ec7892,Sun Jul 28 2019 09:29:53 GMT-0500 (CDT),2019-07-28,2019-07-28 18:29:53 +0900,UTC,306989,andrew118,Andrew Stough,2019-08-07 02:17:02 +0900,2020-02-16 11:42:20 +0900,research,NA,https://www.inaturalist.org/observations/30317660,https://static.inaturalist.org/photos/47356748/medium.jpg,NA,NA,NA,2,0,FALSE,3,"Palo Duro Canyon State Park, Canyon, TX, US",34.9436689952,-101.6653599918,4495,NA,NA,NA,4495,NA,open,FALSE,NA,NA,Eastern Collared Lizard,Crotaphytus collaris,Eastern Collared Lizard,Reptilia,33135
30577930,75028dd5-6389-4c97-9daa-db33d194a75e,2019-06-15,2019-06-15,NA,UTC,2117128,earth2chrxs,NA,2019-08-11 09:03:38 +0900,2020-05-09 14:40:50 +0900,research,NA,https://www.inaturalist.org/observations/30577930,https://inaturalist-open-data.s3.amazonaws.com/photos/47778155/medium.jpeg,NA,NA,NA,3,0,FALSE,333,Canyon,34.9794783333,-101.6785283333,NA,NA,NA,NA,NA,NA,open,FALSE,NA,NA,Eastern Collared Lizard,Crotaphytus collaris,Eastern Collared Lizard,Reptilia,33135
30732130,63c29bac-70f8-4efc-b479-95aa14d9b37d,2007/05/05 12:04 PM CDT,2007-05-05,2007-05-06 02:04:00 +0900,Central Time (US & Canada),9627,badger8181,Bryan Box,2019-08-13 13:04:00 +0900,2019-08-14 12:40:11 +0900,research,CC-BY-NC,https://www.inaturalist.org/observations/30732130,https://inaturalist-open-data.s3.amazonaws.com/photos/48028704/medium.jpg,NA,NA,NA,3,0,FALSE,NA,"Presidio County, TX, USA",30.5506386249,-104.6768290654,3813,NA,NA,NA,3813,NA,open,FALSE,NA,NA,Eastern Collared Lizard,Crotaphytus collaris,Eastern Collared Lizard,Reptilia,33135
30733057,976a4186-1faf-4b6a-85e2-514fe611307f,2007/05/29 11:36 AM CDT,2007-05-29,2007-05-30 01:36:00 +0900,Central Time (US & Canada),9627,badger8181,Bryan Box,2019-08-13 13:33:49 +0900,2023-08-25 20:41:39 +0900,research,CC-BY-NC,https://www.inaturalist.org/observations/30733057,https://inaturalist-open-data.s3.amazonaws.com/photos/48030164/medium.jpg,NA,NA,NA,4,0,FALSE,NA,"Terlingua, TX, USA",29.5630934,-103.8057812,202,NA,NA,NA,202,NA,open,FALSE,NA,NA,Eastern Collared Lizard,Crotaphytus collaris,Eastern Collared Lizard,Reptilia,33135
30854485,5429fa50-62b5-427a-b51b-962ce8023aff,2005/06/04 2:32 PM CDT,2005-06-04,2005-06-05 04:32:00 +0900,Central Time (US & Canada),9627,badger8181,Bryan Box,2019-08-15 13:20:16 +0900,2023-08-25 20:43:13 +0900,research,CC-BY-NC,https://www.inaturalist.org/observations/30854485,https://inaturalist-open-data.s3.amazonaws.com/photos/48231281/medium.jpg,NA,collared lizard,NA,3,0,FALSE,NA,"Presidio County, TX, USA",29.8464356307,-104.3223814709,1597,NA,NA,NA,1597,NA,open,FALSE,NA,NA,Eastern Collared Lizard,Crotaphytus collaris,Eastern Collared Lizard,Reptilia,33135
30854486,fe8db7b1-e740-4cae-a6e9-86ec0bda8d1b,2005/06/04 2:36 PM CDT,2005-06-04,2005-06-05 04:36:00 +0900,Central Time (US & Canada),9627,badger8181,Bryan Box,2019-08-15 13:20:16 +0900,2023-08-25 20:41:32 +0900,research,CC-BY-NC,https://www.inaturalist.org/observations/30854486,https://inaturalist-open-data.s3.amazonaws.com/photos/48231290/medium.jpg,NA,NA,NA,3,0,FALSE,NA,"Presidio County, TX, USA",29.8464356307,-104.3223814709,1597,NA,NA,NA,1597,NA,open,FALSE,NA,NA,Eastern Collared Lizard,Crotaphytus collaris,Eastern Collared Lizard,Reptilia,33135
30856287,0abe5f45-cbf5-43bf-941e-67b8420dc6c2,2005/07/09 10:58 AM CDT,2005-07-09,2005-07-10 00:58:00 +0900,Central Time (US & Canada),9627,badger8181,Bryan Box,2019-08-15 14:13:26 +0900,2020-02-16 11:44:31 +0900,research,CC-BY-NC,https://www.inaturalist.org/observations/30856287,https://inaturalist-open-data.s3.amazonaws.com/photos/48234034/medium.jpg,NA,NA,NA,2,0,FALSE,NA,"Culberson County, TX, USA",31.9829320039,-104.7577199277,1499,NA,NA,NA,1499,NA,open,FALSE,NA,NA,Eastern Collared Lizard,Crotaphytus collaris,Eastern Collared Lizard,Reptilia,33135
30891980,06d73cf7-af96-4d88-87b5-45a638a141dd,2019-08-15 11:13:20 AM CDT,2019-08-15,2019-08-16 00:13:20 +0900,Eastern Time (US & Canada),26132,jjbolton,Jonathon Bolton,2019-08-16 04:54:27 +0900,2024-02-10 01:52:35 +0900,research,CC-BY-NC,https://www.inaturalist.org/observations/30891980,https://inaturalist-open-data.s3.amazonaws.com/photos/48291917/medium.jpeg,NA,NA,NA,3,0,FALSE,2,"Texas, US",31.6895562145,-104.2377672408,17,NA,NA,NA,29199,obscured,open,TRUE,gps,gps,Eastern Collared Lizard,Crotaphytus collaris,Eastern Collared Lizard,Reptilia,33135
31740778,42945619-bf9f-4d02-8978-7d9c4a436b90,2014/09/06 1:13 PM CDT,2014-09-06,2014-09-07 03:13:00 +0900,Central Time (US & Canada),551727,krissyleigh,NA,2019-08-30 03:14:50 +0900,2020-02-16 11:41:43 +0900,research,CC-BY-NC,https://www.inaturalist.org/observations/31740778,https://inaturalist-open-data.s3.amazonaws.com/photos/49709376/medium.jpg,NA,NA,NA,3,0,FALSE,NA,"Randall County, TX, USA",34.9416238152,-101.6510564996,31,NA,NA,NA,31,NA,open,FALSE,NA,NA,Eastern Collared Lizard,Crotaphytus collaris,Eastern Collared Lizard,Reptilia,33135
31831207,1c0e3293-0a8e-4fe0-a9df-89eec8160685,2018/04/01 2:38 PM CDT,2018-04-01,2018-04-02 04:38:00 +0900,Central Time (US & Canada),2168408,currenfrasch,Curren Frasch,2019-08-31 13:47:14 +0900,2020-02-16 11:41:42 +0900,research,CC-BY-NC,https://www.inaturalist.org/observations/31831207,https://inaturalist-open-data.s3.amazonaws.com/photos/49860479/medium.jpeg,NA,NA,NA,2,0,FALSE,NA,"Val Verde County, TX, USA",29.6695126602,-101.3167672386,489,NA,NA,NA,489,NA,open,FALSE,NA,NA,Eastern Collared Lizard,Crotaphytus collaris,Eastern Collared Lizard,Reptilia,33135
31929593,3b08978d-780a-4c4e-ab63-edc272845efa,Sun Sep 01 2019 12:37:06 GMT-0500 (CDT),2019-09-01,2019-09-02 02:37:06 +0900,Central Time (US & Canada),797131,jferrell,NA,2019-09-02 02:49:40 +0900,2021-03-31 01:31:29 +0900,research,CC-BY-NC,https://www.inaturalist.org/observations/31929593,https://inaturalist-open-data.s3.amazonaws.com/photos/50025513/medium.jpg,NA,NA,NA,3,0,FALSE,3,"Palo Duro Canyon State Park, Canyon, TX, US",34.9203324549,-101.6629076293,18829,NA,NA,NA,18829,NA,open,FALSE,NA,NA,Eastern Collared Lizard,Crotaphytus collaris,Eastern Collared Lizard,Reptilia,33135
32023050,c2fc44e9-a18c-4788-b59b-e81803d1791a,Sun Aug 25 2019 17:56:17 GMT-0500 (CDT),2019-08-25,2019-08-26 02:56:17 +0900,UTC,433185,lmcfergy,Lori Ferguson,2019-09-03 09:03:49 +0900,2020-02-16 11:41:37 +0900,research,NA,https://www.inaturalist.org/observations/32023050,https://static.inaturalist.org/photos/50183029/medium.jpg,NA,NA,NA,1,0,FALSE,3,"Caprock Canyons State Park and Trailway, Quitaque, TX, US",34.4425538351,-101.0924854248,19,NA,NA,NA,19,NA,open,FALSE,NA,NA,Eastern Collared Lizard,Crotaphytus collaris,Eastern Collared Lizard,Reptilia,33135
32361363,79c0728b-18f3-44ad-877c-eb592bc32393,Sat Sep 07 2019 15:48:15 GMT-0600 (MDT),2019-09-07,2019-09-08 06:48:15 +0900,Mountain Time (US & Canada),1025149,marissakami,NA,2019-09-09 04:22:39 +0900,2020-01-21 14:54:32 +0900,research,NA,https://www.inaturalist.org/observations/32361363,https://static.inaturalist.org/photos/50747912/medium.jpg,NA,NA,NA,3,0,FALSE,3,"Festival, El Paso, TX, US",31.9551814313,-106.5279957815,1566,NA,NA,NA,1566,NA,open,FALSE,NA,NA,Eastern Collared Lizard,Crotaphytus collaris,Eastern Collared Lizard,Reptilia,33135
32485264,a0bbd2e8-6bf1-43b0-a548-dd1a3f25a0b5,2019/09/03 7:06 PM CDT,2019-09-03,2019-09-04 09:06:00 +0900,Central Time (US & Canada),18812,mako252,Jon McIntyre,2019-09-11 04:13:56 +0900,2023-08-25 20:41:27 +0900,research,CC-BY-NC,https://www.inaturalist.org/observations/32485264,https://inaturalist-open-data.s3.amazonaws.com/photos/50953470/medium.jpeg,NA,NA,AOR,5,0,FALSE,NA,"Brewster County, TX, USA",29.6244896771,-103.0541100963,8,NA,NA,NA,8,NA,open,FALSE,NA,NA,Eastern Collared Lizard,Crotaphytus collaris,Eastern Collared Lizard,Reptilia,33135
32675467,603bcf08-585c-4d8d-adc1-f49d2dca530d,2019/07/03 1:27 AM UTC,2019-07-03,NA,UTC,2251542,jfbllano,NA,2019-09-14 10:41:26 +0900,2020-02-16 11:41:25 +0900,research,CC-BY-NC,https://www.inaturalist.org/observations/32675467,https://inaturalist-open-data.s3.amazonaws.com/photos/51266588/medium.jpg,NA,NA,NA,1,0,FALSE,NA,"Randall County, TX, USA",34.9774024366,-101.6724926208,23,NA,NA,NA,23,NA,open,FALSE,NA,NA,Eastern Collared Lizard,Crotaphytus collaris,Eastern Collared Lizard,Reptilia,33135
32794052,71ebdd77-55d9-4f0c-b9d2-e97e31e903d8,2019/09/03 7:08 PM EDT,2019-09-03,2019-09-04 08:08:00 +0900,Eastern Time (US & Canada),670908,jugbayjs,NA,2019-09-16 06:37:59 +0900,2023-08-25 20:41:22 +0900,research,CC-BY-NC,https://www.inaturalist.org/observations/32794052,https://inaturalist-open-data.s3.amazonaws.com/photos/51456601/medium.jpeg,NA,NA,NA,4,0,FALSE,NA,"Brewster County, Texas, USA",29.1445634,-103.1888943,1630,NA,NA,NA,1630,NA,open,FALSE,NA,NA,Eastern Collared Lizard,Crotaphytus collaris,Eastern Collared Lizard,Reptilia,33135
32872919,24b9673b-c371-4a96-b310-d5c1c1f363a9,2019-09-08 10:06:59 AM CDT,2019-09-08,2019-09-09 00:06:59 +0900,Central Time (US & Canada),1161959,jblackerby,janice blackerby,2019-09-17 11:37:12 +0900,2021-02-10 21:52:32 +0900,research,CC-BY-NC,https://www.inaturalist.org/observations/32872919,https://inaturalist-open-data.s3.amazonaws.com/photos/51591997/medium.jpg,NA,NA,"In Palo Duro Canyon State Park, Rock Garden  Trail. Randall county, Texas.",2,0,FALSE,2,"Canyon, TX 79015, USA",34.9879414626,-101.6840431094,67314,NA,NA,NA,67314,NA,open,FALSE,gps,gps,Eastern Collared Lizard,Crotaphytus collaris,Eastern Collared Lizard,Reptilia,33135
32931988,febd44b1-567c-4cb2-8d60-0df9adabc428,2019/09/04 2:59 AM -0500,2019-09-04,2019-09-04 16:59:00 +0900,Bogota,2251542,jfbllano,NA,2019-09-18 13:10:41 +0900,2019-09-18 13:25:42 +0900,research,CC-BY-NC,https://www.inaturalist.org/observations/32931988,https://inaturalist-open-data.s3.amazonaws.com/photos/51687481/medium.jpg,NA,NA,NA,1,0,FALSE,NA,"Randall County, TX, USA",34.9765760808,-101.6807538246,15,NA,NA,NA,15,NA,open,FALSE,NA,NA,Eastern Collared Lizard,Crotaphytus collaris,Eastern Collared Lizard,Reptilia,33135
33261574,18f84a41-29c9-4984-9038-dce6cb163cc8,Sat Sep 14 2019 12:14:56 GMT-0600 (MDT),2019-09-14,2019-09-15 03:14:56 +0900,Mountain Time (US & Canada),2294864,vanessa2418,NA,2019-09-24 00:37:28 +0900,2019-09-29 09:18:21 +0900,research,CC-BY-NC,https://www.inaturalist.org/observations/33261574,https://inaturalist-open-data.s3.amazonaws.com/photos/52227191/medium.jpg,NA,NA,NA,2,0,FALSE,3,"Franklin Mountains State Park, El Paso, TX, US",31.9216383333,-106.5130166667,6,NA,NA,NA,6,NA,open,FALSE,NA,NA,Eastern Collared Lizard,Crotaphytus collaris,Eastern Collared Lizard,Reptilia,33135
33382327,f784d5fb-7965-437c-ae87-6595bfced8cf,Tue Sep 24 2019 13:31:19 GMT-0500 (CDT),2019-09-24,2019-09-24 22:31:19 +0900,UTC,2303509,jonathan743,Jonathan Cuero,2019-09-26 02:52:18 +0900,2019-09-27 07:44:13 +0900,research,NA,https://www.inaturalist.org/observations/33382327,https://static.inaturalist.org/photos/52426164/medium.jpg,NA,NA,NA,3,1,FALSE,3,"Randall County, US-TX, US",34.9542595328,-101.6748747815,32,NA,NA,NA,32,NA,open,FALSE,NA,NA,Eastern Collared Lizard,Crotaphytus collaris,Eastern Collared Lizard,Reptilia,33135
33818822,c448d9b7-01c4-45f7-9237-1cc19d787346,2014-07-08,2014-07-08,NA,Eastern Time (US & Canada),1826035,melissaarasin,Melissa Arasin,2019-10-04 07:43:40 +0900,2019-10-05 05:10:53 +0900,research,CC-BY-NC,https://www.inaturalist.org/observations/33818822,https://inaturalist-open-data.s3.amazonaws.com/photos/53156930/medium.jpg,NA,NA,NA,1,0,FALSE,3,"Palo Duro Canyon State Park, Canyon, TX, US",34.9237204077,-101.6664535094,11885,NA,NA,NA,11885,NA,open,FALSE,NA,NA,Eastern Collared Lizard,Crotaphytus collaris,Eastern Collared Lizard,Reptilia,33135
34525298,b31e321b-f85d-4e8b-b8bf-2cae5706bffe,2017/07/03 8:45 AM CDT,2017-07-03,2017-07-03 22:45:00 +0900,Central Time (US & Canada),2373009,williampaulwhite17,NA,2019-10-18 13:43:22 +0900,2020-02-16 11:40:39 +0900,research,CC-BY-NC,https://www.inaturalist.org/observations/34525298,https://inaturalist-open-data.s3.amazonaws.com/photos/54348064/medium.jpeg,NA,NA,NA,1,0,FALSE,NA,"11450 State Hwy Park Rd 5, Canyon, TX 79015, USA",34.961493,-101.683892,475,NA,NA,NA,475,NA,open,FALSE,NA,NA,Eastern Collared Lizard,Crotaphytus collaris,Eastern Collared Lizard,Reptilia,33135
34525307,ea4769ed-af1d-4daf-af69-ef75c92ec801,2017/07/03 9:40 AM CDT,2017-07-03,2017-07-03 23:40:00 +0900,Central Time (US & Canada),2373009,williampaulwhite17,NA,2019-10-18 13:43:50 +0900,2020-02-16 11:40:34 +0900,research,CC-BY-NC,https://www.inaturalist.org/observations/34525307,https://inaturalist-open-data.s3.amazonaws.com/photos/54348073/medium.jpeg,NA,NA,NA,1,0,FALSE,NA,"11450 State Hwy Park Rd 5, Canyon, TX 79015, USA",34.961394,-101.682466,365,NA,NA,NA,365,NA,open,FALSE,NA,NA,Eastern Collared Lizard,Crotaphytus collaris,Eastern Collared Lizard,Reptilia,33135
34530080,c8ee3b5d-0187-4427-b4c2-ae6b8e7f1067,2017/07/16 8:43 AM CDT,2017-07-16,2017-07-16 22:43:00 +0900,Central Time (US & Canada),2373009,williampaulwhite17,NA,2019-10-18 18:55:06 +0900,2020-02-16 11:40:34 +0900,research,CC-BY-NC,https://www.inaturalist.org/observations/34530080,https://inaturalist-open-data.s3.amazonaws.com/photos/54355516/medium.jpeg,NA,NA,NA,1,0,FALSE,NA,"11450 State Hwy Park Rd 5, Canyon, TX 79015, USA",34.937254,-101.6475533,8477,NA,NA,NA,8477,NA,open,FALSE,NA,NA,Eastern Collared Lizard,Crotaphytus collaris,Eastern Collared Lizard,Reptilia,33135
34557378,4ec819a2-e328-4644-8cf6-30a286e8b687,2011/07/13 8:05 AM CDT,2011-07-13,2011-07-13 22:05:00 +0900,Central Time (US & Canada),2373009,williampaulwhite17,NA,2019-10-19 07:10:41 +0900,2020-02-16 11:40:38 +0900,research,CC-BY-NC,https://www.inaturalist.org/observations/34557378,https://inaturalist-open-data.s3.amazonaws.com/photos/54399346/medium.jpeg,NA,assorted,NA,2,0,FALSE,NA,"11450 State Hwy Park Rd 5, Canyon, TX 79015, USA",34.937254,-101.6475533,8477,NA,NA,NA,8477,NA,open,FALSE,NA,NA,Eastern Collared Lizard,Crotaphytus collaris,Eastern Collared Lizard,Reptilia,33135
34557379,3fd4c985-91f5-479f-857d-2494817f6a14,2011/07/13 8:06 AM CDT,2011-07-13,2011-07-13 22:06:00 +0900,Central Time (US & Canada),2373009,williampaulwhite17,NA,2019-10-19 07:10:41 +0900,2020-02-16 11:40:33 +0900,research,CC-BY-NC,https://www.inaturalist.org/observations/34557379,https://inaturalist-open-data.s3.amazonaws.com/photos/54399351/medium.jpeg,NA,assorted,NA,2,0,FALSE,NA,"11450 State Hwy Park Rd 5, Canyon, TX 79015, USA",34.937254,-101.6475533,8477,NA,NA,NA,8477,NA,open,FALSE,NA,NA,Eastern Collared Lizard,Crotaphytus collaris,Eastern Collared Lizard,Reptilia,33135
34557380,4634bcc4-0cb7-4e59-82c8-1d70f16aa0b5,2011/07/13 8:37 AM CDT,2011-07-13,2011-07-13 22:37:00 +0900,Central Time (US & Canada),2373009,williampaulwhite17,NA,2019-10-19 07:10:41 +0900,2020-02-16 11:40:32 +0900,research,CC-BY-NC,https://www.inaturalist.org/observations/34557380,https://inaturalist-open-data.s3.amazonaws.com/photos/54399355/medium.jpeg,NA,assorted,NA,2,0,FALSE,NA,"11450 State Hwy Park Rd 5, Canyon, TX 79015, USA",34.937254,-101.6475533,8477,NA,NA,NA,8477,NA,open,FALSE,NA,NA,Eastern Collared Lizard,Crotaphytus collaris,Eastern Collared Lizard,Reptilia,33135
34558365,ab1fd30f-31de-42be-be35-f3d0c4f60d4d,2011/09/09 10:25 PM CDT,2011-09-09,2011-09-10 12:25:00 +0900,Central Time (US & Canada),2373009,williampaulwhite17,NA,2019-10-19 07:31:56 +0900,2020-02-16 11:40:31 +0900,research,CC-BY-NC,https://www.inaturalist.org/observations/34558365,https://inaturalist-open-data.s3.amazonaws.com/photos/54400605/medium.jpeg,NA,parks,NA,2,0,FALSE,NA,"11450 State Hwy Park Rd 5, Canyon, TX 79015, USA",34.937254,-101.6475533,8477,NA,NA,NA,8477,NA,open,FALSE,NA,NA,Eastern Collared Lizard,Crotaphytus collaris,Eastern Collared Lizard,Reptilia,33135
34558367,61f56492-8093-4519-9513-2184f72a83f1,2011/09/09 11:02 PM CDT,2011-09-09,2011-09-10 13:02:00 +0900,Central Time (US & Canada),2373009,williampaulwhite17,NA,2019-10-19 07:31:58 +0900,2020-02-16 11:40:30 +0900,research,CC-BY-NC,https://www.inaturalist.org/observations/34558367,https://inaturalist-open-data.s3.amazonaws.com/photos/54400623/medium.jpeg,NA,parks,NA,2,0,FALSE,NA,"11450 State Hwy Park Rd 5, Canyon, TX 79015, USA",34.937254,-101.6475533,8477,NA,NA,NA,8477,NA,open,FALSE,NA,NA,Eastern Collared Lizard,Crotaphytus collaris,Eastern Collared Lizard,Reptilia,33135
34558371,2def37ce-8441-4b2f-afe6-45929f0811cd,2011/09/09 11:06 PM CDT,2011-09-09,2011-09-10 13:06:00 +0900,Central Time (US & Canada),2373009,williampaulwhite17,NA,2019-10-19 07:32:00 +0900,2020-02-16 11:40:29 +0900,research,CC-BY-NC,https://www.inaturalist.org/observations/34558371,https://inaturalist-open-data.s3.amazonaws.com/photos/54400635/medium.jpeg,NA,parks,NA,2,0,FALSE,NA,"11450 State Hwy Park Rd 5, Canyon, TX 79015, USA",34.937254,-101.6475533,8477,NA,NA,NA,8477,NA,open,FALSE,NA,NA,Eastern Collared Lizard,Crotaphytus collaris,Eastern Collared Lizard,Reptilia,33135
34558373,0dd60d0d-8726-4ff7-82af-c05b7c714d2a,2011/09/09 11:53 PM CDT,2011-09-09,2011-09-10 13:53:00 +0900,Central Time (US & Canada),2373009,williampaulwhite17,NA,2019-10-19 07:32:00 +0900,2020-02-16 11:40:25 +0900,research,CC-BY-NC,https://www.inaturalist.org/observations/34558373,https://inaturalist-open-data.s3.amazonaws.com/photos/54400639/medium.jpeg,NA,parks,NA,2,0,FALSE,NA,"11450 State Hwy Park Rd 5, Canyon, TX 79015, USA",34.981591,-101.689581,276,NA,NA,NA,276,NA,open,FALSE,NA,NA,Eastern Collared Lizard,Crotaphytus collaris,Eastern Collared Lizard,Reptilia,33135
34665422,e7e21025-0b78-4835-b430-4a7fa9e060ed,Wed Oct 16 2019 14:42:57 GMT-0500 (CDT),2019-10-16,2019-10-16 23:42:57 +0900,UTC,2151487,jrfreak3000,NA,2019-10-21 09:37:51 +0900,2020-02-16 11:40:27 +0900,research,CC-BY-NC,https://www.inaturalist.org/observations/34665422,https://inaturalist-open-data.s3.amazonaws.com/photos/54583681/medium.jpg,NA,NA,NA,1,0,FALSE,3,"Palo Duro Canyon State Park, Canyon, TX, US",34.9514,-101.6886,NA,NA,NA,NA,NA,NA,open,FALSE,NA,NA,Eastern Collared Lizard,Crotaphytus collaris,Eastern Collared Lizard,Reptilia,33135
34757376,73f59fa2-fb40-4399-8811-f64deed18150,2011/05/13 9:50 PM CDT,2011-05-13,2011-05-14 11:50:00 +0900,Central Time (US & Canada),2373009,williampaulwhite17,NA,2019-10-23 07:36:01 +0900,2020-02-16 11:40:23 +0900,research,CC-BY-NC,https://www.inaturalist.org/observations/34757376,https://inaturalist-open-data.s3.amazonaws.com/photos/54740310/medium.jpeg,NA,birthday hike,NA,1,0,FALSE,NA,"11450 State Hwy Park Rd 5, Canyon, TX 79015, USA",34.937254,-101.6475533,8477,NA,NA,NA,8477,NA,open,FALSE,NA,NA,Eastern Collared Lizard,Crotaphytus collaris,Eastern Collared Lizard,Reptilia,33135
35306951,5f747913-cbdf-47f6-a0e4-c8f5c4e455a2,Mon Nov 04 2019 16:57:55 GMT-0700 (MST),2019-11-04,2019-11-05 08:57:55 +0900,Mountain Time (US & Canada),2242751,alondracaban,NA,2019-11-05 08:59:23 +0900,2019-11-07 03:43:09 +0900,research,CC-BY-NC,https://www.inaturalist.org/observations/35306951,https://inaturalist-open-data.s3.amazonaws.com/photos/55661913/medium.jpg,NA,NA,NA,2,0,FALSE,3,"Festival, El Paso, TX, US",31.9493653557,-106.5020259725,7017,NA,NA,NA,7017,NA,open,FALSE,NA,NA,Eastern Collared Lizard,Crotaphytus collaris,Eastern Collared Lizard,Reptilia,33135
35492978,221a0ea8-421c-4d86-8212-e63e42bc9f38,2008/08/03 4:03 PM CDT,2008-08-03,2008-08-04 06:03:00 +0900,Central Time (US & Canada),22614,kaptainkory,Kory Roberts,2019-11-10 02:04:49 +0900,2019-11-10 07:47:25 +0900,research,CC-BY-NC,https://www.inaturalist.org/observations/35492978,https://inaturalist-open-data.s3.amazonaws.com/photos/55969413/medium.jpg,NA,"Herp, Arizona, Expedition",NA,2,0,FALSE,NA,"Tom Mays Park Access Rd, El Paso, TX 79930, USA",31.9117027,-106.5173673,1600,NA,NA,NA,1600,NA,open,FALSE,NA,NA,Halsband Leguan,Crotaphytus collaris,Eastern Collared Lizard,Reptilia,33135
36135894,617d6a29-d959-452d-9e5e-6638524b7357,2002/07/25 8:19 PM CDT,2002-07-25,2002-07-26 10:19:00 +0900,Central Time (US & Canada),22614,kaptainkory,Kory Roberts,2019-11-28 03:15:31 +0900,2023-08-25 20:41:17 +0900,research,CC-BY-NC,https://www.inaturalist.org/observations/36135894,https://inaturalist-open-data.s3.amazonaws.com/photos/57082859/medium.jpg,NA,"Texas, Herp, Expedition",NA,3,0,FALSE,NA,"Big Bend National Park, TX 79834, USA",29.0953635,-103.1875352,217,NA,NA,NA,217,NA,open,FALSE,NA,NA,Eastern Collared Lizard,Crotaphytus collaris,Eastern Collared Lizard,Reptilia,33135
36946552,9b20863a-7a71-4c85-a2ff-7ff23f8632b3,2005/05/30 9:24 AM CDT,2005-05-30,2005-05-30 23:24:00 +0900,Central Time (US & Canada),1396301,mikecong,Mike Cong,2019-12-26 05:29:47 +0900,2020-05-14 01:20:24 +0900,research,CC-BY-NC,https://www.inaturalist.org/observations/36946552,https://inaturalist-open-data.s3.amazonaws.com/photos/58486917/medium.jpeg,NA,"Eastern Collared Lizard, Lizards, Locations, People, Seminole Canyon State Park, Texas, Vertebrate Natural History Class, Wildlife",NA,3,0,FALSE,NA,"Val Verde County, TX, USA",29.6870088469,-101.3174629211,244,NA,NA,NA,244,NA,open,FALSE,NA,NA,Eastern Collared Lizard,Crotaphytus collaris,Eastern Collared Lizard,Reptilia,33135
36946557,80c11895-a850-48a6-af55-9979fee8e684,2005/05/30 10:37 AM CDT,2005-05-30,2005-05-31 00:37:00 +0900,Central Time (US & Canada),1396301,mikecong,Mike Cong,2019-12-26 05:29:50 +0900,2020-05-14 01:20:20 +0900,research,CC-BY-NC,https://www.inaturalist.org/observations/36946557,https://inaturalist-open-data.s3.amazonaws.com/photos/58486985/medium.jpeg,NA,"Eastern Collared Lizard, Lizards, Locations, People, Seminole Canyon State Park, Texas, Vertebrate Natural History Class",NA,3,0,FALSE,NA,"Val Verde County, TX, USA",29.6870088469,-101.3174629211,244,NA,NA,NA,244,NA,open,FALSE,NA,NA,Eastern Collared Lizard,Crotaphytus collaris,Eastern Collared Lizard,Reptilia,33135
36973995,6bb33e93-da28-4885-a674-6acc0afd585f,2019/07/21 10:19 AM CDT,2019-07-21,2019-07-22 00:19:00 +0900,Central Time (US & Canada),785399,cricketfrog13,NA,2019-12-27 03:54:44 +0900,2020-02-16 11:39:49 +0900,research,CC-BY-NC,https://www.inaturalist.org/observations/36973995,https://inaturalist-open-data.s3.amazonaws.com/photos/58533780/medium.jpeg,NA,NA,NA,1,0,FALSE,NA,"Randall County, TX, USA",34.9410016667,-101.6511766667,NA,NA,NA,NA,NA,NA,open,FALSE,NA,NA,Eastern Collared Lizard,Crotaphytus collaris,Eastern Collared Lizard,Reptilia,33135
37088835,c069edbc-dcb2-4f31-a1ca-a2d320d98745,2014/05/28 3:55 AM CDT,2014-05-28,2014-05-28 17:55:00 +0900,Central Time (US & Canada),2507743,pollywarbler,NA,2019-12-30 14:03:17 +0900,2023-07-12 22:12:02 +0900,research,CC-BY-NC,https://www.inaturalist.org/observations/37088835,https://inaturalist-open-data.s3.amazonaws.com/photos/58740184/medium.jpeg,NA,NA,NA,5,0,FALSE,NA,"Blanco County, TX, USA",30.15866,-98.515441,NA,NA,NA,NA,NA,NA,open,FALSE,NA,NA,Eastern Collared Lizard,Crotaphytus collaris,Eastern Collared Lizard,Reptilia,33135
37147997,3e9212f4-cfb1-42cf-a934-93eca6664ee5,2019-05-04 4:23:19 PM CDT,2019-05-04,2019-05-05 01:23:19 +0900,UTC,2244299,ryanfoster,Ryan Foster,2020-01-01 11:27:06 +0900,2024-08-04 00:44:54 +0900,research,NA,https://www.inaturalist.org/observations/37147997,https://static.inaturalist.org/photos/58842148/medium.jpeg,NA,NA,NA,3,0,FALSE,2,"Sterling City, TX 76951, USA",31.9605560303,-101.1488876343,NA,NA,NA,NA,NA,NA,open,FALSE,gps,gps,Eastern Collared Lizard,Crotaphytus collaris,Eastern Collared Lizard,Reptilia,33135
38184620,66a122d7-b4b3-455f-8796-5ce9ac95c0ef,Fri May 31 2019 09:54:46 GMT-0700 (PDT),2019-05-31,2019-06-01 01:54:46 +0900,Pacific Time (US & Canada),569238,ellisonbellison,NA,2020-02-02 01:46:34 +0900,2021-05-15 05:40:20 +0900,research,NA,https://www.inaturalist.org/observations/38184620,https://static.inaturalist.org/photos/108164841/medium.jpg,NA,NA,NA,1,0,FALSE,3,"Palo Duro Canyon State Park, Canyon, TX, US",34.98193,-101.6853116667,NA,NA,NA,NA,NA,NA,open,FALSE,NA,NA,Eastern Collared Lizard,Crotaphytus collaris,Eastern Collared Lizard,Reptilia,33135
38186685,ce7c12dd-c778-4e7e-93dc-f7ce665dd898,Mon Jul 15 2019 09:53:14 GMT-0500 (CDT),2019-07-15,2019-07-15 18:53:14 +0900,UTC,916558,dangbo12,Dan Plummer,2020-02-02 03:04:21 +0900,2020-02-16 11:39:28 +0900,research,NA,https://www.inaturalist.org/observations/38186685,https://static.inaturalist.org/photos/60654060/medium.jpg,NA,NA,NA,4,0,FALSE,3,"Palo Duro Canyon State Park, Canyon, TX, US",34.9199194231,-101.6464487702,18018,NA,NA,NA,18018,NA,open,FALSE,NA,NA,Eastern Collared Lizard,Crotaphytus collaris,Eastern Collared Lizard,Reptilia,33135
39031268,85453b73-6e4f-4eb5-972c-3e551678ab05,Sat May 04 2019 14:11:51 GMT-0500 (CDT),2019-05-04,2019-05-04 23:11:51 +0900,UTC,2593781,timetravelertx,NA,2020-02-22 11:50:15 +0900,2020-02-22 13:00:49 +0900,research,CC-BY-NC,https://www.inaturalist.org/observations/39031268,https://inaturalist-open-data.s3.amazonaws.com/photos/61930294/medium.jpg,NA,NA,"May 4   Inks Lake, Texas",0,0,FALSE,3,"Inks Lake State Park, Burnet, TX, US",30.7384388439,-98.3689166151,1149,NA,NA,NA,1149,NA,open,FALSE,NA,NA,Eastern Collared Lizard,Crotaphytus collaris,Eastern Collared Lizard,Reptilia,33135
39118823,551fd87e-8267-46d2-9a44-43e64c8019db,2018/08/02 10:23 AM CDT,2018-08-02,2018-08-03 00:23:00 +0900,Central Time (US & Canada),81440,craighensley,Craig Hensley,2020-02-24 07:26:05 +0900,2024-08-30 02:06:20 +0900,research,CC-BY,https://www.inaturalist.org/observations/39118823,https://inaturalist-open-data.s3.amazonaws.com/photos/62053260/medium.jpg,NA,NA,NA,2,0,FALSE,NA,"El Paso, TX, USA",31.9210957191,-106.5137418493,55,NA,NA,NA,55,NA,open,FALSE,NA,NA,Eastern Collared Lizard,Crotaphytus collaris,Eastern Collared Lizard,Reptilia,33135
39255625,3be2047f-c40f-4ab2-9090-001873704d80,Tue Feb 25 2020 13:20:58 GMT-0600 (CST),2020-02-25,2020-02-25 22:20:58 +0900,UTC,2485655,ncabe48,NA,2020-02-27 06:47:40 +0900,2023-08-25 20:40:41 +0900,research,CC-BY-NC,https://www.inaturalist.org/observations/39255625,https://inaturalist-open-data.s3.amazonaws.com/photos/62259704/medium.jpg,NA,NA,"Found under rock, hissed, what kind of lizard? Big bend in desert",3,0,FALSE,3,"Big Bend National Park, Alpine, TX, US",29.3030556859,-103.1784918165,842,NA,NA,NA,842,NA,open,FALSE,NA,NA,Eastern Collared Lizard,Crotaphytus collaris,Eastern Collared Lizard,Reptilia,33135
39259003,cbd9172a-03fb-416a-bb81-de5bb1fc08d0,Sun Jun 19 2016 11:26:29 GMT-0500 (CDT),2016-06-19,2016-06-20 01:26:29 +0900,Central Time (US & Canada),503806,vechiles3,Trey Chiles,2020-02-27 08:29:29 +0900,2020-02-27 09:02:25 +0900,research,CC-BY-NC,https://www.inaturalist.org/observations/39259003,https://inaturalist-open-data.s3.amazonaws.com/photos/62262372/medium.jpg,NA,NA,NA,0,0,FALSE,3,"Rotan, TX, US",33.0519955241,-100.5101650065,262,NA,NA,NA,262,NA,open,FALSE,NA,NA,Eastern Collared Lizard,Crotaphytus collaris,Eastern Collared Lizard,Reptilia,33135
39281866,37c09586-761d-4828-ab8b-90518e7f63d2,Sun Feb 23 2020 08:51:38 GMT-0700 (MST),2020-02-23,2020-02-24 00:51:38 +0900,Mountain Time (US & Canada),2577230,admangadu,NA,2020-02-28 01:45:01 +0900,2020-05-01 02:53:06 +0900,research,CC-BY-NC,https://www.inaturalist.org/observations/39281866,https://inaturalist-open-data.s3.amazonaws.com/photos/62302881/medium.jpg,NA,NA,Lizard with a very long tail. Speckled markings on the top. Line pattern as you transition down the dorsal side of body. The lizard is very fast and agile. The head of the lizard is small and has few markings,1,0,FALSE,3,"Franklin Mountains State Park, El Paso, TX, US",31.9048749657,-106.4992065086,1174,NA,NA,NA,1174,NA,open,FALSE,NA,NA,Eastern Collared Lizard,Crotaphytus collaris,Eastern Collared Lizard,Reptilia,33135
39783969,c8778f9d-2a78-45a5-94db-a7341a8eb7e4,2020-03-09 1:57:00 PM CDT,2020-03-09,2020-03-09 22:57:00 +0900,UTC,1004203,amandapoland,Amanda Poland,2020-03-10 11:58:24 +0900,2023-08-25 20:39:38 +0900,research,NA,https://www.inaturalist.org/observations/39783969,https://static.inaturalist.org/photos/63154120/medium.png,NA,NA,NA,7,0,FALSE,2,"Big Bend National Park, TX 79834, USA",29.2344186128,-103.4068343416,722,NA,NA,NA,722,NA,open,FALSE,gps,gps,Eastern Collared Lizard,Crotaphytus collaris,Eastern Collared Lizard,Reptilia,33135
39811079,95ee5039-3678-43ff-bf0c-771a4d65750c,2013/09/20 11:51 PM CDT,2013-09-20,2013-09-21 13:51:00 +0900,Central Time (US & Canada),2373009,williampaulwhite17,NA,2020-03-11 05:19:13 +0900,2020-03-12 04:32:31 +0900,research,CC-BY-NC,https://www.inaturalist.org/observations/39811079,https://inaturalist-open-data.s3.amazonaws.com/photos/63198669/medium.jpeg,NA,baby and PDSP,NA,2,0,FALSE,NA,"Randall County, TX, USA",34.9509173837,-101.6741093497,550,NA,NA,NA,550,NA,open,FALSE,NA,NA,Eastern Collared Lizard,Crotaphytus collaris,Eastern Collared Lizard,Reptilia,33135
39841149,a44a4137-3005-4da5-a1ad-7a45960107b3,2017/06/25 4:39 PM CDT,2017-06-25,2017-06-26 06:39:00 +0900,Central Time (US & Canada),2373009,williampaulwhite17,NA,2020-03-12 00:45:47 +0900,2020-03-12 04:36:02 +0900,research,CC-BY-NC,https://www.inaturalist.org/observations/39841149,https://inaturalist-open-data.s3.amazonaws.com/photos/63250289/medium.jpeg,NA,NA,NA,2,0,FALSE,NA,"Randall County, TX, USA",34.9489236845,-101.6745143515,2011,NA,NA,NA,2011,NA,open,FALSE,NA,NA,leguánovec obojkový,Crotaphytus collaris,Eastern Collared Lizard,Reptilia,33135
39841159,2352a9c0-d1cc-4c93-9ba5-5e457794bd01,2017/06/25 5:17 PM CDT,2017-06-25,2017-06-26 07:17:00 +0900,Central Time (US & Canada),2373009,williampaulwhite17,NA,2020-03-12 00:45:53 +0900,2020-03-12 04:36:30 +0900,research,CC-BY-NC,https://www.inaturalist.org/observations/39841159,https://inaturalist-open-data.s3.amazonaws.com/photos/63250340/medium.jpeg,NA,NA,NA,2,0,FALSE,NA,"Randall County, TX, USA",34.9545114531,-101.6772952626,1825,NA,NA,NA,1825,NA,open,FALSE,NA,NA,leguánovec obojkový,Crotaphytus collaris,Eastern Collared Lizard,Reptilia,33135
39902837,bd25877e-84c1-43c9-bf77-b4795185cd57,Thu Mar 12 2020 18:00:16 GMT-0500 (CDT),2020-03-12,2020-03-13 03:00:16 +0900,UTC,410091,sochahs,NA,2020-03-13 08:02:08 +0900,2020-03-14 10:31:25 +0900,research,NA,https://www.inaturalist.org/observations/39902837,https://static.inaturalist.org/photos/63354662/medium.jpg,NA,NA,NA,2,0,FALSE,3,"Mason, TX, US",30.7421162982,-99.4063351106,610,NA,NA,NA,610,NA,open,FALSE,NA,NA,Eastern Collared Lizard,Crotaphytus collaris,Eastern Collared Lizard,Reptilia,33135
40273147,a154b463-7034-4759-b957-f660d192349d,2020/03/19 2:19 PM CDT,2020-03-19,2020-03-20 04:19:00 +0900,Central Time (US & Canada),173577,salamandersquad,Simon Scarpetta,2020-03-20 10:51:41 +0900,2020-03-20 14:28:47 +0900,research,CC-BY-NC,https://www.inaturalist.org/observations/40273147,https://static.inaturalist.org/photos/63972573/medium.jpeg,NA,NA,NA,1,0,FALSE,NA,"Burnet County, TX, USA",30.7312611111,-98.368827777800007,NA,NA,NA,NA,NA,NA,open,FALSE,NA,NA,Eastern Collared Lizard,Crotaphytus collaris,Eastern Collared Lizard,Reptilia,33135
40273149,9fc7eb43-3417-4888-8de4-7aa23a93c8a4,2020/03/19 2:36 PM CDT,2020-03-19,2020-03-20 04:36:00 +0900,Central Time (US & Canada),173577,salamandersquad,Simon Scarpetta,2020-03-20 10:51:42 +0900,2020-03-20 11:09:36 +0900,research,CC-BY-NC,https://www.inaturalist.org/observations/40273149,https://static.inaturalist.org/photos/63972672/medium.jpeg,NA,NA,NA,1,0,FALSE,NA,"Burnet County, TX, USA",30.7312641098,-98.3688133445,8,NA,NA,NA,8,NA,open,FALSE,NA,NA,Eastern Collared Lizard,Crotaphytus collaris,Eastern Collared Lizard,Reptilia,33135
40570168,c0bba352-dae1-431d-a2e5-f4ff2f197a9e,Sun Mar 22 2020 15:26:52 GMT-0500 (CDT),2020-03-22,2020-03-23 00:26:52 +0900,UTC,36776,biopope,Bio Pope,2020-03-23 12:44:40 +0900,2020-03-24 04:39:29 +0900,research,NA,https://www.inaturalist.org/observations/40570168,https://static.inaturalist.org/photos/64298754/medium.jpg,NA,NA,NA,4,0,FALSE,3,"Texas, US",31.1190484578,-101.1244140611,4,"CR-209, Ozona, TX, US",31.01152222,-101.01895833,29278,obscured,open,TRUE,NA,NA,Eastern Collared Lizard,Crotaphytus collaris,Eastern Collared Lizard,Reptilia,33135
40701643,c3a6d14f-4abb-47b9-8422-fa7720249354,Wed Mar 25 2020 12:27:04 GMT-0500 (CDT),2020-03-25,2020-03-25 21:27:04 +0900,UTC,2160699,shaelynrainey,Shaelyn Rainey,2020-03-26 02:29:52 +0900,2024-02-06 23:19:44 +0900,research,NA,https://www.inaturalist.org/observations/40701643,https://static.inaturalist.org/photos/64521990/medium.jpg,NA,NA,NA,3,0,FALSE,3,"Brackettville, TX, US",29.4609863728,-100.3085146482,147,NA,NA,NA,147,NA,open,FALSE,NA,NA,Eastern Collared Lizard,Crotaphytus collaris,Eastern Collared Lizard,Reptilia,33135
41144370,01f7c531-8754-4605-a8b8-afbf3975c60e,2020/03/31 3:58 PM CDT,2020-03-31,2020-04-01 05:58:00 +0900,Central Time (US & Canada),85119,pedernaturalist,Mike Zarella,2020-04-01 10:51:42 +0900,2020-04-01 11:17:12 +0900,research,NA,https://www.inaturalist.org/observations/41144370,https://static.inaturalist.org/photos/65244236/medium.jpg,NA,"Burnet County, Inks Lake State Park, lizards, reptiles",NA,1,0,FALSE,NA,"Burnet County, TX, USA",30.7477676334,-98.3589160365,4,NA,NA,NA,4,NA,open,FALSE,NA,NA,Eastern Collared Lizard,Crotaphytus collaris,Eastern Collared Lizard,Reptilia,33135
41254106,fdc52703-f9bc-4604-81f8-16756834bc21,2019-05-12 4:18:58 PM CDT,2019-05-12,2019-05-13 01:18:58 +0900,UTC,2705058,norasmith,Nora Smith,2020-04-03 05:57:16 +0900,2020-04-03 08:20:13 +0900,research,NA,https://www.inaturalist.org/observations/41254106,https://static.inaturalist.org/photos/65428184/medium.jpeg,NA,NA,NA,1,0,FALSE,2,Copper Breaks State Park,34.1121529305,-99.7515745461,2104,NA,NA,NA,2104,NA,open,FALSE,gps,gps,Eastern Collared Lizard,Crotaphytus collaris,Eastern Collared Lizard,Reptilia,33135
41390070,cbdc7992-31c1-41a0-8058-59d365461d2a,2013/09/21 1:08 PM CDT,2013-09-21,2013-09-22 03:08:00 +0900,Central Time (US & Canada),522920,nancynorman,NA,2020-04-05 05:26:15 +0900,2023-06-29 09:55:33 +0900,research,NA,https://www.inaturalist.org/observations/41390070,https://static.inaturalist.org/photos/65649747/medium.jpg,NA,NA,Caprock Canyons SP,2,0,FALSE,NA,"Briscoe County, TX, USA",34.4426147668,-101.0784655231,168,NA,NA,NA,168,NA,open,FALSE,NA,NA,Eastern Collared Lizard,Crotaphytus collaris,Eastern Collared Lizard,Reptilia,33135
41403806,89e7bdd0-6041-4739-87bf-745d53e30573,2016/05/11 11:15 AM CDT,2016-05-11,2016-05-12 01:15:00 +0900,Central Time (US & Canada),2698356,elgardner,Liz,2020-04-05 08:23:12 +0900,2020-04-05 08:53:08 +0900,research,CC-BY-NC,https://www.inaturalist.org/observations/41403806,https://inaturalist-open-data.s3.amazonaws.com/photos/65678104/medium.jpg,NA,NA,NA,1,0,FALSE,NA,"11450 State Hwy Park Rd 5, Canyon, TX 79015, USA",34.937254,-101.6475533,2559,NA,NA,NA,2559,NA,open,FALSE,NA,NA,Eastern Collared Lizard,Crotaphytus collaris,Eastern Collared Lizard,Reptilia,33135
41466997,5d1e4803-304c-4047-8bba-db241c8fd755,2020/03/16 9:35 PM CDT,2020-03-16,2020-03-17 11:35:00 +0900,Central Time (US & Canada),32808,adrianj,AJ Johnson,2020-04-06 03:59:00 +0900,2023-08-25 20:41:08 +0900,research,CC-BY-NC,https://www.inaturalist.org/observations/41466997,https://inaturalist-open-data.s3.amazonaws.com/photos/65772503/medium.jpeg,NA,NA,NA,3,0,FALSE,NA,"Redford, TX 79846, USA",29.4354256,-103.939131,11,NA,NA,NA,11,NA,open,FALSE,NA,NA,Eastern Collared Lizard,Crotaphytus collaris,Eastern Collared Lizard,Reptilia,33135
41558152,60f91118-e79e-4da2-a248-ed7a44a04af3,2018/09/30 11:42 AM CDT,2018-09-30,2018-10-01 01:42:00 +0900,Central Time (US & Canada),1154414,jdmanthey,NA,2020-04-07 06:12:16 +0900,2024-02-26 00:44:50 +0900,research,CC-BY-NC,https://www.inaturalist.org/observations/41558152,https://static.inaturalist.org/photos/65935291/medium.jpeg,NA,NA,NA,3,0,FALSE,NA,"Randall County, TX, USA",34.942726265,-101.667104382,4000,NA,NA,NA,4000,NA,open,FALSE,NA,NA,Eastern Collared Lizard,Crotaphytus collaris,Eastern Collared Lizard,Reptilia,33135
41717476,b535d268-74d2-4a4b-adbc-0c265068b741,2020/04/08 1:39 PM CDT,2020-04-08,2020-04-09 03:39:00 +0900,Central Time (US & Canada),268486,brooksy,Jason Brooks,2020-04-09 06:52:02 +0900,2021-07-07 23:09:26 +0900,research,NA,https://www.inaturalist.org/observations/41717476,https://static.inaturalist.org/photos/66183330/medium.jpg,NA,NA,NA,1,0,FALSE,NA,"Upton County, TX, USA",31.5055817886,-102.0575653317,122,NA,NA,NA,122,NA,open,FALSE,NA,NA,Eastern Collared Lizard,Crotaphytus collaris,Eastern Collared Lizard,Reptilia,33135
42641503,1d720589-ff49-4ad3-8048-96d29a61fba8,Sun Apr 19 2020 18:20:14 GMT-0500 (CDT),2020-04-19,2020-04-20 08:20:14 +0900,Central Time (US & Canada),753821,tmaxwell5,NA,2020-04-20 12:14:29 +0900,2020-04-21 02:45:26 +0900,research,CC-BY-NC,https://www.inaturalist.org/observations/42641503,https://inaturalist-open-data.s3.amazonaws.com/photos/67715480/medium.jpg,NA,NA,"Green lizard with black spots, any suggestions on an ID?",2,0,FALSE,3,"Newcastle, TX, US",33.243725,-99.0227195,12,NA,NA,NA,12,NA,open,FALSE,NA,NA,Eastern Collared Lizard,Crotaphytus collaris,Eastern Collared Lizard,Reptilia,33135
42691193,1b179c27-80a3-4a12-9155-def4d1e65d95,Sat Apr 18 2020 19:40:31 GMT-0500 (CDT),2020-04-18,2020-04-19 09:40:31 +0900,Central Time (US & Canada),9627,badger8181,Bryan Box,2020-04-21 04:07:05 +0900,2020-04-24 14:16:54 +0900,research,CC-BY-NC,https://www.inaturalist.org/observations/42691193,https://inaturalist-open-data.s3.amazonaws.com/photos/67796799/medium.jpg,NA,NA,NA,1,0,FALSE,3,"Texas, US",31.0337853068,-101.1768784653,5,"CR-209, Ozona, TX, US",31.0011295416,-101.0365869385,29278,obscured,open,TRUE,NA,NA,Eastern Collared Lizard,Crotaphytus collaris,Eastern Collared Lizard,Reptilia,33135
42692052,421b165b-e354-4339-b255-dd67491b7a9b,Mon Apr 20 2020 13:58:50 GMT-0500 (CDT),2020-04-20,2020-04-21 03:58:50 +0900,Central Time (US & Canada),9627,badger8181,Bryan Box,2020-04-21 04:16:05 +0900,2020-04-21 17:02:18 +0900,research,CC-BY-NC,https://www.inaturalist.org/observations/42692052,https://inaturalist-open-data.s3.amazonaws.com/photos/67798288/medium.jpg,NA,NA,NA,2,0,FALSE,3,"Texas, US",31.0532300645,-100.8233173432,5,"County Road 131, Mertzon, TX, US",31.131869671,-100.9455192369,29278,obscured,open,TRUE,NA,NA,Eastern Collared Lizard,Crotaphytus collaris,Eastern Collared Lizard,Reptilia,33135
42695388,630826fc-1c2b-41a0-8f4d-d88320713978,Mon Apr 20 2020 14:05:51 GMT-0500 (CDT),2020-04-20,2020-04-21 04:05:51 +0900,Central Time (US & Canada),9627,badger8181,Bryan Box,2020-04-21 04:49:45 +0900,2020-04-21 22:08:22 +0900,research,CC-BY-NC,https://www.inaturalist.org/observations/42695388,https://inaturalist-open-data.s3.amazonaws.com/photos/67803808/medium.jpg,NA,NA,NA,2,0,FALSE,3,"Texas, US",31.1447437553,-100.9853917594,5,"County Road 131, Mertzon, TX, US",31.1335320119,-100.9438770545,29278,obscured,open,TRUE,NA,NA,Eastern Collared Lizard,Crotaphytus collaris,Eastern Collared Lizard,Reptilia,33135
42695542,e144e8fd-2bcb-4d91-9e08-e0bd9c4bfbf5,Mon Apr 20 2020 14:09:17 GMT-0500 (CDT),2020-04-20,2020-04-21 04:09:17 +0900,Central Time (US & Canada),9627,badger8181,Bryan Box,2020-04-21 04:51:33 +0900,2020-11-18 09:42:46 +0900,research,CC-BY-NC,https://www.inaturalist.org/observations/42695542,https://inaturalist-open-data.s3.amazonaws.com/photos/67803845/medium.jpg,NA,NA,NA,2,0,FALSE,3,"Texas, US",31.0731195429,-100.9202800346,5,"County Road 131, Mertzon, TX, US",31.1342825694,-100.9431282152,29278,obscured,open,TRUE,NA,NA,Eastern Collared Lizard,Crotaphytus collaris,Eastern Collared Lizard,Reptilia,33135
43033137,21de1fd4-4e23-44a4-b2dd-c1b8970f5b67,2020/04/20 1:45 PM CDT,2020-04-20,2020-04-21 03:45:00 +0900,Central Time (US & Canada),9627,badger8181,Bryan Box,2020-04-24 15:01:55 +0900,2020-04-24 15:04:51 +0900,research,CC-BY-NC,https://www.inaturalist.org/observations/43033137,https://inaturalist-open-data.s3.amazonaws.com/photos/68328493/medium.jpg,NA,NA,NA,1,0,FALSE,NA,"Irion, Texas, United States",31.1212416667,-101.0696516667,NA,NA,NA,NA,NA,NA,open,FALSE,NA,NA,Eastern Collared Lizard,Crotaphytus collaris,Eastern Collared Lizard,Reptilia,33135
43033139,cc3ee76c-c865-4e8d-b2b7-a18a836790b6,2020/04/20 1:49 PM CDT,2020-04-20,2020-04-21 03:49:00 +0900,Central Time (US & Canada),9627,badger8181,Bryan Box,2020-04-24 15:01:56 +0900,2020-04-24 15:04:47 +0900,research,CC-BY-NC,https://www.inaturalist.org/observations/43033139,https://inaturalist-open-data.s3.amazonaws.com/photos/68328507/medium.jpg,NA,NA,NA,1,0,FALSE,NA,"Irion, Texas, United States",31.1319266667,-100.945485,NA,NA,NA,NA,NA,NA,open,FALSE,NA,NA,Eastern Collared Lizard,Crotaphytus collaris,Eastern Collared Lizard,Reptilia,33135
43033141,135cba08-a934-4a22-8ad4-7ab2567db250,2020/04/20 1:56 PM CDT,2020-04-20,2020-04-21 03:56:00 +0900,Central Time (US & Canada),9627,badger8181,Bryan Box,2020-04-24 15:01:59 +0900,2020-04-28 04:18:50 +0900,research,CC-BY-NC,https://www.inaturalist.org/observations/43033141,https://inaturalist-open-data.s3.amazonaws.com/photos/68328511/medium.jpg,NA,NA,NA,2,0,FALSE,NA,"Irion, Texas, United States",31.1335216667,-100.9438816667,NA,NA,NA,NA,NA,NA,open,FALSE,NA,NA,Eastern Collared Lizard,Crotaphytus collaris,Eastern Collared Lizard,Reptilia,33135
43056547,7e08c3c8-8ecc-4e62-bb18-fed55e5ecc51,2020-04-23 11:06:59 AM CDT,2020-04-23,2020-04-23 20:06:59 +0900,UTC,1505579,kelly806,NA,2020-04-24 20:33:57 +0900,2020-05-24 07:49:24 +0900,research,CC-BY-NC,https://www.inaturalist.org/observations/43056547,https://inaturalist-open-data.s3.amazonaws.com/photos/68363729/medium.jpeg,NA,NA,NA,2,0,FALSE,2,"Carson County, US-TX, US",35.45427935,-101.32318659,3,NA,NA,NA,3,NA,open,FALSE,gps,gps,Eastern Collared Lizard,Crotaphytus collaris,Eastern Collared Lizard,Reptilia,33135
43091765,b9494e66-22a9-4830-91c5-edb8b1d94534,2020/03/21 5:42 PM CDT,2020-03-21,2020-03-22 07:42:00 +0900,Central Time (US & Canada),472848,dbc,Don,2020-04-25 00:19:14 +0900,2023-08-25 20:39:31 +0900,research,CC-BY-NC,https://www.inaturalist.org/observations/43091765,https://inaturalist-open-data.s3.amazonaws.com/photos/68411609/medium.jpg,NA,NA,NA,2,0,FALSE,NA,"Brewster County, TX, USA",29.2541466667,-103.1759633333,NA,NA,NA,NA,NA,NA,open,FALSE,NA,NA,Eastern Collared Lizard,Crotaphytus collaris,Eastern Collared Lizard,Reptilia,33135
43457935,085a6a03-1977-4452-925b-2963e8bec61e,Sat Apr 25 2020 13:37:30 GMT-0500 (CDT),2020-04-25,2020-04-25 22:37:30 +0900,UTC,2609390,diana620,Diana Younker Smirl,2020-04-26 06:42:19 +0900,2020-09-01 13:11:15 +0900,research,NA,https://www.inaturalist.org/observations/43457935,https://static.inaturalist.org/photos/68953407/medium.jpg,NA,NA,NA,2,0,FALSE,3,"Palo Duro Canyon State Park, Canyon, TX, US",34.964375,-101.6674883333,NA,NA,NA,NA,NA,NA,open,FALSE,NA,NA,Eastern Collared Lizard,Crotaphytus collaris,Eastern Collared Lizard,Reptilia,33135
44129015,e8a622f7-ddf1-4bd0-b150-68458c8792c7,Sat Oct 27 2018 15:09:08 GMT-0500 (CDT),2018-10-27,2018-10-28 00:09:08 +0900,UTC,300103,fishhunter,NA,2020-04-29 00:05:27 +0900,2020-04-29 00:22:56 +0900,research,CC-BY-NC,https://www.inaturalist.org/observations/44129015,https://inaturalist-open-data.s3.amazonaws.com/photos/69967788/medium.jpg,NA,NA,NA,1,0,FALSE,3,"Palo Duro Canyon State Park, Canyon, TX, US",34.9617616667,-101.679475,NA,NA,NA,NA,NA,NA,open,FALSE,NA,NA,Eastern Collared Lizard,Crotaphytus collaris,Eastern Collared Lizard,Reptilia,33135
44770978,a8c3e3f4-6882-495e-be10-9001a06625db,Thu Apr 30 2020 12:01:35 GMT-0600 (MDT),2020-04-30,2020-05-01 03:01:35 +0900,Mountain Time (US & Canada),1229857,katlynfeick,NA,2020-05-04 03:47:02 +0900,2020-05-06 02:52:25 +0900,research,CC-BY-NC,https://www.inaturalist.org/observations/44770978,https://inaturalist-open-data.s3.amazonaws.com/photos/70975237/medium.jpg,NA,NA,NA,2,0,FALSE,3,"Hueco Tanks State Park, El Paso, TX, US",31.9251923695,-106.0458028806,33,NA,NA,NA,33,NA,open,FALSE,NA,NA,Eastern Collared Lizard,Crotaphytus collaris,Eastern Collared Lizard,Reptilia,33135
45096155,fcd87a64-bfe6-4ea5-9567-e44cc30ab9f6,Mon Mar 02 2020 08:21:26 GMT-0700 (MST),2020-03-02,2020-03-03 00:21:26 +0900,Mountain Time (US & Canada),2574734,tjmijares,NA,2020-05-07 04:02:50 +0900,2020-05-07 07:20:08 +0900,research,CC-BY-NC,https://www.inaturalist.org/observations/45096155,https://inaturalist-open-data.s3.amazonaws.com/photos/71496223/medium.jpg,NA,NA,"Very beautiful eastern collared lizard seen on a hike in the chihuahua desert. It is colored a light green on its abdomen that is speckled with black dots. Around the neck line, it can be seen an Orange triangle around left side with a blue hue surrounding the next. It seems to be wearing gloves, as it’s feet are colored a complete different color. Bright yellow calls home to the feet of the colored lizard. This makes this encounter very neat as I never knew we had these in the chihuahuan desert. As I approached to take a better picture, the lizard would start making push ups. This can be seen as an alert to keep my distance. 
",1,0,FALSE,3,"Franklin Mountains State Park, El Paso, TX, US",31.9068573938,-106.4953530958,2549,NA,NA,NA,2549,NA,open,FALSE,NA,NA,Eastern Collared Lizard,Crotaphytus collaris,Eastern Collared Lizard,Reptilia,33135
45279352,a390c5f0-9483-4ae1-a56f-0e50f40b817d,2014/05/03 2:57 PM HST,2014-05-03,2014-05-04 09:57:00 +0900,Hawaii,311809,henrya,NA,2020-05-09 01:43:58 +0900,2021-04-27 09:44:52 +0900,research,CC0,https://www.inaturalist.org/observations/45279352,https://inaturalist-open-data.s3.amazonaws.com/photos/71790500/medium.jpeg,NA,NA,NA,2,0,FALSE,NA,"850 Caprock Canyon Park Road, Quitaque, TX 79255, USA",34.4369909,-101.0598617,194,NA,NA,NA,194,NA,open,FALSE,NA,NA,Eastern Collared Lizard,Crotaphytus collaris,Eastern Collared Lizard,Reptilia,33135
45279355,fbe5842a-e1a2-482f-b668-7a91c83ca0eb,2014/05/03 1:43 PM HST,2014-05-03,2014-05-04 08:43:00 +0900,Hawaii,311809,henrya,NA,2020-05-09 01:43:59 +0900,2021-04-27 09:44:52 +0900,research,CC0,https://www.inaturalist.org/observations/45279355,https://inaturalist-open-data.s3.amazonaws.com/photos/71791283/medium.jpeg,NA,NA,NA,1,0,FALSE,NA,"Briscoe County, TX, USA",34.4369914333,-101.0598635674,15,NA,NA,NA,15,NA,open,FALSE,NA,NA,Eastern Collared Lizard,Crotaphytus collaris,Eastern Collared Lizard,Reptilia,33135
45414949,3e091819-7d40-4c34-81fb-6a4e1c10174e,Sat May 09 2020 16:40:40 GMT-0500 (CDT),2020-05-09,2020-05-10 01:40:40 +0900,UTC,1686438,ccddave,David L. Brandon,2020-05-10 06:42:22 +0900,2020-05-17 05:33:35 +0900,research,CC-BY-NC,https://www.inaturalist.org/observations/45414949,https://inaturalist-open-data.s3.amazonaws.com/photos/72012803/medium.jpg,NA,NA,NA,2,0,FALSE,3,"Palo Duro Canyon State Park, Canyon, TX, US",34.9548884711,-101.6818572605,6,NA,NA,NA,6,NA,open,FALSE,NA,NA,Eastern Collared Lizard,Crotaphytus collaris,Eastern Collared Lizard,Reptilia,33135
45710305,9e288daf-60b0-4d43-bb2c-cb2985264219,Tue May 12 2020 13:28:45 GMT-0500 (CDT),2020-05-12,2020-05-12 22:28:45 +0900,UTC,2585641,justcoley,NA,2020-05-13 04:37:52 +0900,2020-05-13 22:16:00 +0900,research,CC-BY-NC,https://www.inaturalist.org/observations/45710305,https://inaturalist-open-data.s3.amazonaws.com/photos/72493362/medium.jpg,NA,NA,NA,1,0,FALSE,3,"W Sixth St, Forsan, TX, US",32.1123678999,-101.3684360015,80,NA,NA,NA,80,NA,open,FALSE,NA,NA,Eastern Collared Lizard,Crotaphytus collaris,Eastern Collared Lizard,Reptilia,33135
45727612,70dab642-f410-407b-a69c-63fef50b2139,2020/05/12 12:56 PM CDT,2020-05-12,2020-05-13 02:56:00 +0900,Central Time (US & Canada),268486,brooksy,Jason Brooks,2020-05-13 07:29:14 +0900,2021-07-07 23:08:59 +0900,research,NA,https://www.inaturalist.org/observations/45727612,https://static.inaturalist.org/photos/72519724/medium.jpg,NA,NA,NA,1,0,FALSE,NA,"Upton County, TX, USA",31.607618797,-102.1456108485,61,NA,NA,NA,61,NA,open,FALSE,NA,NA,Eastern Collared Lizard,Crotaphytus collaris,Eastern Collared Lizard,Reptilia,33135
45846692,313b548d-7d00-4388-abda-02c925d6cb7a,Thu May 24 2018 18:55:28 GMT-0500 (CDT),2018-05-24,2018-05-25 03:55:28 +0900,UTC,271837,texag_01,Jim Davidson,2020-05-14 13:31:22 +0900,2023-08-25 20:39:26 +0900,research,NA,https://www.inaturalist.org/observations/45846692,https://static.inaturalist.org/photos/72713879/medium.jpg,NA,NA,NA,2,0,FALSE,3,"Texas, US",29.0870213583,-103.195440556,NA,NA,NA,NA,29533,obscured,open,TRUE,NA,NA,Eastern Collared Lizard,Crotaphytus collaris,Eastern Collared Lizard,Reptilia,33135
45987904,85b5248f-5904-4e3f-a8d5-deb8b090c66d,Fri May 15 2020 10:43:35 GMT-0500 (CDT),2020-05-15,2020-05-15 19:43:35 +0900,UTC,346147,elizgill96,NA,2020-05-16 02:15:38 +0900,2020-05-27 03:10:50 +0900,research,CC-BY-NC,https://www.inaturalist.org/observations/45987904,https://inaturalist-open-data.s3.amazonaws.com/photos/72938279/medium.jpg,NA,NA,NA,1,0,FALSE,3,"Palo Duro Canyon State Park, Canyon, TX, US",34.924826386,-101.6631346843,62,NA,NA,NA,62,NA,open,FALSE,NA,NA,Eastern Collared Lizard,Crotaphytus collaris,Eastern Collared Lizard,Reptilia,33135
46151057,f8b003be-ca5f-4b4a-9d9e-6aec7e15c8f0,2014/03/13 3:55 PM -0600,2014-03-13,2014-03-14 06:55:00 +0900,Central America,2576746,beavisnail,Barna Takats,2020-05-17 07:06:59 +0900,2023-01-27 11:48:00 +0900,research,NA,https://www.inaturalist.org/observations/46151057,https://inaturalist-open-data.s3.amazonaws.com/photos/73182864/medium.jpeg,NA,NA,NA,1,0,FALSE,NA,"Big Bend National Park, TX, USA",29.1274869,-103.2425379,70146,NA,NA,NA,70146,NA,open,FALSE,NA,NA,Eastern Collared Lizard,Crotaphytus collaris,Eastern Collared Lizard,Reptilia,33135
46162927,d6881be4-544b-4484-a7eb-f287b277346b,Tue May 05 2020 15:33:16 GMT-0500 (CDT),2020-05-05,2020-05-06 00:33:16 +0900,UTC,2342417,hannahchevy,NA,2020-05-17 08:45:17 +0900,2020-06-23 08:01:30 +0900,research,CC-BY-NC,https://www.inaturalist.org/observations/46162927,https://inaturalist-open-data.s3.amazonaws.com/photos/80368364/medium.jpg,NA,NA,NA,1,0,FALSE,3,"Seymour, TX, US",33.6993630445,-99.0982016948,30,NA,NA,NA,30,NA,open,FALSE,NA,NA,Eastern Collared Lizard,Crotaphytus collaris,Eastern Collared Lizard,Reptilia,33135
46407360,c8abccb9-534b-44d4-9c99-6bb00f355d2f,Tue May 12 2020 13:57:33 GMT-0500 (CDT),2020-05-12,2020-05-13 03:57:33 +0900,Central Time (US & Canada),23082,dkwalkup,NA,2020-05-19 04:27:03 +0900,2020-05-19 08:55:04 +0900,research,CC-BY-NC-SA,https://www.inaturalist.org/observations/46407360,https://inaturalist-open-data.s3.amazonaws.com/photos/73605062/medium.jpg,NA,NA,NA,1,0,FALSE,3,"CR-209, Ozona, TX, US",31.0533305,-100.97596667,16,NA,NA,NA,16,NA,open,FALSE,NA,NA,Eastern Collared Lizard,Crotaphytus collaris,Eastern Collared Lizard,Reptilia,33135
46719696,0acd736c-2453-4dc5-aef6-bd512c02a141,2020/05/17 3:12 PM CDT,2020-05-17,2020-05-18 05:12:00 +0900,Central Time (US & Canada),18812,mako252,Jon McIntyre,2020-05-21 22:40:15 +0900,2023-08-25 20:39:18 +0900,research,CC-BY-NC,https://www.inaturalist.org/observations/46719696,https://inaturalist-open-data.s3.amazonaws.com/photos/74097223/medium.jpeg,NA,NA,NA,5,0,FALSE,NA,"Brewster County, TX, USA",29.4977084108,-103.466460407,2,NA,NA,NA,2,NA,open,FALSE,NA,NA,Eastern Collared Lizard,Crotaphytus collaris,Eastern Collared Lizard,Reptilia,33135
46769865,58696bd0-0e34-4628-a6aa-43fc86ef97c8,2020/05/21 12:05 PM CDT,2020-05-21,2020-05-22 02:05:00 +0900,Central Time (US & Canada),268486,brooksy,Jason Brooks,2020-05-22 06:10:00 +0900,2021-07-07 23:09:02 +0900,research,NA,https://www.inaturalist.org/observations/46769865,https://static.inaturalist.org/photos/74171487/medium.jpeg,NA,NA,NA,1,0,FALSE,NA,"Upton County, TX, USA",31.3066150346,-102.2184798665,31,NA,NA,NA,31,NA,open,FALSE,NA,NA,Eastern Collared Lizard,Crotaphytus collaris,Eastern Collared Lizard,Reptilia,33135
47290251,77532950-0898-455b-90b3-6363538aba91,2020/05/24 11:43 AM UTC,2020-05-24,NA,UTC,658509,chrisfrazier,NA,2020-05-26 02:21:23 +0900,2023-01-11 22:55:37 +0900,research,CC0,https://www.inaturalist.org/observations/47290251,https://inaturalist-open-data.s3.amazonaws.com/photos/74997235/medium.jpg,NA,NA,NA,1,0,FALSE,NA,"Kinney County, TX, USA",29.6074102383,-100.4474119639,4697,NA,NA,NA,4697,NA,open,FALSE,NA,NA,Eastern Collared Lizard,Crotaphytus collaris,Eastern Collared Lizard,Reptilia,33135
47462140,78e093eb-41ca-421b-9e77-62ce8a068847,2020-05-26 2:57:22 PM MDT,2020-05-26,2020-05-27 05:57:22 +0900,Mountain Time (US & Canada),142530,ariggle01,Abi,2020-05-27 09:37:04 +0900,2022-12-05 05:25:33 +0900,research,NA,https://www.inaturalist.org/observations/47462140,https://static.inaturalist.org/photos/75276293/medium.jpeg,NA,NA,NA,1,0,FALSE,2,"El Paso, TX, USA",31.9147416667,-106.5007694444,NA,NA,NA,NA,NA,NA,open,FALSE,gps,gps,Eastern Collared Lizard,Crotaphytus collaris,Eastern Collared Lizard,Reptilia,33135
47462670,ca868d9d-f188-48d8-9511-c5f387ea2d06,2020-05-26 12:34:10 PM MDT,2020-05-26,2020-05-27 03:34:10 +0900,Mountain Time (US & Canada),142530,ariggle01,Abi,2020-05-27 09:43:26 +0900,2022-10-04 14:36:33 +0900,research,NA,https://www.inaturalist.org/observations/47462670,https://static.inaturalist.org/photos/75277166/medium.jpeg,NA,NA,"dark discoloration on lower jaw, looked infected?",1,0,FALSE,2,"El Paso, TX 79934, USA",31.9340861111,-106.4870555556,NA,NA,NA,NA,NA,NA,open,FALSE,gps,gps,Eastern Collared Lizard,Crotaphytus collaris,Eastern Collared Lizard,Reptilia,33135
48150790,0d217306-28f2-4ae3-9a0c-d053bf9dd0f0,2020-05-17 11:03:44 AM MDT,2020-05-17,2020-05-18 02:03:44 +0900,Mountain Time (US & Canada),1591289,midpaceddeathmetal,Stephen,2020-06-02 03:43:10 +0900,2022-10-11 04:22:44 +0900,research,CC-BY-NC,https://www.inaturalist.org/observations/48150790,https://inaturalist-open-data.s3.amazonaws.com/photos/76385233/medium.jpeg,NA,NA,NA,1,0,FALSE,2,"El Paso, TX 79902, USA",31.7957656823,-106.4910136163,41,NA,NA,NA,41,NA,open,FALSE,gps,gps,Eastern Collared Lizard,Crotaphytus collaris,Eastern Collared Lizard,Reptilia,33135
48949904,67346b89-74a2-465b-8eb9-f1bdcb4a09e0,Mon Jun 08 2020 11:29:09 GMT-0500 (CDT),2020-06-08,2020-06-09 01:29:09 +0900,Central Time (US & Canada),17627,rlseman,Lynn Seman,2020-06-09 05:27:53 +0900,2025-02-05 14:45:42 +0900,research,CC-BY-NC,https://www.inaturalist.org/observations/48949904,https://inaturalist-open-data.s3.amazonaws.com/photos/77689943/medium.jpg,NA,NA,NA,2,0,FALSE,3,"Texas, US",33.8806120553,-98.905459511,5298,"Electra, TX, US",33.9723762573,-98.9593802713,28902,obscured,open,TRUE,NA,NA,Eastern Collared Lizard,Crotaphytus collaris,Eastern Collared Lizard,Reptilia,33135
48961460,8a1e509a-3125-4234-a509-814553e4cfd7,2020/06/08 1:21 PM MDT,2020-06-08,2020-06-09 04:21:00 +0900,Mountain Time (US & Canada),2803476,sabimax,NA,2020-06-09 07:21:38 +0900,2020-06-15 02:03:41 +0900,research,CC-BY-NC,https://www.inaturalist.org/observations/48961460,https://inaturalist-open-data.s3.amazonaws.com/photos/77709037/medium.jpg,NA,NA,NA,2,0,FALSE,NA,"Northwest El Paso, El Paso, TX, USA",31.8604806095,-106.5137744862,196,NA,NA,NA,196,NA,open,FALSE,NA,NA,Eastern Collared Lizard,Crotaphytus collaris,Eastern Collared Lizard,Reptilia,33135
49149495,f4a2d2e1-cd3e-4a77-9626-3592dbef2cb4,Sun Jul 01 2018 13:05:00 GMT-0500 (CDT),2018-07-01,2018-07-01 22:05:00 +0900,UTC,3151423,zaneped776,NA,2020-06-11 03:56:00 +0900,2020-06-11 11:13:36 +0900,research,CC-BY-NC,https://www.inaturalist.org/observations/49149495,https://inaturalist-open-data.s3.amazonaws.com/photos/78016617/medium.jpg,NA,NA,NA,1,0,FALSE,3,"Caprock Canyons State Park and Trailway, Quitaque, TX, US",34.4213501986,-101.0525039833,2097,NA,NA,NA,2097,NA,open,FALSE,NA,NA,Eastern Collared Lizard,Crotaphytus collaris,Eastern Collared Lizard,Reptilia,33135
49345588,87f57597-2929-429d-8b18-7d60acb7c6e6,Fri Jun 12 2020 12:02:44 GMT-0500 (CDT),2020-06-12,2020-06-13 02:02:44 +0900,Central Time (US & Canada),1905417,mjschillin,MJ -Blanco TX,2020-06-13 02:05:25 +0900,2020-07-22 18:08:37 +0900,research,CC-BY-NC,https://www.inaturalist.org/observations/49345588,https://inaturalist-open-data.s3.amazonaws.com/photos/78361578/medium.jpg,NA,NA,NA,3,0,FALSE,3,"Texas, US",30.0767054112,-98.5081068262,4,NA,NA,NA,29407,obscured,open,TRUE,NA,NA,Eastern Collared Lizard,Crotaphytus collaris,Eastern Collared Lizard,Reptilia,33135
49752536,4601021b-227b-438f-b32a-114faf8b54a7,2020-06-14 2:18:17 PM CDT,2020-06-14,2020-06-15 04:18:17 +0900,Central Time (US & Canada),258687,amandamathews,Amanda Mathews,2020-06-16 04:10:19 +0900,2022-10-04 14:28:01 +0900,research,NA,https://www.inaturalist.org/observations/49752536,https://static.inaturalist.org/photos/78987857/medium.jpeg,NA,NA,NA,1,0,FALSE,2,"El Paso, TX, USA",31.9144572,-106.5079077997,NA,NA,NA,NA,NA,NA,open,FALSE,gps,gps,Eastern Collared Lizard,Crotaphytus collaris,Eastern Collared Lizard,Reptilia,33135
49990201,e9db29c8-03a2-45e6-baeb-3e8d4165a473,Wed Jun 17 2020 17:12:43 GMT-0500 (CDT),2020-06-17,2020-06-18 02:12:43 +0900,UTC,1686438,ccddave,David L. Brandon,2020-06-18 07:16:16 +0900,2020-06-27 05:27:08 +0900,research,CC-BY-NC,https://www.inaturalist.org/observations/49990201,https://inaturalist-open-data.s3.amazonaws.com/photos/79372589/medium.jpg,NA,NA,NA,2,0,FALSE,3,"Palo Duro Canyon State Park, Canyon, TX, US",34.9614086241,-101.6667833121,8,NA,NA,NA,8,NA,open,FALSE,NA,NA,Eastern Collared Lizard,Crotaphytus collaris,Eastern Collared Lizard,Reptilia,33135
50490069,bebb5709-479e-4b6f-88d3-983ec7b16652,Sun Jun 21 2020 18:49:25 GMT-0500 (CDT),2020-06-21,2020-06-22 03:49:25 +0900,UTC,2172915,cleoduke,NA,2020-06-22 08:50:14 +0900,2020-06-27 05:25:31 +0900,research,CC-BY-NC,https://www.inaturalist.org/observations/50490069,https://inaturalist-open-data.s3.amazonaws.com/photos/80309240/medium.jpg,NA,NA,NA,2,0,FALSE,3,"NW 11th Ave, Amarillo, TX, US",35.2252543897,-101.8602807472,72437,NA,NA,NA,72437,NA,open,FALSE,NA,NA,Eastern Collared Lizard,Crotaphytus collaris,Eastern Collared Lizard,Reptilia,33135
50599442,4509ac79-b25e-42ad-9d01-be0f9c868a67,Sat Jun 20 2020 11:56:40 GMT-0500 (CDT),2020-06-20,2020-06-21 01:56:40 +0900,Central Time (US & Canada),3226152,ryancw11,NA,2020-06-23 06:12:41 +0900,2020-06-27 05:25:31 +0900,research,CC-BY-NC,https://www.inaturalist.org/observations/50599442,https://inaturalist-open-data.s3.amazonaws.com/photos/80350895/medium.jpg,NA,NA,NA,3,0,FALSE,3,"Clarendon, TX, US",34.89393333,-100.92736167,5,NA,NA,NA,5,NA,open,FALSE,NA,NA,Eastern Collared Lizard,Crotaphytus collaris,Eastern Collared Lizard,Reptilia,33135
50794311,cf94a2fb-a613-4eda-96fd-0d05bd072e0d,Wed May 13 2020 12:02:28 GMT-0500 (CDT),2020-05-13,2020-05-14 02:02:28 +0900,Central Time (US & Canada),23082,dkwalkup,NA,2020-06-25 02:44:03 +0900,2020-06-27 05:25:26 +0900,research,CC-BY-NC-SA,https://www.inaturalist.org/observations/50794311,https://inaturalist-open-data.s3.amazonaws.com/photos/80678832/medium.jpg,NA,NA,NA,2,0,FALSE,3,"County Road 134, Mertzon, TX, US",31.0915945,-100.97406667,12,NA,NA,NA,12,NA,open,FALSE,NA,NA,Eastern Collared Lizard,Crotaphytus collaris,Eastern Collared Lizard,Reptilia,33135
50794621,06502dc4-4999-4a55-a0c5-7f4e525a7265,Wed May 13 2020 12:17:41 GMT-0500 (CDT),2020-05-13,2020-05-14 02:17:41 +0900,Central Time (US & Canada),23082,dkwalkup,NA,2020-06-25 02:45:45 +0900,2020-06-27 05:25:25 +0900,research,CC-BY-NC-SA,https://www.inaturalist.org/observations/50794621,https://inaturalist-open-data.s3.amazonaws.com/photos/80679106/medium.jpg,NA,NA,NA,2,0,FALSE,3,"CR-209, Ozona, TX, US",31.051025,-100.97618833,32,NA,NA,NA,32,NA,open,FALSE,NA,NA,Eastern Collared Lizard,Crotaphytus collaris,Eastern Collared Lizard,Reptilia,33135
51246945,7363d371-82e2-489d-9bf6-f2737f592471,Tue Jun 21 2016 07:50:31 GMT-0700 (PDT),2016-06-21,2016-06-21 23:50:31 +0900,Pacific Time (US & Canada),3058938,heyrobt,Rob’t,2020-06-29 01:55:50 +0900,2020-06-30 23:11:22 +0900,research,CC-BY-NC,https://www.inaturalist.org/observations/51246945,https://inaturalist-open-data.s3.amazonaws.com/photos/81406675/medium.jpg,NA,NA,NA,1,0,FALSE,3,"Palo Duro Canyon State Park, Canyon, TX, US",34.948375,-101.64256333,5,NA,NA,NA,5,NA,open,FALSE,NA,NA,Eastern Collared Lizard,Crotaphytus collaris,Eastern Collared Lizard,Reptilia,33135
51481662,f8018f89-55e8-4946-a373-f2d8fd8239d9,Tue Jun 30 2020 16:48:46 GMT+0200 (GMT+2),2020-06-30,2020-06-30 23:48:46 +0900,Africa/Johannesburg,3074418,urthy,NA,2020-07-01 01:03:37 +0900,2020-07-07 04:45:19 +0900,research,CC-BY-NC,https://www.inaturalist.org/observations/51481662,https://inaturalist-open-data.s3.amazonaws.com/photos/81799498/medium.jpg,NA,NA,NA,3,0,FALSE,3,"Palo Duro Club Rd, Canyon, TX, US",35.01434445,-101.88107167,8,NA,NA,NA,8,NA,open,FALSE,NA,NA,Eastern Collared Lizard,Crotaphytus collaris,Eastern Collared Lizard,Reptilia,33135
51528568,b85d6fb5-1cc5-4042-964a-80c4ce19696f,Tue Jun 30 2020 17:32:28 GMT-0500 (CDT),2020-06-30,2020-07-01 02:32:28 +0900,UTC,1686438,ccddave,David L. Brandon,2020-07-01 08:27:07 +0900,2020-07-07 04:45:08 +0900,research,CC-BY-NC,https://www.inaturalist.org/observations/51528568,https://inaturalist-open-data.s3.amazonaws.com/photos/81876385/medium.jpg,NA,NA,NA,3,0,FALSE,3,"Palo Duro Canyon State Park, Canyon, TX, US",34.9674483106,-101.6845941319,16,NA,NA,NA,16,NA,open,FALSE,NA,NA,Eastern Collared Lizard,Crotaphytus collaris,Eastern Collared Lizard,Reptilia,33135
51731834,cc87fe47-a5e5-41ab-8ebf-4d8fa02eac0b,2020/07/02 10:22 AM CDT,2020-07-02,2020-07-03 00:22:00 +0900,Central Time (US & Canada),268486,brooksy,Jason Brooks,2020-07-03 05:49:31 +0900,2021-07-07 23:09:27 +0900,research,NA,https://www.inaturalist.org/observations/51731834,https://static.inaturalist.org/photos/82208060/medium.jpeg,NA,NA,NA,1,0,FALSE,NA,"Upton County, TX, USA",31.3522921337,-102.22453147,203,NA,NA,NA,203,NA,open,FALSE,NA,NA,Eastern Collared Lizard,Crotaphytus collaris,Eastern Collared Lizard,Reptilia,33135
51754715,4589dd64-a64a-4235-831f-e82d7394a584,2020-07-01 6:44:13 PM CDT,2020-07-01,2020-07-02 08:44:13 +0900,Central Time (US & Canada),845846,we_are_learning_to_love_nandina,Jack Rouse,2020-07-03 10:17:20 +0900,2020-07-07 04:45:03 +0900,research,CC0,https://www.inaturalist.org/observations/51754715,https://inaturalist-open-data.s3.amazonaws.com/photos/82245637/medium.jpeg,NA,NA,NA,2,0,FALSE,2,"Canyon, TX 79015, USA",34.93762916,-101.6475533322,16829,NA,NA,NA,16829,NA,open,FALSE,gps,gps,Eastern Collared Lizard,Crotaphytus collaris,Eastern Collared Lizard,Reptilia,33135
51809909,030d5684-994a-4e7b-9d73-81994bf4c3be,2020/06/25 10:32 AM CDT,2020-06-25,2020-06-26 00:32:00 +0900,Central Time (US & Canada),2571870,txbirdguy,Homer,2020-07-04 01:50:34 +0900,2020-07-05 15:17:48 +0900,research,CC-BY-NC,https://www.inaturalist.org/observations/51809909,https://inaturalist-open-data.s3.amazonaws.com/photos/82336560/medium.jpeg,NA,Palo Duro Canyon,On the Lighthouse Trail,3,0,FALSE,NA,"Randall County, TX, USA",34.95048,-101.688834,NA,NA,NA,NA,NA,NA,open,FALSE,NA,NA,Eastern Collared Lizard,Crotaphytus collaris,Eastern Collared Lizard,Reptilia,33135
51818777,e7e3a34f-ea7d-4b9c-8e57-f4797dd26c49,2020/07/03 11:20 AM CDT,2020-07-03,2020-07-04 01:20:00 +0900,Central Time (US & Canada),15215,centratex,blake hendon,2020-07-04 03:11:01 +0900,2023-04-20 22:35:16 +0900,research,CC-BY-NC,https://www.inaturalist.org/observations/51818777,https://inaturalist-open-data.s3.amazonaws.com/photos/82350309/medium.jpeg,NA,NA,"This little critter carefully kept an eye on me while I looked around the area. 
",3,0,FALSE,NA,"Texas, US",29.9741406663,-98.1459315477,100,"Hays County, TX, USA",29.9745799935,-98.0445475982,29433,obscured,open,TRUE,NA,NA,Eastern Collared Lizard,Crotaphytus collaris,Eastern Collared Lizard,Reptilia,33135
52174930,eabbbdf9-0c09-4f2c-b6b4-a04eabdeca23,Mon Jul 06 2020 13:09:20 GMT-0500 (CDT),2020-07-06,2020-07-07 03:09:20 +0900,Central Time (US & Canada),1905417,mjschillin,MJ -Blanco TX,2020-07-07 03:31:14 +0900,2022-11-20 12:17:56 +0900,research,CC-BY-NC,https://www.inaturalist.org/observations/52174930,https://inaturalist-open-data.s3.amazonaws.com/photos/82924396/medium.jpg,NA,NA,NA,3,0,FALSE,3,"Texas, US",30.0161365287,-98.4180455153,12,NA,NA,NA,29407,obscured,open,TRUE,NA,NA,Eastern Collared Lizard,Crotaphytus collaris,Eastern Collared Lizard,Reptilia,33135
52284561,24c4b477-b5ee-4115-8b24-2c58e7cba15d,2017/05/06 6:50 PM EDT,2017-05-06,2017-05-07 07:50:00 +0900,Eastern Time (US & Canada),111485,michael_oldham,Michael John Oldham,2020-07-08 03:22:53 +0900,2020-07-08 03:49:13 +0900,research,CC-BY-NC,https://www.inaturalist.org/observations/52284561,https://inaturalist-open-data.s3.amazonaws.com/photos/83105108/medium.jpeg,NA,NA,NA,1,0,FALSE,NA,"Briscoe County, TX, USA",34.4304233333,-101.065195,NA,NA,NA,NA,NA,NA,open,FALSE,NA,NA,Eastern Collared Lizard,Crotaphytus collaris,Eastern Collared Lizard,Reptilia,33135
52521244,0449af47-8af7-4833-9628-60c6c4240265,2020/07/07 8:34 PM CDT,2020-07-07,2020-07-08 10:34:00 +0900,Central Time (US & Canada),574644,brirosa,Bridget McCall,2020-07-10 08:08:20 +0900,2023-07-09 05:55:04 +0900,research,CC-BY-NC-SA,https://www.inaturalist.org/observations/52521244,https://inaturalist-open-data.s3.amazonaws.com/photos/83495940/medium.jpeg,NA,NA,NA,1,0,FALSE,NA,"Randall County, TX, USA",34.935996,-101.69731,7,NA,NA,NA,7,NA,open,FALSE,NA,NA,Eastern Collared Lizard,Crotaphytus collaris,Eastern Collared Lizard,Reptilia,33135
52636603,22fbd77f-2fb7-4dee-8cde-f9ddb0691e4f,2020-07-10 8:23:47 PM CDT,2020-07-10,2020-07-11 10:23:47 +0900,Central Time (US & Canada),419734,kari_dawn,NA,2020-07-11 11:08:14 +0900,2021-02-18 10:14:17 +0900,research,NA,https://www.inaturalist.org/observations/52636603,https://static.inaturalist.org/photos/83686834/medium.jpeg,NA,NA,NA,2,0,FALSE,2,Palo Duro Canyon,34.6292783605,-100.9451441467,2104,NA,NA,NA,2104,NA,open,FALSE,gps,gps,Eastern Collared Lizard,Crotaphytus collaris,Eastern Collared Lizard,Reptilia,33135
52693492,9e9a83ba-a618-4ca8-a19f-6c8f76e2eb6d,2020-07-10 8:22:35 PM CDT,2020-07-10,2020-07-11 10:22:35 +0900,Central Time (US & Canada),419734,kari_dawn,NA,2020-07-12 01:29:03 +0900,2021-02-18 10:10:11 +0900,research,NA,https://www.inaturalist.org/observations/52693492,https://static.inaturalist.org/photos/83780738/medium.jpeg,NA,NA,NA,2,0,FALSE,2,Palo Duro Canyon State Park,34.937682756,-101.6475533322,16829,NA,NA,NA,16829,NA,open,FALSE,gps,gps,Eastern Collared Lizard,Crotaphytus collaris,Eastern Collared Lizard,Reptilia,33135
52903758,27acd08a-b043-4332-89f7-dd77e3580e25,Sat Jul 04 2020 10:10:54 GMT-0500 (CDT),2020-07-04,2020-07-05 00:10:54 +0900,Central Time (US & Canada),36570,salientia,NA,2020-07-13 13:11:17 +0900,2020-07-14 03:54:15 +0900,research,CC-BY-NC,https://www.inaturalist.org/observations/52903758,https://inaturalist-open-data.s3.amazonaws.com/photos/84122713/medium.jpg,NA,NA,NA,1,0,FALSE,3,"Palo Duro Canyon State Park, Canyon, TX, US",34.98200333,-101.67478,48,NA,NA,NA,48,NA,open,FALSE,NA,NA,Eastern Collared Lizard,Crotaphytus collaris,Eastern Collared Lizard,Reptilia,33135
53665846,45a05f2c-e510-487a-94ee-1a2ead378740,2020-07-19 3:36:38 PM MDT,2020-07-19,2020-07-20 06:36:38 +0900,Mountain Time (US & Canada),3354946,dylandemellweek,Dylan Demellweek,2020-07-20 08:01:18 +0900,2020-07-20 08:40:22 +0900,research,NA,https://www.inaturalist.org/observations/53665846,https://static.inaturalist.org/photos/85363842/medium.jpeg,NA,NA,NA,1,0,FALSE,2,"El Paso, TX, USA",31.91514982,-106.5050164238,29,NA,NA,NA,29,NA,open,FALSE,gps,gps,Eastern Collared Lizard,Crotaphytus collaris,Eastern Collared Lizard,Reptilia,33135
54007129,d73b2853-f186-407c-9441-97764ab64e10,2014/08/15 5:22 PM MST,2014-08-15,2014-08-16 09:22:00 +0900,Arizona,4455,dannym77,Danny Martin,2020-07-23 09:26:36 +0900,2020-07-23 22:22:10 +0900,research,CC-BY-NC-ND,https://www.inaturalist.org/observations/54007129,https://inaturalist-open-data.s3.amazonaws.com/photos/85914453/medium.jpg,NA,NA,Check exact date on original; month and year correct.,1,0,FALSE,NA,"Texas, US",34.5328375451,-101.1603763365,11,NA,NA,NA,28818,obscured,open,TRUE,NA,NA,Eastern Collared Lizard,Crotaphytus collaris,Eastern Collared Lizard,Reptilia,33135
54148191,393785c8-b6aa-49b8-a3e6-e74766b120ec,2020-07-20 12:00:55 PM MDT,2020-07-20,2020-07-21 03:00:55 +0900,Mountain Time (US & Canada),34495,troyhibbitts,Troy Hibbitts,2020-07-24 21:09:59 +0900,2020-07-25 01:29:14 +0900,research,NA,https://www.inaturalist.org/observations/54148191,https://static.inaturalist.org/photos/86144171/medium.jpeg,NA,NA,NA,4,0,FALSE,2,"Hudspeth County, US-TX, US",31.94237626,-105.94990413,7,NA,NA,NA,7,NA,open,FALSE,NA,NA,Eastern Collared Lizard,Crotaphytus collaris,Eastern Collared Lizard,Reptilia,33135
54204290,8f3001a6-c724-458f-bd92-6db0528b524d,2020/06/25 1:49 PM CDT,2020-06-25,2020-06-26 03:49:00 +0900,Central Time (US & Canada),448209,rlsanders,Robert L Sanders,2020-07-25 06:49:37 +0900,2025-02-05 14:42:53 +0900,research,CC-BY-NC,https://www.inaturalist.org/observations/54204290,https://inaturalist-open-data.s3.amazonaws.com/photos/86236743/medium.jpeg,NA,NA,NA,2,0,FALSE,NA,"Randall County, TX, USA",35.0135191855,-101.6486120895,15625,NA,NA,NA,15625,NA,open,FALSE,NA,NA,Eastern Collared Lizard,Crotaphytus collaris,Eastern Collared Lizard,Reptilia,33135
54812043,7e6873e1-0208-4ea1-acca-eba902eb0eda,2020-07-29 10:13:43 AM CDT,2020-07-29,2020-07-30 00:13:43 +0900,Central Time (US & Canada),1635794,ian253,Ian Kanda,2020-07-30 13:57:06 +0900,2020-07-30 16:44:49 +0900,research,NA,https://www.inaturalist.org/observations/54812043,https://static.inaturalist.org/photos/87237466/medium.jpeg,NA,NA,NA,1,0,FALSE,2,"Canyon, TX 79015, USA",34.9825782778,-101.6864318611,NA,NA,NA,NA,NA,NA,open,FALSE,gps,gps,Eastern Collared Lizard,Crotaphytus collaris,Eastern Collared Lizard,Reptilia,33135
54955145,5da6cd62-7646-4fed-8ce6-6791119eae74,2020/07/29 12:28 PM CDT,2020-07-29,2020-07-30 02:28:00 +0900,Central Time (US & Canada),268486,brooksy,Jason Brooks,2020-08-01 03:39:21 +0900,2024-02-06 23:27:03 +0900,research,NA,https://www.inaturalist.org/observations/54955145,https://static.inaturalist.org/photos/87474232/medium.jpeg,NA,NA,NA,2,0,FALSE,NA,"Upton County, TX, USA",31.4592552488,-102.2276901391,122,NA,NA,NA,122,NA,open,FALSE,NA,NA,Eastern Collared Lizard,Crotaphytus collaris,Eastern Collared Lizard,Reptilia,33135
55056352,0a701bb9-5029-418e-a2de-17ed8d50555d,Wed Jul 29 2020 16:36:26 GMT-0500 (CDT),2020-07-29,2020-07-30 01:36:26 +0900,UTC,2674350,megangreige,Megan Greige,2020-08-02 02:19:30 +0900,2020-08-02 03:21:21 +0900,research,NA,https://www.inaturalist.org/observations/55056352,https://static.inaturalist.org/photos/87640929/medium.jpg,NA,NA,NA,1,0,FALSE,3,"Caprock Canyons State Park and Trailway, Quitaque, TX, US",34.44697,-101.0822445,20,NA,NA,NA,20,NA,open,FALSE,NA,NA,Eastern Collared Lizard,Crotaphytus collaris,Eastern Collared Lizard,Reptilia,33135
55193079,9b4f13b4-82b2-4a59-bf89-b55aedb298d7,Sun Aug 02 2020 10:51:43 GMT-0500 (CDT),2020-08-02,2020-08-02 19:51:43 +0900,UTC,1272650,rjalva,R.J. Alva,2020-08-03 04:25:37 +0900,2021-10-20 12:15:21 +0900,research,NA,https://www.inaturalist.org/observations/55193079,https://static.inaturalist.org/photos/87866188/medium.jpg,NA,NA,NA,1,0,FALSE,3,"Palo Duro Canyon State Park, Canyon, TX, US",34.97992,-101.690955,10,NA,NA,NA,10,NA,open,FALSE,NA,NA,Eastern Collared Lizard,Crotaphytus collaris,Eastern Collared Lizard,Reptilia,33135
55230612,198383ea-6d3d-468d-b8f1-889ac2860958,Sun Aug 02 2020 11:51:43 GMT-0500 (CDT),2020-08-02,2020-08-02 20:51:43 +0900,UTC,872231,amandaalva,Amanda Alva,2020-08-03 10:12:00 +0900,2020-08-03 11:26:08 +0900,research,NA,https://www.inaturalist.org/observations/55230612,https://static.inaturalist.org/photos/87930085/medium.jpg,NA,NA,NA,1,0,FALSE,3,"Palo Duro Canyon State Park, Canyon, TX, US",34.97992,-101.690955,10,NA,NA,NA,10,NA,open,FALSE,NA,NA,Eastern Collared Lizard,Crotaphytus collaris,Eastern Collared Lizard,Reptilia,33135
55402402,8c40915e-eeef-42d7-8a6b-99af4b3123c6,2020-08-02 1:10:43 PM CDT,2020-08-02,2020-08-02 22:10:43 +0900,UTC,1069434,robert360,Robert Trenton Reed,2020-08-05 02:01:40 +0900,2020-08-05 02:14:15 +0900,research,NA,https://www.inaturalist.org/observations/55402402,https://static.inaturalist.org/photos/88218029/medium.jpeg,NA,NA,NA,2,0,FALSE,2,"Burnet, TX 78611, USA",30.7558984805,-98.3755956218,150,NA,NA,NA,150,NA,open,FALSE,gps,gps,Eastern Collared Lizard,Crotaphytus collaris,Eastern Collared Lizard,Reptilia,33135
55728342,50a26ed6-200d-4fdd-8e37-d045063d27c5,Fri Aug 07 2020 14:23:11 GMT-0500 (CDT),2020-08-07,2020-08-07 23:23:11 +0900,UTC,1686438,ccddave,David L. Brandon,2020-08-08 04:49:41 +0900,2020-08-10 09:36:40 +0900,research,CC-BY-NC,https://www.inaturalist.org/observations/55728342,https://inaturalist-open-data.s3.amazonaws.com/photos/88782827/medium.jpg,NA,NA,NA,2,0,FALSE,3,"Palo Duro Canyon State Park, Canyon, TX, US",34.962556991,-101.6738621345,6,NA,NA,NA,6,NA,open,FALSE,NA,NA,Eastern Collared Lizard,Crotaphytus collaris,Eastern Collared Lizard,Reptilia,33135
55817120,ba2af59c-1e1f-43a8-beb0-34c4874ee5d7,Fri Aug 09 2019 08:54:21 GMT-0500 (CDT),2019-08-09,2019-08-09 22:54:21 +0900,Central Time (US & Canada),2588220,chrissycm,Chrissy Cortez-Mathis,2020-08-09 02:41:44 +0900,2020-09-10 00:56:11 +0900,research,CC-BY-NC,https://www.inaturalist.org/observations/55817120,https://inaturalist-open-data.s3.amazonaws.com/photos/93797132/medium.jpg,NA,NA,NA,3,0,FALSE,3,"Copper Breaks State Park, Chillicothe, TX, US",34.1070331257,-99.7560712048,4,NA,NA,NA,4,NA,open,FALSE,NA,NA,Eastern Collared Lizard,Crotaphytus collaris,Eastern Collared Lizard,Reptilia,33135
55935458,98bc4acc-7e6d-45eb-a738-7592230b6411,Sun Aug 09 2020 11:04:58 GMT-0500 (CDT),2020-08-09,2020-08-09 20:04:58 +0900,UTC,2674350,megangreige,Megan Greige,2020-08-10 02:34:04 +0900,2020-09-21 01:42:12 +0900,research,NA,https://www.inaturalist.org/observations/55935458,https://static.inaturalist.org/photos/89098926/medium.jpg,NA,NA,NA,2,0,FALSE,3,"Caprock Canyons State Park and Trailway, Quitaque, TX, US",34.44770833,-101.08263333,4,NA,NA,NA,4,NA,open,FALSE,NA,NA,Eastern Collared Lizard,Crotaphytus collaris,Eastern Collared Lizard,Reptilia,33135
56371623,d44e66ea-d0da-4ee7-8dfe-4a20bc72dfa0,Thu Aug 13 2020 18:55:33 GMT-0500 (CDT),2020-08-13,2020-08-14 08:55:33 +0900,Central Time (US & Canada),1905417,mjschillin,MJ -Blanco TX,2020-08-14 09:16:29 +0900,2021-02-20 14:46:30 +0900,research,CC-BY-NC,https://www.inaturalist.org/observations/56371623,https://inaturalist-open-data.s3.amazonaws.com/photos/89830238/medium.jpg,NA,NA,NA,5,0,FALSE,3,"Texas, US",30.1057125464,-98.5956981288,12,NA,NA,NA,29407,obscured,open,TRUE,NA,NA,Eastern Collared Lizard,Crotaphytus collaris,Eastern Collared Lizard,Reptilia,33135
56711611,8d7ffe03-30d4-4468-b0db-21e106400e88,2020/08/15 9:54 AM CDT,2020-08-15,2020-08-15 23:54:00 +0900,Central Time (US & Canada),247751,jordandcochran,Jordan Cochran,2020-08-17 12:50:16 +0900,2024-03-09 21:27:55 +0900,research,CC-BY-NC,https://www.inaturalist.org/observations/56711611,https://inaturalist-open-data.s3.amazonaws.com/photos/90393100/medium.jpeg,NA,Reptile Life List,NA,1,0,FALSE,NA,"Briscoe County, TX, USA",34.4526160769,-101.0814968267,1662,NA,NA,NA,1662,NA,open,FALSE,NA,NA,Eastern Collared Lizard,Crotaphytus collaris,Eastern Collared Lizard,Reptilia,33135
56789907,c6948252-6ba0-4aee-9ff5-a077ce05d1c8,2020-08-17 1:29:50 PM CDT,2020-08-17,2020-08-18 03:29:50 +0900,Central Time (US & Canada),3196854,kago42,NA,2020-08-18 08:04:40 +0900,2020-08-21 13:48:58 +0900,research,CC-BY-NC,https://www.inaturalist.org/observations/56789907,https://inaturalist-open-data.s3.amazonaws.com/photos/90525002/medium.jpg,NA,NA,NA,2,0,FALSE,2,"Canyon, TX 79015, USA",34.9789379722,-101.678644,NA,NA,NA,NA,NA,NA,open,FALSE,gps,gps,Eastern Collared Lizard,Crotaphytus collaris,Eastern Collared Lizard,Reptilia,33135
58089029,0cefd808-69b1-4ee3-852c-3fa51f822040,Thu Aug 27 2020 10:41:28 GMT-0500 (CDT),2020-08-27,2020-08-27 19:41:28 +0900,UTC,3224483,thadaking,NA,2020-08-31 07:18:27 +0900,2020-09-21 01:37:53 +0900,research,CC-BY-NC,https://www.inaturalist.org/observations/58089029,https://inaturalist-open-data.s3.amazonaws.com/photos/92708559/medium.jpg,NA,NA,NA,2,0,FALSE,3,"Caprock Canyons State Park and Trailway, Quitaque, TX, US",34.4106690831,-101.0532946642,74,NA,NA,NA,74,NA,open,FALSE,NA,NA,Eastern Collared Lizard,Crotaphytus collaris,Eastern Collared Lizard,Reptilia,33135
58276860,8ece1474-99f3-49ef-ba89-c7d05c0680e4,2020/08/24 11:42 AM HST,2020-08-24,2020-08-25 06:42:00 +0900,Hawaii,62156,brentwhite1213,B. P. White,2020-09-02 05:43:52 +0900,2020-09-02 23:52:52 +0900,research,CC-BY-NC,https://www.inaturalist.org/observations/58276860,https://inaturalist-open-data.s3.amazonaws.com/photos/93023939/medium.jpeg,NA,NA,Tiny newly hatched individual.,1,0,FALSE,NA,"Texas, US",34.601950737,-101.064781604,19227,"Donley County, TX, USA",34.7985668216,-101.0568128714,28790,obscured,open,TRUE,NA,NA,Eastern Collared Lizard,Crotaphytus collaris,Eastern Collared Lizard,Reptilia,33135
58305230,acff7141-bb71-460e-87a5-e146636ae28d,Thu May 31 2018 10:49:14 GMT-0500 (CDT),2018-05-31,2018-05-31 19:49:14 +0900,UTC,2364588,hsaenzjr1,Humberto Saenz,2020-09-02 12:18:45 +0900,2020-09-02 15:18:45 +0900,research,CC-BY-NC,https://www.inaturalist.org/observations/58305230,https://inaturalist-open-data.s3.amazonaws.com/photos/93074465/medium.jpg,NA,NA,NA,1,0,FALSE,3,"Alibates Flint Quarries National Monument, Amarillo, TX, US",35.5810781017,-101.6717219381,2890,NA,NA,NA,2890,NA,open,FALSE,NA,NA,Eastern Collared Lizard,Crotaphytus collaris,Eastern Collared Lizard,Reptilia,33135
58326356,eb56f8d9-f023-4713-903f-2cea1628a7be,2020-08-22 12:13:07 PM CDT,2020-08-22,2020-08-22 21:13:07 +0900,UTC,484217,hp0205,Hannah Patrick,2020-09-02 22:00:31 +0900,2020-11-04 07:23:14 +0900,research,NA,https://www.inaturalist.org/observations/58326356,https://static.inaturalist.org/photos/93110836/medium.jpeg,NA,NA,NA,2,0,FALSE,2,"Canyon, TX 79015, USA",34.9789027778,-101.6777833333,NA,NA,NA,NA,NA,NA,open,FALSE,gps,gps,Eastern Collared Lizard,Crotaphytus collaris,Eastern Collared Lizard,Reptilia,33135
58789318,bfe21daa-3d3a-4314-8701-283279ee6921,Sun Sep 06 2020 15:43:59 GMT-0500 (CDT),2020-09-06,2020-09-07 00:43:59 +0900,UTC,3099863,freewheelin,Marie Weber,2020-09-07 09:32:25 +0900,2020-09-09 01:51:29 +0900,research,NA,https://www.inaturalist.org/observations/58789318,https://static.inaturalist.org/photos/93881822/medium.jpg,NA,NA,NA,2,0,FALSE,3,"Inks Lake State Park, Burnet, TX, US",30.74776333,-98.35896333,12,NA,NA,NA,12,NA,open,FALSE,NA,NA,Eastern Collared Lizard,Crotaphytus collaris,Eastern Collared Lizard,Reptilia,33135
58897508,2f4e05c3-7bd9-4033-b859-eb83a4da2ab2,2020-09-05 10:24:03 AM CDT,2020-09-05,2020-09-05 19:24:03 +0900,UTC,1863158,liz317,Liz Herren,2020-09-08 08:11:59 +0900,2020-09-08 14:00:48 +0900,research,NA,https://www.inaturalist.org/observations/58897508,https://static.inaturalist.org/photos/94063075/medium.jpeg,NA,NA,NA,1,0,FALSE,2,Palo Duro Canyon State Park,34.9372539872,-101.6475533322,16829,NA,NA,NA,16829,NA,open,FALSE,gps,gps,Eastern Collared Lizard,Crotaphytus collaris,Eastern Collared Lizard,Reptilia,33135
58926017,cccb8f54-09f7-4192-859e-cb739e88cefb,Sun Sep 06 2020 18:07:00 GMT-0500 (CDT),2020-09-06,2020-09-07 03:07:00 +0900,UTC,2682665,laurellaviolette,Laurel Laviolette,2020-09-08 14:14:51 +0900,2020-09-09 00:50:42 +0900,research,NA,https://www.inaturalist.org/observations/58926017,https://static.inaturalist.org/photos/94111120/medium.jpg,NA,NA,NA,2,0,FALSE,3,"Palo Duro Canyon State Park, Canyon, TX, US",34.95471167,-101.68198333,4,NA,NA,NA,4,NA,open,FALSE,NA,NA,Eastern Collared Lizard,Crotaphytus collaris,Eastern Collared Lizard,Reptilia,33135
59514908,ff0931d7-54b8-4dbf-9961-f489344d2448,Sun Sep 13 2020 13:13:58 GMT-0500 (CDT),2020-09-13,2020-09-13 22:13:58 +0900,UTC,3152074,slinkylink,NA,2020-09-14 07:54:57 +0900,2020-09-15 12:50:22 +0900,research,CC-BY-NC,https://www.inaturalist.org/observations/59514908,https://inaturalist-open-data.s3.amazonaws.com/photos/95098617/medium.jpg,NA,NA,NA,2,0,FALSE,3,"Inks Lake State Park, Burnet, TX, US",30.74765833,-98.35894667,5,NA,NA,NA,5,NA,open,FALSE,NA,NA,Eastern Collared Lizard,Crotaphytus collaris,Eastern Collared Lizard,Reptilia,33135
59572569,ae9557aa-9cde-4731-8352-0b3654cad94c,2020-09-13 3:15:48 PM CDT,2020-09-13,2020-09-14 00:15:48 +0900,UTC,297517,derek17,Derek Malone,2020-09-14 22:51:52 +0900,2020-10-13 03:26:11 +0900,research,NA,https://www.inaturalist.org/observations/59572569,https://static.inaturalist.org/photos/95195593/medium.jpeg,NA,NA,NA,2,0,FALSE,2,"Canyon, TX 79015, USA",34.937682756,-101.6475533322,16829,NA,NA,NA,16829,NA,open,FALSE,gps,gps,Eastern Collared Lizard,Crotaphytus collaris,Eastern Collared Lizard,Reptilia,33135
59903870,65636cb1-1a9a-464a-9bf5-f77c65f10f4a,2020-09-17 2:51:00 PM CDT,2020-09-17,2020-09-18 06:51:00 +0900,Pacific Time (US & Canada),2420299,natsmole,NA,2020-09-18 04:51:55 +0900,2024-02-06 23:25:12 +0900,research,CC-BY-NC,https://www.inaturalist.org/observations/59903870,https://inaturalist-open-data.s3.amazonaws.com/photos/95751370/medium.jpeg,NA,NA,Curled tail in defense,2,0,FALSE,2,"Pecos County, TX, USA",30.93708818,-103.31083607,3,NA,NA,NA,3,NA,open,FALSE,NA,NA,Eastern Collared Lizard,Crotaphytus collaris,Eastern Collared Lizard,Reptilia,33135
60135260,10736d9e-8577-4867-87b1-5c8b13623573,2020/08/15 1:27 PM UTC,2020-08-15,2020-08-15 22:27:00 +0900,UTC,1263856,danielle_ksg,Danielle Gay,2020-09-20 09:12:47 +0900,2020-09-23 04:39:18 +0900,research,NA,https://www.inaturalist.org/observations/60135260,https://static.inaturalist.org/photos/96132274/medium.jpg,NA,NA,NA,1,0,FALSE,NA,"11450 State Hwy Park Rd 5, Canyon, TX 79015, USA",34.937254,-101.6475533,8478,NA,NA,NA,8478,NA,open,FALSE,NA,NA,Eastern Collared Lizard,Crotaphytus collaris,Eastern Collared Lizard,Reptilia,33135
60135262,80a1f71a-dea3-4e0e-9e22-fd505aa577ab,2020/08/15 1:28 PM UTC,2020-08-15,2020-08-15 22:28:00 +0900,UTC,1263856,danielle_ksg,Danielle Gay,2020-09-20 09:12:48 +0900,2020-09-23 04:39:15 +0900,research,NA,https://www.inaturalist.org/observations/60135262,https://static.inaturalist.org/photos/96132502/medium.jpg,NA,NA,NA,1,0,FALSE,NA,"Randall County, TX, USA",34.9218346018,-101.6530464641,977,NA,NA,NA,977,NA,open,FALSE,NA,NA,Eastern Collared Lizard,Crotaphytus collaris,Eastern Collared Lizard,Reptilia,33135
60135380,44770be8-8cdb-4ae4-bb10-3be7d59379ed,2020/08/15 12:01 PM UTC,2020-08-15,2020-08-15 21:01:00 +0900,UTC,1263856,danielle_ksg,Danielle Gay,2020-09-20 09:14:31 +0900,2020-09-23 04:39:12 +0900,research,NA,https://www.inaturalist.org/observations/60135380,https://static.inaturalist.org/photos/96132799/medium.jpg,NA,NA,NA,1,0,FALSE,NA,"11450 State Hwy Park Rd 5, Canyon, TX 79015, USA",34.937254,-101.6475533,8478,NA,NA,NA,8478,NA,open,FALSE,NA,NA,Eastern Collared Lizard,Crotaphytus collaris,Eastern Collared Lizard,Reptilia,33135
60217176,53879ac5-1cb8-4067-af70-478915557dbb,Sun May 26 2019 12:37:57 GMT-0600 (MDT),2019-05-26,2019-05-27 03:37:57 +0900,Mountain Time (US & Canada),3620295,mavalerio,NA,2020-09-21 03:05:45 +0900,2023-04-04 15:58:39 +0900,research,CC-BY-NC,https://www.inaturalist.org/observations/60217176,https://inaturalist-open-data.s3.amazonaws.com/photos/96266498/medium.jpg,NA,NA,NA,2,0,FALSE,3,"Franklin Mountains State Park, El Paso, TX, US",31.92253667,-106.50419667,5,NA,NA,NA,5,NA,open,FALSE,NA,NA,Eastern Collared Lizard,Crotaphytus collaris,Eastern Collared Lizard,Reptilia,33135
60236851,6af6424b-b829-4a2d-ba82-c1b43d480271,Sat Sep 19 2020 18:14:46 GMT-0600 (MDT),2020-09-19,2020-09-20 09:14:46 +0900,Mountain Time (US & Canada),1914654,acorral19,NA,2020-09-21 05:25:12 +0900,2020-09-24 04:25:21 +0900,research,CC-BY-NC,https://www.inaturalist.org/observations/60236851,https://inaturalist-open-data.s3.amazonaws.com/photos/96299351/medium.jpg,NA,NA,"Was walking back to the head of the 1000 Steps Trail when I spotted this female lizard. This Collared Lizard was getting sun in the middle of the trail around 6pm, that’s when I decided to catch it with a noose for measurements. This one in particular measured 28.5cm from the end of its tail to the front of its snout. As always this Collared lizard showed aggression when caught. Showing its jaw at me with its mouth wide open. Bite is extremely powerful. She let go of my finger as soon as I put her back on the ground.",1,0,FALSE,3,"Franklin Mountains State Park, El Paso, TX, US",31.8069259829,-106.4938650863,26,NA,NA,NA,26,NA,open,FALSE,NA,NA,Eastern Collared Lizard,Crotaphytus collaris,Eastern Collared Lizard,Reptilia,33135
60559274,06d4bb04-43fd-4418-ad97-0c7d839422af,Wed Jul 17 2019 11:08:02 GMT-0600 (MDT),2019-07-17,2019-07-18 02:08:02 +0900,Mountain Time (US & Canada),3627396,pafogel,NA,2020-09-24 07:06:33 +0900,2020-09-26 04:47:30 +0900,research,CC-BY-NC,https://www.inaturalist.org/observations/60559274,https://inaturalist-open-data.s3.amazonaws.com/photos/96846097/medium.jpg,NA,NA,NA,2,0,FALSE,3,"North Park, El Paso, TX, US",31.9592981979,-106.4970822067,1976,NA,NA,NA,1976,NA,open,FALSE,NA,NA,Eastern Collared Lizard,Crotaphytus collaris,Eastern Collared Lizard,Reptilia,33135
61476346,4a12300e-368a-4cf9-a606-7ff74104cef7,Wed Mar 18 2020 13:37:29 GMT-0500 (CDT),2020-03-18,2020-03-18 22:37:29 +0900,UTC,464946,aguyfromalabama,Jakob Hernig,2020-10-02 23:03:16 +0900,2020-10-04 04:20:25 +0900,research,NA,https://www.inaturalist.org/observations/61476346,https://static.inaturalist.org/photos/98381085/medium.jpg,NA,NA,NA,2,0,FALSE,3,"NE Interstate 10 Frontage Rd, Fort Stockton, TX, US",30.8795866667,-102.4621283333,76,NA,NA,NA,76,NA,open,FALSE,NA,NA,Eastern Collared Lizard,Crotaphytus collaris,Eastern Collared Lizard,Reptilia,33135
61477244,36b9c567-ad7d-4d5d-a2eb-19a7430bc92c,Thu Oct 29 2015 16:16:56 GMT-0500 (CDT),2015-10-29,2015-10-30 01:16:56 +0900,UTC,464946,aguyfromalabama,Jakob Hernig,2020-10-02 23:16:57 +0900,2020-10-04 04:20:41 +0900,research,NA,https://www.inaturalist.org/observations/61477244,https://static.inaturalist.org/photos/98382549/medium.jpg,NA,NA,NA,2,0,FALSE,3,"Novice, TX, US",31.9151296661,-99.6832176182,2291,NA,NA,NA,2291,NA,open,FALSE,NA,NA,Eastern Collared Lizard,Crotaphytus collaris,Eastern Collared Lizard,Reptilia,33135
61534576,05556f71-f7f3-499c-b4c8-7446f5c7b35b,2020-07-30 8:05:46 AM CDT,2020-07-30,2020-07-30 17:05:46 +0900,UTC,2322795,txserena,Serena Flynn,2020-10-03 11:51:00 +0900,2024-08-30 02:12:59 +0900,research,CC0,https://www.inaturalist.org/observations/61534576,https://inaturalist-open-data.s3.amazonaws.com/photos/98479338/medium.jpeg,NA,NA,Palo Duro Canyon,3,0,FALSE,2,"TIMBERCRK CYN, TX 79118, USA",34.976699000000004,-101.6734699722,NA,NA,NA,NA,NA,NA,open,FALSE,gps,gps,Eastern Collared Lizard,Crotaphytus collaris,Eastern Collared Lizard,Reptilia,33135
61835593,cb39fe9d-cfd6-4c18-af62-0902b02496ba,Sat Oct 03 2020 12:13:35 GMT-0500 (CDT),2020-10-03,2020-10-04 07:13:35 +0900,Hawaii,88342,stephenfalick,NA,2020-10-06 12:01:52 +0900,2023-08-25 20:39:13 +0900,research,NA,https://www.inaturalist.org/observations/61835593,https://static.inaturalist.org/photos/98997928/medium.jpg,NA,NA,NA,3,0,FALSE,3,"Texas, US",29.212831109,-102.9944664982,NA,"Big Bend National Park, Alpine, TX, US",29.20013,-102.9179166667,29508,obscured,open,TRUE,NA,NA,lagartija de collar del altiplano,Crotaphytus collaris,Eastern Collared Lizard,Reptilia,33135
62287049,20e78f44-f643-4570-bab0-4fd1d7586056,Mon Sep 14 2020 14:38:17 GMT-0500 (CDT),2020-09-14,2020-09-14 23:38:17 +0900,UTC,3733776,ibrodrick1,NA,2020-10-11 20:37:32 +0900,2023-04-09 02:23:48 +0900,research,CC-BY-NC,https://www.inaturalist.org/observations/62287049,https://inaturalist-open-data.s3.amazonaws.com/photos/99779694/medium.jpg,NA,NA,NA,1,0,FALSE,3,"Caprock Canyons State Park and Trailway, Quitaque, TX, US",34.4628833333,-101.0852445,NA,NA,NA,NA,NA,NA,open,FALSE,NA,NA,Eastern Collared Lizard,Crotaphytus collaris,Eastern Collared Lizard,Reptilia,33135
62483792,29120a72-aa4c-4d6f-bcf8-f45fae8dfc17,Fri Aug 13 2010 03:43:44 GMT-0500 (CDT),2010-08-13,2010-08-13 12:43:44 +0900,UTC,1663940,dfmc8,NA,2020-10-13 23:45:38 +0900,2020-10-13 23:53:54 +0900,research,CC-BY-NC,https://www.inaturalist.org/observations/62483792,https://inaturalist-open-data.s3.amazonaws.com/photos/100119565/medium.jpg,NA,NA,NA,1,0,FALSE,3,"Palo Duro Canyon State Park, Canyon, TX, US",34.9397954981,-101.6595404406,14923,NA,NA,NA,14923,NA,open,FALSE,NA,NA,Eastern Collared Lizard,Crotaphytus collaris,Eastern Collared Lizard,Reptilia,33135
62529048,c852a3be-f846-48e9-8244-949e5c029b17,Tue Oct 13 2020 14:19:20 GMT-0500 (CDT),2020-10-13,2020-10-13 23:19:20 +0900,UTC,2180930,katcruz,NA,2020-10-14 10:35:01 +0900,2021-02-20 14:11:10 +0900,research,CC-BY-NC,https://www.inaturalist.org/observations/62529048,https://inaturalist-open-data.s3.amazonaws.com/photos/100200132/medium.jpg,NA,NA,NA,3,0,FALSE,3,"Inks Lake State Park, Burnet, TX, US",30.7481333333,-98.3578416667,4,NA,NA,NA,4,NA,open,FALSE,NA,NA,Eastern Collared Lizard,Crotaphytus collaris,Eastern Collared Lizard,Reptilia,33135
62859017,f0ed9ff1-7f1e-4487-af91-c43f7ff17fda,Sat Oct 17 2020 11:18:26 GMT-0600 (MDT),2020-10-17,2020-10-18 02:18:26 +0900,Mountain Time (US & Canada),687858,rcdowler,Robert Dowler,2020-10-18 12:01:15 +0900,2020-12-09 12:20:24 +0900,research,CC-BY-NC,https://www.inaturalist.org/observations/62859017,https://inaturalist-open-data.s3.amazonaws.com/photos/100787119/medium.jpg,NA,NA,NA,2,0,FALSE,3,"Guadalupe Mountains National Park, Van Horn, TX, US",31.896795,-104.83045833,19,NA,NA,NA,19,NA,open,FALSE,NA,NA,Eastern Collared Lizard,Crotaphytus collaris,Eastern Collared Lizard,Reptilia,33135
62922342,415ad55a-8a00-4549-8da7-8667413e40ae,Sun Oct 18 2020 12:27:46 GMT-0600 (MDT),2020-10-18,2020-10-19 03:27:46 +0900,Mountain Time (US & Canada),682197,darwin1,NA,2020-10-19 03:28:00 +0900,2020-10-27 12:16:19 +0900,research,CC-BY-NC,https://www.inaturalist.org/observations/62922342,https://inaturalist-open-data.s3.amazonaws.com/photos/100900886/medium.jpg,NA,NA,NA,2,0,FALSE,3,"Franklin Mountains State Park, El Paso, TX, US",31.8421674311,-106.4882302212,134,NA,NA,NA,134,NA,open,FALSE,NA,NA,Eastern Collared Lizard,Crotaphytus collaris,Eastern Collared Lizard,Reptilia,33135
63131754,82e9fc20-b010-4c72-b258-7402a2284c43,2020-10-20 5:46:50 PM MDT,2020-10-20,2020-10-21 08:46:50 +0900,Mountain Time (US & Canada),3627390,miguela2,Miguel A. Solís,2020-10-21 08:47:23 +0900,2021-02-11 17:03:11 +0900,research,NA,https://www.inaturalist.org/observations/63131754,https://static.inaturalist.org/photos/101269391/medium.jpeg,NA,NA,"Brown green lizard found basking in a hot rock. It had a distinctive white polkadot pattern on its body from the neck downwards. Above that the pattern into more black stripes, highlighted by white. It had a very long tail, neck, and claw like feet.",2,0,FALSE,2,"El Paso, TX 79902, USA",31.80291081,-106.49458595,6,NA,NA,NA,6,NA,open,FALSE,NA,NA,Eastern Collared Lizard,Crotaphytus collaris,Eastern Collared Lizard,Reptilia,33135
64105617,e4c48fbd-2ba6-4fec-82fd-5372d7efa48d,2018/05/25 10:53 AM CDT,2018-05-25,2018-05-26 00:53:00 +0900,Central Time (US & Canada),43772,gtsalmon,Gerry Salmon,2020-11-03 22:15:21 +0900,2024-09-01 08:52:15 +0900,research,CC-BY-NC,https://www.inaturalist.org/observations/64105617,https://inaturalist-open-data.s3.amazonaws.com/photos/103007867/medium.jpg,NA,NA,Observed and imaged by Mary Ellen Schulle.,5,0,FALSE,NA,"Kendall County, TX, USA",30.0348089722,-98.5020606667,10,NA,NA,NA,10,NA,open,FALSE,NA,NA,lagartija de collar del altiplano,Crotaphytus collaris,Eastern Collared Lizard,Reptilia,33135
64194169,2c906152-fbd1-47c7-8d2e-ab8c9b4f578e,2014/09/02 1:32 PM CDT,2014-09-02,2014-09-03 03:32:00 +0900,Central Time (US & Canada),63375,rkostecke,Rich Kostecke,2020-11-05 05:30:08 +0900,2024-02-06 23:26:48 +0900,research,CC-BY-NC,https://www.inaturalist.org/observations/64194169,https://inaturalist-open-data.s3.amazonaws.com/photos/103164078/medium.jpg,NA,NA,NA,2,0,FALSE,NA,"Pecos County, TX, USA",31.0045160886,-102.9211727652,713,NA,NA,NA,713,NA,open,FALSE,NA,NA,Eastern Collared Lizard,Crotaphytus collaris,Eastern Collared Lizard,Reptilia,33135
64194258,d1776936-0256-4309-8976-0957b6826769,2005/07/02 12:12 PM CDT,2005-07-02,2005-07-03 02:12:00 +0900,Central Time (US & Canada),63375,rkostecke,Rich Kostecke,2020-11-05 05:31:52 +0900,2020-11-10 23:12:14 +0900,research,CC-BY-NC,https://www.inaturalist.org/observations/64194258,https://inaturalist-open-data.s3.amazonaws.com/photos/103164546/medium.jpg,NA,NA,NA,2,0,FALSE,NA,"Bell County, TX, USA",31.0211038708,-97.5292460333,345,NA,NA,NA,345,NA,open,FALSE,NA,NA,Eastern Collared Lizard,Crotaphytus collaris,Eastern Collared Lizard,Reptilia,33135
64917903,1bfc23d5-c5ba-4ec2-8b7b-bcf9ab24df4f,Tue Nov 10 2020 14:50:07 GMT-0600 (CST),2020-11-10,2020-11-11 05:50:07 +0900,Central Time (US & Canada),3840532,ewleigh,NA,2020-11-15 16:41:55 +0900,2020-11-24 00:44:28 +0900,research,CC-BY-NC,https://www.inaturalist.org/observations/64917903,https://inaturalist-open-data.s3.amazonaws.com/photos/104444338/medium.jpg,NA,NA,Body was approx. 8 inches in length.,1,0,FALSE,3,"Caprock Canyons State Park and Trailway, Quitaque, TX, US",34.4582866667,-101.0802778333,4,NA,NA,NA,4,NA,open,FALSE,NA,NA,Eastern Collared Lizard,Crotaphytus collaris,Eastern Collared Lizard,Reptilia,33135
64922109,0a95e35d-cb6f-4f40-9998-b9a391b528a7,Fri Oct 04 2019 14:29:27 GMT-0500 (CDT),2019-10-04,2019-10-05 04:29:27 +0900,Central Time (US & Canada),3840532,ewleigh,NA,2020-11-15 18:48:38 +0900,2020-11-24 01:29:22 +0900,research,CC-BY-NC,https://www.inaturalist.org/observations/64922109,https://inaturalist-open-data.s3.amazonaws.com/photos/104451943/medium.jpg,NA,NA,NA,2,0,FALSE,3,"Caprock Canyons State Park and Trailway, Quitaque, TX, US",34.456475,-101.0540695,4,NA,NA,NA,4,NA,open,FALSE,NA,NA,Eastern Collared Lizard,Crotaphytus collaris,Eastern Collared Lizard,Reptilia,33135
64969035,6c2e8d03-5ac2-45ea-8a10-4c58ea77fbd6,2020/11/15 9:25 AM CST,2020-11-15,2020-11-16 00:25:00 +0900,Central Time (US & Canada),3842107,alo0022,NA,2020-11-16 06:32:37 +0900,2020-11-17 01:19:52 +0900,research,CC-BY-NC,https://www.inaturalist.org/observations/64969035,https://inaturalist-open-data.s3.amazonaws.com/photos/104527637/medium.jpg,NA,NA,NA,2,0,FALSE,NA,"El Paso County, TX, USA",31.9256555556,-106.045075,10,NA,NA,NA,10,NA,open,FALSE,NA,NA,Eastern Collared Lizard,Crotaphytus collaris,Eastern Collared Lizard,Reptilia,33135
65043857,0c4b7984-ab8c-481f-9a31-f78a59615d9f,Mon Nov 16 2020 13:22:17 GMT-0700 (MST),2020-11-16,2020-11-17 05:22:17 +0900,Mountain Time (US & Canada),3664135,xavier235,Xavier235,2020-11-17 09:00:09 +0900,2020-11-18 22:58:55 +0900,research,NA,https://www.inaturalist.org/observations/65043857,https://static.inaturalist.org/photos/104661219/medium.jpg,NA,NA,NA,2,0,FALSE,3,"Franklin Mountains State Park, El Paso, TX, US",31.9066053744,-106.5099391956,1999,NA,NA,NA,1999,NA,open,FALSE,NA,NA,Eastern Collared Lizard,Crotaphytus collaris,Eastern Collared Lizard,Reptilia,33135
65503452,6c893daf-670a-447e-a8d7-1931de4bf063,Sat Oct 24 2020 16:16:42 GMT-0500 (CDT),2020-10-24,2020-10-25 11:16:42 +0900,Hawaii,406868,brainyraney,Katie Raney,2020-11-24 10:26:01 +0900,2020-11-25 17:56:35 +0900,research,CC-BY,https://www.inaturalist.org/observations/65503452,https://inaturalist-open-data.s3.amazonaws.com/photos/105443627/medium.jpg,NA,NA,NA,2,0,FALSE,3,"Caprock Canyons State Park and Trailway, Quitaque, TX, US",34.4430419901,-101.0692200746,389,NA,NA,NA,389,NA,open,FALSE,NA,NA,Eastern Collared Lizard,Crotaphytus collaris,Eastern Collared Lizard,Reptilia,33135
66304125,89da169a-f355-4311-9570-b45f8ae927f3,2020/05/22 1:50 PM CDT,2020-05-22,2020-05-23 03:50:00 +0900,Central Time (US & Canada),3795605,texasprairiegrl,Texas Prairie Girl,2020-12-09 05:09:16 +0900,2020-12-10 00:25:38 +0900,research,CC-BY-NC,https://www.inaturalist.org/observations/66304125,https://inaturalist-open-data.s3.amazonaws.com/photos/106856976/medium.jpg,NA,NA,NA,4,0,FALSE,NA,"Crowell, TX 79227, USA",33.9900807,-99.9555891,389,NA,NA,NA,389,NA,open,FALSE,NA,NA,lagartija de collar del altiplano,Crotaphytus collaris,Eastern Collared Lizard,Reptilia,33135
67133345,b4cc3e4a-edfd-4e2c-aea2-4e1ff8cfe3cf,Thu May 23 1985 14:30:00 GMT+0200 (GMT+2),1985-05-23,1985-05-23 21:30:00 +0900,Pretoria,1267648,ivanomarques,Ivano Marques,2020-12-27 21:32:02 +0900,2023-08-25 20:39:07 +0900,research,NA,https://www.inaturalist.org/observations/67133345,https://static.inaturalist.org/photos/108389140/medium.jpg,NA,NA,NA,3,0,FALSE,3,"Big Bend National Park, Alpine, TX, US",29.2075221822,-102.9970336157,4553,NA,NA,NA,4553,NA,open,FALSE,NA,NA,Eastern Collared Lizard,Crotaphytus collaris,Eastern Collared Lizard,Reptilia,33135
67631688,150d4aea-516d-490b-b7b2-322c4371df51,2001/09/29 12:27 PM CDT,2001-09-29,2001-09-30 02:27:00 +0900,Central Time (US & Canada),3571199,rollingplainst,rollingplainst,2021-01-06 04:52:39 +0900,2021-01-08 11:05:29 +0900,research,CC-BY-NC,https://www.inaturalist.org/observations/67631688,https://inaturalist-open-data.s3.amazonaws.com/photos/109317487/medium.jpg,NA,NA,NA,2,0,FALSE,NA,"Palo Pinto County, TX, USA",32.7647669145,-98.2415952097,571,NA,NA,NA,571,NA,open,FALSE,NA,NA,lagartija de collar del altiplano,Crotaphytus collaris,Eastern Collared Lizard,Reptilia,33135
67676362,f625b523-9b56-4ba4-9c21-5f3e191447a7,2015-06-27 2:00:00 PM CDT,2015-06-27,2015-06-28 04:00:00 +0900,Central Time (US & Canada),2647207,awhipple,Abby Whipple,2021-01-07 05:06:47 +0900,2021-01-07 05:42:35 +0900,research,NA,https://www.inaturalist.org/observations/67676362,https://static.inaturalist.org/photos/109404075/medium.jpeg,NA,NA,NA,1,0,FALSE,2,"Canyon, TX 79015, USA",34.9451918946,-101.6627889499,659,NA,NA,NA,659,NA,open,FALSE,gps,gps,Eastern Collared Lizard,Crotaphytus collaris,Eastern Collared Lizard,Reptilia,33135
68038333,cb2ffb8f-2fad-4891-aa52-497e673b6d7b,2019/08/19 9:21 AM CDT,2019-08-19,2019-08-19 23:21:00 +0900,Central Time (US & Canada),3795605,texasprairiegrl,Texas Prairie Girl,2021-01-14 13:11:48 +0900,2021-01-14 15:50:45 +0900,research,CC-BY-NC,https://www.inaturalist.org/observations/68038333,https://inaturalist-open-data.s3.amazonaws.com/photos/110075667/medium.jpg,NA,NA,NA,2,0,FALSE,NA,"Crowell, TX 79227, USA",33.9900807,-99.9555891,389,NA,NA,NA,389,NA,open,FALSE,NA,NA,Eastern Collared Lizard,Crotaphytus collaris,Eastern Collared Lizard,Reptilia,33135
68038341,d6d457df-c3f2-4ec3-9d97-5febb0d00326,2019/08/19 9:22 AM CDT,2019-08-19,2019-08-19 23:22:00 +0900,Central Time (US & Canada),3795605,texasprairiegrl,Texas Prairie Girl,2021-01-14 13:11:51 +0900,2021-01-14 15:50:48 +0900,research,CC-BY-NC,https://www.inaturalist.org/observations/68038341,https://inaturalist-open-data.s3.amazonaws.com/photos/110076362/medium.jpg,NA,NA,NA,3,0,FALSE,NA,"Crowell, TX 79227, USA",33.9900807,-99.9555891,389,NA,NA,NA,389,NA,open,FALSE,NA,NA,Eastern Collared Lizard,Crotaphytus collaris,Eastern Collared Lizard,Reptilia,33135
68477891,5b2585d1-82ac-4361-9b60-9e23f5f498ea,Wed Mar 11 2020 16:14:02 GMT-0500 (CDT),2020-03-11,2020-03-12 01:14:02 +0900,UTC,3971066,danielmohs607,NA,2021-01-23 13:51:44 +0900,2021-01-23 23:25:57 +0900,research,CC-BY-NC,https://www.inaturalist.org/observations/68477891,https://inaturalist-open-data.s3.amazonaws.com/photos/110889916/medium.jpg,NA,NA,NA,2,0,FALSE,3,"Inks Lake State Park, Burnet, TX, US",30.733745,-98.37423,37,NA,NA,NA,37,NA,open,FALSE,NA,NA,Eastern Collared Lizard,Crotaphytus collaris,Eastern Collared Lizard,Reptilia,33135
68829725,01ec32ed-edf7-42c0-84ac-caae0f16c311,2018/05/06 5:36 PM CDT,2018-05-06,2018-05-07 07:36:00 +0900,Central Time (US & Canada),3725858,treyjp,Trey Philips,2021-01-31 08:19:22 +0900,2021-02-01 12:56:10 +0900,research,CC-BY,https://www.inaturalist.org/observations/68829725,https://inaturalist-open-data.s3.amazonaws.com/photos/111547486/medium.jpeg,NA,NA,Seen at Enchanted Rock State Natural Area,2,0,FALSE,NA,"Llano County, TX, USA",30.5068111111,-98.8178638889,8,NA,NA,NA,8,NA,open,FALSE,NA,NA,lagartija de collar del altiplano,Crotaphytus collaris,Eastern Collared Lizard,Reptilia,33135
68942048,bc2a4d1a-3b5f-4c05-9b18-adb6a0545fc6,2021-02-01 3:54:09 PM CST,2021-02-01,2021-02-02 00:54:09 +0900,UTC,1760824,wetgoat,Jon DiVito,2021-02-02 10:42:05 +0900,2021-02-03 00:46:46 +0900,research,NA,https://www.inaturalist.org/observations/68942048,https://static.inaturalist.org/photos/111757842/medium.jpeg,NA,NA,"Found midday under a rock on private property
",1,0,FALSE,2,"Canyon Lake, TX 78133, USA",29.9190421752,-98.1533742696,210,NA,NA,NA,210,NA,open,FALSE,gps,gps,Eastern Collared Lizard,Crotaphytus collaris,Eastern Collared Lizard,Reptilia,33135
69148843,6e2ce79c-174b-4a0e-a148-8812978bf925,2017-09-11,2017-09-11,NA,Pacific Time (US & Canada),515726,sobotka,NA,2021-02-07 02:17:54 +0900,2021-02-12 23:45:54 +0900,research,CC-BY-NC,https://www.inaturalist.org/observations/69148843,https://inaturalist-open-data.s3.amazonaws.com/photos/112141241/medium.jpeg,NA,NA,NA,2,0,FALSE,2,"Canyon, TX 79015, USA",34.9797222222,-101.6911111111,NA,NA,NA,NA,NA,NA,open,FALSE,NA,NA,Eastern Collared Lizard,Crotaphytus collaris,Eastern Collared Lizard,Reptilia,33135
69205461,95e4b6eb-19e0-4d60-b277-7cdc7959171f,1990/05/01,1990-05-01,NA,Eastern Time (US & Canada),83313,kristofz,Kristof Zyskowski,2021-02-08 00:47:32 +0900,2024-11-13 00:03:40 +0900,research,CC-BY,https://www.inaturalist.org/observations/69205461,https://inaturalist-open-data.s3.amazonaws.com/photos/112245956/medium.jpg,NA,NA,NA,2,0,FALSE,NA,"Fort Hood, Bell County, Texas, USA",31.064,-97.862,500,NA,NA,NA,500,NA,open,FALSE,NA,NA,Eastern Collared Lizard,Crotaphytus collaris,Eastern Collared Lizard,Reptilia,33135
69540398,ee6c54ee-ae18-425a-917a-3d6e60e6d2c7,Fri Jul 03 2015 10:43:43 GMT-0500 (CDT),2015-07-03,2015-07-03 19:43:43 +0900,UTC,2673730,pauljm115,NA,2021-02-14 12:34:07 +0900,2021-02-21 05:03:05 +0900,research,CC-BY-NC,https://www.inaturalist.org/observations/69540398,https://inaturalist-open-data.s3.amazonaws.com/photos/112856613/medium.jpg,NA,NA,NA,2,0,FALSE,3,"Fredericksburg, TX, US",30.5265841588,-98.8200795926,5513,NA,NA,NA,5513,NA,open,FALSE,NA,NA,Eastern Collared Lizard,Crotaphytus collaris,Eastern Collared Lizard,Reptilia,33135
69784683,ad8f16ba-5e4c-40e6-ba94-0ed5110d97c5,2020-10-07T15:37:33-06:00,2020-10-07,2020-10-08 06:37:33 +0900,UTC,400565,kaamezcua,Kevyn Amezcua,2021-02-19 07:08:52 +0900,2021-02-19 10:05:31 +0900,research,NA,https://www.inaturalist.org/observations/69784683,https://static.inaturalist.org/photos/113317330/medium.jpeg,NA,NA,NA,2,0,FALSE,333,El Paso,31.881986,-106.4076334,12,NA,NA,NA,12,NA,open,FALSE,NA,NA,Eastern Collared Lizard,Crotaphytus collaris,Eastern Collared Lizard,Reptilia,33135
70112205,c6a0151a-191d-4b34-a63c-d875bda9726a,2003/07/09 1:31 PM PDT,2003-07-09,2003-07-10 05:31:00 +0900,Pacific Time (US & Canada),3354878,graeme45,NA,2021-02-25 07:16:08 +0900,2021-07-21 00:33:56 +0900,research,CC-BY-NC,https://www.inaturalist.org/observations/70112205,https://inaturalist-open-data.s3.amazonaws.com/photos/113913392/medium.jpg,NA,NA,NA,1,0,FALSE,NA,"Brown County, TX, USA",31.6448727359,-98.9473806288,150,NA,NA,NA,150,NA,open,FALSE,NA,NA,Eastern Collared Lizard,Crotaphytus collaris,Eastern Collared Lizard,Reptilia,33135
70701813,d50bc927-ec17-4024-8c74-27ac704a9891,Sat Mar 06 2021 16:33:12 GMT-0600 (CST),2021-03-06,2021-03-07 07:33:12 +0900,Central Time (US & Canada),724358,lynnsey3,Lynnsey Dohmen,2021-03-07 09:19:37 +0900,2021-03-07 09:28:24 +0900,research,NA,https://www.inaturalist.org/observations/70701813,https://static.inaturalist.org/photos/114985989/medium.jpg,NA,NA,NA,1,0,FALSE,3,"Inks Lake State Park, Burnet, TX, US",30.7477633333,-98.3590916667,4,NA,NA,NA,4,NA,open,FALSE,NA,NA,Eastern Collared Lizard,Crotaphytus collaris,Eastern Collared Lizard,Reptilia,33135
70743259,9a48dd8e-5384-4674-b7d7-d9cdac06bcdf,Sat Mar 06 2021 16:33:48 GMT-0600 (CST),2021-03-06,2021-03-07 07:33:48 +0900,Central Time (US & Canada),724358,lynnsey3,Lynnsey Dohmen,2021-03-08 00:34:27 +0900,2021-03-08 01:04:24 +0900,research,NA,https://www.inaturalist.org/observations/70743259,https://static.inaturalist.org/photos/115060239/medium.jpg,NA,NA,NA,1,0,FALSE,3,"Inks Lake State Park, Burnet, TX, US",30.74778,-98.3590866667,4,NA,NA,NA,4,NA,open,FALSE,NA,NA,Eastern Collared Lizard,Crotaphytus collaris,Eastern Collared Lizard,Reptilia,33135
70755183,3ad63b8e-b520-4a1a-95dc-db752f45a873,2021-03-07 12:22:49 PM CST,2021-03-07,2021-03-07 21:22:49 +0900,UTC,1760824,wetgoat,Jon DiVito,2021-03-08 03:29:31 +0900,2021-03-17 04:44:03 +0900,research,NA,https://www.inaturalist.org/observations/70755183,https://static.inaturalist.org/photos/115081362/medium.jpeg,NA,NA,Found under rock 64° F sunny & clear,2,0,FALSE,2,"Canyon Lake, TX 78133, USA",29.919678,-98.1534939722,NA,NA,NA,NA,NA,NA,open,FALSE,gps,gps,Eastern Collared Lizard,Crotaphytus collaris,Eastern Collared Lizard,Reptilia,33135
71301255,482788da-db6c-460c-8d83-c2ef428aadd0,Wed May 24 2017 11:59:34 GMT-0500 (CDT),2017-05-24,2017-05-24 20:59:34 +0900,UTC,307977,matthew96,Matthew Gentry,2021-03-16 00:02:37 +0900,2021-03-16 04:50:21 +0900,research,NA,https://www.inaturalist.org/observations/71301255,https://static.inaturalist.org/photos/116065952/medium.jpg,NA,NA,NA,1,0,FALSE,3,"Caprock Canyons State Park & Trailway, Quitaque, TX, US",34.4511080638,-101.0511278377,985,NA,NA,NA,985,NA,open,FALSE,NA,NA,Eastern Collared Lizard,Crotaphytus collaris,Eastern Collared Lizard,Reptilia,33135
71442348,ea633475-7646-422e-8e1a-0e4f1b94fc67,Sat Apr 25 2020 09:23:35 GMT-0500 (CDT),2020-04-25,2020-04-25 15:23:35 +0900,Athens,1064717,thesnakegreek,NA,2021-03-18 05:22:58 +0900,2021-03-18 13:06:06 +0900,research,CC-BY-NC,https://www.inaturalist.org/observations/71442348,https://inaturalist-open-data.s3.amazonaws.com/photos/116317251/medium.jpg,NA,NA,NA,1,0,FALSE,3,"Crowell, TX, US",34.1027221667,-99.7958216667,5,NA,NA,NA,5,NA,open,FALSE,NA,NA,Eastern Collared Lizard,Crotaphytus collaris,Eastern Collared Lizard,Reptilia,33135
71761288,6893457b-05ad-4f9e-8e31-d9c6acf16dc7,2021/03/21 11:59 AM CDT,2021-03-21,2021-03-22 01:59:00 +0900,Central Time (US & Canada),115361,bgsmith,Brooke Smith,2021-03-22 09:44:07 +0900,2021-03-22 23:34:29 +0900,research,CC-BY,https://www.inaturalist.org/observations/71761288,https://inaturalist-open-data.s3.amazonaws.com/photos/116884762/medium.jpeg,NA,NA,NA,1,0,FALSE,NA,"Burnet County, TX, USA",30.7254944277,-98.3688589386,122,NA,NA,NA,122,NA,open,FALSE,NA,NA,Eastern Collared Lizard,Crotaphytus collaris,Eastern Collared Lizard,Reptilia,33135
71900824,1d6e1369-e3b6-415f-b061-51a62498c9fc,Tue Mar 23 2021 16:21:09 GMT-0500 (CDT),2021-03-23,2021-03-24 06:21:09 +0900,Central Time (US & Canada),1905417,mjschillin,MJ -Blanco TX,2021-03-24 06:23:55 +0900,2021-03-24 10:03:32 +0900,research,CC-BY-NC,https://www.inaturalist.org/observations/71900824,https://inaturalist-open-data.s3.amazonaws.com/photos/117142976/medium.jpg,NA,NA,NA,1,0,FALSE,3,"Texas, US",30.0208025339,-98.5552266432,13,NA,NA,NA,29407,obscured,open,TRUE,NA,NA,Eastern Collared Lizard,Crotaphytus collaris,Eastern Collared Lizard,Reptilia,33135
71902154,5ffb1b0a-7136-4a06-a59c-50b20196b9dd,Mon Feb 01 2021 16:43:00 GMT-0600 (CST),2021-02-01,2021-02-02 01:43:00 +0900,UTC,1760841,maggiestoneham,Maggie Stoneham,2021-03-24 06:44:48 +0900,2021-03-24 10:29:54 +0900,research,NA,https://www.inaturalist.org/observations/71902154,https://static.inaturalist.org/photos/117139593/medium.jpg,NA,NA,NA,1,0,FALSE,3,"The Low Rd, San Marcos, TX, US",29.9196106595,-98.1542446925,22,NA,NA,NA,22,NA,open,FALSE,NA,NA,Eastern Collared Lizard,Crotaphytus collaris,Eastern Collared Lizard,Reptilia,33135
72227133,8315131c-5e8a-4cf8-ba47-044d3f77aa44,2021-03-27 17:01:59,2021-03-27,2021-03-28 07:01:59 +0900,America/Chicago,438488,alisonnorthup,Alison Northup,2021-03-28 10:37:04 +0900,2021-03-29 09:26:27 +0900,research,CC0,https://www.inaturalist.org/observations/72227133,https://inaturalist-open-data.s3.amazonaws.com/photos/117723356/medium.jpeg,NA,NA,NA,1,0,FALSE,2,"Burnet, TX 78611, USA",30.7482138889,-98.3575833333,NA,NA,NA,NA,NA,NA,open,FALSE,gps,gps,Eastern Collared Lizard,Crotaphytus collaris,Eastern Collared Lizard,Reptilia,33135
72227565,4fc057f7-7686-464e-83a5-d334a7c93008,2021-03-27 15:30:27,2021-03-27,2021-03-28 05:30:27 +0900,America/Chicago,438488,alisonnorthup,Alison Northup,2021-03-28 10:42:42 +0900,2021-03-29 09:26:20 +0900,research,CC0,https://www.inaturalist.org/observations/72227565,https://inaturalist-open-data.s3.amazonaws.com/photos/117724341/medium.jpeg,NA,NA,NA,1,0,FALSE,2,"Burnet, TX 78611, USA",30.7476888889,-98.357305555600007,NA,NA,NA,NA,NA,NA,open,FALSE,gps,gps,Eastern Collared Lizard,Crotaphytus collaris,Eastern Collared Lizard,Reptilia,33135
72230713,af64537e-d7b0-419d-ae62-f220d3cc7b2d,2021-03-27 14:44:04,2021-03-27,2021-03-28 04:44:04 +0900,America/Chicago,438488,alisonnorthup,Alison Northup,2021-03-28 11:22:03 +0900,2021-03-29 09:24:48 +0900,research,CC0,https://www.inaturalist.org/observations/72230713,https://inaturalist-open-data.s3.amazonaws.com/photos/117729842/medium.jpeg,NA,NA,NA,1,0,FALSE,2,"Burnet, TX 78611, USA",30.7478583333,-98.3590611111,NA,NA,NA,NA,NA,NA,open,FALSE,gps,gps,Eastern Collared Lizard,Crotaphytus collaris,Eastern Collared Lizard,Reptilia,33135
72234634,1db3cf6d-b9ec-43c2-8076-b9e382708e0e,2021/03/27 2:45 PM CDT,2021-03-27,2021-03-28 04:45:00 +0900,Central Time (US & Canada),18780,hydaticus,Robby Deans,2021-03-28 12:15:55 +0900,2021-03-28 13:03:03 +0900,research,CC-BY-NC,https://www.inaturalist.org/observations/72234634,https://inaturalist-open-data.s3.amazonaws.com/photos/117736128/medium.jpeg,NA,NA,NA,1,0,FALSE,NA,"Burnet County, TX, USA",30.7480942363,-98.3579274229,133,NA,NA,NA,133,NA,open,FALSE,NA,NA,Eastern Collared Lizard,Crotaphytus collaris,Eastern Collared Lizard,Reptilia,33135
72234672,306d033e-b367-4241-9890-625e8095595a,2021/03/27 4:04 PM CDT,2021-03-27,2021-03-28 06:04:00 +0900,Central Time (US & Canada),18780,hydaticus,Robby Deans,2021-03-28 12:16:05 +0900,2021-03-28 13:01:00 +0900,research,CC-BY-NC,https://www.inaturalist.org/observations/72234672,https://inaturalist-open-data.s3.amazonaws.com/photos/117737207/medium.jpeg,NA,NA,NA,2,0,FALSE,NA,"Burnet County, TX, USA",30.7480942363,-98.3579274229,133,NA,NA,NA,133,NA,open,FALSE,NA,NA,lagartija de collar del altiplano,Crotaphytus collaris,Eastern Collared Lizard,Reptilia,33135
72396955,bf80cc9e-a20b-44f2-8a02-b686ebaa5b36,Sun Mar 28 2021 17:01:26 GMT-0500 (CDT),2021-03-28,2021-03-29 07:01:26 +0900,Central Time (US & Canada),1905417,mjschillin,MJ -Blanco TX,2021-03-30 06:46:59 +0900,2021-03-30 12:11:53 +0900,research,CC-BY-NC,https://www.inaturalist.org/observations/72396955,https://inaturalist-open-data.s3.amazonaws.com/photos/118029301/medium.jpg,NA,NA,NA,1,0,FALSE,3,"Texas, US",30.1312869337,-98.4253825706,316,NA,NA,NA,29407,obscured,open,TRUE,NA,NA,Eastern Collared Lizard,Crotaphytus collaris,Eastern Collared Lizard,Reptilia,33135
72506669,2fcbd6e4-ec98-4119-aa4e-8ab3ccbba3bf,2012-09-12 11:23:00 AM CDT,2012-09-12,2012-09-13 01:23:00 +0900,Central Time (US & Canada),500525,dannysanders,NA,2021-03-31 13:47:31 +0900,2021-04-01 01:05:40 +0900,research,NA,https://www.inaturalist.org/observations/72506669,https://static.inaturalist.org/photos/118228020/medium.jpeg,NA,NA,NA,1,0,FALSE,2,"Texas, US",30.6857255742,-98.2444967281,25,NA,NA,NA,29330,obscured,open,TRUE,NA,NA,Eastern Collared Lizard,Crotaphytus collaris,Eastern Collared Lizard,Reptilia,33135
73039243,c0c6f2bd-5b03-4f4b-96d7-1d351403ff71,Mon Apr 05 2021 12:43:50 GMT-0500 (CDT),2021-04-05,2021-04-05 21:43:50 +0900,UTC,155542,maryoh,NA,2021-04-06 04:24:18 +0900,2021-04-06 14:57:52 +0900,research,CC-BY-NC,https://www.inaturalist.org/observations/73039243,https://inaturalist-open-data.s3.amazonaws.com/photos/119191826/medium.jpg,NA,NA,NA,1,0,FALSE,3,"Caprock Canyons State Park & Trailway, Quitaque, TX, US",34.4172063195,-101.0496773423,9014,NA,NA,NA,9014,NA,open,FALSE,NA,NA,Eastern Collared Lizard,Crotaphytus collaris,Eastern Collared Lizard,Reptilia,33135
73129078,a120d089-cad2-4a70-92bd-9d440c94d8a5,Mon Apr 05 2021 16:46:01 GMT-0500 (CDT),2021-04-05,2021-04-06 06:46:01 +0900,Central Time (US & Canada),206492,wild-about-texas,Michael Price,2021-04-07 03:35:24 +0900,2023-07-08 11:57:21 +0900,research,CC-BY-NC,https://www.inaturalist.org/observations/73129078,https://inaturalist-open-data.s3.amazonaws.com/photos/119351404/medium.jpg,NA,NA,NA,6,0,FALSE,3,"Seminole Canyon State Park, Del Rio, TX, US",29.6951247428,-101.3193457728,4,NA,NA,NA,4,NA,open,FALSE,NA,NA,Eastern Collared Lizard,Crotaphytus collaris,Eastern Collared Lizard,Reptilia,33135
73312290,7a17e395-e911-48ee-b2b4-f8a516c27d5b,2021/04/05 3:44 PM CDT,2021-04-05,2021-04-06 05:44:00 +0900,Central Time (US & Canada),206492,wild-about-texas,Michael Price,2021-04-09 01:51:36 +0900,2023-07-08 12:28:02 +0900,research,CC-BY-NC,https://www.inaturalist.org/observations/73312290,https://inaturalist-open-data.s3.amazonaws.com/photos/119669483/medium.jpeg,NA,NA,NA,1,0,FALSE,NA,"Val Verde County, TX, USA",29.6990678192,-101.3201942163,2,NA,NA,NA,2,NA,open,FALSE,NA,NA,Eastern Collared Lizard,Crotaphytus collaris,Eastern Collared Lizard,Reptilia,33135
73350780,96244215-8b87-483e-b25e-65fd1029e776,Tue Apr 06 2021 18:29:19 GMT-0500 (CDT),2021-04-06,2021-04-07 08:29:19 +0900,Central Time (US & Canada),530,themoth,NA,2021-04-09 09:38:21 +0900,2021-04-09 22:41:26 +0900,research,NA,https://www.inaturalist.org/observations/73350780,https://static.inaturalist.org/photos/119738766/medium.jpg,NA,NA,NA,1,0,FALSE,3,"Burnet County, US-TX, US",30.7480916667,-98.3590083333,5,NA,NA,NA,5,NA,open,FALSE,NA,NA,Eastern Collared Lizard,Crotaphytus collaris,Eastern Collared Lizard,Reptilia,33135
73661089,d164672a-adb4-4bf6-8fad-b1c8a680397d,Sun Apr 11 2021 07:18:08 GMT-0500 (CDT),2021-04-11,2021-04-11 16:18:08 +0900,UTC,3982754,thaliflores,NA,2021-04-12 05:22:07 +0900,2021-04-13 06:34:43 +0900,research,CC-BY-NC,https://www.inaturalist.org/observations/73661089,https://inaturalist-open-data.s3.amazonaws.com/photos/120284833/medium.jpg,NA,NA,"Found a male and female, but could not catch the male",1,0,FALSE,3,"Irion County, US-TX, US",31.3520997213,-101.2577306726,8,NA,NA,NA,8,NA,open,FALSE,NA,NA,Eastern Collared Lizard,Crotaphytus collaris,Eastern Collared Lizard,Reptilia,33135
73751471,9080f882-2e13-4d74-9fd5-2527469e65bc,Sun Apr 11 2021 12:18:37 GMT-0500 (CDT),2021-04-11,2021-04-11 21:18:37 +0900,UTC,3728167,yabal24,NA,2021-04-13 01:09:10 +0900,2021-04-13 04:05:37 +0900,research,CC-BY-NC,https://www.inaturalist.org/observations/73751471,https://inaturalist-open-data.s3.amazonaws.com/photos/120448898/medium.jpg,NA,NA,NA,1,0,FALSE,3,"Mertzon, TX, US",31.3662784385,-100.742929099,23149,NA,NA,NA,23149,NA,open,FALSE,NA,NA,Eastern Collared Lizard,Crotaphytus collaris,Eastern Collared Lizard,Reptilia,33135
73751988,abcfecf3-3c1e-4cbc-a4a1-2bec27735d41,Sun Apr 11 2021 13:34:17 GMT-0500 (CDT),2021-04-11,2021-04-11 22:34:17 +0900,UTC,3728167,yabal24,NA,2021-04-13 01:14:37 +0900,2021-04-18 05:09:47 +0900,research,CC-BY-NC,https://www.inaturalist.org/observations/73751988,https://inaturalist-open-data.s3.amazonaws.com/photos/120449890/medium.jpg,NA,NA,NA,1,0,FALSE,3,"Mertzon, TX, US",31.3260734185,-100.7684450685,19020,NA,NA,NA,19020,NA,open,FALSE,NA,NA,Eastern Collared Lizard,Crotaphytus collaris,Eastern Collared Lizard,Reptilia,33135
74012616,6f9e85e0-c4ab-4524-bfa2-6ed8663d93eb,2021/04/13 11 am CDT,2021-04-13,2021-04-14 01:00:00 +0900,Central Time (US & Canada),21288,russh,Russ Hoverman,2021-04-15 12:29:15 +0900,2023-08-25 20:38:53 +0900,research,CC-BY-NC,https://www.inaturalist.org/observations/74012616,https://inaturalist-open-data.s3.amazonaws.com/photos/120914642/medium.jpeg,NA,NA,NA,3,0,FALSE,NA,"Brewster County, TX, USA",29.1868445016,-102.959412209,977,NA,NA,NA,977,NA,open,FALSE,NA,NA,Eastern Collared Lizard,Crotaphytus collaris,Eastern Collared Lizard,Reptilia,33135
74050774,0c731138-4d34-436f-bcf3-f4bdafb374d5,Sun Apr 11 2021 15:27:24 GMT-0500 (CDT),2021-04-11,2021-04-12 00:27:24 +0900,UTC,4225597,addy_denton,NA,2021-04-16 00:54:02 +0900,2021-04-16 00:56:59 +0900,research,CC-BY-NC,https://www.inaturalist.org/observations/74050774,https://inaturalist-open-data.s3.amazonaws.com/photos/120981917/medium.jpg,NA,NA,"Pretty poor photos, pretty sure it’s some sort of collard lizard.",1,0,FALSE,3,"Travis Southwest, Dripping Springs, TX, US",30.342805,-98.1135721667,35,NA,NA,NA,35,NA,open,FALSE,NA,NA,Eastern Collared Lizard,Crotaphytus collaris,Eastern Collared Lizard,Reptilia,33135
74449569,daff433b-caaa-42a3-92be-4ef5cbb20308,2020-08-16 10:48:38 AM CDT,2020-08-16,2020-08-16 19:48:38 +0900,UTC,2462633,bcvi,Nick Glover,2021-04-19 07:57:48 +0900,2024-08-07 01:43:44 +0900,research,CC-BY-NC,https://www.inaturalist.org/observations/74449569,https://inaturalist-open-data.s3.amazonaws.com/photos/121675537/medium.jpeg,NA,NA,NA,1,0,FALSE,2,"Canyon, TX 79015, USA",34.95481025,-101.6812408056,NA,NA,NA,NA,NA,NA,open,FALSE,gps,gps,Eastern Collared Lizard,Crotaphytus collaris,Eastern Collared Lizard,Reptilia,33135
74576677,e4fb3e6f-1601-4dc9-8be5-bfe7f1e7f26a,Mon Apr 19 2021 15:38:56 GMT-0500 (CDT),2021-04-19,2021-04-20 00:38:56 +0900,UTC,1301531,whitehomeschool,NA,2021-04-20 08:35:24 +0900,2021-06-03 11:42:17 +0900,research,NA,https://www.inaturalist.org/observations/74576677,https://static.inaturalist.org/photos/121901718/medium.jpg,NA,NA,NA,3,0,FALSE,3,"Inks Lake State Park, Burnet, TX, US",30.7476616667,-98.3591833333,NA,NA,NA,NA,NA,NA,open,FALSE,NA,NA,Eastern Collared Lizard,Crotaphytus collaris,Eastern Collared Lizard,Reptilia,33135
74725046,cb8f5756-614a-4c22-a44a-d78ef110a967,2021-04-19 1:17:42 PM GMT+02:00,2021-04-19,2021-04-19 20:17:42 +0900,Pretoria,2908917,danielz1,Daniel Z.,2021-04-21 20:19:28 +0900,2023-08-25 20:38:47 +0900,research,NA,https://www.inaturalist.org/observations/74725046,https://static.inaturalist.org/photos/188258876/medium.jpeg,NA,NA,NA,4,0,FALSE,2,Big Bend National Park,29.2500679502,-103.2501634955,92119,NA,NA,NA,92119,NA,open,FALSE,gps,gps,Eastern Collared Lizard,Crotaphytus collaris,Eastern Collared Lizard,Reptilia,33135
74903959,ca534b90-e443-4d2a-9fb4-1fb9bcd26d27,2014/05/19 3:02 PM CDT,2014-05-19,2014-05-20 05:02:00 +0900,Central Time (US & Canada),493392,carolynmaxwellgilmore,Carolyn Maxwell Rigdon,2021-04-23 11:44:52 +0900,2023-08-26 22:40:29 +0900,research,CC-BY-NC,https://www.inaturalist.org/observations/74903959,https://inaturalist-open-data.s3.amazonaws.com/photos/122480703/medium.jpeg,NA,NA,NA,3,0,FALSE,NA,"Big Bend National Park, TX, USA",29.2498194,-103.2501636,91576,NA,NA,NA,91576,NA,open,FALSE,NA,NA,Eastern Collared Lizard,Crotaphytus collaris,Eastern Collared Lizard,Reptilia,33135
74979057,718c95df-5caa-4f1a-91bc-59d31b92cfeb,2021-04-23 1:32:35 PM CDT,2021-04-23,2021-04-24 03:32:35 +0900,Central Time (US & Canada),658509,chrisfrazier,NA,2021-04-24 07:37:17 +0900,2023-01-11 22:55:37 +0900,research,CC0,https://www.inaturalist.org/observations/74979057,https://inaturalist-open-data.s3.amazonaws.com/photos/122609757/medium.jpeg,NA,NA,NA,2,0,FALSE,2,"Canyon, TX 79015, USA",34.977204,-101.682506,NA,NA,NA,NA,NA,NA,open,FALSE,gps,gps,Eastern Collared Lizard,Crotaphytus collaris,Eastern Collared Lizard,Reptilia,33135
75067532,e390b945-40a9-41a5-a2c8-ac984ff270e7,Sat Apr 24 2021 11:39:17 GMT-0500 (CDT),2021-04-24,2021-04-24 20:39:17 +0900,UTC,1637682,sarahbullard,Sarah Bullard,2021-04-25 03:12:06 +0900,2021-04-25 14:45:11 +0900,research,NA,https://www.inaturalist.org/observations/75067532,https://static.inaturalist.org/photos/122765802/medium.jpg,NA,NA,NA,2,0,FALSE,3,"Ozona, TX, US",30.3241283333,-101.3713,16,NA,NA,NA,16,NA,open,FALSE,NA,NA,Eastern Collared Lizard,Crotaphytus collaris,Eastern Collared Lizard,Reptilia,33135
75224619,93def2a0-0505-4d1c-b3cd-86f89f0395e9,Sun Apr 25 2021 11:36:12 GMT -0500 (CDT),2021-04-25,2021-04-25 20:36:12 +0900,UTC,3306348,elainasue,NA,2021-04-26 05:22:51 +0900,2021-04-28 23:37:16 +0900,research,NA,https://www.inaturalist.org/observations/75224619,https://static.inaturalist.org/photos/123035208/medium.jpeg,NA,NA,NA,1,0,FALSE,333,Burnet,30.7483043671,-98.3542022705,4,NA,NA,NA,4,NA,open,FALSE,NA,NA,Eastern Collared Lizard,Crotaphytus collaris,Eastern Collared Lizard,Reptilia,33135
75258737,a8d0a9a1-e437-45b7-b317-031d25ca216b,2021/04/22 7:44 PM CDT,2021-04-22,2021-04-23 09:44:00 +0900,Central Time (US & Canada),943813,reidhardin,Reid Hardin,2021-04-26 09:26:00 +0900,2023-08-25 20:38:36 +0900,research,CC-BY-NC,https://www.inaturalist.org/observations/75258737,https://inaturalist-open-data.s3.amazonaws.com/photos/123041746/medium.jpeg,NA,NA,NA,3,0,FALSE,NA,"Brewster County, TX, USA",29.178300543,-102.9525861062,4,NA,NA,NA,4,NA,open,FALSE,NA,NA,Eastern Collared Lizard,Crotaphytus collaris,Eastern Collared Lizard,Reptilia,33135
75280566,f3cb1e75-dd38-45c1-a0b7-5c10b59bfb61,Sat Apr 24 2021 15:00:00 GMT-0500 (CDT),2021-04-24,2021-04-25 00:00:00 +0900,UTC,3982745,mvalenzuela8,NA,2021-04-26 13:16:45 +0900,2021-04-27 14:39:29 +0900,research,CC-BY-NC,https://www.inaturalist.org/observations/75280566,https://inaturalist-open-data.s3.amazonaws.com/photos/123137030/medium.jpg,NA,NA,NA,2,0,FALSE,3,"Texas, US",35.8748696239,-100.2263940171,44,NA,NA,NA,28620,obscured,open,TRUE,NA,NA,Eastern Collared Lizard,Crotaphytus collaris,Eastern Collared Lizard,Reptilia,33135
75385998,a74842a9-44bc-4042-bf3a-82a460aa1493,2021-04-26 12:36:45 PM CDT,2021-04-26,2021-04-27 02:36:45 +0900,Central Time (US & Canada),2449258,rangerann19,Ann Miller,2021-04-27 11:02:14 +0900,2021-04-27 23:23:30 +0900,research,CC-BY-NC,https://www.inaturalist.org/observations/75385998,https://inaturalist-open-data.s3.amazonaws.com/photos/123324584/medium.jpeg,NA,NA,Seen at Inks Lake State Park on the Pecan Flats Trail.,1,0,FALSE,2,"Burnet, TX 78611, USA",30.7298027778,-98.3613944444,NA,NA,NA,NA,NA,NA,open,FALSE,gps,gps,Eastern Collared Lizard,Crotaphytus collaris,Eastern Collared Lizard,Reptilia,33135
75655444,82925cd4-fdab-4b2c-b774-c39d7ca0b3bf,Tue Apr 13 2021 12:25:03 GMT-0500 (CDT),2021-04-13,2021-04-14 02:25:03 +0900,Central Time (US & Canada),846096,ivhaus,NA,2021-04-29 23:25:27 +0900,2023-08-25 20:38:30 +0900,research,CC-BY-NC,https://www.inaturalist.org/observations/75655444,https://inaturalist-open-data.s3.amazonaws.com/photos/123800915/medium.jpg,NA,NA,NA,3,0,FALSE,3,"Big Bend National Park, Alpine, TX, US",29.2008533422,-102.9190366667,20,NA,NA,NA,20,NA,open,FALSE,NA,NA,Eastern Collared Lizard,Crotaphytus collaris,Eastern Collared Lizard,Reptilia,33135
75816636,77dcd390-6e6e-4ac0-8e0c-bacbdeabccb2,2021/04/28 1:59 PM CDT,2021-04-28,2021-04-29 03:59:00 +0900,Central Time (US & Canada),268486,brooksy,Jason Brooks,2021-04-30 22:59:21 +0900,2024-02-06 23:28:20 +0900,research,NA,https://www.inaturalist.org/observations/75816636,https://static.inaturalist.org/photos/124058095/medium.jpeg,NA,NA,NA,2,0,FALSE,NA,"Upton County, TX, USA",31.368522062,-102.2192066195,122,NA,NA,NA,122,NA,open,FALSE,NA,NA,Eastern Collared Lizard,Crotaphytus collaris,Eastern Collared Lizard,Reptilia,33135
76548076,c569af3a-bd4e-460a-9014-6d044bf3c22b,Sun Apr 25 2021 12:33:23 GMT-0500 (CDT),2021-04-25,2021-04-26 01:33:23 +0900,Eastern Time (US & Canada),262303,anotherbirdguy,Kevin,2021-05-02 23:44:06 +0900,2021-05-14 08:24:02 +0900,research,CC-BY-NC,https://www.inaturalist.org/observations/76548076,https://inaturalist-open-data.s3.amazonaws.com/photos/125209735/medium.jpg,NA,NA,NA,2,0,FALSE,3,"Inks Lake, Burnet, TX, US",30.7388557852,-98.3706031733,1756,NA,NA,NA,1756,NA,open,FALSE,NA,NA,Eastern Collared Lizard,Crotaphytus collaris,Eastern Collared Lizard,Reptilia,33135
77323526,f7bf91c2-aa60-4092-a317-08900360eff6,2021/03/10 2:40 PM CST,2021-03-10,2021-03-11 05:40:00 +0900,Central Time (US & Canada),173577,salamandersquad,Simon Scarpetta,2021-05-05 03:53:37 +0900,2021-05-07 05:35:13 +0900,research,CC-BY-NC,https://www.inaturalist.org/observations/77323526,https://static.inaturalist.org/photos/126444757/medium.jpg,NA,NA,NA,1,0,FALSE,NA,"Burnet County, TX, USA",30.7339027778,-98.3691472222,71,NA,NA,NA,71,NA,open,FALSE,NA,NA,Eastern Collared Lizard,Crotaphytus collaris,Eastern Collared Lizard,Reptilia,33135
77538922,9eeddb8d-2d24-4bb4-b3c8-091fdc809b46,2021-05-05 14:45:40,2021-05-05,2021-05-06 05:45:40 +0900,Mountain Time (US & Canada),786974,davedenlinger,Dave Denlinger,2021-05-06 10:14:40 +0900,2021-05-24 06:35:58 +0900,research,CC-BY-NC,https://www.inaturalist.org/observations/77538922,https://inaturalist-open-data.s3.amazonaws.com/photos/126818194/medium.jpeg,NA,NA,NA,1,0,FALSE,2,"El Paso, TX 79911, USA",31.8890611111,-106.5285055556,NA,NA,NA,NA,NA,NA,open,FALSE,gps,gps,Eastern Collared Lizard,Crotaphytus collaris,Eastern Collared Lizard,Reptilia,33135
77954861,fa42f195-1078-46f1-b613-6e9f15c722d7,Sat May 08 2021 12:34:41 GMT-0500 (CDT),2021-05-08,2021-05-09 02:34:41 +0900,Central Time (US & Canada),484488,jarwney,NA,2021-05-09 05:25:56 +0900,2021-05-11 13:31:39 +0900,research,CC-BY-NC,https://www.inaturalist.org/observations/77954861,https://inaturalist-open-data.s3.amazonaws.com/photos/127523707/medium.jpg,NA,NA,NA,1,0,FALSE,3,"Inks Lake State Park, Burnet, TX, US",30.747545,-98.3591383333,48,NA,NA,NA,48,NA,open,FALSE,NA,NA,Eastern Collared Lizard,Crotaphytus collaris,Eastern Collared Lizard,Reptilia,33135
78158148,9ea43021-059c-4e58-8175-825fbf9cf88f,2021/04/21 12:12 PM CDT,2021-04-21,2021-04-22 02:12:00 +0900,Central Time (US & Canada),487427,jefferykarafa,NA,2021-05-10 09:13:48 +0900,2023-08-25 20:38:24 +0900,research,CC-BY-NC,https://www.inaturalist.org/observations/78158148,https://inaturalist-open-data.s3.amazonaws.com/photos/127850931/medium.jpeg,NA,Aspidoscelis,NA,2,0,FALSE,NA,"Cattail Falls, Texas 79834, USA",29.2735334,-103.3346215,1892,NA,NA,NA,1892,NA,open,FALSE,NA,NA,Eastern Collared Lizard,Crotaphytus collaris,Eastern Collared Lizard,Reptilia,33135
78194923,88cf890f-d806-4218-a050-00c8be6ab895,Sun Apr 11 2021 13:55:29 GMT-0500 (CDT),2021-04-11,2021-04-12 03:55:29 +0900,Central Time (US & Canada),13156,romeyswanson,Romey Swanson,2021-05-10 15:07:38 +0900,2021-05-10 21:45:29 +0900,research,CC-BY-NC,https://www.inaturalist.org/observations/78194923,https://inaturalist-open-data.s3.amazonaws.com/photos/127939140/medium.jpg,NA,NA,NA,1,0,FALSE,3,"US-87 N, Big Spring, TX, US",32.0464361667,-101.341125,10,NA,NA,NA,10,NA,open,FALSE,NA,NA,Eastern Collared Lizard,Crotaphytus collaris,Eastern Collared Lizard,Reptilia,33135
78452329,6d3ddd7c-ef03-4ac7-936e-ba425ab504b2,2021/05/11 1:49 PM CDT,2021-05-11,2021-05-12 03:49:00 +0900,Central Time (US & Canada),268486,brooksy,Jason Brooks,2021-05-12 21:51:35 +0900,2021-07-07 23:08:55 +0900,research,NA,https://www.inaturalist.org/observations/78452329,https://static.inaturalist.org/photos/128394420/medium.jpeg,NA,NA,NA,1,0,FALSE,NA,"Upton County, TX, USA",31.3823988647,-102.2401329859,40,NA,NA,NA,40,NA,open,FALSE,NA,NA,Eastern Collared Lizard,Crotaphytus collaris,Eastern Collared Lizard,Reptilia,33135
78531526,21794c02-f08a-461b-a597-c2d8072a0cab,Sat Apr 24 2021 11:16:30 GMT-0500 (CDT),2021-04-24,2021-04-24 20:16:30 +0900,UTC,2672208,michaelplay,NA,2021-05-13 10:55:03 +0900,2021-05-13 10:55:31 +0900,research,CC-BY-NC,https://www.inaturalist.org/observations/78531526,https://inaturalist-open-data.s3.amazonaws.com/photos/128533947/medium.jpg,NA,NA,NA,1,0,FALSE,3,"Inks Lake State Park, Burnet, TX, US",30.7476833333,-98.358895,5,NA,NA,NA,5,NA,open,FALSE,NA,NA,Eastern Collared Lizard,Crotaphytus collaris,Eastern Collared Lizard,Reptilia,33135
78748489,4f1d0a78-3785-4c8c-9788-fc4853f2d779,Fri May 14 2021 16:02:37 GMT-0500 (CDT),2021-05-14,2021-05-15 01:02:37 +0900,UTC,1767962,sheriffgator,NA,2021-05-15 06:03:51 +0900,2021-05-24 12:00:30 +0900,research,CC-BY-NC,https://www.inaturalist.org/observations/78748489,https://inaturalist-open-data.s3.amazonaws.com/photos/128916077/medium.jpg,NA,NA,NA,1,0,FALSE,3,"County Road 331, Paducah, TX, US",34.1166162724,-100.1300478169,5,NA,NA,NA,5,NA,open,FALSE,NA,NA,Eastern Collared Lizard,Crotaphytus collaris,Eastern Collared Lizard,Reptilia,33135
78906772,4daa10f7-8258-4cff-98a0-856143d57b5d,Sat May 15 2021 15:32:01 GMT-0500 (CDT),2021-05-15,2021-05-16 00:32:01 +0900,UTC,3566759,flickaflaw,NA,2021-05-16 07:39:05 +0900,2021-05-17 03:45:53 +0900,research,CC-BY-NC,https://www.inaturalist.org/observations/78906772,https://inaturalist-open-data.s3.amazonaws.com/photos/129186487/medium.jpg,NA,NA,NA,1,0,FALSE,3,"Palo Duro Canyon State Park, Canyon, TX, US",34.980975,-101.68023,6,NA,NA,NA,6,NA,open,FALSE,NA,NA,Eastern Collared Lizard,Crotaphytus collaris,Eastern Collared Lizard,Reptilia,33135
79026396,da183bc4-e124-422c-a8ab-823ee34457bd,2021/05/14 2:19 PM CDT,2021-05-14,2021-05-15 04:19:00 +0900,Central Time (US & Canada),18812,mako252,Jon McIntyre,2021-05-17 02:56:27 +0900,2023-08-25 20:38:17 +0900,research,CC-BY-NC,https://www.inaturalist.org/observations/79026396,https://inaturalist-open-data.s3.amazonaws.com/photos/129394057/medium.jpeg,NA,NA,DOR,4,0,FALSE,NA,"Brewster County, TX, USA",29.3232314932,-103.1981012234,8,NA,NA,NA,8,NA,open,FALSE,NA,NA,Eastern Collared Lizard,Crotaphytus collaris,Eastern Collared Lizard,Reptilia,33135
79033140,e2ec5b5b-c98d-473f-b356-0f8c63ae86f1,2021-05-10,2021-05-10,NA,Central Time (US & Canada),3103202,artmatthew,Matthew Sullivan,2021-05-17 03:31:55 +0900,2024-09-14 08:31:57 +0900,research,NA,https://www.inaturalist.org/observations/79033140,https://static.inaturalist.org/photos/129405771/medium.jpeg,NA,NA,NA,1,0,FALSE,2,"Canyon, TX 79015, USA",34.9333831472,-101.6380338371,3027,NA,NA,NA,3027,NA,open,FALSE,NA,NA,Eastern Collared Lizard,Crotaphytus collaris,Eastern Collared Lizard,Reptilia,33135
79038446,6885cdbf-074f-442b-8f9c-0ea2073a9063,2021/05/15 12:37 PM CDT,2021-05-15,2021-05-16 02:37:00 +0900,Central Time (US & Canada),18812,mako252,Jon McIntyre,2021-05-17 03:59:10 +0900,2021-05-27 03:19:30 +0900,research,CC-BY-NC,https://www.inaturalist.org/observations/79038446,https://inaturalist-open-data.s3.amazonaws.com/photos/129413067/medium.jpeg,NA,NA,AOR,3,0,FALSE,NA,"Val Verde County, TX, USA",29.7030853741,-101.349085547,8,NA,NA,NA,8,NA,open,FALSE,NA,NA,Eastern Collared Lizard,Crotaphytus collaris,Eastern Collared Lizard,Reptilia,33135
80195563,11725b3b-56c6-4e77-8c08-8c9859378335,2021/05/02 9:34 AM CDT,2021-05-02,2021-05-02 23:34:00 +0900,Central Time (US & Canada),115361,bgsmith,Brooke Smith,2021-05-25 11:41:06 +0900,2021-05-25 11:48:59 +0900,research,CC-BY,https://www.inaturalist.org/observations/80195563,https://inaturalist-open-data.s3.amazonaws.com/photos/131417143/medium.jpeg,NA,NA,NA,1,0,FALSE,NA,"Burnet County, TX, USA",30.7301701336,-98.3716261065,176,NA,NA,NA,176,NA,open,FALSE,NA,NA,Eastern Collared Lizard,Crotaphytus collaris,Eastern Collared Lizard,Reptilia,33135
80197415,c8407f3e-2367-482d-8cc5-3fe3632debf0,2021/05/22 2:24 PM CDT,2021-05-22,2021-05-23 04:24:00 +0900,Central Time (US & Canada),2576131,eldaniels,Haley Daniels,2021-05-25 12:02:29 +0900,2021-05-27 00:00:39 +0900,research,NA,https://www.inaturalist.org/observations/80197415,https://inaturalist-open-data.s3.amazonaws.com/photos/131417108/medium.jpeg,NA,NA,NA,1,0,FALSE,NA,"Briscoe County, TX, USA",34.4631857612,-101.0891423061,61,NA,NA,NA,61,NA,open,FALSE,NA,NA,Eastern Collared Lizard,Crotaphytus collaris,Eastern Collared Lizard,Reptilia,33135
80235330,80239145-b037-497a-aa7d-f153d553ab48,2021/05/24 11:19 AM CDT,2021-05-24,2021-05-25 01:19:00 +0900,Central Time (US & Canada),268486,brooksy,Jason Brooks,2021-05-25 22:59:50 +0900,2021-07-07 23:08:31 +0900,research,NA,https://www.inaturalist.org/observations/80235330,https://static.inaturalist.org/photos/131489887/medium.jpg,NA,NA,NA,1,0,FALSE,NA,"Upton County, TX, USA",31.5884271481,-102.1470604634,15,NA,NA,NA,15,NA,open,FALSE,NA,NA,Eastern Collared Lizard,Crotaphytus collaris,Eastern Collared Lizard,Reptilia,33135
80494519,c9185444-625a-4424-bada-6de830ec4f81,2021/05/23 9:31 PM UTC,2021-05-23,2021-05-24 06:31:00 +0900,UTC,1470679,tcakes,NA,2021-05-28 01:25:36 +0900,2023-08-25 20:40:29 +0900,research,CC-BY-NC,https://www.inaturalist.org/observations/80494519,https://inaturalist-open-data.s3.amazonaws.com/photos/131936793/medium.jpeg,NA,NA,NA,2,0,FALSE,NA,"Brewster County, TX, USA",29.6518812349,-103.0963372678,8,NA,NA,NA,8,NA,open,FALSE,NA,NA,Eastern Collared Lizard,Crotaphytus collaris,Eastern Collared Lizard,Reptilia,33135
80989794,5d1eed05-23c5-4fa8-83e8-d848b1a792d1,2021/05/27 1:03 PM CDT,2021-05-27,2021-05-28 03:03:00 +0900,Central Time (US & Canada),351491,lrraymond,NA,2021-05-31 12:26:48 +0900,2021-06-01 07:44:10 +0900,research,CC-BY-NC,https://www.inaturalist.org/observations/80989794,https://inaturalist-open-data.s3.amazonaws.com/photos/132790981/medium.jpeg,NA,NA,NA,1,0,FALSE,NA,"Inks Lake State Park, Burnet County, TX, USA",30.7480380584,-98.3590885479,2,NA,NA,NA,2,NA,open,FALSE,NA,NA,Halsband Leguan,Crotaphytus collaris,Eastern Collared Lizard,Reptilia,33135
81265354,481f35f5-d426-4e5f-8b4a-8d619f555c84,Sun May 16 2021 11:51:05 GMT-0500 (CDT),2021-05-16,2021-05-16 20:51:05 +0900,UTC,3186337,sara_boxturtle,Sara van der Leek,2021-06-02 12:54:44 +0900,2021-06-09 14:53:37 +0900,research,NA,https://www.inaturalist.org/observations/81265354,https://static.inaturalist.org/photos/133279568/medium.jpg,NA,NA,NA,2,0,FALSE,3,"Quitaque, TX, US",34.315205,-101.1807166667,3906,NA,NA,NA,3906,NA,open,FALSE,NA,NA,Eastern Collared Lizard,Crotaphytus collaris,Eastern Collared Lizard,Reptilia,33135
81498362,44de2bcf-04bb-439c-8d76-3b41b3e0ca45,Thu Jun 03 2021 15:12:52 GMT -0500 (CDT),2021-06-03,2021-06-04 04:12:52 +0900,Eastern Time (US & Canada),745026,naturalist_tam,NA,2021-06-04 08:30:59 +0900,2021-06-10 12:17:43 +0900,research,CC-BY-NC,https://www.inaturalist.org/observations/81498362,https://inaturalist-open-data.s3.amazonaws.com/photos/133682952/medium.jpeg,NA,NA,NA,1,0,FALSE,333,Canyon,34.9724845886,-101.6853713989,4886,NA,NA,NA,4886,NA,open,FALSE,NA,NA,Eastern Collared Lizard,Crotaphytus collaris,Eastern Collared Lizard,Reptilia,33135
81649474,e1e15364-7ecd-4ad9-811f-f60cdbfadc14,Fri Jun 04 2021 18:11:49 GMT-0500 (CDT),2021-06-04,2021-06-05 08:11:49 +0900,Central Time (US & Canada),9627,badger8181,Bryan Box,2021-06-05 10:58:02 +0900,2021-06-05 22:16:16 +0900,research,CC-BY-NC,https://www.inaturalist.org/observations/81649474,https://inaturalist-open-data.s3.amazonaws.com/photos/133934041/medium.jpg,NA,NA,NA,3,0,FALSE,3,"King County, US-TX, US",33.7504818337,-100.2121991013,5,NA,NA,NA,5,NA,open,FALSE,NA,NA,Eastern Collared Lizard,Crotaphytus collaris,Eastern Collared Lizard,Reptilia,33135
81738437,ede00d4e-15c7-44da-9ceb-049debe07ff2,2021-06-03 15:12:25,2021-06-03,2021-06-04 05:12:25 +0900,Central Time (US & Canada),1457379,joshb3,josh b,2021-06-06 02:59:57 +0900,2021-07-25 04:22:43 +0900,research,NA,https://www.inaturalist.org/observations/81738437,https://static.inaturalist.org/photos/134083580/medium.jpeg,NA,NA,NA,3,0,FALSE,2,"Texas, US",31.8823376471,-101.4982649429,NA,NA,NA,NA,29173,obscured,open,TRUE,gps,gps,Eastern Collared Lizard,Crotaphytus collaris,Eastern Collared Lizard,Reptilia,33135
81798469,85c8b106-f1a0-4315-9c2d-3faabd1dc693,2020/10/20 3:37 AM UTC,2020-10-20,2020-10-20 12:37:00 +0900,UTC,4289845,rachel_reagor,Rachel Reagor,2021-06-06 10:28:17 +0900,2021-06-08 07:35:18 +0900,research,NA,https://www.inaturalist.org/observations/81798469,https://static.inaturalist.org/photos/134182729/medium.jpeg,NA,NA,NA,2,0,FALSE,NA,"850 Caprock Canyon Park Road, Quitaque, TX 79255, USA",34.4369909,-101.0598617,194,NA,NA,NA,194,NA,open,FALSE,NA,NA,Eastern Collared Lizard,Crotaphytus collaris,Eastern Collared Lizard,Reptilia,33135
81949312,7aa3c966-a8d4-4f8f-bdab-24933f9cfc50,Fri Jun 04 2021 14:33:14 GMT-0500 (CDT),2021-06-04,2021-06-05 03:33:14 +0900,Eastern Time (US & Canada),4105362,naturalyama,NA,2021-06-07 08:36:41 +0900,2021-06-07 10:21:11 +0900,research,CC-BY-NC,https://www.inaturalist.org/observations/81949312,https://inaturalist-open-data.s3.amazonaws.com/photos/134454668/medium.jpg,NA,NA,NA,1,0,FALSE,3,"Caprock Canyons State Park & Trailway, Quitaque, TX, US",34.4445046687,-101.0544422326,1656,NA,NA,NA,1656,NA,open,FALSE,NA,NA,Eastern Collared Lizard,Crotaphytus collaris,Eastern Collared Lizard,Reptilia,33135
81964974,53121f10-8399-41aa-8a4a-89b4d7365b17,Sun Jun 06 2021 16:36:00 GMT-0500 (CDT),2021-06-06,2021-06-07 01:36:00 +0900,UTC,857841,susansayen,Susan Sayen,2021-06-07 10:37:00 +0900,2021-06-07 23:15:00 +0900,research,NA,https://www.inaturalist.org/observations/81964974,https://static.inaturalist.org/photos/134480509/medium.jpg,NA,NA,NA,1,0,FALSE,3,"Inks Lake State Park, Burnet, TX, US",30.7430965082,-98.3617498075,5,NA,NA,NA,5,NA,open,FALSE,NA,NA,Eastern Collared Lizard,Crotaphytus collaris,Eastern Collared Lizard,Reptilia,33135
82065994,a346b170-7ed9-4652-9419-ed62c3cc62b4,Mon Jun 07 2021 07:51:07 GMT-0500 (CDT),2021-06-07,2021-06-07 16:51:07 +0900,UTC,4549466,saritabandita,Sarah Killian,2021-06-08 04:32:42 +0900,2021-06-08 05:19:22 +0900,research,NA,https://www.inaturalist.org/observations/82065994,https://static.inaturalist.org/photos/134658950/medium.jpg,NA,NA,NA,1,0,FALSE,3,"Silverton, TX, US",34.5106742011,-101.1420156642,121,NA,NA,NA,121,NA,open,FALSE,NA,NA,Eastern Collared Lizard,Crotaphytus collaris,Eastern Collared Lizard,Reptilia,33135
82066067,fbf828a3-2dfd-46c1-8803-a06fb9e0bc58,Mon Jun 07 2021 07:44:36 GMT-0500 (CDT),2021-06-07,2021-06-07 16:44:36 +0900,UTC,4549466,saritabandita,Sarah Killian,2021-06-08 04:33:22 +0900,2021-06-09 14:52:54 +0900,research,NA,https://www.inaturalist.org/observations/82066067,https://static.inaturalist.org/photos/134659068/medium.jpg,NA,NA,NA,2,0,FALSE,3,"Silverton, TX, US",34.5123062644,-101.1358076385,395,NA,NA,NA,395,NA,open,FALSE,NA,NA,Eastern Collared Lizard,Crotaphytus collaris,Eastern Collared Lizard,Reptilia,33135
82456349,5e78320f-f3a4-4098-a965-b16c40a05996,Mon Aug 10 2020 13:02:00 GMT -0600 (MDT),2020-08-10,2020-08-11 04:02:00 +0900,Mountain Time (US & Canada),4563743,sulphercat,NA,2021-06-11 04:05:45 +0900,2021-06-15 11:09:04 +0900,research,CC-BY-NC,https://www.inaturalist.org/observations/82456349,https://inaturalist-open-data.s3.amazonaws.com/photos/135331803/medium.jpeg,NA,NA,NA,3,1,FALSE,333,Del Rio,29.4896755219,-101.0680007935,799,NA,NA,NA,799,NA,open,FALSE,NA,NA,Eastern Collared Lizard,Crotaphytus collaris,Eastern Collared Lizard,Reptilia,33135
82572481,25104d31-46af-41d8-9e79-18e7f54771fa,Fri Jun 11 2021 11:00:00 GMT-0500 (CDT),2021-06-11,2021-06-12 00:00:00 +0900,Eastern Time (US & Canada),16504,kabn5,Kelly Niland,2021-06-12 02:43:01 +0900,2025-02-05 14:43:29 +0900,research,CC-BY-NC,https://www.inaturalist.org/observations/82572481,https://inaturalist-open-data.s3.amazonaws.com/photos/135534075/medium.jpg,NA,NA,NA,1,0,FALSE,3,"Claude, TX, US",34.8932994967,-101.4822939152,274,NA,NA,NA,274,NA,open,FALSE,NA,NA,Eastern Collared Lizard,Crotaphytus collaris,Eastern Collared Lizard,Reptilia,33135
82574563,d1362d0d-c258-4e1e-9c50-f8f251eb0d08,Fri Jun 11 2021 10:20:24 GMT-0500 (CDT),2021-06-11,2021-06-11 19:20:24 +0900,UTC,3142942,adamkohler,NA,2021-06-12 03:00:29 +0900,2021-06-12 04:18:34 +0900,research,CC-BY-NC,https://www.inaturalist.org/observations/82574563,https://inaturalist-open-data.s3.amazonaws.com/photos/135537962/medium.jpg,NA,NA,NA,1,0,FALSE,3,"Palo Duro Canyon State Park, Canyon, TX, US",34.980331219200004,-101.6849208168,53,NA,NA,NA,53,NA,open,FALSE,NA,NA,Eastern Collared Lizard,Crotaphytus collaris,Eastern Collared Lizard,Reptilia,33135
82574718,154d418b-4395-45d1-841e-cf91c347ac20,Fri Jun 11 2021 10:54:30 GMT-0500 (CDT),2021-06-11,2021-06-11 19:54:30 +0900,UTC,3142942,adamkohler,NA,2021-06-12 03:01:53 +0900,2021-06-12 04:18:23 +0900,research,CC-BY-NC,https://www.inaturalist.org/observations/82574718,https://inaturalist-open-data.s3.amazonaws.com/photos/135538316/medium.jpg,NA,NA,NA,1,0,FALSE,3,"Palo Duro Canyon State Park, Canyon, TX, US",34.978854049,-101.6838856628,250,NA,NA,NA,250,NA,open,FALSE,NA,NA,Eastern Collared Lizard,Crotaphytus collaris,Eastern Collared Lizard,Reptilia,33135
82898041,793befb2-8347-484e-ae17-d9700ba9988e,Tue Jun 08 2021 17:14:57 GMT-0600 (MDT),2021-06-08,2021-06-09 08:14:57 +0900,Mountain Time (US & Canada),3653935,naenriquez2,NA,2021-06-14 05:09:12 +0900,2023-09-14 09:11:48 +0900,research,CC-BY-NC,https://www.inaturalist.org/observations/82898041,https://inaturalist-open-data.s3.amazonaws.com/photos/136096096/medium.jpg,NA,NA,NA,2,0,FALSE,3,"Fort Hancock, TX, US",30.78771167,-105.01830283,5,NA,NA,NA,5,NA,open,FALSE,NA,NA,Eastern Collared Lizard,Crotaphytus collaris,Eastern Collared Lizard,Reptilia,33135
83125759,ace5ebb1-1d6e-404c-a2b4-2b9898a29fe7,Mon Jun 14 2021 18:51:32 GMT-0500 (CDT),2021-06-14,2021-06-15 08:51:32 +0900,Central Time (US & Canada),1905417,mjschillin,MJ -Blanco TX,2021-06-15 22:01:16 +0900,2021-06-16 03:58:41 +0900,research,CC-BY-NC,https://www.inaturalist.org/observations/83125759,https://inaturalist-open-data.s3.amazonaws.com/photos/136497173/medium.jpg,NA,NA,NA,1,0,FALSE,3,"Texas, US",30.0349279794,-98.5156977515,1769,NA,NA,NA,29407,obscured,open,TRUE,NA,NA,Eastern Collared Lizard,Crotaphytus collaris,Eastern Collared Lizard,Reptilia,33135
83194695,81ae4181-9906-499f-911b-1b543b345cc2,Thu Jun 10 2021 10:55:01 GMT-0500 (CDT),2021-06-10,2021-06-11 00:55:01 +0900,Central Time (US & Canada),1390823,naturallycq,Constance Quigley,2021-06-16 07:45:32 +0900,2021-06-16 07:56:46 +0900,research,NA,https://www.inaturalist.org/observations/83194695,https://static.inaturalist.org/photos/136613919/medium.jpg,NA,NA,NA,1,0,FALSE,3,"Caprock Canyons State Park & Trailway, Quitaque, TX, US",34.4478083333,-101.0829861667,4,NA,NA,NA,4,NA,open,FALSE,NA,NA,Eastern Collared Lizard,Crotaphytus collaris,Eastern Collared Lizard,Reptilia,33135
83347930,349a68db-e45e-478e-a6ff-32cfbbf5d6d4,2021/06/10 10:35 AM CDT,2021-06-10,2021-06-11 00:35:00 +0900,Central Time (US & Canada),2712810,planescarf,NA,2021-06-17 12:22:36 +0900,2021-06-17 22:50:18 +0900,research,CC-BY-NC,https://www.inaturalist.org/observations/83347930,https://inaturalist-open-data.s3.amazonaws.com/photos/136875178/medium.jpeg,NA,NA,NA,1,0,FALSE,NA,"Texas, US",34.8560482716,-101.6694595212,2509,NA,NA,NA,28762,obscured,open,TRUE,NA,NA,Eastern Collared Lizard,Crotaphytus collaris,Eastern Collared Lizard,Reptilia,33135
83990186,3da56af1-40e3-4f25-aed5-4250156009f1,Sun Jun 10 2018 15:36:12 GMT-0500 (CDT),2018-06-10,2018-06-11 10:36:12 +0900,Hawaii,115150,mjk3,NA,2021-06-22 07:22:39 +0900,2021-06-22 22:38:19 +0900,research,CC-BY-NC,https://www.inaturalist.org/observations/83990186,https://inaturalist-open-data.s3.amazonaws.com/photos/137995860/medium.jpg,NA,NA,NA,1,0,FALSE,3,"Franklin Mountains State Park, El Paso, TX, US",31.8465866667,-106.4946583333,30,NA,NA,NA,30,NA,open,FALSE,NA,NA,Eastern Collared Lizard,Crotaphytus collaris,Eastern Collared Lizard,Reptilia,33135
83996653,0d79b959-da07-4d02-a544-3e395b89a13a,2008/04/30 10:28 AM CDT,2008-04-30,2008-05-01 00:28:00 +0900,Central Time (US & Canada),59933,brushfreeman,Brush F,2021-06-22 08:23:15 +0900,2021-06-22 10:57:03 +0900,research,CC-BY,https://www.inaturalist.org/observations/83996653,https://inaturalist-open-data.s3.amazonaws.com/photos/138006188/medium.jpg,NA,NA,NA,1,0,FALSE,NA,"Archer County, TX, USA",33.585166861,-98.5426610998,244,NA,NA,NA,244,NA,open,FALSE,NA,NA,Eastern Collared Lizard,Crotaphytus collaris,Eastern Collared Lizard,Reptilia,33135
84134394,0680de27-cdad-4ddd-85d5-7d39ffe6b619,2021-06-22 15:01:34,2021-06-22,2021-06-23 05:01:34 +0900,Central Time (US & Canada),2035542,de_and_amelia,NA,2021-06-23 11:15:48 +0900,2021-06-26 14:49:43 +0900,research,CC-BY-NC,https://www.inaturalist.org/observations/84134394,https://inaturalist-open-data.s3.amazonaws.com/photos/138598806/medium.jpeg,NA,NA,NA,2,0,FALSE,2,Alibates Flint Quarries National Monument,35.5836086486,-101.6698300838,1495,NA,NA,NA,1495,NA,open,FALSE,gps,gps,Eastern Collared Lizard,Crotaphytus collaris,Eastern Collared Lizard,Reptilia,33135
84243775,b626ddae-9565-468b-a1b0-7badc638bf1a,Tue Jun 22 2021 11:08:25 GMT-0500 (CDT),2021-06-22,2021-06-22 20:08:25 +0900,UTC,3283088,kdoherty2,NA,2021-06-24 08:27:37 +0900,2021-07-01 07:27:24 +0900,research,CC-BY-NC,https://www.inaturalist.org/observations/84243775,https://inaturalist-open-data.s3.amazonaws.com/photos/138440508/medium.jpg,NA,NA,NA,3,0,FALSE,3,"Palo Duro Canyon State Park, Happy, TX, US",34.8912054368,-101.6036709294,259,NA,NA,NA,259,NA,open,FALSE,NA,NA,Eastern Collared Lizard,Crotaphytus collaris,Eastern Collared Lizard,Reptilia,33135
84873610,831761d6-f820-45bd-b192-b5f77dc10f9c,2021/06/10 12:39 PM CDT,2021-06-10,2021-06-11 02:39:00 +0900,Central Time (US & Canada),454222,lorif,NA,2021-06-29 02:44:07 +0900,2021-06-29 03:13:39 +0900,research,CC-BY-NC,https://www.inaturalist.org/observations/84873610,https://inaturalist-open-data.s3.amazonaws.com/photos/139550660/medium.jpg,NA,NA,NA,1,0,FALSE,NA,"Randall County, TX, USA",34.9192475649,-101.6752517373,977,NA,NA,NA,977,NA,open,FALSE,NA,NA,Eastern Collared Lizard,Crotaphytus collaris,Eastern Collared Lizard,Reptilia,33135
84900558,206e9355-f5c4-4763-b2da-666df4441d3d,Thu Jun 03 2021 15:12:47 GMT-0500 (CDT),2021-06-03,2021-06-04 05:12:47 +0900,Central Time (US & Canada),357446,jh1792,Jason Hunt,2021-06-29 06:28:50 +0900,2022-09-08 23:25:56 +0900,research,CC-BY-NC,https://www.inaturalist.org/observations/84900558,https://inaturalist-open-data.s3.amazonaws.com/photos/139600409/medium.jpg,NA,NA,NA,2,0,FALSE,3,"Big Spring, TX, US",31.9622633333,-101.4456466667,5,NA,NA,NA,5,NA,open,FALSE,NA,NA,Eastern Collared Lizard,Crotaphytus collaris,Eastern Collared Lizard,Reptilia,33135
85333162,f0c0ea7b-15f5-4ab2-aa80-0e299db7c643,2021/06/30 12:54 PM CDT,2021-06-30,2021-07-01 02:54:00 +0900,Central Time (US & Canada),268486,brooksy,Jason Brooks,2021-07-02 22:39:23 +0900,2021-07-07 23:08:01 +0900,research,NA,https://www.inaturalist.org/observations/85333162,https://static.inaturalist.org/photos/140384172/medium.jpeg,NA,NA,NA,2,0,FALSE,NA,"Upton County, TX, USA",31.4867689386,-102.0988397269,61,NA,NA,NA,61,NA,open,FALSE,NA,NA,Eastern Collared Lizard,Crotaphytus collaris,Eastern Collared Lizard,Reptilia,33135
85503192,dd57601e-f3f1-4a32-a250-ac3992dafdd9,2021/06/22 11:20 AM PDT,2021-06-22,2021-06-23 03:20:00 +0900,Pacific Time (US & Canada),718187,jspaulding,NA,2021-07-04 03:23:45 +0900,2021-07-08 07:29:55 +0900,research,CC-BY-NC,https://www.inaturalist.org/observations/85503192,https://inaturalist-open-data.s3.amazonaws.com/photos/140686481/medium.jpeg,NA,NA,NA,1,0,FALSE,NA,Palo Duro Canyon SP,34.9635191555,-101.6707356657,136,NA,NA,NA,136,NA,open,FALSE,NA,NA,Eastern Collared Lizard,Crotaphytus collaris,Eastern Collared Lizard,Reptilia,33135
85503193,34dfe719-9b0c-4f83-9a7c-817f5faf3ae9,2021/06/22 10:29 AM PDT,2021-06-22,2021-06-23 02:29:00 +0900,Pacific Time (US & Canada),718187,jspaulding,NA,2021-07-04 03:23:45 +0900,2021-07-06 07:55:25 +0900,research,CC-BY-NC,https://www.inaturalist.org/observations/85503193,https://inaturalist-open-data.s3.amazonaws.com/photos/140686451/medium.jpg,NA,NA,NA,1,0,FALSE,NA,Palo Duro Canyon SP,34.9374521556,-101.6588973999,4999,NA,NA,NA,4999,NA,open,FALSE,NA,NA,Eastern Collared Lizard,Crotaphytus collaris,Eastern Collared Lizard,Reptilia,33135
85503203,837f3d2e-12bb-4906-a34a-167bae4a0006,2021/06/22 11:21 AM PDT,2021-06-22,2021-06-23 03:21:00 +0900,Pacific Time (US & Canada),718187,jspaulding,NA,2021-07-04 03:23:47 +0900,2021-07-06 07:55:17 +0900,research,CC-BY-NC,https://www.inaturalist.org/observations/85503203,https://inaturalist-open-data.s3.amazonaws.com/photos/140686580/medium.jpg,NA,NA,NA,1,0,FALSE,NA,Palo Duro Canyon SP,34.9635191555,-101.6707356657,136,NA,NA,NA,136,NA,open,FALSE,NA,NA,Eastern Collared Lizard,Crotaphytus collaris,Eastern Collared Lizard,Reptilia,33135
85503204,0be28780-e142-40e0-954e-3bd6f4c71f84,2021/06/22 11:22 AM PDT,2021-06-22,2021-06-23 03:22:00 +0900,Pacific Time (US & Canada),718187,jspaulding,NA,2021-07-04 03:23:47 +0900,2021-07-05 22:20:37 +0900,research,CC-BY-NC,https://www.inaturalist.org/observations/85503204,https://inaturalist-open-data.s3.amazonaws.com/photos/140686593/medium.jpg,NA,NA,NA,1,0,FALSE,NA,Palo Duro Canyon SP,34.9635191555,-101.6707356657,136,NA,NA,NA,136,NA,open,FALSE,NA,NA,Eastern Collared Lizard,Crotaphytus collaris,Eastern Collared Lizard,Reptilia,33135
85630912,8b1570b3-a5ef-4c4f-a74e-b02259206d9e,Sat Jul 03 2021 11:39:21 GMT-0500 (CDT),2021-07-03,2021-07-03 20:39:21 +0900,UTC,1509778,domesticatedoutdoors,Billye Trader,2021-07-05 00:47:18 +0900,2021-07-06 07:54:38 +0900,research,NA,https://www.inaturalist.org/observations/85630912,https://static.inaturalist.org/photos/140922511/medium.jpg,NA,NA,NA,1,0,FALSE,3,"Palo Duro Canyon State Park, Canyon, TX, US",34.9683716667,-101.6801533333,4,NA,NA,NA,4,NA,open,FALSE,NA,NA,Eastern Collared Lizard,Crotaphytus collaris,Eastern Collared Lizard,Reptilia,33135
85632941,1c6476ed-bb73-488a-9985-049a9f24682a,Sat Aug 24 2019 12:12:34 GMT -0500 (CDT),2019-08-24,2019-08-25 02:12:34 +0900,Central Time (US & Canada),4680183,matchingmole,NA,2021-07-05 01:02:03 +0900,2021-07-08 07:33:49 +0900,research,CC-BY-NC,https://www.inaturalist.org/observations/85632941,https://inaturalist-open-data.s3.amazonaws.com/photos/141465059/medium.jpeg,NA,NA,NA,1,0,FALSE,333,Palo Duro canyon,34.937171,-101.65893,NA,NA,NA,NA,NA,NA,open,FALSE,NA,NA,Eastern Collared Lizard,Crotaphytus collaris,Eastern Collared Lizard,Reptilia,33135
85655856,25f919e7-1bce-499a-b576-0a88188d89a5,Sat Jun 26 2021 08:52:31 GMT -0600 (MDT),2021-06-26,2021-06-26 23:52:31 +0900,Mountain Time (US & Canada),4681123,sentinel465,NA,2021-07-05 03:32:49 +0900,2021-07-13 21:24:03 +0900,research,CC-BY-NC,https://www.inaturalist.org/observations/85655856,https://inaturalist-open-data.s3.amazonaws.com/photos/143134794/medium.jpeg,NA,NA,NA,1,0,FALSE,333,El Paso,31.9054279327,-106.4947433472,NA,NA,NA,NA,NA,NA,open,FALSE,NA,NA,Eastern Collared Lizard,Crotaphytus collaris,Eastern Collared Lizard,Reptilia,33135
85706709,954630a0-4994-424d-ae01-e47b99fa6ab2,Sun Jul 04 2021 17:17:07 GMT-0500 (CDT),2021-07-04,2021-07-05 07:17:07 +0900,Central Time (US & Canada),327416,texslm,NA,2021-07-05 09:53:24 +0900,2021-07-09 21:52:23 +0900,research,CC-BY-NC,https://www.inaturalist.org/observations/85706709,https://inaturalist-open-data.s3.amazonaws.com/photos/141061512/medium.jpg,NA,NA,NA,1,0,FALSE,3,"Palo Duro Canyon State Park, Canyon, TX, US",34.9120223777,-101.64245224,3505,NA,NA,NA,3505,NA,open,FALSE,NA,NA,Eastern Collared Lizard,Crotaphytus collaris,Eastern Collared Lizard,Reptilia,33135
85737591,14e01e61-96a1-498a-8343-5beedf790715,Sun Jul 04 2021 14:44:55 GMT-0600 (MDT),2021-07-04,2021-07-05 05:44:55 +0900,Mountain Time (US & Canada),3263570,sgt_scales,NA,2021-07-05 16:40:44 +0900,2021-07-22 03:26:20 +0900,research,CC-BY-NC,https://www.inaturalist.org/observations/85737591,https://inaturalist-open-data.s3.amazonaws.com/photos/141120688/medium.jpg,NA,NA,NA,2,0,FALSE,3,"Franklin Mountains State Park, El Paso, TX, US",31.93095,-106.5147383333,4,NA,NA,NA,4,NA,open,FALSE,NA,NA,Eastern Collared Lizard,Crotaphytus collaris,Eastern Collared Lizard,Reptilia,33135
85967689,2eeea0a9-777b-44c5-9303-566ec2150836,Thu Jul 01 2021 10:00:00 GMT-0600 (MDT),2021-07-01,2021-07-02 01:00:00 +0900,Mountain Time (US & Canada),4602514,hectorruiz7771,NA,2021-07-07 07:21:33 +0900,2021-07-28 05:08:14 +0900,research,CC-BY-NC,https://www.inaturalist.org/observations/85967689,https://inaturalist-open-data.s3.amazonaws.com/photos/141540156/medium.jpg,NA,NA,NA,3,1,FALSE,3,"Franklin Mountains State Park, El Paso, TX, US",31.9009780489,-106.5067138672,3102,NA,NA,NA,3102,NA,open,FALSE,NA,NA,Eastern Collared Lizard,Crotaphytus collaris,Eastern Collared Lizard,Reptilia,33135
86003703,b816c670-89d8-43fb-8f92-f5f5b4dde75d,Tue Jul 06 2021 12:32:11 GMT-0600 (MDT),2021-07-06,2021-07-07 03:32:11 +0900,Mountain Time (US & Canada),1213864,jaycrossley,NA,2021-07-07 14:47:51 +0900,2021-07-08 07:18:26 +0900,research,NA,https://www.inaturalist.org/observations/86003703,https://static.inaturalist.org/photos/141607634/medium.jpg,NA,NA,NA,1,0,FALSE,3,"Palo Duro Canyon State Park, Canyon, TX, US",34.97887,-101.67855,4,NA,NA,NA,4,NA,open,FALSE,NA,NA,Eastern Collared Lizard,Crotaphytus collaris,Eastern Collared Lizard,Reptilia,33135
86003878,9f274897-55c3-4253-974a-ccc676cb868f,Tue Jul 06 2021 11:54:35 GMT-0600 (MDT),2021-07-06,2021-07-07 02:54:35 +0900,Mountain Time (US & Canada),1213864,jaycrossley,NA,2021-07-07 14:52:16 +0900,2021-07-08 07:18:03 +0900,research,NA,https://www.inaturalist.org/observations/86003878,https://static.inaturalist.org/photos/141608050/medium.jpg,NA,NA,NA,1,0,FALSE,3,"Palo Duro Canyon State Park, Canyon, TX, US",34.9789716667,-101.6784966667,4,NA,NA,NA,4,NA,open,FALSE,NA,NA,Eastern Collared Lizard,Crotaphytus collaris,Eastern Collared Lizard,Reptilia,33135
86003899,c371adf9-e2a6-47cf-9add-1e870f0561c2,Tue Jul 06 2021 12:26:17 GMT-0600 (MDT),2021-07-06,2021-07-07 03:26:17 +0900,Mountain Time (US & Canada),1213864,jaycrossley,NA,2021-07-07 14:52:53 +0900,2021-07-12 09:30:59 +0900,research,NA,https://www.inaturalist.org/observations/86003899,https://static.inaturalist.org/photos/142360251/medium.jpg,NA,NA,NA,1,0,FALSE,3,"Palo Duro Canyon State Park, Canyon, TX, US",34.97903,-101.67868,4,NA,NA,NA,4,NA,open,FALSE,NA,NA,Eastern Collared Lizard,Crotaphytus collaris,Eastern Collared Lizard,Reptilia,33135
86120822,17dd2c96-9482-44c7-b52a-a3476e6979ed,Sat Jun 18 2016 11:59:17 GMT -0500 (CDT),2016-06-18,2016-06-18 20:59:17 +0900,UTC,150532,pescador,NA,2021-07-08 12:26:18 +0900,2021-07-09 00:04:13 +0900,research,CC-BY-NC,https://www.inaturalist.org/observations/86120822,https://inaturalist-open-data.s3.amazonaws.com/photos/141821808/medium.jpeg,NA,NA,NA,1,0,FALSE,333,Canyon,34.9616546631,-101.6814727783,NA,NA,NA,NA,NA,NA,open,FALSE,NA,NA,Eastern Collared Lizard,Crotaphytus collaris,Eastern Collared Lizard,Reptilia,33135
86195327,1fb5dc66-b382-4514-9aeb-e11c93008ac8,2021-07-06 21:35:00,2021-07-06,2021-07-07 06:35:00 +0900,UTC,1309562,mckcolin,NA,2021-07-09 04:17:58 +0900,2021-07-09 06:03:24 +0900,research,NA,https://www.inaturalist.org/observations/86195327,https://static.inaturalist.org/photos/141954702/medium.jpeg,NA,NA,NA,1,0,FALSE,2,"El Paso, TX, USA",31.914862096,-106.5042791516,471,NA,NA,NA,471,NA,open,FALSE,gps,gps,Eastern Collared Lizard,Crotaphytus collaris,Eastern Collared Lizard,Reptilia,33135
86233972,6df3908b-d9d9-4d6a-b8aa-ca9c3254f3ae,2021/07/08 9:20 AM CDT,2021-07-08,2021-07-08 23:20:00 +0900,Central Time (US & Canada),1757006,scottylofland,Scotty Lofland,2021-07-09 10:50:51 +0900,2021-07-12 07:39:00 +0900,research,CC-BY-NC,https://www.inaturalist.org/observations/86233972,https://inaturalist-open-data.s3.amazonaws.com/photos/142027031/medium.jpg,NA,NA,NA,1,0,FALSE,NA,"Texas, US",33.4019375057,-101.1425718597,122,"Crosby County, TX, USA",33.4836291253,-101.1055760471,28957,obscured,open,TRUE,NA,NA,Eastern Collared Lizard,Crotaphytus collaris,Eastern Collared Lizard,Reptilia,33135
86247534,741b84f2-9caf-47de-8f07-9f22118e8ccf,Wed Mar 17 2021 13:32:23 GMT-0500 (CDT),2021-03-17,2021-03-17 22:32:23 +0900,UTC,4369016,addie33,Addie Chauvin,2021-07-09 13:54:36 +0900,2021-07-24 06:23:03 +0900,research,NA,https://www.inaturalist.org/observations/86247534,https://static.inaturalist.org/photos/142053574/medium.jpg,NA,NA,NA,2,0,FALSE,3,"Inks Lake State Park, Burnet, TX, US",30.74768,-98.3591216667,6,NA,NA,NA,6,NA,open,FALSE,NA,NA,Eastern Collared Lizard,Crotaphytus collaris,Eastern Collared Lizard,Reptilia,33135
87147397,a828c14b-fe9a-44b7-a92a-f75fef0bf527,Sat May 30 2020 10:05:45 GMT-0500 (CDT),2020-05-30,2020-05-30 19:05:45 +0900,UTC,4373650,jacob_cates,Jacob Cates,2021-07-16 00:09:32 +0900,2021-08-26 07:20:16 +0900,research,NA,https://www.inaturalist.org/observations/87147397,https://static.inaturalist.org/photos/143632074/medium.jpg,NA,NA,NA,2,0,FALSE,3,"Palo Duro Canyon State Park, Canyon, TX, US",34.97313,-101.672395,5,NA,NA,NA,5,NA,open,FALSE,NA,NA,Eastern Collared Lizard,Crotaphytus collaris,Eastern Collared Lizard,Reptilia,33135
87307493,36d1db40-9c4e-4336-a36a-89def1a9eac3,2021/07/15 11:27 AM CDT,2021-07-15,2021-07-16 01:27:00 +0900,Central Time (US & Canada),15215,centratex,blake hendon,2021-07-17 04:35:26 +0900,2023-04-20 22:35:16 +0900,research,CC-BY-NC,https://www.inaturalist.org/observations/87307493,https://inaturalist-open-data.s3.amazonaws.com/photos/143923201/medium.jpeg,NA,NA,NA,1,0,FALSE,NA,"Travis County, TX, USA",30.5847664431,-98.0444076324,35,NA,NA,NA,35,NA,open,FALSE,NA,NA,Eastern Collared Lizard,Crotaphytus collaris,Eastern Collared Lizard,Reptilia,33135
87639719,4e9f850b-e967-497c-86f1-df4ec0fd90f7,Sun Jul 18 2021 17:08:32 GMT-0500 (CDT),2021-07-18,2021-07-19 07:08:32 +0900,Central Time (US & Canada),583980,joseph_fiorenza,Joseph Fiorenza,2021-07-19 08:33:12 +0900,2021-07-19 08:38:09 +0900,research,NA,https://www.inaturalist.org/observations/87639719,https://static.inaturalist.org/photos/144513201/medium.jpg,NA,NA,NA,1,0,FALSE,3,"Palo Duro Canyon State Park, Canyon, TX, US",34.9792833333,-101.6787633333,12,NA,NA,NA,12,NA,open,FALSE,NA,NA,Eastern Collared Lizard,Crotaphytus collaris,Eastern Collared Lizard,Reptilia,33135
87639913,0c438ef7-0a71-4a63-9c37-1abe81f0e181,Sun Jul 18 2021 11:07:11 GMT-0500 (CDT),2021-07-18,2021-07-19 01:07:11 +0900,Central Time (US & Canada),583980,joseph_fiorenza,Joseph Fiorenza,2021-07-19 08:34:58 +0900,2021-07-19 10:01:31 +0900,research,NA,https://www.inaturalist.org/observations/87639913,https://static.inaturalist.org/photos/144513818/medium.jpg,NA,NA,NA,1,0,FALSE,3,"Palo Duro Canyon State Park, Canyon, TX, US",34.9558866667,-101.676375,10,NA,NA,NA,10,NA,open,FALSE,NA,NA,Eastern Collared Lizard,Crotaphytus collaris,Eastern Collared Lizard,Reptilia,33135
87677058,48fffbe4-3863-492d-a4a8-e0233d45546a,Sun Jul 18 2021 11:15:11 GMT-0500 (CDT),2021-07-18,2021-07-19 01:15:11 +0900,Central Time (US & Canada),583980,joseph_fiorenza,Joseph Fiorenza,2021-07-19 14:38:30 +0900,2021-07-19 21:25:16 +0900,research,NA,https://www.inaturalist.org/observations/87677058,https://static.inaturalist.org/photos/144580702/medium.jpg,NA,NA,NA,1,0,FALSE,3,"Palo Duro Canyon State Park, Canyon, TX, US",34.955355,-101.6798783333,27,NA,NA,NA,27,NA,open,FALSE,NA,NA,Eastern Collared Lizard,Crotaphytus collaris,Eastern Collared Lizard,Reptilia,33135
88041608,e656372f-07fc-4ccb-b0b4-bab8d5791c49,Wed Jul 21 2021 11:03:52 GMT-0500 (CDT),2021-07-21,2021-07-21 20:03:52 +0900,UTC,1686438,ccddave,David L. Brandon,2021-07-22 06:07:58 +0900,2021-07-24 15:55:11 +0900,research,CC-BY-NC,https://www.inaturalist.org/observations/88041608,https://inaturalist-open-data.s3.amazonaws.com/photos/145268846/medium.jpg,NA,NA,NA,1,0,FALSE,3,"Palo Duro Canyon State Park, Canyon, TX, US",34.9683587006,-101.6803349372,9,NA,NA,NA,9,NA,open,FALSE,NA,NA,Eastern Collared Lizard,Crotaphytus collaris,Eastern Collared Lizard,Reptilia,33135
88715134,f4912bd9-82d6-4efd-90c6-f420c507c6f6,Mon Jul 26 2021 12:26:16 GMT-0500 (CDT),2021-07-26,2021-07-26 21:26:16 +0900,UTC,3009543,changewing,NA,2021-07-27 02:39:58 +0900,2021-07-27 04:11:46 +0900,research,CC-BY-NC,https://www.inaturalist.org/observations/88715134,https://inaturalist-open-data.s3.amazonaws.com/photos/146408657/medium.jpg,NA,NA,NA,1,0,FALSE,3,"Palo Duro Canyon State Park, Canyon, TX, US",34.9120223777,-101.64245224,3505,NA,NA,NA,3505,NA,open,FALSE,NA,NA,Eastern Collared Lizard,Crotaphytus collaris,Eastern Collared Lizard,Reptilia,33135
88859990,b24c79f6-8e81-40ad-9915-17944264e406,Tue Jul 27 2021 15:03:35 GMT-0500 (CDT),2021-07-27,2021-07-28 05:03:35 +0900,Central Time (US & Canada),3682429,sitnam90,NA,2021-07-28 05:04:31 +0900,2021-08-04 07:56:31 +0900,research,CC-BY-NC,https://www.inaturalist.org/observations/88859990,https://inaturalist-open-data.s3.amazonaws.com/photos/146746245/medium.jpg,NA,NA,NA,1,0,FALSE,3,"Mentone, TX, US",31.6532161055,-103.4995995931,906,NA,NA,NA,906,NA,open,FALSE,NA,NA,Eastern Collared Lizard,Crotaphytus collaris,Eastern Collared Lizard,Reptilia,33135
89264325,39a11d39-8c1c-454e-816e-0a463caa952a,Fri Jul 30 2021 19:07:04 GMT-0500 (CDT),2021-07-30,2021-07-31 04:07:04 +0900,UTC,588930,lemoniak,NA,2021-07-31 09:41:43 +0900,2021-08-01 02:49:09 +0900,research,NA,https://www.inaturalist.org/observations/89264325,https://static.inaturalist.org/photos/147389066/medium.jpg,NA,NA,NA,1,0,FALSE,3,"Randall County, US-TX, US",34.9823000654,-101.6878320172,9,NA,NA,NA,9,NA,open,FALSE,NA,NA,Eastern Collared Lizard,Crotaphytus collaris,Eastern Collared Lizard,Reptilia,33135
89272720,150305d0-5e2f-46da-a218-8283b41342c5,2021-07-30 16:40:02,2021-07-30,2021-07-31 06:40:02 +0900,Central Time (US & Canada),4788705,greg_1,NA,2021-07-31 11:18:50 +0900,2023-07-05 03:16:01 +0900,research,CC-BY-NC,https://www.inaturalist.org/observations/89272720,https://inaturalist-open-data.s3.amazonaws.com/photos/147405229/medium.jpeg,NA,NA,NA,1,0,FALSE,2,Haynes Ridge Overlook Trail,34.4548943648,-101.091857627,272,NA,NA,NA,272,NA,open,FALSE,gps,gps,Eastern Collared Lizard,Crotaphytus collaris,Eastern Collared Lizard,Reptilia,33135
90107159,cf28ddbf-f466-4777-b93c-d23e0cf15b87,Mon Aug 02 2021 12:54:44 GMT-0600 (MDT),2021-08-02,2021-08-03 03:54:44 +0900,Mountain Time (US & Canada),3099892,bekahau,NA,2021-08-06 11:58:04 +0900,2021-09-22 14:11:21 +0900,research,NA,https://www.inaturalist.org/observations/90107159,https://static.inaturalist.org/photos/148877959/medium.jpg,NA,NA,NA,1,0,FALSE,3,"Palo Duro Canyon State Park, Canyon, TX, US",34.95417,-101.6824333333,13,NA,NA,NA,13,NA,open,FALSE,NA,NA,Eastern Collared Lizard,Crotaphytus collaris,Eastern Collared Lizard,Reptilia,33135
90201040,7e40cd66-b22e-42ea-90f2-38952033d6c1,Fri Aug 06 2021 16:01:00 GMT-0500 (CDT),2021-08-06,2021-08-07 01:01:00 +0900,UTC,1637682,sarahbullard,Sarah Bullard,2021-08-07 08:09:44 +0900,2022-01-26 11:55:51 +0900,research,NA,https://www.inaturalist.org/observations/90201040,https://static.inaturalist.org/photos/149048562/medium.jpg,NA,NA,NA,1,0,FALSE,3,"Caprock Canyons State Park & Trailway, Quitaque, TX, US",34.4468783333,-101.0823833333,5,NA,NA,NA,5,NA,open,FALSE,NA,NA,Eastern Collared Lizard,Crotaphytus collaris,Eastern Collared Lizard,Reptilia,33135
90815620,2a27dbb1-0c75-430e-b325-59f7d47e9b48,2021/08/10 9:37 AM EDT,2021-08-10,2021-08-10 22:37:00 +0900,Eastern Time (US & Canada),388564,tiluchi,Forest Botial-Jarvis,2021-08-12 05:19:19 +0900,2021-08-14 02:08:54 +0900,research,CC-BY-NC,https://www.inaturalist.org/observations/90815620,https://inaturalist-open-data.s3.amazonaws.com/photos/150125734/medium.jpg,NA,NA,NA,1,0,FALSE,NA,"Randall County, TX, USA",34.9529474631,-101.6746452959,15,NA,NA,NA,15,NA,open,FALSE,NA,NA,Eastern Collared Lizard,Crotaphytus collaris,Eastern Collared Lizard,Reptilia,33135
90949941,8e2847b6-0fdf-408e-a60a-7d38d4a0b57c,Thu Aug 12 2021 13:03:32 GMT-0500 (CDT),2021-08-12,2021-08-12 22:03:32 +0900,UTC,1184880,jonwoods,NA,2021-08-13 09:50:55 +0900,2023-08-25 20:40:22 +0900,research,NA,https://www.inaturalist.org/observations/90949941,https://static.inaturalist.org/photos/150394973/medium.jpg,NA,NA,NA,2,0,FALSE,3,"Alpine, TX, US",29.7825633333,-103.47244166670001,5,NA,NA,NA,5,NA,open,FALSE,NA,NA,Eastern Collared Lizard,Crotaphytus collaris,Eastern Collared Lizard,Reptilia,33135
90997457,afcf0182-13ba-460e-ab02-8b3a0c42b08d,2017/07/23 2:57 PM CDT,2017-07-23,2017-07-24 04:57:00 +0900,Central Time (US & Canada),1979727,terryleecrane,Terry Lee Crane,2021-08-13 23:03:05 +0900,2023-08-25 22:24:35 +0900,research,CC-BY-NC,https://www.inaturalist.org/observations/90997457,https://inaturalist-open-data.s3.amazonaws.com/photos/150453949/medium.jpg,NA,NA,NA,3,0,FALSE,NA,"Brewster County, TX, USA",29.4181139001,-103.1373325385,8,NA,NA,NA,8,NA,open,FALSE,NA,NA,Eastern Collared Lizard,Crotaphytus collaris,Eastern Collared Lizard,Reptilia,33135
90998235,38f07e61-c4af-4d9a-a100-cc0e5a26074a,2017/07/23 3:24 PM CDT,2017-07-23,2017-07-24 05:24:00 +0900,Central Time (US & Canada),1979727,terryleecrane,Terry Lee Crane,2021-08-13 23:09:11 +0900,2023-08-25 22:25:24 +0900,research,CC-BY-NC,https://www.inaturalist.org/observations/90998235,https://inaturalist-open-data.s3.amazonaws.com/photos/150455167/medium.jpg,NA,NA,NA,3,0,FALSE,NA,"Brewster County, TX, USA",29.4189538185,-103.137532363,2,NA,NA,NA,2,NA,open,FALSE,NA,NA,Eastern Collared Lizard,Crotaphytus collaris,Eastern Collared Lizard,Reptilia,33135
91165683,6b4d2341-fa6e-4fc6-88ad-9e996ef15c8a,2021-08-08 09:34:44,2021-08-08,2021-08-08 23:34:44 +0900,Central Time (US & Canada),2700000,willdill,Will Dill,2021-08-15 05:03:07 +0900,2021-10-01 03:58:21 +0900,research,NA,https://www.inaturalist.org/observations/91165683,https://static.inaturalist.org/photos/150753512/medium.jpeg,NA,NA,NA,2,0,FALSE,2,"Roberts County, TX, USA",36.0218052,-100.5452786,NA,NA,NA,NA,NA,NA,open,FALSE,gps,gps,Eastern Collared Lizard,Crotaphytus collaris,Eastern Collared Lizard,Reptilia,33135
91211997,46226230-c8f6-45a3-b56f-848ba182b81a,Sat Aug 14 2021 11:07:54 GMT-0500 (CDT),2021-08-14,2021-08-14 20:07:54 +0900,UTC,4340098,theherper,Kevin Graham,2021-08-15 12:06:11 +0900,2021-08-17 02:22:53 +0900,research,CC-BY-NC,https://www.inaturalist.org/observations/91211997,https://inaturalist-open-data.s3.amazonaws.com/photos/150837554/medium.jpg,NA,NA,NA,1,0,FALSE,3,"Belton, TX, US",31.02159066,-97.5296999021,21,NA,NA,NA,21,NA,open,FALSE,NA,NA,Eastern Collared Lizard,Crotaphytus collaris,Eastern Collared Lizard,Reptilia,33135
91212159,88d9bc27-bac7-430a-95f5-0c8ea0172322,Sat Aug 14 2021 11:08:48 GMT-0500 (CDT),2021-08-14,2021-08-14 20:08:48 +0900,UTC,4340098,theherper,Kevin Graham,2021-08-15 12:08:40 +0900,2021-08-17 02:22:54 +0900,research,CC-BY-NC,https://www.inaturalist.org/observations/91212159,https://inaturalist-open-data.s3.amazonaws.com/photos/150837929/medium.jpg,NA,NA,NA,1,0,FALSE,3,"Belton, TX, US",31.021670572,-97.5296731481,19,NA,NA,NA,19,NA,open,FALSE,NA,NA,Eastern Collared Lizard,Crotaphytus collaris,Eastern Collared Lizard,Reptilia,33135
91223847,ac132907-9239-421f-8636-9fddc51e3182,2021-08-14 14:34:46,2021-08-14,2021-08-15 04:34:46 +0900,Central Time (US & Canada),2341406,htripp,NA,2021-08-15 15:36:34 +0900,2021-08-17 02:22:21 +0900,research,CC-BY-NC,https://www.inaturalist.org/observations/91223847,https://inaturalist-open-data.s3.amazonaws.com/photos/150859865/medium.jpeg,NA,NA,NA,1,0,FALSE,2,"Quitaque, TX 79255, USA",34.44370448,-101.0727033019,21,NA,NA,NA,21,NA,open,FALSE,gps,gps,Eastern Collared Lizard,Crotaphytus collaris,Eastern Collared Lizard,Reptilia,33135
91364839,09e80aef-d930-4166-9372-a0450eb2745f,2021/08/02 2:37 PM EDT,2021-08-02,2021-08-03 03:37:00 +0900,Eastern Time (US & Canada),1740666,loisfraser,NA,2021-08-16 12:02:55 +0900,2024-05-10 22:47:34 +0900,research,NA,https://www.inaturalist.org/observations/91364839,https://inaturalist-open-data.s3.amazonaws.com/photos/151106239/medium.jpg,NA,NA,NA,1,0,FALSE,NA,"Armstrong County, TX, USA",34.9103420386,-101.6023733438,1953,NA,NA,NA,1953,NA,open,FALSE,NA,NA,Eastern Collared Lizard,Crotaphytus collaris,Eastern Collared Lizard,Reptilia,33135
91442521,5f598761-e0ff-4f4d-90cd-b227e6883bbd,2021-08-14 16:25:02,2021-08-14,2021-08-15 01:25:02 +0900,UTC,675283,animan,NA,2021-08-17 04:08:42 +0900,2021-08-17 22:11:25 +0900,research,CC-BY-NC,https://www.inaturalist.org/observations/91442521,https://inaturalist-open-data.s3.amazonaws.com/photos/151256065/medium.jpeg,NA,NA,NA,1,0,FALSE,2,"Canyon, TX 79015, USA",34.9792731199,-101.6781710833,514,NA,NA,NA,514,NA,open,FALSE,gps,gps,Eastern Collared Lizard,Crotaphytus collaris,Eastern Collared Lizard,Reptilia,33135
91793173,5f370d37-0348-4ffe-9a14-7cf3e6e719fd,2021-08-19 16:24:10,2021-08-19,2021-08-20 07:24:10 +0900,Mountain Time (US & Canada),454181,mcaitlin,mcaitlin,2021-08-20 07:52:17 +0900,2021-08-23 21:12:29 +0900,research,CC-BY-NC,https://www.inaturalist.org/observations/91793173,https://inaturalist-open-data.s3.amazonaws.com/photos/151891655/medium.jpeg,NA,NA,NA,1,0,FALSE,2,"El Paso County, US-TX, US",31.9306388889,-106.5145388889,NA,NA,NA,NA,NA,NA,open,FALSE,gps,gps,Eastern Collared Lizard,Crotaphytus collaris,Eastern Collared Lizard,Reptilia,33135
91908310,f5784455-9433-46cd-a0bc-f67c2c28a027,2021-08-20 08:38:31,2021-08-20,2021-08-20 23:38:31 +0900,Mountain Time (US & Canada),31792,aarongunnar,aarongunnar,2021-08-21 08:31:03 +0900,2021-08-23 05:10:52 +0900,research,CC-BY,https://www.inaturalist.org/observations/91908310,https://inaturalist-open-data.s3.amazonaws.com/photos/152097442/medium.jpeg,NA,NA,NA,1,0,FALSE,2,"Canyon, TX 79015, USA",34.9816909722,-101.685179,NA,NA,NA,NA,NA,NA,open,FALSE,gps,gps,Eastern Collared Lizard,Crotaphytus collaris,Eastern Collared Lizard,Reptilia,33135
92362994,e3afa00d-21ac-4890-bc02-c80833ef0016,Tue Aug 24 2021 09:51:53 GMT-0500 (CDT),2021-08-24,2021-08-24 18:51:53 +0900,UTC,4339442,patrick_nava,Patrick Nava,2021-08-24 23:54:15 +0900,2021-09-06 16:13:14 +0900,research,NA,https://www.inaturalist.org/observations/92362994,https://static.inaturalist.org/photos/153399906/medium.jpg,NA,NA,NA,1,0,FALSE,3,"Caprock Canyons State Park & Trailway, Quitaque, TX, US",34.448776409,-101.0828061372,6,NA,NA,NA,6,NA,open,FALSE,NA,NA,Eastern Collared Lizard,Crotaphytus collaris,Eastern Collared Lizard,Reptilia,33135
92583296,45fe583f-5303-49fc-8728-321d764ef286,Thu Aug 26 2021 09:15:35 GMT-0500 (CDT),2021-08-26,2021-08-26 18:15:35 +0900,UTC,3958346,clan_weathersby,Clan Weathersby,2021-08-27 01:22:28 +0900,2023-08-09 22:02:08 +0900,research,NA,https://www.inaturalist.org/observations/92583296,https://static.inaturalist.org/photos/153317454/medium.jpg,NA,NA,NA,3,0,FALSE,3,"Montell Rd, Wimberley, TX, US",30.119513602,-98.2651755506,81,NA,NA,NA,81,NA,open,FALSE,NA,NA,Eastern Collared Lizard,Crotaphytus collaris,Eastern Collared Lizard,Reptilia,33135
92719993,c146c55b-40a3-4877-8f4e-1acc2e69a4d0,Thu Apr 29 2021 13:19:13 GMT-0600 (MDT),2021-04-29,2021-04-30 04:19:13 +0900,Mountain Time (US & Canada),1812357,bzimmerbirds,NA,2021-08-28 07:39:24 +0900,2023-08-25 20:38:06 +0900,research,CC-BY-NC,https://www.inaturalist.org/observations/92719993,https://inaturalist-open-data.s3.amazonaws.com/photos/153563735/medium.jpg,NA,NA,NA,2,0,FALSE,3,"Alpine, TX, US",29.50142,-103.466995,5,NA,NA,NA,5,NA,open,FALSE,NA,NA,Halsband Leguan,Crotaphytus collaris,Eastern Collared Lizard,Reptilia,33135
93984463,ed054113-7af1-4e6a-badf-c7e1ea3878e7,Sun Sep 05 2021 15:11:19 GMT-0500 (CDT),2021-09-05,2021-09-06 00:11:19 +0900,UTC,4875992,nebraska_fish,Owen Reeves,2021-09-07 21:50:44 +0900,2021-10-10 09:33:34 +0900,research,CC-BY-NC,https://www.inaturalist.org/observations/93984463,https://inaturalist-open-data.s3.amazonaws.com/photos/155846776/medium.jpg,NA,NA,NA,1,0,FALSE,3,"Caprock Canyons State Park & Trailway, Quitaque, TX, US",34.4420916667,-101.0605861667,5,NA,NA,NA,5,NA,open,FALSE,NA,NA,Eastern Collared Lizard,Crotaphytus collaris,Eastern Collared Lizard,Reptilia,33135
94627019,8d1a6635-116c-44a2-8c62-1b70be2711d2,Sun Sep 12 2021 10:42:30 GMT-0600 (MDT),2021-09-12,2021-09-13 01:42:30 +0900,Mountain Time (US & Canada),4963853,rohan44,Rohan Patel,2021-09-13 05:35:08 +0900,2021-09-18 09:42:25 +0900,research,NA,https://www.inaturalist.org/observations/94627019,https://static.inaturalist.org/photos/156992316/medium.jpg,NA,NA,NA,2,0,FALSE,3,"Thunder Crest Ln, El Paso, TX, US",31.8351626,-106.5095733,24,NA,NA,NA,24,NA,open,FALSE,NA,NA,Eastern Collared Lizard,Crotaphytus collaris,Eastern Collared Lizard,Reptilia,33135
94663162,96ed66a0-2f9f-4dc9-909b-990242391094,Sat Sep 11 2021 21:28:12 GMT-0500 (CDT),2021-09-11,2021-09-12 13:28:12 +0900,Pacific Time (US & Canada),93143,andyparks,Andy Parks,2021-09-13 10:39:07 +0900,2021-09-16 04:16:55 +0900,research,NA,https://www.inaturalist.org/observations/94663162,https://static.inaturalist.org/photos/157139079/medium.jpg,NA,NA,NA,1,0,FALSE,3,"Palo Duro Canyon State Park, Canyon, TX, US",34.9509657297,-101.663256904,1509,NA,NA,NA,1509,NA,open,FALSE,NA,NA,Eastern Collared Lizard,Crotaphytus collaris,Eastern Collared Lizard,Reptilia,33135
95310563,3f5752c0-066f-41f5-b879-3d14dd7aefa6,Fri Sep 17 2021 11:46:41 GMT-0500 (CDT),2021-09-17,2021-09-18 01:46:41 +0900,Central Time (US & Canada),2160898,codyd23,Cody Delano,2021-09-19 05:21:53 +0900,2021-09-26 03:12:51 +0900,research,CC-BY,https://www.inaturalist.org/observations/95310563,https://inaturalist-open-data.s3.amazonaws.com/photos/158210358/medium.jpg,NA,NA,NA,1,0,FALSE,3,"Palo Duro Canyon State Park, Happy, TX, US",34.922654056,-101.6255649777,8513,NA,NA,NA,8513,NA,open,FALSE,NA,NA,Eastern Collared Lizard,Crotaphytus collaris,Eastern Collared Lizard,Reptilia,33135
95427957,f10d38d2-158e-4201-9c80-5c6fd2eeba07,2003/05/22 10:07 AM MDT,2003-05-22,2003-05-23 01:07:00 +0900,Mountain Time (US & Canada),2442561,rreams,Richard D Reams,2021-09-20 02:58:31 +0900,2023-08-25 20:38:00 +0900,research,CC-BY-NC,https://www.inaturalist.org/observations/95427957,https://inaturalist-open-data.s3.amazonaws.com/photos/158421519/medium.jpg,NA,NA,NA,2,0,FALSE,NA,"Brewster County, TX, USA",29.3300191464,-103.2094992632,31,NA,NA,NA,31,NA,open,FALSE,NA,NA,Eastern Collared Lizard,Crotaphytus collaris,Eastern Collared Lizard,Reptilia,33135
95581917,32f5f8a9-54c1-4ea9-bb61-af79d42a74f9,2020-10-03 11:59:37,2020-10-03,2020-10-03 20:59:37 +0900,UTC,5020007,eseaberg,Eric Seaberg,2021-09-21 06:16:44 +0900,2021-09-21 22:16:10 +0900,research,CC-BY-NC,https://www.inaturalist.org/observations/95581917,https://inaturalist-open-data.s3.amazonaws.com/photos/158696812/medium.jpeg,NA,NA,NA,2,0,FALSE,2,"Dripping Springs, TX 78620, USA",30.0801328864,-98.1266309693,5,NA,NA,NA,5,NA,open,FALSE,NA,NA,Eastern Collared Lizard,Crotaphytus collaris,Eastern Collared Lizard,Reptilia,33135
95583309,17e7aaa0-bbfb-47ef-a3ee-d9217fa84994,Sun Sep 19 2021 16:53:28 GMT-0600 (MDT),2021-09-19,2021-09-20 07:53:28 +0900,Mountain Time (US & Canada),682197,darwin1,NA,2021-09-21 06:28:55 +0900,2021-09-29 06:46:40 +0900,research,CC-BY-NC,https://www.inaturalist.org/observations/95583309,https://inaturalist-open-data.s3.amazonaws.com/photos/158699340/medium.jpg,NA,NA,NA,2,0,FALSE,3,"Franklin Mountains State Park, El Paso, TX, US",31.8456216667,-106.4934383333,3,NA,NA,NA,3,NA,open,FALSE,NA,NA,Eastern Collared Lizard,Crotaphytus collaris,Eastern Collared Lizard,Reptilia,33135
95675573,70915b28-6a69-4da2-89de-f04ef6f772fe,Mon Sep 20 2021 14:30:25 GMT-0500 (CDT),2021-09-20,2021-09-20 23:30:25 +0900,UTC,1865462,anthrotoby,NA,2021-09-22 02:39:16 +0900,2021-09-22 12:11:04 +0900,research,CC-BY-NC,https://www.inaturalist.org/observations/95675573,https://inaturalist-open-data.s3.amazonaws.com/photos/158930608/medium.jpg,NA,NA,NA,1,0,FALSE,3,"Big Lake, TX, US",31.5326533333,-101.3298333333,4,NA,NA,NA,4,NA,open,FALSE,NA,NA,Eastern Collared Lizard,Crotaphytus collaris,Eastern Collared Lizard,Reptilia,33135
96157729,fdb1f736-c441-4a29-b947-49e672c3ffda,Sat Sep 25 2021 13:21:52 GMT-0500 (CDT),2021-09-25,2021-09-25 22:21:52 +0900,UTC,4114955,donnykc,NA,2021-09-26 08:12:39 +0900,2021-12-03 03:46:13 +0900,research,CC-BY-NC,https://www.inaturalist.org/observations/96157729,https://inaturalist-open-data.s3.amazonaws.com/photos/159763513/medium.jpg,NA,NA,NA,2,0,FALSE,3,"Muleshoe, TX, US",33.9360608589,-102.765160793,437,NA,NA,NA,437,NA,open,FALSE,NA,NA,Eastern Collared Lizard,Crotaphytus collaris,Eastern Collared Lizard,Reptilia,33135
96163380,f34b194c-595a-4337-a821-a4553d3df84a,2019/09/21 3:51 PM EDT,2019-09-21,2019-09-22 04:51:00 +0900,Eastern Time (US & Canada),2281,cullen,Cullen Hanks,2021-09-26 09:08:22 +0900,2022-01-05 11:10:52 +0900,research,CC-BY,https://www.inaturalist.org/observations/96163380,https://inaturalist-open-data.s3.amazonaws.com/photos/159721376/medium.jpg,NA,NA,NA,1,0,FALSE,NA,"Burnet, Texas, United States",30.7480583333,-98.357505,15,NA,NA,NA,15,NA,open,FALSE,NA,NA,Eastern Collared Lizard,Crotaphytus collaris,Eastern Collared Lizard,Reptilia,33135
96528969,f948685c-2a6a-4d3c-a8ce-bff5d405e9be,Mon Sep 27 2021 13:37:00 GMT-0500 (CDT),2021-09-27,2021-09-28 02:37:00 +0900,Eastern Time (US & Canada),1826593,zlange123,NA,2021-09-29 08:40:30 +0900,2021-10-31 15:09:16 +0900,research,CC-BY-NC,https://www.inaturalist.org/observations/96528969,https://inaturalist-open-data.s3.amazonaws.com/photos/160378871/medium.jpg,NA,NA,NA,2,0,FALSE,3,"Del Rio, TX, US",29.8760533333,-100.98223,4,NA,NA,NA,4,NA,open,FALSE,NA,NA,Eastern Collared Lizard,Crotaphytus collaris,Eastern Collared Lizard,Reptilia,33135
96543769,621f6d34-7090-4566-8628-985257fc0d5a,2009/07/03 12:57 PM CDT,2009-07-03,2009-07-04 02:57:00 +0900,Central Time (US & Canada),1085873,rrios7jr,Robert Rios Jr.,2021-09-29 11:39:12 +0900,2021-09-29 23:33:06 +0900,research,CC-BY-NC,https://www.inaturalist.org/observations/96543769,https://inaturalist-open-data.s3.amazonaws.com/photos/160405630/medium.jpeg,NA,NA,NA,1,0,FALSE,NA,"Briscoe County, TX, USA",34.4417068911,-101.0549575051,42,NA,NA,NA,42,NA,open,FALSE,NA,NA,Eastern Collared Lizard,Crotaphytus collaris,Eastern Collared Lizard,Reptilia,33135
96647266,44a963d1-4c79-4f14-b916-7aeaa7047e4a,2021/07/31 12:16 PM CDT,2021-07-31,2021-08-01 02:16:00 +0900,Central Time (US & Canada),114323,jotol,Joanne Toler,2021-09-30 11:07:40 +0900,2021-10-02 02:40:05 +0900,research,CC-BY-NC,https://www.inaturalist.org/observations/96647266,https://inaturalist-open-data.s3.amazonaws.com/photos/160587763/medium.jpeg,NA,EASTERN COLLARED LIZARD,NA,1,0,FALSE,NA,"Briscoe County, TX, USA",34.4464963977,-101.080843735,244,NA,NA,NA,244,NA,open,FALSE,NA,NA,Eastern Collared Lizard,Crotaphytus collaris,Eastern Collared Lizard,Reptilia,33135
96954701,d5871601-5a2c-4c17-a569-e9a2fbcb7bde,Sat Oct 02 2021 13:05:34 GMT-0500 (CDT),2021-10-02,2021-10-02 22:05:34 +0900,UTC,2736684,mrsroseberry,NA,2021-10-03 07:56:57 +0900,2021-10-04 23:42:06 +0900,research,CC-BY-NC,https://www.inaturalist.org/observations/96954701,https://inaturalist-open-data.s3.amazonaws.com/photos/161143743/medium.jpg,NA,NA,Saw this cool lizard hiking at Caprock Canyons State Park today!,1,0,FALSE,3,"Caprock Canyons State Park, Quitaque, TX, US",34.4457854645,-101.0487908525,8368,NA,NA,NA,8368,NA,open,FALSE,NA,NA,Eastern Collared Lizard,Crotaphytus collaris,Eastern Collared Lizard,Reptilia,33135
97089332,b5111b8e-9bba-4837-a8af-65e676ab991e,2021-09-29 09:58:34,2021-09-29,2021-09-29 23:58:34 +0900,Central Time (US & Canada),939315,grystrc,Gary Strickland,2021-10-04 08:52:22 +0900,2022-06-27 09:57:25 +0900,research,CC-BY-NC,https://www.inaturalist.org/observations/97089332,https://inaturalist-open-data.s3.amazonaws.com/photos/161393167/medium.jpeg,NA,NA,NA,2,0,FALSE,2,Palo Duro Canyon State Park,34.9372330984,-101.6589305922,8337,NA,NA,NA,8337,NA,open,FALSE,NA,NA,Eastern Collared Lizard,Crotaphytus collaris,Eastern Collared Lizard,Reptilia,33135
97103745,c7097d3f-a911-4ba4-9df7-6ded0354cde1,Sun Oct 03 2021 15:44:11 GMT-0600 (MDT),2021-10-03,2021-10-04 06:44:11 +0900,Mountain Time (US & Canada),682197,darwin1,NA,2021-10-04 11:15:42 +0900,2021-10-04 12:37:11 +0900,research,CC-BY-NC,https://www.inaturalist.org/observations/97103745,https://inaturalist-open-data.s3.amazonaws.com/photos/161421203/medium.jpg,NA,NA,NA,1,0,FALSE,3,"McKelligon Canyon Rd, El Paso, TX, US",31.8400466667,-106.4838633333,4,NA,NA,NA,4,NA,open,FALSE,NA,NA,Eastern Collared Lizard,Crotaphytus collaris,Eastern Collared Lizard,Reptilia,33135
97129312,e4482965-3492-4ea4-908b-9d4ae5d257d6,Sat Oct 02 2021 16:01:43 GMT-0500 (CDT),2021-10-02,2021-10-03 01:01:43 +0900,UTC,5032885,jlbishop,NA,2021-10-04 19:15:53 +0900,2021-10-26 07:28:37 +0900,research,CC-BY-NC,https://www.inaturalist.org/observations/97129312,https://inaturalist-open-data.s3.amazonaws.com/photos/161471098/medium.jpg,NA,NA,NA,2,0,FALSE,3,"Palo Duro Canyon State Park, Happy, TX, US",34.922713717,-101.6238423653,14853,NA,NA,NA,14853,NA,open,FALSE,NA,NA,Eastern Collared Lizard,Crotaphytus collaris,Eastern Collared Lizard,Reptilia,33135
97163696,f100f3ff-9c38-4ebd-b225-8cb0a4dd0b02,2021-10-03 09:03:59,2021-10-03,2021-10-03 23:03:59 +0900,Central Time (US & Canada),500525,dannysanders,NA,2021-10-05 02:52:16 +0900,2021-10-05 03:07:17 +0900,research,NA,https://www.inaturalist.org/observations/97163696,https://static.inaturalist.org/photos/161534129/medium.jpeg,NA,NA,NA,2,0,FALSE,2,"Texas, US",30.5387198511,-101.1459863294,57706,NA,NA,NA,57706,obscured,open,TRUE,gps,gps,Eastern Collared Lizard,Crotaphytus collaris,Eastern Collared Lizard,Reptilia,33135
97359539,87d5724e-0207-46dc-a455-069a147c3129,Sat Oct 02 2021 13:28:13 GMT-0500 (CDT),2021-10-02,2021-10-02 22:28:13 +0900,UTC,1760841,maggiestoneham,Maggie Stoneham,2021-10-07 01:57:29 +0900,2021-10-29 03:32:52 +0900,research,NA,https://www.inaturalist.org/observations/97359539,https://static.inaturalist.org/photos/161906420/medium.jpg,NA,NA,NA,2,0,FALSE,3,"The Low Rd, Fischer, TX, US",29.9188458415,-98.1563880438,103,NA,NA,NA,103,NA,open,FALSE,NA,NA,Eastern Collared Lizard,Crotaphytus collaris,Eastern Collared Lizard,Reptilia,33135
97359610,3a456707-e822-4583-aded-83b502fce0c0,Sat Oct 02 2021 11:58:00 GMT-0500 (CDT),2021-10-02,2021-10-02 20:58:00 +0900,UTC,1760841,maggiestoneham,Maggie Stoneham,2021-10-07 01:58:24 +0900,2021-10-07 22:10:27 +0900,research,NA,https://www.inaturalist.org/observations/97359610,https://static.inaturalist.org/photos/161906574/medium.jpg,NA,NA,NA,1,0,FALSE,3,"Fischer, TX, US",29.9195076207,-98.1568932499,69,NA,NA,NA,69,NA,open,FALSE,NA,NA,Eastern Collared Lizard,Crotaphytus collaris,Eastern Collared Lizard,Reptilia,33135
97397996,7afdaf50-c001-495c-9dbb-5d9e9395fc67,Sun Aug 15 2021 10:55:05 GMT-0500 (CDT),2021-08-15,2021-08-15 19:55:05 +0900,UTC,4851368,missyschoedel,NA,2021-10-07 08:17:04 +0900,2021-10-10 23:06:46 +0900,research,CC-BY-NC,https://www.inaturalist.org/observations/97397996,https://inaturalist-open-data.s3.amazonaws.com/photos/161974884/medium.jpg,NA,NA,NA,1,0,FALSE,3,"Palo Duro Canyon State Park, Canyon, TX, US",34.9623866667,-101.6739283333,5,NA,NA,NA,5,NA,open,FALSE,NA,NA,Eastern Collared Lizard,Crotaphytus collaris,Eastern Collared Lizard,Reptilia,33135
97487103,faa5d835-c104-403a-8e4f-b840e8e475eb,Thu Oct 07 2021 10:37:40 GMT-0500 (CDT),2021-10-07,2021-10-07 19:37:40 +0900,UTC,1605608,outdoorcrazy,outdoorcrazy,2021-10-08 06:33:11 +0900,2021-10-30 14:27:45 +0900,research,CC-BY-NC,https://www.inaturalist.org/observations/97487103,https://inaturalist-open-data.s3.amazonaws.com/photos/162139799/medium.jpg,NA,NA,NA,1,0,FALSE,3,"Copper Breaks State Park, Chillicothe, TX, US",34.1120500536,-99.7519841929,129,NA,NA,NA,129,NA,open,FALSE,NA,NA,Eastern Collared Lizard,Crotaphytus collaris,Eastern Collared Lizard,Reptilia,33135
97724763,12db9dfe-ca1d-4ee9-9e00-e18293f09866,Sat Oct 09 2021 12:54:18 GMT-0500 (CDT),2021-10-09,2021-10-09 21:54:18 +0900,UTC,446439,dc3,NA,2021-10-10 11:03:54 +0900,2021-10-30 15:18:01 +0900,research,NA,https://www.inaturalist.org/observations/97724763,https://static.inaturalist.org/photos/162572206/medium.jpg,NA,NA,NA,3,1,FALSE,3,"Canyon, TX, US",34.9792463666,-101.7146419477,6,NA,NA,NA,6,NA,open,FALSE,NA,NA,Eastern Collared Lizard,Crotaphytus collaris,Eastern Collared Lizard,Reptilia,33135
97730378,f6996852-5f03-4f3f-87a6-709da8bb8a1d,Mon Jul 29 2019 09:54:00 GMT-0700 (PDT),2019-07-29,2019-07-30 01:54:00 +0900,Pacific Time (US & Canada),4902406,jgjoey,Jennifer Graevell,2021-10-10 12:11:50 +0900,2023-08-25 20:37:54 +0900,research,NA,https://www.inaturalist.org/observations/97730378,https://static.inaturalist.org/photos/162583309/medium.jpg,NA,NA,NA,2,0,FALSE,3,"Big Bend National Park, Alpine, TX, US",29.3341306412,-103.3111152649,20954,NA,NA,NA,20954,NA,open,FALSE,NA,NA,Eastern Collared Lizard,Crotaphytus collaris,Eastern Collared Lizard,Reptilia,33135
98205215,0b5ffec3-9853-47dd-adb5-e464d1ffc732,2019/08/19 9:22 AM CDT,2019-08-19,2019-08-19 23:22:00 +0900,Central Time (US & Canada),3795605,texasprairiegrl,Texas Prairie Girl,2021-10-15 01:34:13 +0900,2021-10-28 04:26:27 +0900,research,CC-BY-NC,https://www.inaturalist.org/observations/98205215,https://inaturalist-open-data.s3.amazonaws.com/photos/163460857/medium.jpg,NA,NA,NA,1,0,FALSE,NA,"Foard County, TX, USA",33.9903235685,-99.9767788521,122,NA,NA,NA,122,NA,open,FALSE,NA,NA,Eastern Collared Lizard,Crotaphytus collaris,Eastern Collared Lizard,Reptilia,33135
98544628,6ace4d06-0207-42ad-b044-d3666c5da76e,Sun Oct 17 2021 13:16:59 GMT-0500 (CDT),2021-10-17,2021-10-17 22:16:59 +0900,UTC,2862433,dilisize,NA,2021-10-18 07:00:27 +0900,2021-11-05 02:06:24 +0900,research,CC-BY-NC,https://www.inaturalist.org/observations/98544628,https://inaturalist-open-data.s3.amazonaws.com/photos/164091618/medium.jpg,NA,NA,NA,2,0,FALSE,3,"Caprock Canyons State Park & Trailway, Quitaque, TX, US",34.4415584865,-101.056107642,372,NA,NA,NA,372,NA,open,FALSE,NA,NA,Eastern Collared Lizard,Crotaphytus collaris,Eastern Collared Lizard,Reptilia,33135
98550254,c111f33d-4bb7-4fa0-8d64-37a652b4f52f,Tue Oct 12 2021 14:35:51 GMT-0500 (CDT),2021-10-12,2021-10-13 04:35:51 +0900,Central Time (US & Canada),13156,romeyswanson,Romey Swanson,2021-10-18 07:51:56 +0900,2023-08-25 20:37:47 +0900,research,CC-BY-NC,https://www.inaturalist.org/observations/98550254,https://inaturalist-open-data.s3.amazonaws.com/photos/164104198/medium.jpg,NA,NA,NA,2,0,FALSE,3,"Big Bend National Park, Terlingua, TX, US",29.1792083333,-102.9962,6,NA,NA,NA,6,NA,open,FALSE,NA,NA,Eastern Collared Lizard,Crotaphytus collaris,Eastern Collared Lizard,Reptilia,33135
98618505,562c7971-e9cf-4564-811e-e8fa9e564da3,2021/10/16 1:23 PM CDT,2021-10-16,2021-10-17 03:23:00 +0900,Central Time (US & Canada),141212,scottlonging,Scott Longing,2021-10-19 01:49:47 +0900,2021-10-19 21:56:37 +0900,research,CC-BY-NC,https://www.inaturalist.org/observations/98618505,https://inaturalist-open-data.s3.amazonaws.com/photos/164232840/medium.jpeg,NA,NA,NA,2,0,FALSE,NA,"Briscoe County, US-TX, US",34.4453435536,-101.099257986,131,NA,NA,NA,131,NA,open,FALSE,NA,NA,Eastern Collared Lizard,Crotaphytus collaris,Eastern Collared Lizard,Reptilia,33135
98618891,7897ba03-1c81-4b8a-bfc1-b789b2ff5ae1,2021/10/16 1:06 PM CDT,2021-10-16,2021-10-17 03:06:00 +0900,Central Time (US & Canada),141212,scottlonging,Scott Longing,2021-10-19 01:55:13 +0900,2021-10-19 21:56:35 +0900,research,CC-BY-NC,https://www.inaturalist.org/observations/98618891,https://inaturalist-open-data.s3.amazonaws.com/photos/164233840/medium.jpeg,NA,NA,NA,2,0,FALSE,NA,"Briscoe County, US-TX, US",34.4468299553,-101.1026912135,194,NA,NA,NA,194,NA,open,FALSE,NA,NA,Eastern Collared Lizard,Crotaphytus collaris,Eastern Collared Lizard,Reptilia,33135
98832955,f89978d8-f709-461d-8c59-a82345a45309,2021/10/16 1:15 PM CDT,2021-10-16,2021-10-17 03:15:00 +0900,Central Time (US & Canada),1976574,catherine_g,Catherine C. Galley,2021-10-21 07:33:30 +0900,2024-08-25 01:41:33 +0900,research,CC-BY,https://www.inaturalist.org/observations/98832955,https://inaturalist-open-data.s3.amazonaws.com/photos/164630517/medium.jpg,NA,NA,NA,1,0,FALSE,NA,"Upper South Prong Trail 1, Briscoe County, TX, USA",34.4441874958,-101.096611694,500,NA,NA,NA,500,NA,open,FALSE,NA,NA,Eastern Collared Lizard,Crotaphytus collaris,Eastern Collared Lizard,Reptilia,33135
98832978,42c04542-6214-4901-b0e3-6e99978f91bc,2021/10/16 1:57 PM CDT,2021-10-16,2021-10-17 03:57:00 +0900,Central Time (US & Canada),1976574,catherine_g,Catherine C. Galley,2021-10-21 07:33:37 +0900,2024-08-25 01:41:33 +0900,research,CC-BY,https://www.inaturalist.org/observations/98832978,https://inaturalist-open-data.s3.amazonaws.com/photos/164634484/medium.jpg,NA,NA,NA,1,0,FALSE,NA,"Upper South Prong Trail 2, Briscoe County, TX, USA",34.4481865939,-101.1064394332,500,NA,NA,NA,500,NA,open,FALSE,NA,NA,Eastern Collared Lizard,Crotaphytus collaris,Eastern Collared Lizard,Reptilia,33135
98842940,7e5abb1c-2561-4617-adb2-1b6eaf6e5603,2021/10/16 2:38 PM CDT,2021-10-16,2021-10-17 04:38:00 +0900,Central Time (US & Canada),1976574,catherine_g,Catherine C. Galley,2021-10-21 09:51:09 +0900,2024-08-25 01:41:33 +0900,research,CC-BY,https://www.inaturalist.org/observations/98842940,https://inaturalist-open-data.s3.amazonaws.com/photos/164653790/medium.jpg,NA,NA,NA,1,0,FALSE,NA,"Upper South Prong Trail 3, Briscoe County, TX, USA",34.4547334803,-101.1141215203,500,NA,NA,NA,500,NA,open,FALSE,NA,NA,Eastern Collared Lizard,Crotaphytus collaris,Eastern Collared Lizard,Reptilia,33135
98842954,77f094c7-8254-4013-9465-e5d6fb295745,2021/10/16 3:15 PM CDT,2021-10-16,2021-10-17 05:15:00 +0900,Central Time (US & Canada),1976574,catherine_g,Catherine C. Galley,2021-10-21 09:51:13 +0900,2024-08-25 01:41:33 +0900,research,CC-BY,https://www.inaturalist.org/observations/98842954,https://inaturalist-open-data.s3.amazonaws.com/photos/164654692/medium.jpg,NA,NA,NA,1,0,FALSE,NA,"Upper South Prong Trail 1, Briscoe County, TX, USA",34.4441874958,-101.096611694,500,NA,NA,NA,500,NA,open,FALSE,NA,NA,Eastern Collared Lizard,Crotaphytus collaris,Eastern Collared Lizard,Reptilia,33135
98930839,252e7895-c722-4a49-9102-c768c1795166,2021/10/21 2:22 PM CDT,2021-10-21,2021-10-22 04:22:00 +0900,Central Time (US & Canada),20599,rhedaboardman,NA,2021-10-22 09:09:08 +0900,2021-10-23 08:24:42 +0900,research,CC-BY-NC,https://www.inaturalist.org/observations/98930839,https://inaturalist-open-data.s3.amazonaws.com/photos/164821842/medium.jpeg,NA,NA,NA,1,0,FALSE,NA,"Briscoe County, TX, USA",34.4368440242,-101.0600160613,31,NA,NA,NA,31,NA,open,FALSE,NA,NA,Eastern Collared Lizard,Crotaphytus collaris,Eastern Collared Lizard,Reptilia,33135
99029887,0a27f0c6-3cdd-4d3d-b961-bde59ca9544b,Tue Oct 12 2021 14:41:31 GMT-0500 (CDT),2021-10-12,2021-10-13 04:41:31 +0900,Central Time (US & Canada),218258,eyswanson,Erin,2021-10-23 08:37:06 +0900,2023-08-25 20:37:40 +0900,research,CC-BY-NC,https://www.inaturalist.org/observations/99029887,https://inaturalist-open-data.s3.amazonaws.com/photos/165001963/medium.jpg,NA,NA,NA,2,0,FALSE,3,"Big Bend National Park, Terlingua, TX, US",29.17913,-102.9961166667,5,NA,NA,NA,5,NA,open,FALSE,NA,NA,Eastern Collared Lizard,Crotaphytus collaris,Eastern Collared Lizard,Reptilia,33135
99167442,76236f13-01f6-4d80-abcf-bd8a7d3c047d,2021-10-13 13:00:41,2021-10-13,2021-10-14 03:00:41 +0900,Central Time (US & Canada),1568623,blythechristian,Blythe Christian,2021-10-24 11:52:59 +0900,2021-10-30 02:15:15 +0900,research,CC-BY-NC,https://www.inaturalist.org/observations/99167442,https://inaturalist-open-data.s3.amazonaws.com/photos/165258913/medium.jpeg,NA,NA,NA,1,0,FALSE,2,Caprock Canyons State Park & Trail,34.4369908803,-101.059861891,2703477,NA,NA,NA,2703477,NA,open,FALSE,gps,gps,Eastern Collared Lizard,Crotaphytus collaris,Eastern Collared Lizard,Reptilia,33135
99283084,dc02b81f-1937-4c05-b6ef-b5ad0146ae12,Sun Oct 24 2021 10:56:47 GMT-0600 (MDT),2021-10-24,2021-10-25 01:56:47 +0900,Mountain Time (US & Canada),2744056,pwhyder,NA,2021-10-25 08:51:42 +0900,2021-10-27 21:01:56 +0900,research,CC-BY-NC,https://www.inaturalist.org/observations/99283084,https://inaturalist-open-data.s3.amazonaws.com/photos/165474550/medium.jpg,NA,NA,NA,1,0,FALSE,3,"Franklin Mountains State Park, El Paso, TX, US",31.9284616667,-106.4585583333,10,NA,NA,NA,10,NA,open,FALSE,NA,NA,Eastern Collared Lizard,Crotaphytus collaris,Eastern Collared Lizard,Reptilia,33135
99400125,26a356c5-05fc-459e-a154-4412f4616ec5,Mon Oct 25 2021 15:05:22 GMT-0600 (MDT),2021-10-25,2021-10-26 06:05:22 +0900,Mountain Time (US & Canada),3215664,chrisnowa,Christopher Nowakowski,2021-10-26 08:06:13 +0900,2024-07-29 14:34:10 +0900,research,CC-BY-NC,https://www.inaturalist.org/observations/99400125,https://inaturalist-open-data.s3.amazonaws.com/photos/378747589/medium.jpg,NA,NA,NA,1,0,FALSE,3,"Franklin Mountains State Park, El Paso, TX, US",31.91482,-106.50897,NA,NA,NA,NA,NA,NA,open,FALSE,NA,NA,Eastern Collared Lizard,Crotaphytus collaris,Eastern Collared Lizard,Reptilia,33135
99683260,13f7b098-e520-47c1-b369-225dd01c3569,2021/10/28 2:06 PM UTC,2021-10-28,2021-10-28 23:06:00 +0900,UTC,4060861,jellyfishmambo,🐦‍⬛ Randolph (Randy) King 🐦‍⬛,2021-10-29 14:08:25 +0900,2021-10-29 16:02:55 +0900,research,CC-BY-NC,https://www.inaturalist.org/observations/99683260,https://inaturalist-open-data.s3.amazonaws.com/photos/166224129/medium.jpeg,NA,NA,NA,1,0,FALSE,NA,Inks Lake State Park,30.7435939306,-98.3619875657,1292,NA,NA,NA,1292,NA,open,FALSE,NA,NA,Eastern Collared Lizard,Crotaphytus collaris,Eastern Collared Lizard,Reptilia,33135
99683262,5397ac0d-8dd8-4938-992d-a3743a002dc7,2021/10/28 2:17 PM UTC,2021-10-28,2021-10-28 23:17:00 +0900,UTC,4060861,jellyfishmambo,🐦‍⬛ Randolph (Randy) King 🐦‍⬛,2021-10-29 14:08:26 +0900,2024-11-01 10:35:19 +0900,research,CC-BY-NC,https://www.inaturalist.org/observations/99683262,https://inaturalist-open-data.s3.amazonaws.com/photos/166224277/medium.jpeg,NA,NA,NA,2,0,FALSE,NA,Inks Lake State Park,30.7435939306,-98.3619875657,1292,NA,NA,NA,1292,NA,open,FALSE,NA,NA,Eastern Collared Lizard,Crotaphytus collaris,Eastern Collared Lizard,Reptilia,33135
99837124,70a8b117-7177-4cbc-adf8-7b7ff6fb85b0,2021-10-30 12:46:40,2021-10-30,2021-10-31 02:46:40 +0900,Central Time (US & Canada),374229,derrell_d,Derrell T. Dixon,2021-10-31 10:02:15 +0900,2023-01-30 14:58:00 +0900,research,NA,https://www.inaturalist.org/observations/99837124,https://static.inaturalist.org/photos/166517878/medium.jpeg,NA,NA,NA,2,0,FALSE,2,"Canyon, TX 79015, USA",34.9429919722,-101.651741,9,NA,NA,NA,9,NA,open,FALSE,gps,gps,Eastern Collared Lizard,Crotaphytus collaris,Eastern Collared Lizard,Reptilia,33135
99948179,56c80434-46f2-4d89-a866-6aa4c184a5a7,2021/10/05 4:22 PM CDT,2021-10-05,2021-10-06 06:22:00 +0900,Central Time (US & Canada),1976574,catherine_g,Catherine C. Galley,2021-11-01 13:08:38 +0900,2024-09-13 13:56:30 +0900,research,CC-BY,https://www.inaturalist.org/observations/99948179,https://inaturalist-open-data.s3.amazonaws.com/photos/166731279/medium.jpeg,NA,NA,NA,3,0,FALSE,NA,"Upper South Prong Trail 1, Briscoe County, TX, USA",34.4441874958,-101.096611694,500,NA,NA,NA,500,NA,open,FALSE,NA,NA,Eastern Collared Lizard,Crotaphytus collaris,Eastern Collared Lizard,Reptilia,33135
101047911,a67564ae-1ad9-4ff1-b4de-e1ac97c225b7,2021/08/28 11:51 AM CDT,2021-08-28,2021-08-29 01:51:00 +0900,Central Time (US & Canada),114323,jotol,Joanne Toler,2021-11-14 08:10:22 +0900,2021-11-14 13:05:21 +0900,research,CC-BY-NC,https://www.inaturalist.org/observations/101047911,https://inaturalist-open-data.s3.amazonaws.com/photos/168703703/medium.jpeg,NA,NA,NA,1,0,FALSE,NA,"Randall County, TX, USA",34.9600024704,-101.6768424367,8,NA,NA,NA,8,NA,open,FALSE,NA,NA,Eastern Collared Lizard,Crotaphytus collaris,Eastern Collared Lizard,Reptilia,33135
101167244,5394d862-1f1b-487c-ba50-073dc93f4729,2021/11/14 6:10 PM PST,2021-11-14,2021-11-15 11:10:00 +0900,Pacific Time (US & Canada),4416627,scutcomb,NA,2021-11-15 12:25:18 +0900,2021-11-20 02:12:21 +0900,research,CC-BY-NC,https://www.inaturalist.org/observations/101167244,https://inaturalist-open-data.s3.amazonaws.com/photos/168906469/medium.jpg,NA,NA,NA,3,1,FALSE,NA,United States,31.9050116599,-106.5622899448,31,NA,NA,NA,29173,NA,obscured,TRUE,NA,NA,Eastern Collared Lizard,Crotaphytus collaris,Eastern Collared Lizard,Reptilia,33135
101627967,8e0f4eb5-1462-4fe4-b363-70e6a11b8462,Sun Oct 31 2021 13:09:34 GMT-0500 (CDT),2021-10-31,2021-10-31 22:09:34 +0900,UTC,5000505,michellesloan,NA,2021-11-22 00:50:39 +0900,2021-12-02 07:13:46 +0900,research,CC-BY-NC,https://www.inaturalist.org/observations/101627967,https://inaturalist-open-data.s3.amazonaws.com/photos/169736099/medium.jpg,NA,NA,NA,3,0,FALSE,3,"Burnet, TX, US",30.7477035529,-98.3589055718,24,NA,NA,NA,24,NA,open,FALSE,NA,NA,Eastern Collared Lizard,Crotaphytus collaris,Eastern Collared Lizard,Reptilia,33135
102210748,60affc02-6f27-488e-b8de-2c03c47e5d39,Sun Oct 17 2021 12:06:23 GMT-0600 (MDT),2021-10-17,2021-10-18 03:06:23 +0900,Mountain Time (US & Canada),3640875,jcmuniz3,NA,2021-11-30 10:25:46 +0900,2021-11-30 13:45:35 +0900,research,CC-BY-NC,https://www.inaturalist.org/observations/102210748,https://inaturalist-open-data.s3.amazonaws.com/photos/170807767/medium.jpg,NA,NA,NA,1,0,FALSE,3,"Franklin Mountains State Park, El Paso, TX, US",31.90755,-106.49443,4,NA,NA,NA,4,NA,open,FALSE,NA,NA,Eastern Collared Lizard,Crotaphytus collaris,Eastern Collared Lizard,Reptilia,33135
103017878,a57aaa09-8bea-4fe4-84c5-afb1d1aad413,1970/07/04,1970-07-04,NA,Central Time (US & Canada),27047,gcwarbler,Chuck Sexton,2021-12-14 07:56:37 +0900,2023-01-11 22:22:06 +0900,research,CC0,https://www.inaturalist.org/observations/103017878,https://inaturalist-open-data.s3.amazonaws.com/photos/172326188/medium.jpg,NA,NA,"This may have been the first Collared Lizard I'd ever seen.

Scanned and cropped from an over-exoposed and faded 35mm Ektachrome slide.",3,0,FALSE,NA,"Lake Nasworthy, San Angelo, Tom Green Co., TX",31.37715,-100.4863527778,200,NA,NA,NA,200,NA,open,FALSE,NA,NA,Eastern Collared Lizard,Crotaphytus collaris,Eastern Collared Lizard,Reptilia,33135
103314232,74a99735-c3a3-4ad7-b798-52edaca3c109,2021-12-18 13:05:18,2021-12-18,2021-12-19 04:05:18 +0900,Central Time (US & Canada),855912,elizard,NA,2021-12-20 01:51:15 +0900,2023-08-25 20:37:35 +0900,research,CC0,https://www.inaturalist.org/observations/103314232,https://inaturalist-open-data.s3.amazonaws.com/photos/172881112/medium.jpeg,NA,NA,NA,4,0,FALSE,2,"Big Bend National Park, Brewster County, US-TX, US",29.1914027778,-102.9816277778,NA,NA,NA,NA,NA,NA,open,FALSE,gps,gps,Eastern Collared Lizard,Crotaphytus collaris,Eastern Collared Lizard,Reptilia,33135
104695731,2d529504-b1f4-4e4d-b781-ab77da789f81,1997/06/29 5:23 PM CEST,1997-06-29,1997-06-30 00:23:00 +0900,Paris,3480148,b_akeret,Beat Akeret,2022-01-10 17:08:47 +0900,2022-01-11 14:24:56 +0900,research,CC-BY-NC,https://www.inaturalist.org/observations/104695731,https://inaturalist-open-data.s3.amazonaws.com/photos/175486641/medium.jpeg,NA,NA,NA,2,0,FALSE,NA,"Culberson County, Texas, USA",31.8934547269,-104.8230735012,100,NA,NA,NA,100,NA,open,FALSE,NA,NA,Eastern Collared Lizard,Crotaphytus collaris,Eastern Collared Lizard,Reptilia,33135
105110047,900e0e57-b998-4622-ac11-907680f613f5,Mon Jan 17 2022 12:42:29 GMT-0600 (CST),2022-01-17,2022-01-18 03:42:29 +0900,Central Time (US & Canada),1227277,am12499,Lexa,2022-01-18 04:04:38 +0900,2023-08-25 20:37:28 +0900,research,NA,https://www.inaturalist.org/observations/105110047,https://static.inaturalist.org/photos/176283336/medium.jpg,NA,NA,NA,4,0,FALSE,3,"Big Bend National Park, Alpine, TX, US",29.3328730032,-103.1830599813,39397,NA,NA,NA,39397,NA,open,FALSE,NA,NA,Eastern Collared Lizard,Crotaphytus collaris,Eastern Collared Lizard,Reptilia,33135
105223849,bd1b42ac-5044-4765-b9da-0fbba82751e1,2021/09/18 11:50 AM UTC,2021-09-18,2021-09-18 20:50:00 +0900,UTC,3428335,rohitagarwal,Rohit,2022-01-20 04:39:07 +0900,2022-01-21 10:04:09 +0900,research,NA,https://www.inaturalist.org/observations/105223849,https://static.inaturalist.org/photos/176501229/medium.jpg,NA,NA,NA,2,0,FALSE,NA,"Potter County, TX, USA",35.5903765997,-101.6689178997,NA,NA,NA,NA,NA,NA,open,FALSE,NA,NA,Eastern Collared Lizard,Crotaphytus collaris,Eastern Collared Lizard,Reptilia,33135
105344567,68678f7e-b064-4e2a-b3fb-cc7fdcd69728,2020/05/22 10:31 AM UTC,2020-05-22,2020-05-22 19:31:00 +0900,UTC,5263499,northernskye,Samantha Duhe,2022-01-22 12:30:42 +0900,2022-01-23 01:09:22 +0900,research,NA,https://www.inaturalist.org/observations/105344567,https://static.inaturalist.org/photos/176733823/medium.jpg,NA,NA,NA,1,0,FALSE,NA,"Randall County, TX, USA",34.9415777778,-101.6506861111,NA,NA,NA,NA,NA,NA,open,FALSE,NA,NA,Eastern Collared Lizard,Crotaphytus collaris,Eastern Collared Lizard,Reptilia,33135
106723874,4d9f96f9-26fc-44a7-82b3-9302d2f1b93c,Sun Feb 13 2022 12:07:00 GMT-0700 (MST),2022-02-13,2022-02-14 04:07:00 +0900,Mountain Time (US & Canada),5322253,alexrosales24,NA,2022-02-14 12:29:40 +0900,2022-02-22 14:16:49 +0900,research,CC-BY-NC,https://www.inaturalist.org/observations/106723874,https://inaturalist-open-data.s3.amazonaws.com/photos/179345115/medium.jpg,NA,NA,NA,3,0,FALSE,3,"Franklin Mountains State Park, El Paso, TX, US",31.9075416667,-106.494445,4,NA,NA,NA,4,NA,open,FALSE,NA,NA,Eastern Collared Lizard,Crotaphytus collaris,Eastern Collared Lizard,Reptilia,33135
108082979,49a9ce77-8037-4d6f-bf9d-b888a7596130,2019/08/25 6:41 PM HST,2019-08-25,2019-08-26 13:41:00 +0900,Hawaii,1143081,jcochran2,NA,2022-03-07 12:02:32 +0900,2022-03-17 12:51:05 +0900,research,NA,https://www.inaturalist.org/observations/108082979,https://static.inaturalist.org/photos/181906984/medium.jpeg,NA,NA,NA,2,0,FALSE,NA,"Randall County, TX, USA",34.9657555556,-101.6728138889,4,NA,NA,NA,4,NA,open,FALSE,NA,NA,Eastern Collared Lizard,Crotaphytus collaris,Eastern Collared Lizard,Reptilia,33135
108617712,c8eefbbd-2c7e-4c25-8f8d-ccaf09ea2d2c,Tue Sep 22 2020 12:42:43 GMT -0500 (CDT),2020-09-22,2020-09-22 21:42:43 +0900,UTC,1873353,neature47,NA,2022-03-15 08:02:53 +0900,2022-03-15 08:05:19 +0900,research,CC-BY-NC,https://www.inaturalist.org/observations/108617712,https://inaturalist-open-data.s3.amazonaws.com/photos/182910992/medium.jpeg,NA,NA,NA,1,0,FALSE,333,Canyon,34.9412536621,-101.6509475708,NA,NA,NA,NA,NA,NA,open,FALSE,NA,NA,Eastern Collared Lizard,Crotaphytus collaris,Eastern Collared Lizard,Reptilia,33135
109799954,0eef8e9b-7b07-4a08-8d03-116eba7b93d2,Mon Mar 28 2022 16:24:11 GMT-0500 (CDT),2022-03-28,2022-03-29 01:24:11 +0900,UTC,889817,sonnier0716,NA,2022-03-29 10:14:05 +0900,2023-08-25 20:37:21 +0900,research,NA,https://www.inaturalist.org/observations/109799954,https://static.inaturalist.org/photos/185436742/medium.jpg,NA,NA,NA,3,0,FALSE,3,"Big Bend National Park, Alpine, TX, US",29.2300116755,-103.3789366667,54,NA,NA,NA,54,NA,open,FALSE,NA,NA,Eastern Collared Lizard,Crotaphytus collaris,Eastern Collared Lizard,Reptilia,33135
109802906,9f6fb58f-d74e-4387-bbfb-e4ee14508d0c,Mon Mar 28 2022 16:23:58 GMT-0500 (CDT),2022-03-28,2022-03-29 01:23:58 +0900,UTC,1152358,knonk,NA,2022-03-29 10:53:08 +0900,2023-08-25 20:37:16 +0900,research,NA,https://www.inaturalist.org/observations/109802906,https://static.inaturalist.org/photos/185130842/medium.jpg,NA,NA,NA,3,0,FALSE,3,"Big Bend National Park, Alpine, TX, US",29.2299833333,-103.3784783333,4,NA,NA,NA,4,NA,open,FALSE,NA,NA,Eastern Collared Lizard,Crotaphytus collaris,Eastern Collared Lizard,Reptilia,33135
110023254,380262ba-c773-4ba4-8065-58d0784aaad8,Sat Mar 26 2022 11:12:44 GMT-0500 (CDT),2022-03-26,2022-03-26 20:12:44 +0900,UTC,3975935,kalebjudd,NA,2022-04-01 03:12:42 +0900,2022-04-02 00:58:10 +0900,research,CC-BY-NC,https://www.inaturalist.org/observations/110023254,https://inaturalist-open-data.s3.amazonaws.com/photos/185535347/medium.jpg,NA,NA,NA,3,0,FALSE,3,"Johnson City, TX, US",30.2093533333,-98.4510883333,4,NA,NA,NA,4,NA,open,FALSE,NA,NA,Eastern Collared Lizard,Crotaphytus collaris,Eastern Collared Lizard,Reptilia,33135
110059828,ad143b0b-ac5c-4bda-91b1-c72571692032,Thu Sep 03 2015 16:08:02 GMT-0500 (CDT),2015-09-03,2015-09-04 01:08:02 +0900,UTC,102940,teagnome,Tea Gnome,2022-04-01 11:25:22 +0900,2024-04-25 23:22:36 +0900,research,CC-BY-NC,https://www.inaturalist.org/observations/110059828,https://inaturalist-open-data.s3.amazonaws.com/photos/185603091/medium.jpg,NA,NA,NA,3,0,FALSE,3,"Palo Duro Canyon State Park, Canyon, TX, US",34.9120223777,-101.64245224,3505,NA,NA,NA,3505,NA,open,FALSE,NA,NA,Eastern Collared Lizard,Crotaphytus collaris,Eastern Collared Lizard,Reptilia,33135
110138283,e54554c1-35e6-4321-8b80-c4f68cf49ae4,2022/04/01 5:40 PM CDT,2022-04-01,2022-04-02 07:40:00 +0900,Central Time (US & Canada),512257,cwhiting,NA,2022-04-02 09:40:38 +0900,2023-08-25 20:37:09 +0900,research,CC-BY-NC,https://www.inaturalist.org/observations/110138283,https://inaturalist-open-data.s3.amazonaws.com/photos/185745842/medium.jpeg,NA,NA,NA,2,0,FALSE,NA,"Brewster County, TX, USA",29.1777861111,-102.9530805556,NA,NA,NA,NA,NA,NA,open,FALSE,NA,NA,Eastern Collared Lizard,Crotaphytus collaris,Eastern Collared Lizard,Reptilia,33135
110216338,58b80879-1aa1-4632-b42e-fe5d686bd497,2022-04-02 11:17:29,2022-04-02,2022-04-03 01:17:29 +0900,Central Time (US & Canada),3558290,jbuls,NA,2022-04-03 06:10:54 +0900,2022-04-10 11:54:35 +0900,research,CC-BY-NC,https://www.inaturalist.org/observations/110216338,https://inaturalist-open-data.s3.amazonaws.com/photos/185889733/medium.jpeg,NA,NA,NA,2,0,FALSE,2,"Burnet, TX 78611, USA",30.74767448,-98.3588402,4,NA,NA,NA,4,NA,open,FALSE,NA,NA,Eastern Collared Lizard,Crotaphytus collaris,Eastern Collared Lizard,Reptilia,33135
110216399,1158437b-1687-467c-8167-ab712302922b,2022-04-02 13:12:21,2022-04-02,2022-04-03 03:12:21 +0900,Central Time (US & Canada),3558290,jbuls,NA,2022-04-03 06:11:34 +0900,2022-04-05 21:56:30 +0900,research,CC-BY-NC,https://www.inaturalist.org/observations/110216399,https://inaturalist-open-data.s3.amazonaws.com/photos/185889876/medium.jpeg,NA,NA,NA,2,0,FALSE,2,"Burnet, TX 78611, USA",30.74805609,-98.35755601,8,NA,NA,NA,8,NA,open,FALSE,NA,NA,Eastern Collared Lizard,Crotaphytus collaris,Eastern Collared Lizard,Reptilia,33135
110217726,8315412d-5104-4cb8-8234-853bbb941931,2022-04-02 14:37:13,2022-04-02,2022-04-03 04:37:13 +0900,Central Time (US & Canada),3558290,jbuls,NA,2022-04-03 06:22:23 +0900,2022-04-25 03:31:31 +0900,research,CC-BY-NC,https://www.inaturalist.org/observations/110217726,https://inaturalist-open-data.s3.amazonaws.com/photos/185892239/medium.jpeg,NA,NA,NA,2,0,FALSE,2,"Burnet, TX 78611, USA",30.7483441,-98.35743793,8,NA,NA,NA,8,NA,open,FALSE,NA,NA,Eastern Collared Lizard,Crotaphytus collaris,Eastern Collared Lizard,Reptilia,33135
110323527,275f6c3f-a3e7-4b63-ac1f-9e876b581638,Sun Apr 03 2022 15:20:00 GMT -0500 (CDT),2022-04-03,2022-04-04 05:20:00 +0900,Central Time (US & Canada),5116107,cbeasley3,CBeasley,2022-04-04 05:20:13 +0900,2022-04-05 23:28:53 +0900,research,CC-BY-NC,https://www.inaturalist.org/observations/110323527,https://inaturalist-open-data.s3.amazonaws.com/photos/186085831/medium.jpeg,NA,NA,NA,1,0,FALSE,333,Burnet,30.7476482391,-98.3584747314,63,NA,NA,NA,63,NA,open,FALSE,NA,NA,Eastern Collared Lizard,Crotaphytus collaris,Eastern Collared Lizard,Reptilia,33135
110879149,9d8a9665-bcc5-4490-8f89-366810d07220,Sat Apr 09 2022 12:54:45 GMT-0600 (MDT),2022-04-09,2022-04-10 03:54:45 +0900,Mountain Time (US & Canada),5280296,elmoregb,NA,2022-04-10 04:29:46 +0900,2022-04-13 08:54:03 +0900,research,CC-BY-NC,https://www.inaturalist.org/observations/110879149,https://inaturalist-open-data.s3.amazonaws.com/photos/187113849/medium.jpg,NA,NA,NA,2,0,FALSE,3,"Franklin Mountains State Park, El Paso, TX, US",31.9186366667,-106.5032716667,3,NA,NA,NA,3,NA,open,FALSE,NA,NA,Eastern Collared Lizard,Crotaphytus collaris,Eastern Collared Lizard,Reptilia,33135
110925208,5e058d56-2c20-4c6a-ac34-d0e40e414368,2022-04-09 12:36:45-05:00,2022-04-09,2022-04-10 02:36:45 +0900,Bogota,50252,dwraybuck,Doug Raybuck,2022-04-10 12:25:53 +0900,2023-08-25 20:37:04 +0900,research,CC-BY-NC,https://www.inaturalist.org/observations/110925208,https://inaturalist-open-data.s3.amazonaws.com/photos/187198829/medium.jpg,NA,NA,NA,2,0,FALSE,3,"Big Bend National Park, Alpine, TX, US",29.199725,-102.917755,5,NA,NA,NA,5,NA,open,FALSE,NA,NA,Eastern Collared Lizard,Crotaphytus collaris,Eastern Collared Lizard,Reptilia,33135
111775269,981a4520-aba1-4303-92cc-e8470ae961c3,2022-03-26 11:32:26,2022-03-26,2022-03-27 01:32:26 +0900,Central Time (US & Canada),16488,dneuharth,Dalton Neuharth,2022-04-17 22:21:39 +0900,2022-04-19 17:34:37 +0900,research,CC-BY-NC,https://www.inaturalist.org/observations/111775269,https://inaturalist-open-data.s3.amazonaws.com/photos/188734909/medium.jpeg,NA,NA,NA,2,0,FALSE,2,"Texas, US",30.2568008709,-98.4751637831,NA,"Johnson City, TX 78636, USA",30.2095389722,-98.452556,29382,obscured,open,TRUE,gps,gps,Eastern Collared Lizard,Crotaphytus collaris,Eastern Collared Lizard,Reptilia,33135
112036511,c427b633-fa27-4461-a2ad-1f134c4f5e8f,2022-04-17 14:22:00,2022-04-17,2022-04-18 04:22:00 +0900,Central Time (US & Canada),40084,jacobk,Jacob Kemmer,2022-04-19 22:11:35 +0900,2022-09-07 11:32:20 +0900,research,CC-BY-NC,https://www.inaturalist.org/observations/112036511,https://inaturalist-open-data.s3.amazonaws.com/photos/189209879/medium.jpeg,NA,NA,NA,3,0,FALSE,2,"Quitaque, TX 79255, USA",34.4600576346,-101.0832708701,5,NA,NA,NA,5,NA,open,FALSE,gps,gps,Eastern Collared Lizard,Crotaphytus collaris,Eastern Collared Lizard,Reptilia,33135
112217413,2a0e7280-cfca-4c54-ae82-0af49500d2ba,2022-04-20 10:38:23,2022-04-20,2022-04-21 00:38:23 +0900,Central Time (US & Canada),3124972,patrick788,Patrick Patton,2022-04-21 09:39:02 +0900,2022-04-21 09:46:02 +0900,research,NA,https://www.inaturalist.org/observations/112217413,https://static.inaturalist.org/photos/189534844/medium.jpeg,NA,NA,NA,1,0,FALSE,2,"Quitaque, TX 79255, USA",34.4539472222,-101.0848472222,NA,NA,NA,NA,NA,NA,open,FALSE,gps,gps,Eastern Collared Lizard,Crotaphytus collaris,Eastern Collared Lizard,Reptilia,33135
112596265,fc9a758a-45a7-44c3-9430-3d217986a955,Sat Apr 23 2022 10:28:51 GMT -0600 (MDT),2022-04-23,2022-04-24 01:28:51 +0900,Mountain Time (US & Canada),5523912,raulboy,Joe,2022-04-24 08:20:19 +0900,2022-04-26 02:51:00 +0900,research,CC-BY-NC,https://www.inaturalist.org/observations/112596265,https://inaturalist-open-data.s3.amazonaws.com/photos/190361032/medium.jpg,NA,NA,NA,1,0,FALSE,333,El Paso,31.939743042,-106.4743728638,956,NA,NA,NA,956,NA,open,FALSE,NA,NA,Eastern Collared Lizard,Crotaphytus collaris,Eastern Collared Lizard,Reptilia,33135
112739771,b458eb3d-5734-40c4-a09a-7094644d7abe,2022-04-24 14:27:08-05:00,2022-04-24,2022-04-25 04:27:08 +0900,Central Time (US & Canada),2267877,rockycairn,NA,2022-04-25 06:28:33 +0900,2022-04-25 06:48:33 +0900,research,CC-BY-NC,https://www.inaturalist.org/observations/112739771,https://inaturalist-open-data.s3.amazonaws.com/photos/190445529/medium.jpg,NA,NA,NA,1,0,FALSE,3,"Palo Duro Canyon State Park, Canyon, TX, US",34.9545783333,-101.682005,4,NA,NA,NA,4,NA,open,FALSE,NA,NA,Eastern Collared Lizard,Crotaphytus collaris,Eastern Collared Lizard,Reptilia,33135
113160871,c86b2b98-d742-49f5-81e0-e504ad2e2ba3,2022-04-27 16:01:12,2022-04-27,2022-04-28 06:01:12 +0900,Central Time (US & Canada),374229,derrell_d,Derrell T. Dixon,2022-04-28 09:14:37 +0900,2023-01-30 14:56:24 +0900,research,NA,https://www.inaturalist.org/observations/113160871,https://static.inaturalist.org/photos/191197223/medium.jpeg,NA,NA,NA,1,0,FALSE,2,"Canyon, TX 79015, USA",34.9803777778,-101.6848666667,11,NA,NA,NA,11,NA,open,FALSE,NA,NA,Eastern Collared Lizard,Crotaphytus collaris,Eastern Collared Lizard,Reptilia,33135
113307800,708b6c34-ea4e-401d-aad4-96d83bb5b09e,2011/08/20 11:56 AM,2011-08-20,2011-08-21 02:56:00 +0900,Mountain Time (US & Canada),5558807,weatherdrip,John Fausett,2022-04-29 12:03:15 +0900,2022-05-04 09:27:03 +0900,research,CC-BY-NC,https://www.inaturalist.org/observations/113307800,https://inaturalist-open-data.s3.amazonaws.com/photos/191447077/medium.jpg,NA,NA,NA,1,0,FALSE,NA,"El Paso, TX, USA",31.9155289693,-106.5104626064,122,NA,NA,NA,122,NA,open,FALSE,NA,NA,Eastern Collared Lizard,Crotaphytus collaris,Eastern Collared Lizard,Reptilia,33135
113307819,c5ec787d-d94e-4836-a1a9-9502470befa8,2010/09/19 10:44 AM,2010-09-19,2010-09-20 01:44:00 +0900,Mountain Time (US & Canada),5558807,weatherdrip,John Fausett,2022-04-29 12:03:17 +0900,2023-07-24 15:07:42 +0900,research,CC-BY-NC,https://www.inaturalist.org/observations/113307819,https://inaturalist-open-data.s3.amazonaws.com/photos/191447941/medium.jpg,NA,NA,NA,1,0,FALSE,NA,"El Paso, TX, USA",31.8549312574,-106.5055784825,244,NA,NA,NA,244,NA,open,FALSE,NA,NA,Eastern Collared Lizard,Crotaphytus collaris,Eastern Collared Lizard,Reptilia,33135
113307841,0cd27f82-d334-45cc-a1d2-38e94cf6693f,2007/05/28 11:25 AM,2007-05-28,2007-05-29 02:25:00 +0900,Mountain Time (US & Canada),5558807,weatherdrip,John Fausett,2022-04-29 12:03:21 +0900,2022-05-04 09:24:36 +0900,research,CC-BY-NC,https://www.inaturalist.org/observations/113307841,https://inaturalist-open-data.s3.amazonaws.com/photos/191448150/medium.jpg,NA,NA,NA,1,0,FALSE,NA,"El Paso, TX, USA",31.9154252855,-106.5102282455,244,NA,NA,NA,244,NA,open,FALSE,NA,NA,Eastern Collared Lizard,Crotaphytus collaris,Eastern Collared Lizard,Reptilia,33135
113307842,8f155781-beb4-4981-a414-de4cf52b2a8c,2007/05/28 12:28 PM,2007-05-28,2007-05-29 03:28:00 +0900,Mountain Time (US & Canada),5558807,weatherdrip,John Fausett,2022-04-29 12:03:21 +0900,2022-05-04 09:24:05 +0900,research,CC-BY-NC,https://www.inaturalist.org/observations/113307842,https://inaturalist-open-data.s3.amazonaws.com/photos/191448167/medium.jpg,NA,NA,NA,1,0,FALSE,NA,"El Paso, TX, USA",31.9158030734,-106.5102190108,244,NA,NA,NA,244,NA,open,FALSE,NA,NA,Eastern Collared Lizard,Crotaphytus collaris,Eastern Collared Lizard,Reptilia,33135
113458706,a60e1315-b958-4957-8ee3-58596fd7c366,2022-04-29 10:38:09-06:00,2022-04-29,2022-04-30 01:38:09 +0900,Mountain Time (US & Canada),5591451,giannarosales7,NA,2022-04-30 01:38:28 +0900,2022-05-03 03:20:56 +0900,research,CC-BY-NC,https://www.inaturalist.org/observations/113458706,https://inaturalist-open-data.s3.amazonaws.com/photos/191683183/medium.jpg,NA,NA,NA,2,0,FALSE,3,"North Park, El Paso, TX, US",31.8601845802,-106.4666485915,153,NA,NA,NA,153,NA,open,FALSE,NA,NA,Eastern Collared Lizard,Crotaphytus collaris,Eastern Collared Lizard,Reptilia,33135
113458839,df5b8556-af08-4d44-9d5a-d0abd113d08a,2022-04-29 10:37:32-06:00,2022-04-29,2022-04-30 01:37:32 +0900,Mountain Time (US & Canada),5591458,rvasqu4173,NA,2022-04-30 01:38:48 +0900,2022-05-11 18:54:16 +0900,research,CC-BY-NC,https://www.inaturalist.org/observations/113458839,https://inaturalist-open-data.s3.amazonaws.com/photos/191683582/medium.jpg,NA,NA,NA,2,0,FALSE,3,"North Park, El Paso, TX, US",31.8602560754,-106.4666621546,5,NA,NA,NA,5,NA,open,FALSE,NA,NA,Eastern Collared Lizard,Crotaphytus collaris,Eastern Collared Lizard,Reptilia,33135
113459269,23446846-a1d0-40a6-9cc1-423eb8f56505,2022-04-29 10:38:01-06:00,2022-04-29,2022-04-30 01:38:01 +0900,Mountain Time (US & Canada),5591443,ebanue4636,NA,2022-04-30 01:40:03 +0900,2022-05-02 09:42:14 +0900,research,CC-BY-NC,https://www.inaturalist.org/observations/113459269,https://inaturalist-open-data.s3.amazonaws.com/photos/191687621/medium.jpg,NA,NA,NA,2,0,FALSE,3,"North Park, El Paso, TX, US",31.8602639337,-106.4667480564,44,NA,NA,NA,44,NA,open,FALSE,NA,NA,Eastern Collared Lizard,Crotaphytus collaris,Eastern Collared Lizard,Reptilia,33135
113459290,1e472c82-8f1a-459b-b6bf-1c4d483268ee,2022-04-29 10:37:24-06:00,2022-04-29,2022-04-30 01:37:24 +0900,Mountain Time (US & Canada),5591424,jacob1287,Jacob Alarcon,2022-04-30 01:40:07 +0900,2022-05-03 03:20:50 +0900,research,NA,https://www.inaturalist.org/observations/113459290,https://static.inaturalist.org/photos/191684348/medium.jpg,NA,NA,NA,2,0,FALSE,3,"North Park, El Paso, TX, US",31.8602190446,-106.4666263853,4,NA,NA,NA,4,NA,open,FALSE,NA,NA,Eastern Collared Lizard,Crotaphytus collaris,Eastern Collared Lizard,Reptilia,33135
113459840,7d5d0f48-4357-4931-a452-ecb130471b81,2022-04-29 10:37:21-06:00,2022-04-29,2022-04-30 01:37:21 +0900,Mountain Time (US & Canada),5591501,hayden2130,NA,2022-04-30 01:41:51 +0900,2022-05-11 18:51:39 +0900,research,CC-BY-NC,https://www.inaturalist.org/observations/113459840,https://inaturalist-open-data.s3.amazonaws.com/photos/191685018/medium.jpg,NA,NA,NA,2,0,FALSE,3,"North Park, El Paso, TX, US",31.8602237595,-106.4666384659,7,NA,NA,NA,7,NA,open,FALSE,NA,NA,Eastern Collared Lizard,Crotaphytus collaris,Eastern Collared Lizard,Reptilia,33135
113545774,ee15437c-9e0b-4f00-8db2-0b02c80dcbea,2022-04-29 10:37:51-06:00,2022-04-29,2022-04-30 01:37:51 +0900,Mountain Time (US & Canada),3619118,jenchavez,NA,2022-04-30 05:31:53 +0900,2022-04-30 05:41:02 +0900,research,CC-BY-NC,https://www.inaturalist.org/observations/113545774,https://inaturalist-open-data.s3.amazonaws.com/photos/191821900/medium.jpg,NA,NA,NA,1,0,FALSE,3,"North Park, El Paso, TX, US",31.8601466667,-106.466575,5,NA,NA,NA,5,NA,open,FALSE,NA,NA,Eastern Collared Lizard,Crotaphytus collaris,Eastern Collared Lizard,Reptilia,33135
113578416,f3a184c4-a7f1-47fc-b331-13ab5b0437d2,2022-04-29 10:23:47,2022-04-29,2022-04-30 01:23:47 +0900,Mountain Time (US & Canada),5591423,nicole1866,Nicole Montelongo,2022-04-30 07:04:01 +0900,2022-07-28 09:27:44 +0900,research,NA,https://www.inaturalist.org/observations/113578416,https://static.inaturalist.org/photos/191875271/medium.jpeg,NA,NA,NA,5,0,FALSE,2,"El Paso, TX 79904, USA",31.8597128982,-106.4646210149,4,NA,NA,NA,4,NA,open,FALSE,NA,NA,Eastern Collared Lizard,Crotaphytus collaris,Eastern Collared Lizard,Reptilia,33135
114426306,6563256f-31d5-4281-a6c6-d1ba468e9904,2022-05-01 14:09:44,2022-05-01,2022-05-02 05:09:44 +0900,Mountain Time (US & Canada),2378601,analisa_californica,Analisa Torres,2022-05-02 07:12:57 +0900,2022-05-21 04:06:17 +0900,research,NA,https://www.inaturalist.org/observations/114426306,https://static.inaturalist.org/photos/193225882/medium.jpeg,NA,NA,NA,2,0,FALSE,2,"El Paso, TX 79934, USA",31.9322916667,-106.4763666667,NA,NA,NA,NA,NA,NA,open,FALSE,gps,gps,Eastern Collared Lizard,Crotaphytus collaris,Eastern Collared Lizard,Reptilia,33135
115516908,677e7063-bc8a-46d4-8d06-ed96068ecf0c,Wed May 04 2022 23:59:46 GMT -0500 (CDT),2022-05-04,2022-05-05 13:59:46 +0900,Central Time (US & Canada),4201846,rattleaddict,NA,2022-05-05 15:09:26 +0900,2022-05-05 22:29:43 +0900,research,CC-BY-NC,https://www.inaturalist.org/observations/115516908,https://inaturalist-open-data.s3.amazonaws.com/photos/194959642/medium.jpeg,NA,NA,NA,1,0,FALSE,333,Menard,31.0762729645,-99.965713501,7,NA,NA,NA,7,NA,open,FALSE,NA,NA,Eastern Collared Lizard,Crotaphytus collaris,Eastern Collared Lizard,Reptilia,33135
115606395,ade1a09b-03d8-4339-8d77-d4d4bd46e751,2022-04-24 11:07:53-05:00,2022-04-24,2022-04-25 01:07:53 +0900,Central Time (US & Canada),1389038,jea3,JEA3,2022-05-06 03:40:01 +0900,2023-07-28 03:29:08 +0900,research,CC-BY-NC,https://www.inaturalist.org/observations/115606395,https://inaturalist-open-data.s3.amazonaws.com/photos/195109897/medium.jpg,NA,NA,NA,2,0,FALSE,3,"Palo Duro Canyon State Park, Canyon, TX, US",34.9347616667,-101.643875,5,NA,NA,NA,5,NA,open,FALSE,NA,NA,Eastern Collared Lizard,Crotaphytus collaris,Eastern Collared Lizard,Reptilia,33135
115606702,c7bc74bb-6fa6-4299-b1c5-857155ce3bb3,2022-04-24 11:03:09-05:00,2022-04-24,2022-04-25 01:03:09 +0900,Central Time (US & Canada),1389038,jea3,JEA3,2022-05-06 03:42:01 +0900,2022-10-03 16:53:45 +0900,research,CC-BY-NC,https://www.inaturalist.org/observations/115606702,https://inaturalist-open-data.s3.amazonaws.com/photos/195110481/medium.jpg,NA,NA,NA,2,0,FALSE,3,"Palo Duro Canyon State Park, Canyon, TX, US",34.9342383333,-101.6431966667,5,NA,NA,NA,5,NA,open,FALSE,NA,NA,Eastern Collared Lizard,Crotaphytus collaris,Eastern Collared Lizard,Reptilia,33135
115939853,5b2b120f-9159-42ef-981a-5a59134027e5,2022-05-07 11:57:16-05:00,2022-05-07,2022-05-08 01:57:16 +0900,Central Time (US & Canada),70450,fw_tom,NA,2022-05-08 02:44:15 +0900,2022-06-03 18:07:48 +0900,research,CC-BY-NC,https://www.inaturalist.org/observations/115939853,https://inaturalist-open-data.s3.amazonaws.com/photos/195679919/medium.jpg,NA,NA,NA,1,0,FALSE,3,"Palo Duro Canyon State Park, Canyon, TX, US",34.9790519617,-101.6782804802,62,NA,NA,NA,62,NA,open,FALSE,NA,NA,Eastern Collared Lizard,Crotaphytus collaris,Eastern Collared Lizard,Reptilia,33135
116149581,80fb5792-87ca-4ae0-a61b-d16e2e6d2c8c,2022-05-08 11:54:40-05:00,2022-05-08,2022-05-09 01:54:40 +0900,Central Time (US & Canada),3952768,coreys13,NA,2022-05-09 04:21:03 +0900,2022-05-24 04:42:24 +0900,research,CC-BY-NC,https://www.inaturalist.org/observations/116149581,https://inaturalist-open-data.s3.amazonaws.com/photos/196033928/medium.jpg,NA,NA,NA,2,0,FALSE,3,"Palo Duro Canyon State Park, Canyon, TX, US",34.9820633333,-101.6734916667,4,NA,NA,NA,4,NA,open,FALSE,NA,NA,Eastern Collared Lizard,Crotaphytus collaris,Eastern Collared Lizard,Reptilia,33135
116188779,666e68a5-8451-43a5-8f14-b40e3f293b38,2022-05-08 16:53:15-05:00,2022-05-08,2022-05-09 06:53:15 +0900,Central Time (US & Canada),5649199,bcarmona,BCarmona,2022-05-09 07:50:20 +0900,2022-05-14 03:47:51 +0900,research,CC-BY-NC,https://www.inaturalist.org/observations/116188779,https://inaturalist-open-data.s3.amazonaws.com/photos/196101997/medium.jpg,NA,NA,NA,1,0,FALSE,3,"Palo Duro Canyon State Park, Canyon, TX, US",34.9120223777,-101.64245224,3505,NA,NA,NA,3505,NA,open,FALSE,NA,NA,Eastern Collared Lizard,Crotaphytus collaris,Eastern Collared Lizard,Reptilia,33135
116500276,49f7651d-1be3-4e9f-afe1-1ce6766be84a,2022/04/29 10:23 AM,2022-04-29,2022-04-30 00:23:00 +0900,Central Time (US & Canada),470497,a43560,David Dodd,2022-05-11 10:01:07 +0900,2023-08-25 20:36:58 +0900,research,CC-BY-NC,https://www.inaturalist.org/observations/116500276,https://inaturalist-open-data.s3.amazonaws.com/photos/196660483/medium.jpeg,NA,NA,NA,2,0,FALSE,NA,"Brewster County, TX, USA",29.177258248,-102.9523823688,93,NA,NA,NA,93,NA,open,FALSE,NA,NA,Eastern Collared Lizard,Crotaphytus collaris,Eastern Collared Lizard,Reptilia,33135
116503378,d57846d6-36f8-4bd4-9205-3dfe05eeba88,2022-05-10 09:52:01,2022-05-10,2022-05-10 23:52:01 +0900,Central Time (US & Canada),5659914,sandy590,Sandy Frost,2022-05-11 10:29:45 +0900,2022-10-03 16:53:08 +0900,research,NA,https://www.inaturalist.org/observations/116503378,https://static.inaturalist.org/photos/196665890/medium.jpeg,NA,NA,NA,2,0,FALSE,2,"Canyon, TX 79015, USA",34.9470689722,-101.643427,NA,NA,NA,NA,NA,NA,open,FALSE,NA,NA,Eastern Collared Lizard,Crotaphytus collaris,Eastern Collared Lizard,Reptilia,33135
116540707,893b32a8-74b2-4e18-bafb-22a84e2b5ec3,2015/07/02 1:12 PM,2015-07-02,2015-07-03 03:12:00 +0900,Central Time (US & Canada),2684369,ppebs,Paula Pebsworth,2022-05-11 20:12:03 +0900,2022-05-14 03:47:25 +0900,research,CC-BY-NC,https://www.inaturalist.org/observations/116540707,https://inaturalist-open-data.s3.amazonaws.com/photos/196732983/medium.jpeg,NA,NA,NA,1,0,FALSE,NA,"11450 State Hwy Park Rd 5, Canyon, TX 79015, USA",34.9372503,-101.6589305,8337,NA,NA,NA,8337,NA,open,FALSE,NA,NA,Eastern Collared Lizard,Crotaphytus collaris,Eastern Collared Lizard,Reptilia,33135
116692092,f565a433-9af0-4bce-a90c-b4bc3c5b6207,2022-05-11 14:49:40-05:00,2022-05-11,2022-05-12 04:49:40 +0900,Central Time (US & Canada),1029617,strickler76,NA,2022-05-12 23:12:40 +0900,2022-05-29 05:36:42 +0900,research,NA,https://www.inaturalist.org/observations/116692092,https://static.inaturalist.org/photos/197002193/medium.jpg,NA,NA,NA,3,0,FALSE,3,"Palo Duro Canyon State Park, Canyon, TX, US",34.978855,-101.678505,5,NA,NA,NA,5,NA,open,FALSE,NA,NA,Eastern Collared Lizard,Crotaphytus collaris,Eastern Collared Lizard,Reptilia,33135
116710491,faba9e6c-28a8-43fd-9ae0-9448b361ca6b,2022-05-12 10:14:11,2022-05-12,2022-05-13 01:14:11 +0900,Mountain Time (US & Canada),4839953,cdunkleb,NA,2022-05-13 01:32:22 +0900,2023-07-22 06:48:13 +0900,research,CC-BY-NC,https://www.inaturalist.org/observations/116710491,https://inaturalist-open-data.s3.amazonaws.com/photos/203819072/medium.jpeg,NA,NA,NA,2,0,FALSE,2,"El Paso, TX, USA",31.914459,-106.507827,NA,NA,NA,NA,NA,NA,open,FALSE,gps,gps,Eastern Collared Lizard,Crotaphytus collaris,Eastern Collared Lizard,Reptilia,33135
117135392,4f75644c-54f1-432a-811e-4fe0d6c75183,2022-05-04 13:46:55-05:00,2022-05-04,2022-05-05 03:46:55 +0900,Central Time (US & Canada),23082,dkwalkup,NA,2022-05-15 23:03:15 +0900,2022-06-07 15:55:22 +0900,research,CC-BY-NC-SA,https://www.inaturalist.org/observations/117135392,https://inaturalist-open-data.s3.amazonaws.com/photos/197789000/medium.jpg,NA,NA,NA,1,0,FALSE,3,"Texas, US",29.2953995868,-100.8487972614,2574,"Del Rio, TX, US",29.3556812804,-100.8215065329,29508,obscured,open,TRUE,NA,NA,Eastern Collared Lizard,Crotaphytus collaris,Eastern Collared Lizard,Reptilia,33135
117252296,9e8aad52-3b9a-4335-a26a-2182a8f5b40e,Mon May 09 2022 10:17:06 GMT-0700 (PDT),2022-05-09,2022-05-10 00:17:06 +0900,Central Time (US & Canada),688240,empid,Vincent Weber,2022-05-16 11:19:29 +0900,2022-06-07 16:07:13 +0900,research,CC-BY-NC,https://www.inaturalist.org/observations/117252296,https://inaturalist-open-data.s3.amazonaws.com/photos/197999668/medium.jpg,NA,NA,NA,2,0,FALSE,3,"Randall County, US-TX, US",34.97885,-101.6826383333,10,NA,NA,NA,10,NA,open,FALSE,NA,NA,Eastern Collared Lizard,Crotaphytus collaris,Eastern Collared Lizard,Reptilia,33135
117637777,7ce82241-f906-42da-8c41-194f749bd796,2022-05-11 13:58:10,2022-05-11,2022-05-12 03:58:10 +0900,Central Time (US & Canada),5185307,mikenash-ottawa,NA,2022-05-19 05:04:01 +0900,2024-09-02 20:33:57 +0900,research,CC0,https://www.inaturalist.org/observations/117637777,https://inaturalist-open-data.s3.amazonaws.com/photos/198691905/medium.jpeg,NA,NA,NA,2,0,FALSE,2,"Canyon, TX 79015, USA",34.9372330984,-101.6589305922,8360,NA,NA,NA,8360,NA,open,FALSE,NA,NA,Eastern Collared Lizard,Crotaphytus collaris,Eastern Collared Lizard,Reptilia,33135
117725860,65a354ec-088d-4b1d-99ff-dfc61e90403e,2022-05-18 17:57:31-05:00,2022-05-18,2022-05-19 07:57:31 +0900,Central Time (US & Canada),5515376,jessikahensley,Jessika Hensley,2022-05-19 22:53:54 +0900,2022-05-20 04:54:49 +0900,research,NA,https://www.inaturalist.org/observations/117725860,https://static.inaturalist.org/photos/198850404/medium.jpg,NA,NA,NA,1,0,FALSE,3,"Copper Breaks State Park, Chillicothe, TX, US",34.1028055,-99.7438133333,4,NA,NA,NA,4,NA,open,FALSE,NA,NA,Eastern Collared Lizard,Crotaphytus collaris,Eastern Collared Lizard,Reptilia,33135
117751660,396c3106-4313-4690-a578-5094a9b87bed,2022-05-07 12:41:06-06:00,2022-05-07,2022-05-08 03:41:06 +0900,Mountain Time (US & Canada),1635593,anetaw,NA,2022-05-20 02:08:40 +0900,2022-05-21 03:57:00 +0900,research,CC-BY-NC,https://www.inaturalist.org/observations/117751660,https://inaturalist-open-data.s3.amazonaws.com/photos/198892831/medium.jpg,NA,NA,NA,2,0,FALSE,3,"Franklin Mountains State Park, El Paso, TX, US",31.9317166667,-106.5150133333,5,NA,NA,NA,5,NA,open,FALSE,NA,NA,Eastern Collared Lizard,Crotaphytus collaris,Eastern Collared Lizard,Reptilia,33135
117893595,7553ef41-99e7-48bd-8f07-6c6c14d058b2,2022-05-19 22:52:29-06:00,2022-05-19,2022-05-20 13:52:29 +0900,Mountain Time (US & Canada),4717787,viperidae4ever,viperidae4ever,2022-05-21 02:57:32 +0900,2022-05-22 12:10:43 +0900,research,NA,https://www.inaturalist.org/observations/117893595,https://static.inaturalist.org/photos/199139328/medium.jpg,NA,NA,NA,1,0,FALSE,3,"Texas, US",30.6090810661,-104.9578541208,3,NA,NA,NA,29330,obscured,open,TRUE,NA,NA,Eastern Collared Lizard,Crotaphytus collaris,Eastern Collared Lizard,Reptilia,33135
118031452,f3c369ac-b875-464b-94eb-4385af789783,2022-05-19 12:39:14-05:00,2022-05-19,2022-05-20 02:39:14 +0900,Central Time (US & Canada),457659,ted_c_macrae,Ted C. MacRae,2022-05-22 01:42:29 +0900,2022-05-22 04:19:44 +0900,research,CC-BY-NC,https://www.inaturalist.org/observations/118031452,https://inaturalist-open-data.s3.amazonaws.com/photos/199381395/medium.jpg,NA,NA,Juniper chaparral.,1,0,FALSE,3,"Val Verde County, US-TX, US",29.80327,-100.9326166667,4,NA,NA,NA,4,NA,open,FALSE,NA,NA,Eastern Collared Lizard,Crotaphytus collaris,Eastern Collared Lizard,Reptilia,33135
118263075,7cafeb04-a843-4d43-b145-dfc365e3191a,2022-05-21 19:19:28,2022-05-21,2022-05-22 10:19:28 +0900,Mountain Time (US & Canada),1591289,midpaceddeathmetal,Stephen,2022-05-23 05:49:51 +0900,2022-05-27 23:41:05 +0900,research,CC-BY-NC,https://www.inaturalist.org/observations/118263075,https://inaturalist-open-data.s3.amazonaws.com/photos/199788413/medium.jpeg,NA,NA,NA,1,0,FALSE,2,"El Paso, TX, USA",31.9315361111,-106.5141805556,NA,NA,NA,NA,NA,NA,open,FALSE,gps,gps,Eastern Collared Lizard,Crotaphytus collaris,Eastern Collared Lizard,Reptilia,33135
118319086,abb87b34-405c-4f54-a3fd-4c9ace4bbcaa,2022-05-22 17:19:05,2022-05-22,2022-05-23 07:19:05 +0900,Central Time (US & Canada),4200589,spywilliam,William Young,2022-05-23 12:46:03 +0900,2022-05-23 23:52:50 +0900,research,NA,https://www.inaturalist.org/observations/118319086,https://static.inaturalist.org/photos/199894121/medium.jpeg,NA,NA,NA,1,0,FALSE,2,"Dickens, TX 79229, USA",33.6290265056,-100.8276275173,8,NA,NA,NA,8,NA,open,FALSE,gps,gps,Eastern Collared Lizard,Crotaphytus collaris,Eastern Collared Lizard,Reptilia,33135
118330595,d01d01b4-8a86-4cd4-95e2-c7a3de8051fe,Sun May 22 2022 22:44:20 GMT-0500 (CDT),2022-05-22,2022-05-23 12:44:20 +0900,Central Time (US & Canada),3653208,alana85,Alana Hendrick,2022-05-23 15:13:34 +0900,2022-07-09 13:45:51 +0900,research,NA,https://www.inaturalist.org/observations/118330595,https://static.inaturalist.org/photos/199916694/medium.jpg,NA,NA,NA,3,0,FALSE,3,"Dickens, TX, US",33.6290866667,-100.8276283333,11,NA,NA,NA,11,NA,open,FALSE,NA,NA,Eastern Collared Lizard,Crotaphytus collaris,Eastern Collared Lizard,Reptilia,33135
118370213,d11b35e5-9188-4eb1-a5d5-48f6a243b800,2022-05-21 10:59:05-06:00,2022-05-21,2022-05-22 01:59:05 +0900,Mountain Time (US & Canada),2965427,az_lizard_lady,NA,2022-05-23 23:32:07 +0900,2022-05-25 03:50:34 +0900,research,CC-BY-NC,https://www.inaturalist.org/observations/118370213,https://inaturalist-open-data.s3.amazonaws.com/photos/199987000/medium.jpg,NA,NA,NA,2,0,FALSE,3,"Franklin Mountains State Park, El Paso, TX, US",31.9200216723,-106.513275,20,NA,NA,NA,20,NA,open,FALSE,NA,NA,Eastern Collared Lizard,Crotaphytus collaris,Eastern Collared Lizard,Reptilia,33135
118857177,1a0d7de5-0c88-48b5-9fac-a20d4663ee43,2022-05-26 19:04:19-05:00,2022-05-26,2022-05-27 09:04:19 +0900,Central Time (US & Canada),9627,badger8181,Bryan Box,2022-05-27 09:06:36 +0900,2022-05-27 20:47:42 +0900,research,CC-BY-NC,https://www.inaturalist.org/observations/118857177,https://inaturalist-open-data.s3.amazonaws.com/photos/200862864/medium.jpg,NA,NA,NA,1,0,FALSE,3,"Texas, US",33.6610523568,-100.1833958123,4,"County Road 204, TX, US",33.785295693,-100.146872945,28930,obscured,open,TRUE,NA,NA,Eastern Collared Lizard,Crotaphytus collaris,Eastern Collared Lizard,Reptilia,33135
118873221,ab75324e-f6b9-4fbb-8c0d-008e406b191b,2022-05-25 13:10:18-06:00,2022-05-25,2022-05-26 04:10:18 +0900,Mountain Time (US & Canada),3955798,nickdigsplants,Nick Burk,2022-05-27 11:57:59 +0900,2022-05-27 23:39:23 +0900,research,NA,https://www.inaturalist.org/observations/118873221,https://static.inaturalist.org/photos/200892692/medium.jpg,NA,NA,NA,1,0,FALSE,3,"Franklin Mountains State Park, El Paso, TX, US",31.8079216667,-106.493195,5,NA,NA,NA,5,NA,open,FALSE,NA,NA,Eastern Collared Lizard,Crotaphytus collaris,Eastern Collared Lizard,Reptilia,33135
119079968,63b663aa-3952-4fce-8024-0bb4e1846825,Sat May 28 2022 10:46:01 GMT -0500 (CDT),2022-05-28,2022-05-29 00:46:01 +0900,Central Time (US & Canada),3287281,heatherlowe56,NA,2022-05-29 01:13:04 +0900,2022-05-29 13:28:04 +0900,research,CC-BY-NC,https://www.inaturalist.org/observations/119079968,https://inaturalist-open-data.s3.amazonaws.com/photos/201352945/medium.jpeg,NA,NA,NA,1,0,FALSE,333,Canyon,34.97838974,-101.6792449951,96,NA,NA,NA,96,NA,open,FALSE,NA,NA,Eastern Collared Lizard,Crotaphytus collaris,Eastern Collared Lizard,Reptilia,33135
119267201,c99404fe-2169-4847-9401-187ef90eded4,2022-05-29 11:48:25,2022-05-29,2022-05-30 01:48:25 +0900,Central Time (US & Canada),912182,elizabeth260,Elizabeth Jane Navarrete,2022-05-30 01:49:20 +0900,2022-06-11 13:47:48 +0900,research,NA,https://www.inaturalist.org/observations/119267201,https://static.inaturalist.org/photos/201596094/medium.jpeg,NA,NA,NA,2,0,FALSE,2,"Amarillo, TX, USA",35.1881329,-101.9363366,12,NA,NA,NA,12,NA,open,FALSE,NA,NA,Eastern Collared Lizard,Crotaphytus collaris,Eastern Collared Lizard,Reptilia,33135
119295626,36555876-b81c-4248-8dff-a811bf28e475,2020-07-23 10:26:19,2020-07-23,2020-07-24 00:26:19 +0900,Central Time (US & Canada),5582583,jackinthepulpit34,Jack in the Pulpit,2022-05-30 04:21:24 +0900,2022-05-31 12:41:38 +0900,research,NA,https://www.inaturalist.org/observations/119295626,https://static.inaturalist.org/photos/201645904/medium.jpeg,NA,NA,NA,1,0,FALSE,2,"Texas, US",34.906042845,-101.6531614459,1747,NA,NA,NA,28762,obscured,open,TRUE,gps,gps,Eastern Collared Lizard,Crotaphytus collaris,Eastern Collared Lizard,Reptilia,33135
119295920,b75f356f-4a06-45d1-bb42-581bc3a74b48,2022-05-29 11:10:11-06:00,2022-05-29,2022-05-30 02:10:11 +0900,Mountain Time (US & Canada),776771,jessintx,NA,2022-05-30 04:23:01 +0900,2022-05-31 22:55:21 +0900,research,NA,https://www.inaturalist.org/observations/119295920,https://static.inaturalist.org/photos/201646517/medium.jpg,NA,NA,NA,1,0,FALSE,3,"Franklin Mountains State Park, El Paso, TX, US",31.8602283333,-106.49987,4,NA,NA,NA,4,NA,open,FALSE,NA,NA,Eastern Collared Lizard,Crotaphytus collaris,Eastern Collared Lizard,Reptilia,33135
119301291,e708bd10-e035-4da9-9b3e-c3d34edd0826,2022-05-29 11:11:24-06:00,2022-05-29,2022-05-30 02:11:24 +0900,Mountain Time (US & Canada),776771,jessintx,NA,2022-05-30 04:52:52 +0900,2022-05-31 22:55:13 +0900,research,NA,https://www.inaturalist.org/observations/119301291,https://static.inaturalist.org/photos/201656670/medium.jpg,NA,NA,NA,1,0,FALSE,3,"Franklin Mountains State Park, El Paso, TX, US",31.8602833333,-106.4998166667,4,NA,NA,NA,4,NA,open,FALSE,NA,NA,Eastern Collared Lizard,Crotaphytus collaris,Eastern Collared Lizard,Reptilia,33135
119368600,8b4b8e99-6f22-4568-9068-a947d7588793,Sun May 29 2022 14:45:20 GMT-0500 (CDT),2022-05-29,2022-05-30 04:45:20 +0900,Central Time (US & Canada),2853997,mas0117,NA,2022-05-30 12:51:32 +0900,2023-08-25 20:36:53 +0900,research,CC-BY-NC,https://www.inaturalist.org/observations/119368600,https://inaturalist-open-data.s3.amazonaws.com/photos/201779976/medium.jpg,NA,NA,NA,2,0,FALSE,3,"Big Bend National Park, Terlingua, TX, US",29.1780866667,-102.953125,3,NA,NA,NA,3,NA,open,FALSE,NA,NA,Eastern Collared Lizard,Crotaphytus collaris,Eastern Collared Lizard,Reptilia,33135
119515037,235ec7f2-c758-4bf1-a88c-ef1c75cf65c3,2022/05/14 4:59 PM,2022-05-14,2022-05-15 06:59:00 +0900,Central Time (US & Canada),2748657,dustin_lynch,Dustin Lynch,2022-05-31 09:12:38 +0900,2022-06-15 16:03:50 +0900,research,CC-BY-NC,https://www.inaturalist.org/observations/119515037,https://static.inaturalist.org/photos/202040346/medium.jpg,NA,NA,NA,1,0,FALSE,NA,"Palo Duro Canyon - rockpile area, Randall Co., Texas",34.9816288971,-101.7003457361,15,NA,NA,NA,15,NA,open,FALSE,NA,NA,Eastern Collared Lizard,Crotaphytus collaris,Eastern Collared Lizard,Reptilia,33135
119638896,f6262a62-af47-4149-9a06-a4bfaf2ad9dc,2022-05-30 12:10:09-05:00,2022-05-30,2022-05-31 02:10:09 +0900,Central Time (US & Canada),3803767,joshuaprice2,NA,2022-06-01 05:33:32 +0900,2022-09-07 11:31:43 +0900,research,CC-BY-NC,https://www.inaturalist.org/observations/119638896,https://inaturalist-open-data.s3.amazonaws.com/photos/202268249/medium.jpg,NA,NA,NA,3,0,FALSE,3,"Caprock Canyons State Park & Trailway, Quitaque, TX, US",34.4540033333,-101.0826555,5,NA,NA,NA,5,NA,open,FALSE,NA,NA,Eastern Collared Lizard,Crotaphytus collaris,Eastern Collared Lizard,Reptilia,33135
119742004,f319fea5-5778-44d8-bc4f-a477a1805465,2022-05-31 10:15:48-05:00,2022-05-31,2022-06-01 00:15:48 +0900,Central Time (US & Canada),5333160,eva_dwelle,NA,2022-06-02 00:16:14 +0900,2023-02-17 09:17:54 +0900,research,CC-BY-NC,https://www.inaturalist.org/observations/119742004,https://inaturalist-open-data.s3.amazonaws.com/photos/202453461/medium.jpg,NA,NA,NA,2,0,FALSE,3,"Palo Duro Canyon State Park, Canyon, TX, US",34.9734366667,-101.672805,6,NA,NA,NA,6,NA,open,FALSE,NA,NA,Eastern Collared Lizard,Crotaphytus collaris,Eastern Collared Lizard,Reptilia,33135
120070026,7d83ef48-c81c-49c4-9ed2-8099cd40fae3,2022-06-03 16:36:58-05:00,2022-06-03,2022-06-04 06:36:58 +0900,Central Time (US & Canada),2185392,blakemorgan,Blake Morgan,2022-06-04 06:37:10 +0900,2022-12-01 14:29:41 +0900,research,NA,https://www.inaturalist.org/observations/120070026,https://static.inaturalist.org/photos/244176966/medium.jpg,NA,NA,NA,1,0,FALSE,3,"Palo Duro Canyon State Park, Canyon, TX, US",34.9793065408,-101.6786422413,7,NA,NA,NA,7,NA,open,FALSE,NA,NA,Eastern Collared Lizard,Crotaphytus collaris,Eastern Collared Lizard,Reptilia,33135
120117215,f0c204fd-c037-4c58-bbd4-e4e41d2cad23,2022/05/26 5:47 PM,2022-05-26,2022-05-27 07:47:00 +0900,Central Time (US & Canada),9627,badger8181,Bryan Box,2022-06-04 15:14:26 +0900,2022-06-17 16:07:24 +0900,research,CC-BY-NC,https://www.inaturalist.org/observations/120117215,https://inaturalist-open-data.s3.amazonaws.com/photos/203127288/medium.jpg,NA,NA,NA,1,0,FALSE,NA,"King, Texas, United States",33.801875,-100.2206816667,NA,NA,NA,NA,NA,NA,open,FALSE,NA,NA,Eastern Collared Lizard,Crotaphytus collaris,Eastern Collared Lizard,Reptilia,33135
120150514,a5c6ed3a-0779-4ff4-95f9-f24cbb96bc59,2022-06-04 07:23:42-06:00,2022-06-04,2022-06-04 22:23:42 +0900,Mountain Time (US & Canada),40548,rtbanke,NA,2022-06-04 22:25:57 +0900,2022-06-05 16:29:50 +0900,research,CC-BY-NC,https://www.inaturalist.org/observations/120150514,https://inaturalist-open-data.s3.amazonaws.com/photos/203185191/medium.jpg,NA,NA,NA,2,0,FALSE,3,"Franklin Mountains State Park, El Paso, TX, US",31.9165504915,-106.509230609,127,NA,NA,NA,127,NA,open,FALSE,NA,NA,Eastern Collared Lizard,Crotaphytus collaris,Eastern Collared Lizard,Reptilia,33135
120216786,2a7f553c-a416-425f-b291-97628fa054c4,2022-06-02 16:06:21,2022-06-02,2022-06-03 06:06:21 +0900,Central Time (US & Canada),755543,consobrinusconnoisseur,Alexander Murray,2022-06-05 05:10:41 +0900,2022-06-07 23:32:42 +0900,research,CC-BY-NC,https://www.inaturalist.org/observations/120216786,https://inaturalist-open-data.s3.amazonaws.com/photos/204120117/medium.jpeg,NA,NA,Gravid female,1,0,FALSE,2,"Texas, US",32.5104235842,-98.2302943398,NA,NA,NA,NA,29093,obscured,open,TRUE,gps,gps,Eastern Collared Lizard,Crotaphytus collaris,Eastern Collared Lizard,Reptilia,33135
120725527,c4559710-5144-44f7-8c03-2231a03a08db,2022-06-07 15:33:56-05:00,2022-06-07,2022-06-08 05:33:56 +0900,Central Time (US & Canada),1696870,dhall519,NA,2022-06-08 06:11:58 +0900,2024-08-27 11:50:11 +0900,research,CC-BY-NC,https://www.inaturalist.org/observations/120725527,https://inaturalist-open-data.s3.amazonaws.com/photos/204217911/medium.jpg,NA,NA,NA,1,0,FALSE,3,"Canyon, TX, US",34.970195,-101.7037116667,4,NA,NA,NA,4,NA,open,FALSE,NA,NA,Eastern Collared Lizard,Crotaphytus collaris,Eastern Collared Lizard,Reptilia,33135
120970222,97133f1c-d723-4aed-882c-939fd4a471bc,2022-06-09 11:03:54-05:00,2022-06-09,2022-06-10 01:03:54 +0900,Central Time (US & Canada),185080,krysta,Krysta Demere,2022-06-10 01:04:18 +0900,2022-06-22 22:25:18 +0900,research,NA,https://www.inaturalist.org/observations/120970222,https://static.inaturalist.org/photos/204659086/medium.jpg,NA,NA,NA,2,0,FALSE,3,"Hovey Rd, Fort Stockton, TX, US",30.670356816400002,-103.3655125097,5,NA,NA,NA,5,NA,open,FALSE,NA,NA,Eastern Collared Lizard,Crotaphytus collaris,Eastern Collared Lizard,Reptilia,33135
121171840,7553a809-5504-4232-8435-fa4796e61ca0,2022-06-10 08:26:14-05:00,2022-06-10,2022-06-10 22:26:14 +0900,Central Time (US & Canada),1475352,megrowe,Megan Rowe,2022-06-11 10:05:01 +0900,2022-06-11 10:55:52 +0900,research,CC-BY-NC,https://www.inaturalist.org/observations/121171840,https://inaturalist-open-data.s3.amazonaws.com/photos/205020326/medium.jpg,NA,NA,NA,1,0,FALSE,3,"Davis Mountains State Park, Fort Davis, TX, US",30.5948216667,-103.9470283333,4,NA,NA,NA,4,NA,open,FALSE,NA,NA,Eastern Collared Lizard,Crotaphytus collaris,Eastern Collared Lizard,Reptilia,33135
121935996,cdffdd5a-0fd6-4ce3-a0ac-66738f9b54a4,2022-05-12 09:02:14,2022-05-12,2022-05-12 23:02:14 +0900,Central Time (US & Canada),5816502,bobbie79,Jean H.,2022-06-16 07:14:04 +0900,2023-07-08 17:57:21 +0900,research,CC0,https://www.inaturalist.org/observations/121935996,https://inaturalist-open-data.s3.amazonaws.com/photos/206393863/medium.jpeg,NA,NA,NA,3,0,FALSE,2,"Quitaque, TX 79255, USA",34.4630111111,-101.0987361111,NA,NA,NA,NA,NA,NA,open,FALSE,gps,gps,Eastern Collared Lizard,Crotaphytus collaris,Eastern Collared Lizard,Reptilia,33135
121951565,d9d44c9b-9c39-49b8-a5e7-b05a4901ac51,2022-06-14 21:38:49-06:00,2022-06-14,2022-06-15 12:38:49 +0900,Mountain Time (US & Canada),4717787,viperidae4ever,viperidae4ever,2022-06-16 09:33:53 +0900,2022-06-17 23:44:43 +0900,research,NA,https://www.inaturalist.org/observations/121951565,https://static.inaturalist.org/photos/206422674/medium.jpg,NA,NA,NA,1,0,FALSE,3,"Texas, US",30.7414843819,-104.9407603539,5,NA,NA,NA,29330,obscured,open,TRUE,NA,NA,Eastern Collared Lizard,Crotaphytus collaris,Eastern Collared Lizard,Reptilia,33135
122167948,798021b9-4240-4c28-a2e8-55f368821dd7,2022-06-17 09:03:18-06:00,2022-06-17,2022-06-18 00:03:18 +0900,Mountain Time (US & Canada),3141520,coobrien,Connor O’Brien,2022-06-18 00:03:37 +0900,2025-03-05 05:20:31 +0900,research,CC-BY-NC,https://www.inaturalist.org/observations/122167948,https://inaturalist-open-data.s3.amazonaws.com/photos/206815599/medium.jpg,NA,NA,NA,1,0,FALSE,3,"Franklin Mountains State Park, El Paso, TX, US",31.9148157759,-106.5014882881,4,NA,NA,NA,4,NA,open,FALSE,NA,NA,Eastern Collared Lizard,Crotaphytus collaris,Eastern Collared Lizard,Reptilia,33135
122410171,1d915408-8e4f-4499-9b39-18f2a33ebeae,2022-06-17 18:01:05-05:00,2022-06-17,2022-06-18 08:01:05 +0900,Central Time (US & Canada),3974976,donnatx,NA,2022-06-19 10:46:19 +0900,2022-06-23 09:55:21 +0900,research,CC-BY-NC,https://www.inaturalist.org/observations/122410171,https://inaturalist-open-data.s3.amazonaws.com/photos/207249983/medium.jpg,NA,NA,NA,2,0,FALSE,3,"Palo Duro Canyon State Park, Canyon, TX, US",34.97893,-101.6777416667,NA,NA,NA,NA,NA,NA,open,FALSE,NA,NA,Eastern Collared Lizard,Crotaphytus collaris,Eastern Collared Lizard,Reptilia,33135
122642475,26a309eb-d028-46fb-8970-df3522438e48,2022/06/16 1:31 PM,2022-06-16,2022-06-17 03:31:00 +0900,Central Time (US & Canada),268486,brooksy,Jason Brooks,2022-06-20 22:11:35 +0900,2022-06-20 22:49:55 +0900,research,NA,https://www.inaturalist.org/observations/122642475,https://static.inaturalist.org/photos/207669076/medium.jpeg,NA,NA,NA,1,0,FALSE,NA,"Upton County, TX, USA",31.3304236514,-102.2233055121,94,NA,NA,NA,94,NA,open,FALSE,NA,NA,Eastern Collared Lizard,Crotaphytus collaris,Eastern Collared Lizard,Reptilia,33135
122796619,f407d420-1a78-4879-a33b-2da3c5e244d3,2022/06/20 12:17 PM,2022-06-20,2022-06-21 02:17:00 +0900,Central Time (US & Canada),268486,brooksy,Jason Brooks,2022-06-21 21:36:50 +0900,2022-06-22 00:24:53 +0900,research,NA,https://www.inaturalist.org/observations/122796619,https://static.inaturalist.org/photos/207952102/medium.jpeg,NA,NA,NA,1,0,FALSE,NA,"Upton County, TX, USA",31.5782296238,-102.125943378,21,NA,NA,NA,21,NA,open,FALSE,NA,NA,Eastern Collared Lizard,Crotaphytus collaris,Eastern Collared Lizard,Reptilia,33135
123244025,b205a922-e46b-465e-b5e7-59950264af41,2022-06-23 19:49:40,2022-06-23,2022-06-24 09:49:40 +0900,Central Time (US & Canada),5849473,txrenegade,Natalie Harris,2022-06-25 01:53:45 +0900,2022-06-26 22:48:32 +0900,research,NA,https://www.inaturalist.org/observations/123244025,https://static.inaturalist.org/photos/208760811/medium.jpeg,NA,NA,NA,3,1,FALSE,2,Palo Duro Canyon State Park,34.9372330984,-101.6589305922,8337,NA,NA,NA,8337,NA,open,FALSE,gps,gps,Eastern Collared Lizard,Crotaphytus collaris,Eastern Collared Lizard,Reptilia,33135
123299864,d285013d-8eb9-4646-b293-e65ceab010b8,2022-06-24 11:57:26-06:00,2022-06-24,2022-06-25 02:57:26 +0900,Mountain Time (US & Canada),6097,cypseloides,Matt Brady,2022-06-25 09:59:16 +0900,2023-04-18 05:51:09 +0900,research,CC-BY-NC,https://www.inaturalist.org/observations/123299864,https://static.inaturalist.org/photos/208862246/medium.jpg,NA,NA,NA,1,0,FALSE,3,"El Paso County, US-TX, US",31.91498,-106.50477,4,NA,NA,NA,4,NA,open,FALSE,NA,NA,Eastern Collared Lizard,Crotaphytus collaris,Eastern Collared Lizard,Reptilia,33135
123591891,b5db1ad1-6205-443c-8ea0-d0c6a0af6d47,2021/12/18 1:06 PM,2021-12-18,2021-12-19 04:06:00 +0900,Central Time (US & Canada),855912,elizard,NA,2022-06-27 05:39:58 +0900,2023-08-25 20:40:07 +0900,research,CC0,https://www.inaturalist.org/observations/123591891,https://inaturalist-open-data.s3.amazonaws.com/photos/209380037/medium.jpeg,NA,NA,NA,3,0,FALSE,NA,"Brewster County, TX, USA",29.191397,-102.981578,50,NA,NA,NA,50,NA,open,FALSE,NA,NA,Eastern Collared Lizard,Crotaphytus collaris,Eastern Collared Lizard,Reptilia,33135
123683949,7a5d6527-5501-4d35-9180-e7cb2c14f43a,2022-06-26 13:22:18-05:00,2022-06-26,2022-06-27 03:22:18 +0900,Central Time (US & Canada),5421963,hmjohnson81,NA,2022-06-27 22:20:12 +0900,2022-06-28 18:23:38 +0900,research,CC-BY-NC,https://www.inaturalist.org/observations/123683949,https://inaturalist-open-data.s3.amazonaws.com/photos/209555704/medium.jpg,NA,NA,NA,3,0,FALSE,3,"Texas, US",34.8311997478,-102.4623556642,735,NA,NA,NA,28762,obscured,open,TRUE,NA,NA,Eastern Collared Lizard,Crotaphytus collaris,Eastern Collared Lizard,Reptilia,33135
123729922,99db8bfd-dca1-4392-bd95-442ba65c0cb8,2022-06-23 13:32:14,2022-06-23,2022-06-24 04:32:14 +0900,Mountain Time (US & Canada),2378601,analisa_californica,Analisa Torres,2022-06-28 04:18:05 +0900,2022-06-29 00:11:06 +0900,research,NA,https://www.inaturalist.org/observations/123729922,https://static.inaturalist.org/photos/209637337/medium.jpeg,NA,NA,NA,2,0,FALSE,2,"El Paso, TX 79904, USA",31.90485,-106.4943638889,NA,NA,NA,NA,NA,NA,open,FALSE,gps,gps,Eastern Collared Lizard,Crotaphytus collaris,Eastern Collared Lizard,Reptilia,33135
123798521,33141682-cda2-49e8-9738-126e1ff178aa,2022-06-27 11:01:53-05:00,2022-06-27,2022-06-28 01:01:53 +0900,Central Time (US & Canada),3251621,ckbrett07,NA,2022-06-28 15:31:34 +0900,2022-07-14 22:14:13 +0900,research,CC-BY-NC,https://www.inaturalist.org/observations/123798521,https://inaturalist-open-data.s3.amazonaws.com/photos/209766031/medium.jpg,NA,NA,NA,1,0,FALSE,3,"Palo Duro Canyon State Park, Canyon, TX, US",34.9771783333,-101.6816166667,4,NA,NA,NA,4,NA,open,FALSE,NA,NA,Eastern Collared Lizard,Crotaphytus collaris,Eastern Collared Lizard,Reptilia,33135
123798545,0a6c097c-51a3-4774-8669-4113d964587c,2022-06-27 10:52:06-05:00,2022-06-27,2022-06-28 00:52:06 +0900,Central Time (US & Canada),3251621,ckbrett07,NA,2022-06-28 15:32:03 +0900,2022-07-14 22:14:28 +0900,research,CC-BY-NC,https://www.inaturalist.org/observations/123798545,https://inaturalist-open-data.s3.amazonaws.com/photos/209766073/medium.jpg,NA,NA,NA,1,0,FALSE,3,"Palo Duro Canyon State Park, Canyon, TX, US",34.9774166667,-101.6823666667,4,NA,NA,NA,4,NA,open,FALSE,NA,NA,Eastern Collared Lizard,Crotaphytus collaris,Eastern Collared Lizard,Reptilia,33135
123893025,9f2c8d5b-837a-45bf-8b4d-6f826934a28d,2022-06-28 15:23:21-05:00,2022-06-28,2022-06-29 05:23:21 +0900,Central Time (US & Canada),5597856,jefferyaustin68,NA,2022-06-29 07:21:03 +0900,2022-09-07 11:30:52 +0900,research,CC-BY-NC,https://www.inaturalist.org/observations/123893025,https://inaturalist-open-data.s3.amazonaws.com/photos/209934744/medium.jpg,NA,NA,NA,3,0,FALSE,3,"Silverton, TX, US",34.5609191494,-101.4483039624,672,NA,NA,NA,672,NA,open,FALSE,NA,NA,Eastern Collared Lizard,Crotaphytus collaris,Eastern Collared Lizard,Reptilia,33135
124244835,bc44ae72-b69b-4333-b1c7-f9c5ce4738c3,2022-06-27,2022-06-27,NA,Central Time (US & Canada),5521013,carocorral,Caro Corral,2022-07-01 23:03:02 +0900,2022-07-04 13:16:50 +0900,research,CC-BY-NC,https://www.inaturalist.org/observations/124244835,https://static.inaturalist.org/photos/210570662/medium.jpeg,NA,NA,NA,2,0,FALSE,2,Caprock Canyons State Park & Trail,34.4369908803,-101.059861891,563,NA,NA,NA,563,NA,open,FALSE,gps,gps,Eastern Collared Lizard,Crotaphytus collaris,Eastern Collared Lizard,Reptilia,33135
124267935,b0b65a4b-87b8-4de8-b667-a5e14f109d11,Fri Jul 01 2022 12:07:37 GMT -0500 (CDT),2022-07-01,2022-07-02 02:07:37 +0900,Central Time (US & Canada),3682429,sitnam90,NA,2022-07-02 02:07:49 +0900,2022-07-04 13:15:32 +0900,research,CC-BY-NC,https://www.inaturalist.org/observations/124267935,https://inaturalist-open-data.s3.amazonaws.com/photos/210612791/medium.jpg,NA,NA,NA,2,0,FALSE,333,Midland,31.7140445709,-102.057800293,3335,NA,NA,NA,3335,NA,open,FALSE,NA,NA,Eastern Collared Lizard,Crotaphytus collaris,Eastern Collared Lizard,Reptilia,33135
124709425,fd7b15c0-770a-4982-b849-45fb62141d2d,Sun Jul 03 2022 18:07:11 GMT-0500 (CDT),2022-07-03,2022-07-04 08:07:11 +0900,Central Time (US & Canada),4875992,nebraska_fish,Owen Reeves,2022-07-04 20:45:17 +0900,2022-07-05 00:05:34 +0900,research,CC-BY-NC,https://www.inaturalist.org/observations/124709425,https://inaturalist-open-data.s3.amazonaws.com/photos/211407235/medium.jpg,NA,NA,NA,1,0,FALSE,3,"White Deer, TX, US",35.5465301851,-101.2449098836,98,NA,NA,NA,98,NA,open,FALSE,NA,NA,Eastern Collared Lizard,Crotaphytus collaris,Eastern Collared Lizard,Reptilia,33135
124832108,177ba785-0070-45e1-98d7-45de8fed1d83,Mon Jul 04 2022 15:39:38 GMT -0500 (CDT),2022-07-04,2022-07-05 05:39:38 +0900,Central Time (US & Canada),5652705,mykewalton,NA,2022-07-05 11:48:02 +0900,2022-07-10 03:55:45 +0900,research,CC-BY-NC,https://www.inaturalist.org/observations/124832108,https://inaturalist-open-data.s3.amazonaws.com/photos/211639880/medium.jpeg,NA,NA,NA,1,0,FALSE,333,"Randall County, US-TX, US",34.9618911743,-101.6806488037,4,NA,NA,NA,4,NA,open,FALSE,NA,NA,Eastern Collared Lizard,Crotaphytus collaris,Eastern Collared Lizard,Reptilia,33135
124989490,d71de43f-bd8b-4ce1-95ee-b4292d32c705,2022-06-28 15:22:47-05:00,2022-06-28,2022-06-29 05:22:47 +0900,Central Time (US & Canada),2581214,moss_d,D.D. Moss,2022-07-06 16:07:55 +0900,2022-07-08 09:38:26 +0900,research,NA,https://www.inaturalist.org/observations/124989490,https://static.inaturalist.org/photos/211920814/medium.jpg,NA,NA,NA,2,0,FALSE,3,"Palo Duro Canyon State Park, Canyon, TX, US",34.93687,-101.6968383333,4,NA,NA,NA,4,NA,open,FALSE,NA,NA,Eastern Collared Lizard,Crotaphytus collaris,Eastern Collared Lizard,Reptilia,33135
125191542,e3ae3bb5-81d9-4fbb-ae78-ccb1af65056f,2022-07-07 11:15:49-06:00,2022-07-07,2022-07-08 02:15:49 +0900,Mountain Time (US & Canada),765155,mayaressler,NA,2022-07-08 02:36:06 +0900,2022-07-23 08:58:36 +0900,research,NA,https://www.inaturalist.org/observations/125191542,https://static.inaturalist.org/photos/216345099/medium.jpg,NA,NA,NA,1,0,FALSE,3,"Fort Hancock, TX, US",31.26382,-104.9236533333,5,NA,NA,NA,5,NA,open,FALSE,NA,NA,Eastern Collared Lizard,Crotaphytus collaris,Eastern Collared Lizard,Reptilia,33135
125448507,90aab70c-0b05-47d8-a9eb-4317a8ad513a,2022-06-25 11:16:33-05:00,2022-06-25,2022-06-26 01:16:33 +0900,Central Time (US & Canada),5898803,dr_d_b_shropshire,Dr D B Shropshire,2022-07-09 23:24:36 +0900,2022-07-15 16:23:14 +0900,research,NA,https://www.inaturalist.org/observations/125448507,https://static.inaturalist.org/photos/212742480/medium.jpg,NA,NA,NA,4,1,FALSE,3,"Texas, US",34.8463841687,-101.7894226153,4,NA,NA,NA,28762,NA,obscured,TRUE,NA,NA,Eastern Collared Lizard,Crotaphytus collaris,Eastern Collared Lizard,Reptilia,33135
125448535,fec7c89c-aa35-4290-b89c-31df4991fd95,2022-07-06 11:28:44,2022-07-06,2022-07-07 01:28:44 +0900,Central Time (US & Canada),583032,electricmonk,NA,2022-07-09 23:24:46 +0900,2022-07-15 16:23:07 +0900,research,CC-BY-NC,https://www.inaturalist.org/observations/125448535,https://inaturalist-open-data.s3.amazonaws.com/photos/212742531/medium.jpeg,NA,NA,NA,2,0,FALSE,2,"Canyon, TX 79015, USA",34.9802361111,-101.6908666667,NA,NA,NA,NA,NA,NA,open,FALSE,gps,gps,Eastern Collared Lizard,Crotaphytus collaris,Eastern Collared Lizard,Reptilia,33135
125448763,bd294190-edf3-4c13-be5d-8f93925df841,2022-06-25 11:07:52-05:00,2022-06-25,2022-06-26 01:07:52 +0900,Central Time (US & Canada),5898803,dr_d_b_shropshire,Dr D B Shropshire,2022-07-09 23:26:08 +0900,2022-07-10 00:50:55 +0900,research,NA,https://www.inaturalist.org/observations/125448763,https://static.inaturalist.org/photos/212742876/medium.jpg,NA,NA,NA,1,0,FALSE,3,"Palo Duro Canyon State Park, Canyon, TX, US",34.98,-101.6846783333,4,NA,NA,NA,4,NA,open,FALSE,NA,NA,Eastern Collared Lizard,Crotaphytus collaris,Eastern Collared Lizard,Reptilia,33135
125677651,f36bc156-ad79-4ad7-9418-9d2a003f5259,2022-07-10 14:31:50,2022-07-10,2022-07-11 04:31:50 +0900,Central Time (US & Canada),1716964,caterpillarofsociety,George Pollock,2022-07-11 05:54:48 +0900,2022-07-11 07:27:47 +0900,research,CC-BY-NC,https://www.inaturalist.org/observations/125677651,https://inaturalist-open-data.s3.amazonaws.com/photos/213151392/medium.jpeg,NA,NA,NA,2,0,FALSE,2,"Muleshoe, TX 79347, USA",33.9558760997,-102.7787862997,NA,NA,NA,NA,NA,NA,open,FALSE,gps,gps,Eastern Collared Lizard,Crotaphytus collaris,Eastern Collared Lizard,Reptilia,33135
125785218,68fa9037-180c-49ac-9ad1-bb09aa5fbeee,2022-07-11 09:27:13-05:00,2022-07-11,2022-07-11 23:27:13 +0900,Central Time (US & Canada),246668,rachelchiroptera,NA,2022-07-11 23:41:05 +0900,2023-06-22 22:07:20 +0900,research,CC-BY-NC,https://www.inaturalist.org/observations/125785218,https://inaturalist-open-data.s3.amazonaws.com/photos/213348332/medium.jpg,NA,NA,NA,3,0,FALSE,3,"Lake Meredith National Recreation Area, Fritch, TX, US",35.7063166667,-101.5567166667,4,NA,NA,NA,4,NA,open,FALSE,NA,NA,Eastern Collared Lizard,Crotaphytus collaris,Eastern Collared Lizard,Reptilia,33135
125918906,4d33060f-6baf-445b-b1df-bfd5e2c679de,2022/07/06 10:27 AM,2022-07-06,2022-07-07 00:27:00 +0900,Central Time (US & Canada),268486,brooksy,Jason Brooks,2022-07-12 21:59:08 +0900,2024-02-06 23:26:12 +0900,research,NA,https://www.inaturalist.org/observations/125918906,https://static.inaturalist.org/photos/213593545/medium.jpeg,NA,NA,NA,2,0,FALSE,NA,"Upton County, TX, USA",31.4373398582,-102.1499518712,58,NA,NA,NA,58,NA,open,FALSE,NA,NA,Eastern Collared Lizard,Crotaphytus collaris,Eastern Collared Lizard,Reptilia,33135
126012264,2f7c541f-3715-4ae4-ac1f-dbf570bd44f2,2022-07-12 11:27:14-05:00,2022-07-12,2022-07-13 01:27:14 +0900,Central Time (US & Canada),1269323,jdstar,JD McCoy,2022-07-13 10:42:35 +0900,2022-07-19 07:03:40 +0900,research,CC-BY-NC,https://www.inaturalist.org/observations/126012264,https://inaturalist-open-data.s3.amazonaws.com/photos/213761686/medium.jpg,NA,NA,NA,1,0,FALSE,3,"Alibates Flint Quarries National Monument, Amarillo, TX, US",35.5900333333,-101.6696866667,6,NA,NA,NA,6,NA,open,FALSE,NA,NA,Eastern Collared Lizard,Crotaphytus collaris,Eastern Collared Lizard,Reptilia,33135
126947744,f6e77f69-f9cc-40f4-9f81-24a15329542f,2022/07/18 1:48 PM,2022-07-18,2022-07-19 03:48:00 +0900,Central Time (US & Canada),268486,brooksy,Jason Brooks,2022-07-19 21:49:05 +0900,2022-07-20 00:06:41 +0900,research,NA,https://www.inaturalist.org/observations/126947744,https://static.inaturalist.org/photos/215458150/medium.jpeg,NA,NA,NA,2,0,FALSE,NA,"Upton County, TX, USA",31.3756875526,-102.2261836627,61,NA,NA,NA,61,NA,open,FALSE,NA,NA,Eastern Collared Lizard,Crotaphytus collaris,Eastern Collared Lizard,Reptilia,33135
126947745,e00c2059-be29-49fd-8428-f75d1f62fc1a,2022/07/18 1:57 PM,2022-07-18,2022-07-19 03:57:00 +0900,Central Time (US & Canada),268486,brooksy,Jason Brooks,2022-07-19 21:49:05 +0900,2022-07-20 00:06:46 +0900,research,NA,https://www.inaturalist.org/observations/126947745,https://static.inaturalist.org/photos/215458147/medium.jpeg,NA,NA,NA,2,0,FALSE,NA,"Upton County, TX, USA",31.3570121869,-102.2230324425,338,NA,NA,NA,338,NA,open,FALSE,NA,NA,Eastern Collared Lizard,Crotaphytus collaris,Eastern Collared Lizard,Reptilia,33135
127214147,9f1b5aef-f0f3-4404-8dd5-2eba708ba806,2022/07/20 10:16 AM,2022-07-20,2022-07-21 00:16:00 +0900,Central Time (US & Canada),268486,brooksy,Jason Brooks,2022-07-21 21:40:41 +0900,2024-02-06 23:29:20 +0900,research,NA,https://www.inaturalist.org/observations/127214147,https://static.inaturalist.org/photos/215944172/medium.jpeg,NA,NA,NA,2,0,FALSE,NA,"Midland County, TX, USA",31.7921368412,-102.1546577602,61,NA,NA,NA,61,NA,open,FALSE,NA,NA,Eastern Collared Lizard,Crotaphytus collaris,Eastern Collared Lizard,Reptilia,33135
127452213,6c0fe3e5-8b24-4df6-a2e0-d2f84c413778,2022-05-29 10:57:04,2022-05-29,2022-05-30 01:57:04 +0900,Mountain Time (US & Canada),72655,jmschlichte,Julie M. Schlichte,2022-07-23 12:08:41 +0900,2022-07-23 12:41:02 +0900,research,CC-BY-NC,https://www.inaturalist.org/observations/127452213,https://inaturalist-open-data.s3.amazonaws.com/photos/216378961/medium.jpeg,NA,NA,Brilliant male Crotaphytus collaris basking in the sun on a rock just beyond the end of the road in Tom Mays State Park.,1,0,FALSE,2,"El Paso, TX, USA",31.9317557502,-106.5131267533,76,NA,NA,NA,76,NA,open,FALSE,gps,gps,Eastern Collared Lizard,Crotaphytus collaris,Eastern Collared Lizard,Reptilia,33135
128141097,d88362d7-c186-4867-833d-9e55422080e7,2022-04-24 13:33:51-05:00,2022-04-24,2022-04-25 03:33:51 +0900,Central Time (US & Canada),704389,cinrac,NA,2022-07-27 22:54:54 +0900,2022-08-14 03:05:26 +0900,research,NA,https://www.inaturalist.org/observations/128141097,https://static.inaturalist.org/photos/218859752/medium.jpg,NA,NA,NA,1,0,FALSE,3,"Llano, TX, US",30.509195,-98.8877716667,4,NA,NA,NA,4,NA,open,FALSE,NA,NA,Eastern Collared Lizard,Crotaphytus collaris,Eastern Collared Lizard,Reptilia,33135
128335769,1499b0df-4dce-42e3-8969-be59b25f1554,2022-07-13 11:28:25-05:00,2022-07-13,2022-07-14 01:28:25 +0900,Central Time (US & Canada),1996087,birdergrant,NA,2022-07-29 03:22:29 +0900,2022-07-29 03:36:15 +0900,research,CC-BY-NC,https://www.inaturalist.org/observations/128335769,https://inaturalist-open-data.s3.amazonaws.com/photos/217978165/medium.jpg,NA,NA,NA,1,0,FALSE,3,"Alibates Flint Quarries National Monument, Amarillo, TX, US",35.58998,-101.669945,4,NA,NA,NA,4,NA,open,FALSE,NA,NA,Eastern Collared Lizard,Crotaphytus collaris,Eastern Collared Lizard,Reptilia,33135
128854514,c086c6d0-dd1d-4f04-9ee4-6c0c5e09c29f,2018/08/02 10:25 AM,2018-08-02,2018-08-03 01:25:00 +0900,Mountain Time (US & Canada),81440,craighensley,Craig Hensley,2022-08-01 04:44:04 +0900,2024-08-30 02:06:20 +0900,research,CC-BY,https://www.inaturalist.org/observations/128854514,https://inaturalist-open-data.s3.amazonaws.com/photos/218897540/medium.jpeg,NA,NA,NA,1,0,FALSE,NA,"El Paso, TX, USA",31.921326037,-106.5137620416,16,NA,NA,NA,16,NA,open,FALSE,NA,NA,Eastern Collared Lizard,Crotaphytus collaris,Eastern Collared Lizard,Reptilia,33135
128860984,ec510025-5fb1-415a-b8ac-5160b6701f47,Mon Dec 20 2021 16:17:00 GMT-0600 (CST),2021-12-20,2021-12-21 07:17:00 +0900,Central Time (US & Canada),5279637,colemanhughes34,NA,2022-08-01 05:19:14 +0900,2023-08-25 20:36:47 +0900,research,CC-BY-NC,https://www.inaturalist.org/observations/128860984,https://inaturalist-open-data.s3.amazonaws.com/photos/218917464/medium.jpg,NA,NA,NA,2,0,FALSE,3,"Big Bend National Park, Alpine, TX, US",29.3476235073,-103.2425945005,29681,NA,NA,NA,29681,NA,open,FALSE,NA,NA,Eastern Collared Lizard,Crotaphytus collaris,Eastern Collared Lizard,Reptilia,33135
128909736,b5384727-eccf-4a23-beb5-06295c64aa1d,2022/07/23 9:42 AM,2022-07-23,2022-07-23 23:42:00 +0900,Central Time (US & Canada),2373009,williampaulwhite17,NA,2022-08-01 10:23:53 +0900,2022-08-02 02:51:35 +0900,research,CC-BY-NC,https://www.inaturalist.org/observations/128909736,https://inaturalist-open-data.s3.amazonaws.com/photos/219006197/medium.jpeg,NA,NA,NA,1,0,FALSE,NA,"Randall County, TX, USA",34.9857216837,-101.6947455575,203,NA,NA,NA,203,NA,open,FALSE,NA,NA,Eastern Collared Lizard,Crotaphytus collaris,Eastern Collared Lizard,Reptilia,33135
128909738,f3c3e3b2-eda2-4edc-b547-ed369aa3b869,2022/07/23 9:45 AM,2022-07-23,2022-07-23 23:45:00 +0900,Central Time (US & Canada),2373009,williampaulwhite17,NA,2022-08-01 10:23:54 +0900,2022-08-02 02:50:44 +0900,research,CC-BY-NC,https://www.inaturalist.org/observations/128909738,https://inaturalist-open-data.s3.amazonaws.com/photos/219006236/medium.jpeg,NA,NA,NA,1,0,FALSE,NA,"Randall County, TX, USA",34.9839816667,-101.6918383333,NA,NA,NA,NA,NA,NA,open,FALSE,NA,NA,Eastern Collared Lizard,Crotaphytus collaris,Eastern Collared Lizard,Reptilia,33135
129056218,51c004eb-b10f-4b13-8630-7d20bac20c06,2022-07-29 16:08:43,2022-07-29,2022-07-30 06:08:43 +0900,Central Time (US & Canada),32343,ale-alep,Alejandra Peña Estrada,2022-08-02 07:55:44 +0900,2023-12-17 01:50:51 +0900,research,CC-BY,https://www.inaturalist.org/observations/129056218,https://inaturalist-open-data.s3.amazonaws.com/photos/219272077/medium.jpeg,NA,NA,NA,2,0,FALSE,2,"Canyon, Texas 79015, EE. UU.",34.9561692833,-101.6766608833,NA,NA,NA,NA,NA,NA,open,FALSE,gps,gps,Eastern Collared Lizard,Crotaphytus collaris,Eastern Collared Lizard,Reptilia,33135
129482237,9be5c5b4-d80f-4d31-a645-9fdd21781667,2022-08-04 12:33:36-06:00,2022-08-04,2022-08-05 03:33:36 +0900,Mountain Time (US & Canada),6097,cypseloides,Matt Brady,2022-08-05 09:18:44 +0900,2023-04-18 05:51:09 +0900,research,CC-BY-NC,https://www.inaturalist.org/observations/129482237,https://static.inaturalist.org/photos/220046515/medium.jpg,NA,NA,NA,1,0,FALSE,3,"Franklin Mountains State Park, El Paso, TX, US",31.9161333333,-106.508155,4,NA,NA,NA,4,NA,open,FALSE,NA,NA,Eastern Collared Lizard,Crotaphytus collaris,Eastern Collared Lizard,Reptilia,33135
129482247,ae26c5b9-faa4-4b63-88ad-482d60799274,2022-08-04 12:35:01-06:00,2022-08-04,2022-08-05 03:35:01 +0900,Mountain Time (US & Canada),6097,cypseloides,Matt Brady,2022-08-05 09:18:51 +0900,2023-04-18 05:51:09 +0900,research,CC-BY-NC,https://www.inaturalist.org/observations/129482247,https://static.inaturalist.org/photos/220046544/medium.jpg,NA,NA,NA,1,0,FALSE,3,"Franklin Mountains State Park, El Paso, TX, US",31.916555,-106.50885,4,NA,NA,NA,4,NA,open,FALSE,NA,NA,Eastern Collared Lizard,Crotaphytus collaris,Eastern Collared Lizard,Reptilia,33135
129770236,799efe36-260d-46fd-b3d4-2c3d0a812057,2022-08-06 19:38:19-05:00,2022-08-06,2022-08-07 09:38:19 +0900,Central Time (US & Canada),4315107,sophielinusa,Sophie Lin,2022-08-07 11:54:01 +0900,2022-08-11 00:46:17 +0900,research,CC-BY-NC,https://www.inaturalist.org/observations/129770236,https://inaturalist-open-data.s3.amazonaws.com/photos/220581285/medium.jpg,NA,NA,NA,2,0,FALSE,3,"Palo Duro Canyon State Park, Canyon, TX, US",34.940705,-101.651445,4,NA,NA,NA,4,NA,open,FALSE,NA,NA,Eastern Collared Lizard,Crotaphytus collaris,Eastern Collared Lizard,Reptilia,33135
129866766,05b52905-0a05-4fa3-b268-aaf680622abc,2022/05/30 11:38 AM,2022-05-30,2022-05-31 01:38:00 +0900,Central Time (US & Canada),284307,mimiposey,Mimi Posey,2022-08-08 03:48:54 +0900,2024-07-27 01:09:33 +0900,research,CC0,https://www.inaturalist.org/observations/129866766,https://inaturalist-open-data.s3.amazonaws.com/photos/220758724/medium.jpg,NA,NA,NA,1,0,FALSE,NA,"Randall County, TX, USA",34.97924,-101.67859479,NA,NA,NA,NA,NA,NA,open,FALSE,NA,NA,Eastern Collared Lizard,Crotaphytus collaris,Eastern Collared Lizard,Reptilia,33135
130496631,ad9566d4-e52f-4ce8-9105-f44adae4e0c6,2022/08/10 3:35 PM,2022-08-10,2022-08-11 05:35:00 +0900,Central Time (US & Canada),268486,brooksy,Jason Brooks,2022-08-12 23:02:31 +0900,2022-08-14 00:42:24 +0900,research,NA,https://www.inaturalist.org/observations/130496631,https://static.inaturalist.org/photos/221937002/medium.jpeg,NA,NA,NA,1,0,FALSE,NA,"Upton County, TX, USA",31.4970336209,-102.0893720348,4,NA,NA,NA,4,NA,open,FALSE,NA,NA,Eastern Collared Lizard,Crotaphytus collaris,Eastern Collared Lizard,Reptilia,33135
130650634,e129dfaa-5fb6-43e2-9ec1-d8e08a419e21,2022-08-13 11:55:20-05:00,2022-08-13,2022-08-14 01:55:20 +0900,Central Time (US & Canada),1865462,anthrotoby,NA,2022-08-14 01:57:33 +0900,2022-09-04 00:23:59 +0900,research,CC-BY-NC,https://www.inaturalist.org/observations/130650634,https://inaturalist-open-data.s3.amazonaws.com/photos/222249379/medium.jpg,NA,NA,NA,3,0,FALSE,3,"Mentone, TX, US",31.7412281,-103.5541153,10,NA,NA,NA,10,NA,open,FALSE,NA,NA,Eastern Collared Lizard,Crotaphytus collaris,Eastern Collared Lizard,Reptilia,33135
130767591,efd8314e-9fb3-44b4-8df1-efdef1a58d2a,2022-08-11 10:23:40-05:00,2022-08-11,2022-08-12 00:23:40 +0900,Central Time (US & Canada),670898,joeross9,NA,2022-08-14 21:13:37 +0900,2022-08-15 03:46:55 +0900,research,NA,https://www.inaturalist.org/observations/130767591,https://static.inaturalist.org/photos/222438365/medium.jpg,NA,NA,NA,1,0,FALSE,3,"Palo Duro Canyon State Park, Canyon, TX, US",34.935695,-101.6356583333,5,NA,NA,NA,5,NA,open,FALSE,NA,NA,Eastern Collared Lizard,Crotaphytus collaris,Eastern Collared Lizard,Reptilia,33135
130817767,7ea816ca-32bd-455b-942d-af46d368cdaa,2022-08-14 12:36:54,2022-08-14,2022-08-15 02:36:54 +0900,Central Time (US & Canada),1550278,taylork235,Taylor Koonce,2022-08-15 03:13:17 +0900,2022-08-18 23:01:45 +0900,research,NA,https://www.inaturalist.org/observations/130817767,https://static.inaturalist.org/photos/222672279/medium.jpeg,NA,NA,NA,1,0,FALSE,2,"Randall County, US-TX, US",34.9801393997,-101.6909145,NA,NA,NA,NA,NA,NA,open,FALSE,NA,NA,Eastern Collared Lizard,Crotaphytus collaris,Eastern Collared Lizard,Reptilia,33135
130985072,bfd97da3-5a51-40bf-a103-1577e6fe0feb,2022-08-09 17:45:48-05:00,2022-08-09,2022-08-10 07:45:48 +0900,Central Time (US & Canada),1905417,mjschillin,MJ -Blanco TX,2022-08-16 05:51:05 +0900,2023-07-12 22:11:46 +0900,research,CC-BY-NC,https://www.inaturalist.org/observations/130985072,https://inaturalist-open-data.s3.amazonaws.com/photos/222836285/medium.jpg,NA,NA,NA,2,0,FALSE,3,"Blanco, TX, US",30.0857555,-98.539475,4,NA,NA,NA,4,NA,open,FALSE,NA,NA,Eastern Collared Lizard,Crotaphytus collaris,Eastern Collared Lizard,Reptilia,33135
131224831,9de27903-e66b-494f-b3a2-db5ef579e3d5,2022-08-15 19:57:01-05:00,2022-08-15,2022-08-16 09:57:01 +0900,Central Time (US & Canada),17484,drewrdavis,"Drew R. Davis, Ph.D.",2022-08-18 02:25:39 +0900,2022-08-19 11:26:47 +0900,research,CC-BY-NC,https://www.inaturalist.org/observations/131224831,https://inaturalist-open-data.s3.amazonaws.com/photos/223281387/medium.jpg,NA,NA,NA,2,0,FALSE,3,"Marfa, TX, US",30.5446666667,-104.657455,3,NA,NA,NA,3,NA,open,FALSE,NA,NA,Crotaphytus collaris,Crotaphytus collaris,Eastern Collared Lizard,Reptilia,33135
131359968,2bb475c8-710f-44cc-be9f-76cb7de8fe59,2022-08-18 13:15:21-05:00,2022-08-18,2022-08-19 03:15:21 +0900,Central Time (US & Canada),185080,krysta,Krysta Demere,2022-08-19 03:15:41 +0900,2023-07-11 02:45:50 +0900,research,NA,https://www.inaturalist.org/observations/131359968,https://static.inaturalist.org/photos/253276300/medium.jpg,NA,NA,NA,2,0,FALSE,3,"Brewster County, US-TX, US",29.5285671107,-103.4058641313,8,NA,NA,NA,8,NA,open,FALSE,NA,NA,Eastern Collared Lizard,Crotaphytus collaris,Eastern Collared Lizard,Reptilia,33135
131580278,d5f42df6-2e5e-46b7-8c89-b46f1d47e5f2,2022/06/25 12:31 PM,2022-06-25,2022-06-26 02:31:00 +0900,Central Time (US & Canada),114323,jotol,Joanne Toler,2022-08-20 23:03:52 +0900,2022-08-22 07:30:40 +0900,research,CC-BY-NC,https://www.inaturalist.org/observations/131580278,https://inaturalist-open-data.s3.amazonaws.com/photos/223937974/medium.jpeg,NA,NA,Alibates Flint Quarry Tour Trail,1,0,FALSE,NA,"Potter County, TX, USA",35.5912156842,-101.6679633359,122,NA,NA,NA,122,NA,open,FALSE,NA,NA,Eastern Collared Lizard,Crotaphytus collaris,Eastern Collared Lizard,Reptilia,33135
132131875,74e97242-5e49-4b5c-a1a4-c8748c15548a,2022/08/22 2:57 PM,2022-08-22,2022-08-23 04:57:00 +0900,Central Time (US & Canada),268486,brooksy,Jason Brooks,2022-08-24 21:55:18 +0900,2022-08-26 10:30:15 +0900,research,NA,https://www.inaturalist.org/observations/132131875,https://static.inaturalist.org/photos/224968856/medium.jpeg,NA,NA,NA,3,0,FALSE,NA,"Upton County, TX, USA",31.3105022709,-102.1868703006,5,NA,NA,NA,5,NA,open,FALSE,NA,NA,Eastern Collared Lizard,Crotaphytus collaris,Eastern Collared Lizard,Reptilia,33135
132312348,fcf317ed-b6ea-411a-a33e-9a12ec44c9b3,2017-06-03 12:27:53-06:00,2017-06-03,2017-06-04 03:27:53 +0900,Mountain Time (US & Canada),6067060,joycarri,NA,2022-08-26 04:12:40 +0900,2022-08-26 04:20:44 +0900,research,CC-BY-NC,https://www.inaturalist.org/observations/132312348,https://inaturalist-open-data.s3.amazonaws.com/photos/225302672/medium.jpg,NA,NA,NA,1,0,FALSE,3,"Franklin Mountains State Park, El Paso, TX, US",31.9144883333,-106.5093716667,NA,NA,NA,NA,NA,NA,open,FALSE,NA,NA,Eastern Collared Lizard,Crotaphytus collaris,Eastern Collared Lizard,Reptilia,33135
132334255,2027db49-9a42-4433-8ce3-927980d5ff0e,2022-08-25 12:16:03-05:00,2022-08-25,2022-08-26 02:16:03 +0900,Central Time (US & Canada),6067672,bnewcomer,NA,2022-08-26 07:15:39 +0900,2022-08-26 23:36:58 +0900,research,CC-BY-NC,https://www.inaturalist.org/observations/132334255,https://inaturalist-open-data.s3.amazonaws.com/photos/225341362/medium.jpg,NA,NA,NA,1,0,FALSE,3,"Palo Duro Canyon State Park, Canyon, TX, US",34.941405,-101.6506416667,41,NA,NA,NA,41,NA,open,FALSE,NA,NA,Eastern Collared Lizard,Crotaphytus collaris,Eastern Collared Lizard,Reptilia,33135
132444302,f6d4fe3b-78e3-4c03-83f8-e2e7b22b8ee8,2022-08-26 12:59:51-05:00,2022-08-26,2022-08-27 02:59:51 +0900,Central Time (US & Canada),4042860,tdmac,TDMac,2022-08-27 03:10:09 +0900,2022-09-08 06:56:11 +0900,research,CC-BY-ND,https://www.inaturalist.org/observations/132444302,https://inaturalist-open-data.s3.amazonaws.com/photos/225534492/medium.jpg,NA,NA,NA,1,0,FALSE,3,"US-67, Fort Stockton, TX, US",30.9590533333,-102.5804283333,4,NA,NA,NA,4,NA,open,FALSE,NA,NA,Eastern Collared Lizard,Crotaphytus collaris,Eastern Collared Lizard,Reptilia,33135
132480702,707e7cc6-8519-4c73-90cd-430e9bd3bd73,2022-08-26 09:30:42,2022-08-26,2022-08-26 23:30:42 +0900,Central Time (US & Canada),206709,clint_perkins,NA,2022-08-27 08:31:53 +0900,2024-07-17 22:26:43 +0900,research,CC-BY-NC,https://www.inaturalist.org/observations/132480702,https://inaturalist-open-data.s3.amazonaws.com/photos/225599957/medium.jpeg,NA,NA,NA,3,0,FALSE,2,"Quitaque, TX 79255, USA",34.4539359722,-101.0845089722,NA,NA,NA,NA,NA,NA,open,FALSE,gps,gps,Eastern Collared Lizard,Crotaphytus collaris,Eastern Collared Lizard,Reptilia,33135
132485797,a2b68a00-ef95-421b-822d-f58bc78ad2d5,2022-08-26 09:41:05-05:00,2022-08-26,2022-08-26 23:41:05 +0900,Central Time (US & Canada),5700099,ap3ms,NA,2022-08-27 09:35:14 +0900,2022-09-11 04:38:24 +0900,research,CC-BY-NC,https://www.inaturalist.org/observations/132485797,https://inaturalist-open-data.s3.amazonaws.com/photos/225610077/medium.jpg,NA,NA,NA,1,0,FALSE,3,"Palo Duro Canyon State Park, Canyon, TX, US",34.9675633333,-101.684595,4,NA,NA,NA,4,NA,open,FALSE,NA,NA,Eastern Collared Lizard,Crotaphytus collaris,Eastern Collared Lizard,Reptilia,33135
133351466,b666f785-d6c1-41df-8815-556513b599a1,2022-06-24 09:39:33,2022-06-24,2022-06-24 23:39:33 +0900,Central Time (US & Canada),6085347,chris3621,Chris Enoch,2022-09-03 01:38:55 +0900,2022-09-11 04:37:02 +0900,research,NA,https://www.inaturalist.org/observations/133351466,https://static.inaturalist.org/photos/227130580/medium.jpeg,NA,NA,Along the Rock Garden Trail,1,0,FALSE,2,Palo Duro Canyon State Park,34.9374065302,-101.6589305922,8337,NA,NA,NA,8337,NA,open,FALSE,gps,gps,Eastern Collared Lizard,Crotaphytus collaris,Eastern Collared Lizard,Reptilia,33135
133492423,c9ef656a-a072-4cc2-8a01-e4ef2a066888,2022-09-02 15:35:46-05:00,2022-09-02,2022-09-03 05:35:46 +0900,Central Time (US & Canada),4092273,maddie_price,maddie price,2022-09-04 02:37:39 +0900,2022-09-10 03:21:43 +0900,research,CC-BY-ND,https://www.inaturalist.org/observations/133492423,https://inaturalist-open-data.s3.amazonaws.com/photos/227387629/medium.jpg,NA,NA,NA,1,0,FALSE,3,"Palo Duro Canyon State Park, Canyon, TX, US",34.9413416667,-101.6506116667,4,NA,NA,NA,4,NA,open,FALSE,NA,NA,Eastern Collared Lizard,Crotaphytus collaris,Eastern Collared Lizard,Reptilia,33135
133493506,eb6a214f-d508-4f12-bd1d-718615678352,2022-09-02 15:42:48-05:00,2022-09-02,2022-09-03 05:42:48 +0900,Central Time (US & Canada),4092273,maddie_price,maddie price,2022-09-04 02:43:17 +0900,2022-09-04 03:21:44 +0900,research,CC-BY-ND,https://www.inaturalist.org/observations/133493506,https://inaturalist-open-data.s3.amazonaws.com/photos/227389232/medium.jpg,NA,NA,female?,1,0,FALSE,3,"Palo Duro Canyon State Park, Canyon, TX, US",34.94278,-101.65213,4,NA,NA,NA,4,NA,open,FALSE,NA,NA,Eastern Collared Lizard,Crotaphytus collaris,Eastern Collared Lizard,Reptilia,33135
134658882,e88bf00c-78b2-4869-887e-768d9b8c2df7,2022/09/11 3:38 PM,2022-09-11,2022-09-12 05:38:00 +0900,Central Time (US & Canada),300627,joseph92,Joe Girgente,2022-09-12 08:12:53 +0900,2023-03-27 02:13:33 +0900,research,CC-BY,https://www.inaturalist.org/observations/134658882,https://inaturalist-open-data.s3.amazonaws.com/photos/229563276/medium.jpeg,NA,NA,NA,1,0,FALSE,NA,"Lynn County, TX, USA",33.2529899859,-101.743835569,52,NA,NA,NA,52,NA,open,FALSE,NA,NA,Eastern Collared Lizard,Crotaphytus collaris,Eastern Collared Lizard,Reptilia,33135
135248915,ab76fd5e-0a91-4234-a3cc-9802fec6417f,2022-09-14 19:00:00-05:00,2022-09-14,2022-09-15 09:00:00 +0900,Central Time (US & Canada),6021758,jen769,Jen Vassar,2022-09-16 23:51:44 +0900,2022-09-18 22:44:01 +0900,research,NA,https://www.inaturalist.org/observations/135248915,https://static.inaturalist.org/photos/230652701/medium.jpg,NA,NA,NA,2,0,FALSE,3,"Palo Duro Canyon State Park, Canyon, TX, US",34.9120223777,-101.64245224,3505,NA,NA,NA,3505,NA,open,FALSE,NA,NA,Eastern Collared Lizard,Crotaphytus collaris,Eastern Collared Lizard,Reptilia,33135
135317139,159a5e98-7268-4462-b235-a11752b0644e,2022-06-06 12:13:55-05:00,2022-06-06,2022-06-07 02:13:55 +0900,Central Time (US & Canada),4726255,lawxn,NA,2022-09-17 09:26:53 +0900,2022-09-19 21:21:28 +0900,research,CC-BY-NC,https://www.inaturalist.org/observations/135317139,https://inaturalist-open-data.s3.amazonaws.com/photos/231214935/medium.jpg,NA,NA,NA,1,0,FALSE,3,"Palo Duro Canyon State Park, Canyon, TX, US",34.9228436446,-101.6327316219,5675,NA,NA,NA,5675,NA,open,FALSE,NA,NA,Eastern Collared Lizard,Crotaphytus collaris,Eastern Collared Lizard,Reptilia,33135
135412394,4e607705-077d-40d4-b26e-e211914a4ded,2022-09-17 13:07:36,2022-09-17,2022-09-18 03:07:36 +0900,Central Time (US & Canada),42810,bwhite,Britt White,2022-09-18 03:48:01 +0900,2023-07-12 22:11:21 +0900,research,CC-BY-NC,https://www.inaturalist.org/observations/135412394,https://inaturalist-open-data.s3.amazonaws.com/photos/230949086/medium.jpeg,NA,NA,NA,4,0,FALSE,2,"FAIR OAKS, TX 78006, USA",30.0097829722,-98.657374,NA,NA,NA,NA,NA,NA,open,FALSE,gps,gps,Eastern Collared Lizard,Crotaphytus collaris,Eastern Collared Lizard,Reptilia,33135
135881437,81e71660-0ee2-41c5-ba48-20fec3fa611e,2022-09-20 11:24:26,2022-09-20,2022-09-21 01:24:26 +0900,Central Time (US & Canada),5209721,rebecca1352,Rebecca Wolf,2022-09-21 15:16:42 +0900,2022-09-22 02:20:12 +0900,research,NA,https://www.inaturalist.org/observations/135881437,https://static.inaturalist.org/photos/231829338/medium.jpeg,NA,NA,NA,1,0,FALSE,2,"Canyon, TX 79015, USA",34.96162,-101.6805568,NA,NA,NA,NA,NA,NA,open,FALSE,gps,gps,Eastern Collared Lizard,Crotaphytus collaris,Eastern Collared Lizard,Reptilia,33135
135882556,a0b907a9-6d13-4c1b-921f-f035bd01ab93,2022-09-20 11:12:38,2022-09-20,2022-09-21 01:12:38 +0900,Central Time (US & Canada),5209721,rebecca1352,Rebecca Wolf,2022-09-21 15:35:30 +0900,2022-12-04 11:05:31 +0900,research,NA,https://www.inaturalist.org/observations/135882556,https://static.inaturalist.org/photos/231831103/medium.jpeg,NA,NA,NA,2,0,FALSE,2,"Canyon, TX 79015, USA",34.961638,-101.681717,NA,NA,NA,NA,NA,NA,open,FALSE,NA,NA,Eastern Collared Lizard,Crotaphytus collaris,Eastern Collared Lizard,Reptilia,33135
136779524,7565c617-c781-4d60-9d6f-00441f2bce98,Sun Sep 11 2022 18:03:16 GMT+0000 (Coordinated Universal Time),2022-09-11,2022-09-12 08:03:16 +0900,Central Time (US & Canada),1895654,ecoexplore_other,NA,2022-09-28 16:03:17 +0900,2022-09-29 03:22:43 +0900,research,CC-BY-NC,https://www.inaturalist.org/observations/136779524,https://inaturalist-open-data.s3.amazonaws.com/photos/233494526/medium.jpeg,NA,NA,ecoEXPLORE Username: pippa,1,0,FALSE,349,"Texas, US",34.8581464802,-101.8170129704,NA,NA,NA,NA,28762,obscured,open,TRUE,NA,NA,Eastern Collared Lizard,Crotaphytus collaris,Eastern Collared Lizard,Reptilia,33135
136808550,37a83523-8370-47e0-8da4-1928893f9432,2022-09-27 17:54:21,2022-09-27,2022-09-28 07:54:21 +0900,Central Time (US & Canada),6194855,gwilliamsonttu,George Williamson,2022-09-29 00:22:27 +0900,2023-05-22 00:06:11 +0900,research,CC-BY-NC,https://www.inaturalist.org/observations/136808550,https://static.inaturalist.org/photos/233547938/medium.jpeg,NA,NA,NA,2,0,FALSE,2,"Canyon, TX 79015, USA",34.9685777778,-101.6819944444,NA,NA,NA,NA,NA,NA,open,FALSE,gps,gps,Eastern Collared Lizard,Crotaphytus collaris,Eastern Collared Lizard,Reptilia,33135
137024179,8a5a94e4-32fd-4514-bd3b-a9685a7057e0,2022/09/29 3:20 PM,2022-09-29,2022-09-30 05:20:00 +0900,Central Time (US & Canada),268486,brooksy,Jason Brooks,2022-09-30 22:59:51 +0900,2022-10-01 00:47:14 +0900,research,NA,https://www.inaturalist.org/observations/137024179,https://static.inaturalist.org/photos/233941691/medium.jpeg,NA,NA,NA,1,0,FALSE,NA,"Upton County, TX, USA",31.6036313576,-102.1415917187,106,NA,NA,NA,106,NA,open,FALSE,NA,NA,Eastern Collared Lizard,Crotaphytus collaris,Eastern Collared Lizard,Reptilia,33135
137066122,b068be3d-5b4b-4543-93f8-4d1bb450fbf7,2022-09-30 11:41:38-06:00,2022-09-30,2022-10-01 02:41:38 +0900,Mountain Time (US & Canada),921859,krquintano,NA,2022-10-01 05:05:10 +0900,2022-10-01 09:40:03 +0900,research,NA,https://www.inaturalist.org/observations/137066122,https://static.inaturalist.org/photos/234024240/medium.jpg,NA,NA,NA,2,0,FALSE,3,"Franklin Mountains State Park, El Paso, TX, US",31.9120883333,-106.507745,4,NA,NA,NA,4,NA,open,FALSE,NA,NA,Eastern Collared Lizard,Crotaphytus collaris,Eastern Collared Lizard,Reptilia,33135
137468557,eafd7d88-21a8-45b4-85f4-d94f6fd1e808,2022-10-02 12:05:00,2022-10-02,2022-10-03 02:05:00 +0900,Central Time (US & Canada),5385911,tjfishing,Tom Forwood Jr.,2022-10-04 07:50:21 +0900,2022-10-04 23:24:34 +0900,research,CC-BY-NC,https://www.inaturalist.org/observations/137468557,https://inaturalist-open-data.s3.amazonaws.com/photos/234789389/medium.jpeg,NA,NA,NA,1,0,FALSE,2,"Presidio County, US-TX, US",29.986509257,-104.5442520641,9,NA,NA,NA,9,NA,open,FALSE,NA,NA,Eastern Collared Lizard,Crotaphytus collaris,Eastern Collared Lizard,Reptilia,33135
137564572,01f05b49-2338-4547-a12e-98f663e5c5c3,2022/10/04 12:59 PM,2022-10-04,2022-10-05 02:59:00 +0900,Central Time (US & Canada),268486,brooksy,Jason Brooks,2022-10-05 05:30:25 +0900,2024-02-06 23:26:48 +0900,research,NA,https://www.inaturalist.org/observations/137564572,https://static.inaturalist.org/photos/234966915/medium.jpeg,NA,NA,Ran into a prairie rattler and ran away,2,0,FALSE,NA,"Upton County, TX, USA",31.3751668545,-102.1967919507,8,NA,NA,NA,8,NA,open,FALSE,NA,NA,Eastern Collared Lizard,Crotaphytus collaris,Eastern Collared Lizard,Reptilia,33135
138348999,d73fccd8-3cea-4d01-af11-dd4ae107e42d,Tue Oct 04 2022 13:55:19 GMT -0500 (CDT),2022-10-04,2022-10-05 03:55:19 +0900,Central Time (US & Canada),2929427,williamschmidt,William Schmidt,2022-10-11 12:34:04 +0900,2022-10-11 12:56:36 +0900,research,CC-BY-NC,https://www.inaturalist.org/observations/138348999,https://inaturalist-open-data.s3.amazonaws.com/photos/236447165/medium.jpeg,NA,NA,NA,1,0,FALSE,333,"Hansford County, US-TX, US",36.3621673584,-101.1612625122,10,NA,NA,NA,10,NA,open,FALSE,NA,NA,Eastern Collared Lizard,Crotaphytus collaris,Eastern Collared Lizard,Reptilia,33135
138679305,6acd72d0-1590-4f5a-a036-705e5f424f18,2022-10-11 14:50:35-05:00,2022-10-11,2022-10-12 04:50:35 +0900,Central Time (US & Canada),1777132,johnconnell,John Connell,2022-10-14 11:40:11 +0900,2022-10-14 22:14:06 +0900,research,NA,https://www.inaturalist.org/observations/138679305,https://static.inaturalist.org/photos/237076668/medium.jpg,NA,NA,NA,1,0,FALSE,3,"Palo Duro Canyon State Park, Canyon, TX, US",34.947675,-101.6493083333,4,NA,NA,NA,4,NA,open,FALSE,NA,NA,Eastern Collared Lizard,Crotaphytus collaris,Eastern Collared Lizard,Reptilia,33135
138912802,a99f90f0-0320-44e6-927a-601ec316bb23,2022/10/15 12:02 PM,2022-10-15,2022-10-16 03:02:00 +0900,Mountain Time (US & Canada),19563,henicorhina,Oscar Johnson,2022-10-16 09:20:14 +0900,2022-10-17 08:41:20 +0900,research,CC-BY-NC-ND,https://www.inaturalist.org/observations/138912802,https://inaturalist-open-data.s3.amazonaws.com/photos/237493714/medium.jpeg,NA,NA,NA,2,0,FALSE,NA,"Franklin Mountains State Park, El Paso, TX, USA",31.9161095844,-106.5080986123,4,NA,NA,NA,4,NA,open,FALSE,NA,NA,lagartija de collar del altiplano,Crotaphytus collaris,Eastern Collared Lizard,Reptilia,33135
139043665,13e189a2-5588-4c48-8e12-1ba8f6b3ed83,2022-09-03 11:40:37,2022-09-03,2022-09-04 01:40:37 +0900,Central Time (US & Canada),6251380,amy2365,Amy Porter,2022-10-17 07:23:04 +0900,2023-02-18 14:13:23 +0900,research,NA,https://www.inaturalist.org/observations/139043665,https://static.inaturalist.org/photos/237740817/medium.jpeg,NA,NA,NA,1,0,FALSE,2,"Quitaque, TX 79255, USA",34.4381867997,-101.0689073,NA,NA,NA,NA,NA,NA,open,FALSE,gps,gps,Eastern Collared Lizard,Crotaphytus collaris,Eastern Collared Lizard,Reptilia,33135
139246828,23c692cd-1b85-49a3-a6ca-ec2f77eddd80,2022-07-12 11:20:37-05:00,2022-07-12,2022-07-13 01:20:37 +0900,Central Time (US & Canada),6251941,egonpeak,NA,2022-10-19 02:37:35 +0900,2022-10-19 02:50:33 +0900,research,CC-BY-NC,https://www.inaturalist.org/observations/139246828,https://inaturalist-open-data.s3.amazonaws.com/photos/238130555/medium.jpg,NA,NA,NA,1,0,FALSE,3,"Palo Duro Canyon State Park, Canyon, TX, US",34.98237,-101.6882383333,10,NA,NA,NA,10,NA,open,FALSE,NA,NA,Eastern Collared Lizard,Crotaphytus collaris,Eastern Collared Lizard,Reptilia,33135
139289657,cd61855e-b4b3-426c-9dab-72adc0c6560f,2022-10-18 15:55:52,2022-10-18,2022-10-19 05:55:52 +0900,Central Time (US & Canada),374229,derrell_d,Derrell T. Dixon,2022-10-19 10:23:07 +0900,2022-10-19 12:32:19 +0900,research,NA,https://www.inaturalist.org/observations/139289657,https://static.inaturalist.org/photos/238212252/medium.jpeg,NA,NA,NA,1,0,FALSE,2,"Canyon, TX 79015, USA",34.9473948699,-101.6493470594,5,NA,NA,NA,5,NA,open,FALSE,NA,NA,Eastern Collared Lizard,Crotaphytus collaris,Eastern Collared Lizard,Reptilia,33135
139293926,96f1fc73-b770-488a-8238-ca8c6a214944,2021-05-10 14:10:59,2021-05-10,2021-05-11 04:10:59 +0900,Central Time (US & Canada),6251380,amy2365,Amy Porter,2022-10-19 11:24:52 +0900,2022-10-19 21:45:42 +0900,research,NA,https://www.inaturalist.org/observations/139293926,https://static.inaturalist.org/photos/238219670/medium.jpeg,NA,NA,NA,1,0,FALSE,2,"Canyon, TX 79015, USA",34.9548220833,-101.6819536667,NA,NA,NA,NA,NA,NA,open,FALSE,gps,gps,Eastern Collared Lizard,Crotaphytus collaris,Eastern Collared Lizard,Reptilia,33135
139387597,7ffcfe09-49f1-4eed-87b7-1d34e222d4e1,2022-10-14 10:39:04,2022-10-14,2022-10-15 00:39:04 +0900,Central Time (US & Canada),4340098,theherper,Kevin Graham,2022-10-20 10:13:38 +0900,2023-05-28 12:22:15 +0900,research,CC-BY-NC,https://www.inaturalist.org/observations/139387597,https://inaturalist-open-data.s3.amazonaws.com/photos/238396348/medium.jpeg,NA,NA,NA,4,0,FALSE,2,Chalk Ridge Park,31.0202395193,-97.5287524983,198,NA,NA,NA,198,NA,open,FALSE,gps,gps,Eastern Collared Lizard,Crotaphytus collaris,Eastern Collared Lizard,Reptilia,33135
139450928,f676e513-df76-409b-be45-88e5d2722c6d,2022-10-20 12:29:46,2022-10-20,2022-10-21 02:29:46 +0900,Central Time (US & Canada),2999266,kvotx,kvotx,2022-10-21 03:29:19 +0900,2022-10-21 04:15:35 +0900,research,NA,https://www.inaturalist.org/observations/139450928,https://static.inaturalist.org/photos/238516199/medium.jpeg,NA,NA,NA,1,0,FALSE,2,"Randall County, US-TX, US",34.9808722222,-101.6849583333,NA,NA,NA,NA,NA,NA,open,FALSE,gps,gps,Eastern Collared Lizard,Crotaphytus collaris,Eastern Collared Lizard,Reptilia,33135
139594041,a7334d3a-6c3f-4cb5-92ec-c0535206d9a9,2022-10-21 14:14:07-06:00,2022-10-21,2022-10-22 05:14:07 +0900,Mountain Time (US & Canada),599041,jdeiches,NA,2022-10-22 13:06:23 +0900,2022-11-04 05:52:48 +0900,research,CC-BY-NC,https://www.inaturalist.org/observations/139594041,https://inaturalist-open-data.s3.amazonaws.com/photos/238790884/medium.jpg,NA,NA,NA,3,0,FALSE,3,"Franklin Mountains State Park, El Paso, TX, US",31.907545,-106.4942383333,3,NA,NA,NA,3,NA,open,FALSE,NA,NA,lagartija de collar del altiplano,Crotaphytus collaris,Eastern Collared Lizard,Reptilia,33135
139929765,8d3a619e-74ea-4e51-940d-9512e3ad9470,2007/03/23,2007-03-23,NA,Central Time (US & Canada),741170,johnserrao,John Serrao,2022-10-25 11:27:17 +0900,2023-08-27 04:16:17 +0900,research,CC-BY-NC,https://www.inaturalist.org/observations/139929765,https://inaturalist-open-data.s3.amazonaws.com/photos/239327709/medium.jpg,NA,NA,NA,3,0,FALSE,NA,"Big Bend National Park, TX 79834, USA",29.2499017,-103.2501638,1892,NA,NA,NA,1892,NA,open,FALSE,NA,NA,Eastern Collared Lizard,Crotaphytus collaris,Eastern Collared Lizard,Reptilia,33135
139942566,47edad88-f22e-4e71-9cc6-328e0313bea7,2022-09-11 14:18:00-05:00,2022-09-11,2022-09-12 04:18:00 +0900,Central Time (US & Canada),6105343,emmascheller,Emma Scheller,2022-10-25 15:53:31 +0900,2022-10-26 00:26:05 +0900,research,CC-BY-NC,https://www.inaturalist.org/observations/139942566,https://inaturalist-open-data.s3.amazonaws.com/photos/239459434/medium.jpg,NA,NA,NA,1,0,FALSE,3,"Griffin Dr, Canyon, TX, US",34.9981115025,-101.9265118331,14616,NA,NA,NA,14616,NA,open,FALSE,NA,NA,Eastern Collared Lizard,Crotaphytus collaris,Eastern Collared Lizard,Reptilia,33135
140011703,eb5618b8-d336-4574-b7a8-8d1ce09c7df0,2022-10-15 13:49:54-05:00,2022-10-15,2022-10-16 03:49:54 +0900,Central Time (US & Canada),6062680,thatjuanguyjuan,NA,2022-10-26 08:18:24 +0900,2023-02-18 14:10:11 +0900,research,CC-BY-NC,https://www.inaturalist.org/observations/140011703,https://inaturalist-open-data.s3.amazonaws.com/photos/239591731/medium.jpg,NA,NA,NA,2,0,FALSE,3,"Caprock Canyons State Park & Trailway, Quitaque, TX, US",34.4499166667,-101.0828388333,10,NA,NA,NA,10,NA,open,FALSE,NA,NA,Eastern Collared Lizard,Crotaphytus collaris,Eastern Collared Lizard,Reptilia,33135
140012010,b34a4da3-0413-43a6-bb39-3016f19178b1,2022-10-15 12:26:24-05:00,2022-10-15,2022-10-16 02:26:24 +0900,Central Time (US & Canada),6062680,thatjuanguyjuan,NA,2022-10-26 08:21:32 +0900,2023-02-18 14:10:22 +0900,research,CC-BY-NC,https://www.inaturalist.org/observations/140012010,https://inaturalist-open-data.s3.amazonaws.com/photos/239944236/medium.jpg,NA,NA,NA,2,0,FALSE,3,"Caprock Canyons State Park & Trailway, Quitaque, TX, US",34.43953,-101.0905528333,5005,NA,NA,NA,5005,NA,open,FALSE,NA,NA,Eastern Collared Lizard,Crotaphytus collaris,Eastern Collared Lizard,Reptilia,33135
140090658,7fe747d3-4535-4b80-b780-5e4ea5f37a59,2022-10-23 10:23:08,2022-10-23,2022-10-24 00:23:08 +0900,Central Time (US & Canada),4938847,analibm,NA,2022-10-27 05:11:30 +0900,2023-02-18 14:10:17 +0900,research,CC-BY-NC,https://www.inaturalist.org/observations/140090658,https://inaturalist-open-data.s3.amazonaws.com/photos/239743637/medium.jpeg,NA,NA,NA,2,0,FALSE,2,"Silverton, TX 79257, USA",34.4497017457,-101.1067341641,177,NA,NA,NA,177,NA,open,FALSE,gps,gps,Eastern Collared Lizard,Crotaphytus collaris,Eastern Collared Lizard,Reptilia,33135
140095061,ce672b18-11df-445f-b4cd-a7d0e63c4a3f,2022-10-26 15:58:53-05:00,2022-10-26,2022-10-27 05:58:53 +0900,Central Time (US & Canada),5270413,cecilyrod,NA,2022-10-27 05:59:37 +0900,2025-02-05 14:43:54 +0900,research,CC-BY-NC,https://www.inaturalist.org/observations/140095061,https://inaturalist-open-data.s3.amazonaws.com/photos/239792332/medium.jpeg,NA,NA,NA,2,0,FALSE,3,"Randall County, US-TX, US",34.9379820074,-101.6694377903,3516,NA,NA,NA,3516,NA,open,FALSE,NA,NA,Eastern Collared Lizard,Crotaphytus collaris,Eastern Collared Lizard,Reptilia,33135
140462380,132f388e-0117-4366-afec-a0de861b788f,2022/08/24 2:46 PM,2022-08-24,2022-08-25 04:46:00 +0900,Central Time (US & Canada),710938,paul_crump,Paul Crump,2022-10-30 12:02:12 +0900,2023-08-25 20:36:34 +0900,research,CC-BY-NC,https://www.inaturalist.org/observations/140462380,https://inaturalist-open-data.s3.amazonaws.com/photos/240438753/medium.jpeg,NA,NA,NA,2,0,FALSE,NA,"Brewster County, TX, USA",29.1775038392,-102.9993045997,5,NA,NA,NA,5,NA,open,FALSE,NA,NA,Eastern Collared Lizard,Crotaphytus collaris,Eastern Collared Lizard,Reptilia,33135
140473059,55342149-68da-46f4-8caf-33d12fcbfbfc,2022-10-29 13:13:25,2022-10-29,2022-10-30 04:13:25 +0900,Mountain Time (US & Canada),4657796,valkyrie1227,Ulyses Yakovlevich,2022-10-30 14:25:14 +0900,2022-10-31 16:13:15 +0900,research,CC-BY-NC,https://www.inaturalist.org/observations/140473059,https://inaturalist-open-data.s3.amazonaws.com/photos/240463746/medium.jpeg,NA,NA,NA,2,0,FALSE,2,United States,31.9694141421,-106.4071565989,NA,NA,NA,NA,29173,obscured,open,TRUE,gps,gps,Eastern Collared Lizard,Crotaphytus collaris,Eastern Collared Lizard,Reptilia,33135
140970343,b89ff308-ada9-4fb8-a57c-080fe264a3f8,2022-10-18 16:40:03-05:00,2022-10-18,2022-10-19 06:40:03 +0900,Central Time (US & Canada),1499435,eflocke,NA,2022-11-03 21:18:06 +0900,2022-11-04 23:49:06 +0900,research,CC-BY-NC,https://www.inaturalist.org/observations/140970343,https://inaturalist-open-data.s3.amazonaws.com/photos/241394653/medium.jpg,NA,NA,NA,2,0,FALSE,3,"Palo Duro Canyon State Park, Canyon, TX, US",34.9810716667,-101.68547,4,NA,NA,NA,4,NA,open,FALSE,NA,NA,Eastern Collared Lizard,Crotaphytus collaris,Eastern Collared Lizard,Reptilia,33135
141315600,7e439f92-e574-46f1-931c-915fcc137c6e,2022/10/31 11:20 AM,2022-10-31,2022-11-01 01:20:00 +0900,Central Time (US & Canada),414695,amynature,Amy,2022-11-07 07:52:42 +0900,2023-02-18 14:08:29 +0900,research,NA,https://www.inaturalist.org/observations/141315600,https://static.inaturalist.org/photos/242063257/medium.jpeg,NA,NA,NA,1,0,FALSE,NA,"850 Caprock Canyon Park Road, Quitaque, TX 79255, USA",34.4369909,-101.0598617,194,NA,NA,NA,194,NA,open,FALSE,NA,NA,Eastern Collared Lizard,Crotaphytus collaris,Eastern Collared Lizard,Reptilia,33135
141345714,5493c0bf-f030-46b8-8781-012412bc906f,2022/10/22 4:45 PM,2022-10-22,2022-10-23 06:45:00 +0900,Central Time (US & Canada),348898,amzapp,Lena Zappia,2022-11-07 14:11:33 +0900,2022-11-08 03:42:58 +0900,research,CC-BY-NC,https://www.inaturalist.org/observations/141345714,https://inaturalist-open-data.s3.amazonaws.com/photos/242122347/medium.jpeg,NA,NA,NA,2,0,FALSE,NA,"Garza, Texas, United States",33.043983,-101.10759,NA,NA,NA,NA,NA,NA,open,FALSE,NA,NA,Eastern Collared Lizard,Crotaphytus collaris,Eastern Collared Lizard,Reptilia,33135
141365861,7d5fb4cc-b01f-4734-b9a8-d5918ced04d3,2022-11-06 11:37:35-06:00,2022-11-06,2022-11-07 02:37:35 +0900,Central Time (US & Canada),1308178,elixirtea,NA,2022-11-07 21:52:39 +0900,2023-01-03 06:15:07 +0900,research,NA,https://www.inaturalist.org/observations/141365861,https://static.inaturalist.org/photos/242165411/medium.jpg,NA,NA,NA,4,0,FALSE,3,"Burnet, TX, US",30.7300716667,-98.3603833333,4,NA,NA,NA,4,NA,open,FALSE,NA,NA,Eastern Collared Lizard,Crotaphytus collaris,Eastern Collared Lizard,Reptilia,33135
142453551,f96756b1-5cd7-4bbf-80a3-9efe6c318fc6,2022-11-15 13:01:31-06:00,2022-11-15,2022-11-16 04:01:31 +0900,Central Time (US & Canada),4017943,jeffrey_bradshaw,Jeffrey Bradshaw,2022-11-20 23:43:37 +0900,2024-11-05 08:53:15 +0900,research,NA,https://www.inaturalist.org/observations/142453551,https://static.inaturalist.org/photos/263127099/medium.jpg,NA,NA,NA,2,0,FALSE,3,"Big Bend Ranch State Park, Marfa, TX, US",29.39483,-104.0300666667,4,NA,NA,NA,4,NA,open,FALSE,NA,NA,Eastern Collared Lizard,Crotaphytus collaris,Eastern Collared Lizard,Reptilia,33135
143889834,f0393586-9bb5-4987-92a0-835f7aab1e30,2022-10-01 19:13:55,2022-10-01,2022-10-02 09:13:55 +0900,Central Time (US & Canada),563128,austinrkelly,Austin R. Kelly,2022-12-08 05:58:26 +0900,2025-03-01 07:18:05 +0900,research,CC-BY-NC,https://www.inaturalist.org/observations/143889834,https://inaturalist-open-data.s3.amazonaws.com/photos/246851840/medium.jpeg,NA,NA,NA,2,0,FALSE,2,"Big Bend National Park, TX 79834, USA",29.3590527778,-103.2884388889,NA,NA,NA,NA,NA,NA,open,FALSE,gps,gps,Eastern Collared Lizard,Crotaphytus collaris,Eastern Collared Lizard,Reptilia,33135
144808106,0710dec0-bea4-4331-8343-8f776d656924,2022/04/19 11:07 AM,2022-04-19,2022-04-20 01:07:00 +0900,Central Time (US & Canada),2882784,z7nikon,NA,2022-12-22 05:07:18 +0900,2023-08-25 20:36:15 +0900,research,CC-BY-NC,https://www.inaturalist.org/observations/144808106,https://inaturalist-open-data.s3.amazonaws.com/photos/248620212/medium.jpeg,NA,"Reptiles, Eastern_collared_lizard, Texas, Wade_Collier_photog, Big_Bend_National_Park",NA,3,0,FALSE,NA,"Brewster County, TX, USA",29.2005333333,-102.919125,NA,NA,NA,NA,NA,NA,open,FALSE,NA,NA,Eastern Collared Lizard,Crotaphytus collaris,Eastern Collared Lizard,Reptilia,33135
145450576,99e73981-cc72-4325-9e4f-4001fe5e240e,2018/09/11 10:45 AM,2018-09-11,2018-09-12 00:45:00 +0900,Central Time (US & Canada),2922456,andygo1,"Andy Goerdel - Texas Master Naturalist, Good Water Chapter",2022-12-31 05:52:44 +0900,2023-01-02 14:42:18 +0900,research,CC-BY-NC,https://www.inaturalist.org/observations/145450576,https://inaturalist-open-data.s3.amazonaws.com/photos/249821545/medium.jpeg,NA,NA,NA,2,0,FALSE,NA,"11450 State Hwy Park Rd 5, Canyon, TX 79015, USA",34.9372503,-101.6589305,8337,NA,NA,NA,8337,NA,open,FALSE,NA,NA,Eastern Collared Lizard,Crotaphytus collaris,Eastern Collared Lizard,Reptilia,33135
145451867,78fe3fef-b804-4250-9db7-655ef883084c,2018/09/12 12:41 PM,2018-09-12,2018-09-13 02:41:00 +0900,Central Time (US & Canada),2922456,andygo1,"Andy Goerdel - Texas Master Naturalist, Good Water Chapter",2022-12-31 06:09:38 +0900,2023-02-18 13:56:16 +0900,research,CC-BY-NC,https://www.inaturalist.org/observations/145451867,https://inaturalist-open-data.s3.amazonaws.com/photos/249837595/medium.jpeg,NA,NA,NA,3,0,FALSE,NA,"Briscoe County, TX, USA",34.4374791797,-101.0632313964,3924,NA,NA,NA,3924,NA,open,FALSE,NA,NA,Eastern Collared Lizard,Crotaphytus collaris,Eastern Collared Lizard,Reptilia,33135
148485575,c072c963-12d9-4255-91d6-ffbc79cc70eb,2022-05-19 22:50:10-06:00,2022-05-19,2022-05-20 13:50:10 +0900,Mountain Time (US & Canada),6494308,jordyyy,NA,2023-02-11 10:04:43 +0900,2024-02-06 23:24:39 +0900,research,CC-BY-NC,https://www.inaturalist.org/observations/148485575,https://inaturalist-open-data.s3.amazonaws.com/photos/255712504/medium.jpg,NA,NA,NA,3,0,FALSE,3,"Fort Hancock, TX, US",30.733125,-104.9781333333,9,NA,NA,NA,9,NA,open,FALSE,NA,NA,Eastern Collared Lizard,Crotaphytus collaris,Eastern Collared Lizard,Reptilia,33135
148734182,1e29f0eb-190e-47e6-8269-00d48b1de817,2016/04/30 2:35 PM,2016-04-30,2016-05-01 04:35:00 +0900,Central Time (US & Canada),6466892,jacobschwab,NA,2023-02-14 11:21:33 +0900,2023-03-06 07:14:07 +0900,research,CC-BY-NC,https://www.inaturalist.org/observations/148734182,https://inaturalist-open-data.s3.amazonaws.com/photos/256184418/medium.jpg,NA,NA,NA,3,0,FALSE,NA,Enchanted Rock,30.5065789,-98.8189304,638,NA,NA,NA,638,NA,open,FALSE,NA,NA,Eastern Collared Lizard,Crotaphytus collaris,Eastern Collared Lizard,Reptilia,33135
148793068,324f2153-fead-48ba-ac2e-495f85e8adfa,2022-03-23 19:05:11-05:00,2022-03-23,2022-03-24 09:05:11 +0900,Central Time (US & Canada),521365,myriada,David Hernandez,2023-02-15 08:53:27 +0900,2023-02-15 14:46:28 +0900,research,NA,https://www.inaturalist.org/observations/148793068,https://static.inaturalist.org/photos/190761187/medium.jpg,NA,NA,NA,2,0,FALSE,NA,"Val Verde County, US-TX, US",29.4307487846,-101.0536086463,7,NA,NA,NA,29483,obscured,open,TRUE,NA,NA,Eastern Collared Lizard,Crotaphytus collaris,Eastern Collared Lizard,Reptilia,33135
149047313,e2f8b8e5-26ed-4908-bb0f-cde020f558b7,2022-07-31 12:37:40-05:00,2022-07-31,2022-08-01 02:37:40 +0900,Central Time (US & Canada),509649,suzansha,NA,2023-02-19 00:59:01 +0900,2023-02-19 02:32:44 +0900,research,NA,https://www.inaturalist.org/observations/149047313,https://static.inaturalist.org/photos/256772514/medium.jpg,NA,NA,NA,2,0,FALSE,3,"Caprock Canyons State Park & Trailway, Quitaque, TX, US",34.4604383333,-101.0833971667,6,NA,NA,NA,6,NA,open,FALSE,NA,NA,Eastern Collared Lizard,Crotaphytus collaris,Eastern Collared Lizard,Reptilia,33135
149514722,e9511913-a73e-4787-a355-38ae8951c7d2,2022-12-07 14:16:41-06:00,2022-12-07,2022-12-08 05:16:41 +0900,Central Time (US & Canada),521365,myriada,David Hernandez,2023-02-24 08:41:38 +0900,2023-03-08 13:24:00 +0900,research,NA,https://www.inaturalist.org/observations/149514722,https://static.inaturalist.org/photos/246892652/medium.jpg,NA,NA,NA,2,0,FALSE,NA,"Texas, US",29.8279931069,-100.9699171621,46,NA,NA,NA,29433,obscured,open,TRUE,NA,NA,Eastern Collared Lizard,Crotaphytus collaris,Eastern Collared Lizard,Reptilia,33135
149533831,ecabfa90-8cf4-49cc-9852-06e2b29b1cfb,2023-01-12 12:59:02-06:00,2023-01-12,2023-01-13 03:59:02 +0900,Central Time (US & Canada),521365,myriada,David Hernandez,2023-02-24 14:32:21 +0900,2023-02-25 10:20:05 +0900,research,NA,https://www.inaturalist.org/observations/149533831,https://static.inaturalist.org/photos/251724390/medium.jpg,NA,NA,NA,2,0,FALSE,NA,"Texas, US",29.6780508146,-100.8177001767,13,NA,NA,NA,29458,obscured,open,TRUE,NA,NA,Eastern Collared Lizard,Crotaphytus collaris,Eastern Collared Lizard,Reptilia,33135
150235595,3426c98e-3185-499d-8e50-98b050dc0449,Sat Mar 04 2023 12:54:09 GMT-0600 (CST),2023-03-04,2023-03-05 03:54:09 +0900,Central Time (US & Canada),3047405,asherelbein,NA,2023-03-05 04:30:24 +0900,2024-04-07 11:25:38 +0900,research,CC-BY-NC,https://www.inaturalist.org/observations/150235595,https://inaturalist-open-data.s3.amazonaws.com/photos/363916639/medium.jpg,NA,NA,Out basking on the rock fields on the lake trail at Inks Lake State Park,1,0,FALSE,3,"Texas, US",30.7447339396,-98.3063990615,86,NA,NA,NA,29330,obscured,open,TRUE,NA,NA,Eastern Collared Lizard,Crotaphytus collaris,Eastern Collared Lizard,Reptilia,33135
150786315,228533bf-1f12-41ce-b320-0d70aec91cc1,2023/03/10 12:40 PM,2023-03-10,2023-03-11 03:40:00 +0900,Central Time (US & Canada),27047,gcwarbler,Chuck Sexton,2023-03-11 12:01:13 +0900,2023-03-11 20:04:53 +0900,research,CC0,https://www.inaturalist.org/observations/150786315,https://inaturalist-open-data.s3.amazonaws.com/photos/260069472/medium.jpg,NA,NA,NA,1,0,FALSE,NA,"Devil's Waterhole, Inks Lake SP, Burnet Co., TX",30.748057536,-98.3579118441,200,NA,NA,NA,200,NA,open,FALSE,NA,NA,Eastern Collared Lizard,Crotaphytus collaris,Eastern Collared Lizard,Reptilia,33135
150832244,5f88c301-f564-4beb-9ae8-443cfefd2839,2023-03-11 10:04:52-06:00,2023-03-11,2023-03-12 01:04:52 +0900,Central Time (US & Canada),6548729,jmorgan69,NA,2023-03-12 02:17:27 +0900,2023-03-12 23:07:52 +0900,research,CC-BY-NC,https://www.inaturalist.org/observations/150832244,https://inaturalist-open-data.s3.amazonaws.com/photos/260156587/medium.jpg,NA,NA,NA,2,0,FALSE,3,"Burnet, TX, US",30.7481333333,-98.3573783333,4,NA,NA,NA,4,NA,open,FALSE,NA,NA,Eastern Collared Lizard,Crotaphytus collaris,Eastern Collared Lizard,Reptilia,33135
151017455,822adee9-c35a-42bd-b8e3-8567f84d5b0d,2023-03-11 15:45:17,2023-03-11,2023-03-12 06:45:17 +0900,Central Time (US & Canada),4368035,acoffee,Alaina Coffee,2023-03-13 16:35:16 +0900,2023-07-21 02:42:46 +0900,research,CC-BY-NC,https://www.inaturalist.org/observations/151017455,https://inaturalist-open-data.s3.amazonaws.com/photos/260505624/medium.jpeg,NA,NA,Spotted on the side of a dirt road while driving.,2,0,FALSE,2,"Rocksprings, TX 78880, USA",29.8456310997,-100.5844988,NA,NA,NA,NA,NA,NA,open,FALSE,NA,NA,Eastern Collared Lizard,Crotaphytus collaris,Eastern Collared Lizard,Reptilia,33135
151017458,5890eb41-cd9c-4c8c-8114-b02bb2f83739,2023-03-11 15:54:12,2023-03-11,2023-03-12 06:54:12 +0900,Central Time (US & Canada),4368035,acoffee,Alaina Coffee,2023-03-13 16:35:23 +0900,2023-07-21 02:42:47 +0900,research,CC-BY-NC,https://www.inaturalist.org/observations/151017458,https://inaturalist-open-data.s3.amazonaws.com/photos/260505631/medium.jpeg,NA,NA,NA,2,0,FALSE,2,"Rocksprings, TX 78880, USA",29.8505596,-100.5886794,NA,NA,NA,NA,NA,NA,open,FALSE,NA,NA,Eastern Collared Lizard,Crotaphytus collaris,Eastern Collared Lizard,Reptilia,33135
151341771,85e9ab83-93bb-421e-b54b-3609ccd98510,2023-03-16 17:45:25-05:00,2023-03-16,2023-03-17 07:45:25 +0900,Central Time (US & Canada),5519863,tracyham,NA,2023-03-17 08:02:56 +0900,2023-08-09 22:02:40 +0900,research,CC-BY-NC,https://www.inaturalist.org/observations/151341771,https://inaturalist-open-data.s3.amazonaws.com/photos/261113591/medium.jpg,NA,NA,NA,2,0,FALSE,3,"Blanco, TX, US",30.1281966818,-98.5355570741,9436,NA,NA,NA,9436,NA,open,FALSE,NA,NA,Eastern Collared Lizard,Crotaphytus collaris,Eastern Collared Lizard,Reptilia,33135
151412747,6a1270fc-6610-4203-bdc5-a83858c5ed84,2023-03-16 14:32:26,2023-03-16,2023-03-17 04:32:26 +0900,Central Time (US & Canada),4313246,noah_krivi,Noah Krivi,2023-03-18 04:17:42 +0900,2023-04-29 12:19:35 +0900,research,NA,https://www.inaturalist.org/observations/151412747,https://static.inaturalist.org/photos/261247354/medium.jpeg,NA,NA,"My favorite lizard at Inks lake. When I got too close to this one it ran under the nearby rock where it then looked out with its head just barely out of the rock. Despite its size, it was probably the lizard that was the most scared (not sure how to phrase it, defensive, afraid, protective?) that I saw during the day.",2,0,FALSE,2,"Burnet, TX 78611, USA",30.7476888889,-98.3589861111,NA,NA,NA,NA,NA,NA,open,FALSE,gps,gps,Eastern Collared Lizard,Crotaphytus collaris,Eastern Collared Lizard,Reptilia,33135
151413228,51ba2726-1fdb-408f-aa76-b907b73d6d57,2023-03-16 18:40:56,2023-03-16,2023-03-17 08:40:56 +0900,Central Time (US & Canada),4313246,noah_krivi,Noah Krivi,2023-03-18 04:25:10 +0900,2023-04-29 11:37:46 +0900,research,NA,https://www.inaturalist.org/observations/151413228,https://static.inaturalist.org/photos/261248543/medium.jpeg,NA,NA,NA,2,0,FALSE,2,"Burnet, TX 78611, USA",30.74815,-98.3581416667,NA,NA,NA,NA,NA,NA,open,FALSE,gps,gps,Eastern Collared Lizard,Crotaphytus collaris,Eastern Collared Lizard,Reptilia,33135
151679060,9a845a65-3ee5-4b40-b501-3998b860f044,2023-03-10 12:38pm,2023-03-10,2023-03-11 03:38:00 +0900,Central Time (US & Canada),24973,annikaml,Annika Lindqvist,2023-03-20 09:46:39 +0900,2023-03-20 12:51:18 +0900,research,CC-BY,https://www.inaturalist.org/observations/151679060,https://inaturalist-open-data.s3.amazonaws.com/photos/261746445/medium.jpeg,NA,NA,NA,1,0,FALSE,NA,"Inks Lake State Park, Burnet Co., TX, USA",30.747644,-98.358973,3,NA,NA,NA,3,NA,open,FALSE,NA,NA,Eastern Collared Lizard,Crotaphytus collaris,Eastern Collared Lizard,Reptilia,33135
152468703,6b932abe-b07c-4153-8b1b-f653c4ea7e6b,2023/03/26 2:58 PM,2023-03-26,2023-03-27 04:58:00 +0900,Central Time (US & Canada),1295900,paulbrick,Paul Brick,2023-03-27 13:01:18 +0900,2023-03-28 22:33:39 +0900,research,CC-BY-NC,https://www.inaturalist.org/observations/152468703,https://static.inaturalist.org/photos/263210301/medium.jpg,NA,Paul,NA,1,0,FALSE,NA,"Burnet County, TX, USA",30.739842688,-98.3631550187,1824,NA,NA,NA,1824,NA,open,FALSE,NA,NA,Eastern Collared Lizard,Crotaphytus collaris,Eastern Collared Lizard,Reptilia,33135
152683219,90aa4b0c-0621-4fa0-8f71-4d0baabbaedf,2023-03-25 17:28:57-05:00,2023-03-25,2023-03-26 07:28:57 +0900,Central Time (US & Canada),4340098,theherper,Kevin Graham,2023-03-29 10:16:00 +0900,2023-05-28 12:21:44 +0900,research,CC-BY-NC,https://www.inaturalist.org/observations/152683219,https://inaturalist-open-data.s3.amazonaws.com/photos/263606043/medium.jpg,NA,NA,NA,3,0,FALSE,3,"Bell County, US-TX, US",31.0927758338,-97.5987226348,99,NA,NA,NA,29278,obscured,open,TRUE,NA,NA,Eastern Collared Lizard,Crotaphytus collaris,Eastern Collared Lizard,Reptilia,33135
153125193,4132d889-3ecf-4e13-9ad0-264e2b5f0378,2023-03-30 15:45:35-05:00,2023-03-30,2023-03-31 05:45:35 +0900,Central Time (US & Canada),858503,rrash,Ryan Rash,2023-04-02 11:01:44 +0900,2023-04-08 04:44:16 +0900,research,CC-BY-NC,https://www.inaturalist.org/observations/153125193,https://inaturalist-open-data.s3.amazonaws.com/photos/264430805/medium.jpg,NA,NA,NA,2,0,FALSE,3,"SH-349, Ozona, TX, US",30.9806216667,-101.9750466667,NA,NA,NA,NA,NA,NA,open,FALSE,NA,NA,Eastern Collared Lizard,Crotaphytus collaris,Eastern Collared Lizard,Reptilia,33135
153350816,797546c1-6cc6-4592-a74c-c8bdb73e6026,2023-04-03 10:50:49-05:00,2023-04-03,2023-04-04 00:50:49 +0900,Central Time (US & Canada),2575414,floulrich,NA,2023-04-04 03:19:39 +0900,2023-07-15 06:00:46 +0900,research,CC-BY-NC,https://www.inaturalist.org/observations/153350816,https://inaturalist-open-data.s3.amazonaws.com/photos/264850154/medium.jpg,NA,NA,NA,2,0,FALSE,3,"Marble Falls, TX, US",30.61118,-98.0629195,4,NA,NA,NA,4,NA,open,FALSE,NA,NA,Eastern Collared Lizard,Crotaphytus collaris,Eastern Collared Lizard,Reptilia,33135
153712748,646d9c5a-61ee-45e1-9d87-d07ba6404443,2023-04-04 16:09:26-05:00,2023-04-04,2023-04-05 06:09:26 +0900,Central Time (US & Canada),2168367,ixilovesnature,ixi the beericorn,2023-04-07 03:12:23 +0900,2023-04-08 04:39:24 +0900,research,NA,https://www.inaturalist.org/observations/153712748,https://static.inaturalist.org/photos/265519400/medium.jpg,NA,NA,NA,2,0,FALSE,3,"Palo Duro Canyon State Park, Happy, TX, US",34.9208075598,-101.625672041,1753,NA,NA,NA,1753,NA,open,FALSE,NA,NA,Eastern Collared Lizard,Crotaphytus collaris,Eastern Collared Lizard,Reptilia,33135
154037754,8f9a0865-283c-4f47-a34c-55f24d074b31,2023/04/08 1:34 PM,2023-04-08,2023-04-09 03:34:00 +0900,Central Time (US & Canada),300627,joseph92,Joe Girgente,2023-04-09 11:08:36 +0900,2023-04-09 11:28:27 +0900,research,CC-BY,https://www.inaturalist.org/observations/154037754,https://inaturalist-open-data.s3.amazonaws.com/photos/266115909/medium.jpeg,NA,NA,NA,2,0,FALSE,NA,"Lynn County, TX, USA",33.2512573243,-101.7443430106,184,NA,NA,NA,184,NA,open,FALSE,NA,NA,Eastern Collared Lizard,Crotaphytus collaris,Eastern Collared Lizard,Reptilia,33135
154037756,ecefbd85-0a99-4515-9a8d-7a57483b9b1d,2023/04/08 1:59 PM,2023-04-08,2023-04-09 03:59:00 +0900,Central Time (US & Canada),300627,joseph92,Joe Girgente,2023-04-09 11:08:37 +0900,2023-04-09 11:26:59 +0900,research,CC-BY,https://www.inaturalist.org/observations/154037756,https://inaturalist-open-data.s3.amazonaws.com/photos/266115951/medium.jpeg,NA,NA,NA,2,0,FALSE,NA,"Lynn County, TX, USA",33.251072677,-101.7395398494,132,NA,NA,NA,132,NA,open,FALSE,NA,NA,Eastern Collared Lizard,Crotaphytus collaris,Eastern Collared Lizard,Reptilia,33135
154047916,ecec7c41-c699-4969-ba59-64b9648f0749,2023-04-08 16:15:58-05:00,2023-04-08,2023-04-09 06:15:58 +0900,Central Time (US & Canada),555282,troutlily,NA,2023-04-09 12:57:24 +0900,2023-08-25 20:36:10 +0900,research,NA,https://www.inaturalist.org/observations/154047916,https://static.inaturalist.org/photos/266137134/medium.jpg,NA,NA,Boquilla Canyon trail,3,0,FALSE,3,"Big Bend National Park, Alpine, TX, US",29.5382049925,-103.1634609824,152830,NA,NA,NA,152830,NA,open,FALSE,NA,NA,Eastern Collared Lizard,Crotaphytus collaris,Eastern Collared Lizard,Reptilia,33135
154286754,809c6eb2-baa1-4fa5-a5d5-4389e8cc81d6,2023-04-08 15:20:57-05:00,2023-04-08,2023-04-09 05:20:57 +0900,Central Time (US & Canada),5726909,chunkybeaver,Kainoa Lee,2023-04-11 01:03:02 +0900,2023-08-25 20:36:05 +0900,research,NA,https://www.inaturalist.org/observations/154286754,https://static.inaturalist.org/photos/266575946/medium.jpg,NA,NA,NA,3,0,FALSE,3,"Big Bend National Park, Alpine, TX, US",29.183666943,-102.9553265489,389,NA,NA,NA,389,NA,open,FALSE,NA,NA,Eastern Collared Lizard,Crotaphytus collaris,Eastern Collared Lizard,Reptilia,33135
154422554,9a24880e-4b00-457e-b461-3555f28c4d32,2023-03-11 15:02:44-06:00,2023-03-11,2023-03-12 06:02:44 +0900,Central Time (US & Canada),66466,dracorjc,Ryan Collister,2023-04-11 23:25:18 +0900,2024-10-02 04:46:36 +0900,research,CC-BY-NC,https://www.inaturalist.org/observations/154422554,https://inaturalist-open-data.s3.amazonaws.com/photos/266824649/medium.jpg,NA,NA,DOR found by Clinton Szymanski,3,0,FALSE,3,"Texas, US",30.3783216523,-98.5474639871,120,"Blue Ridge Dr, Johnson City, TX, US",30.2102198943,-98.4206527702,29382,obscured,open,TRUE,NA,NA,Eastern Collared Lizard,Crotaphytus collaris,Eastern Collared Lizard,Reptilia,33135
154610993,fcf8f02c-5db0-4410-be1c-9e2d2440d80e,2023/04/08 1:32 PM,2023-04-08,2023-04-09 03:32:00 +0900,Central Time (US & Canada),1489409,hannahwojo,Hannah Girgente,2023-04-13 05:26:12 +0900,2023-04-15 22:58:12 +0900,research,CC-BY-NC,https://www.inaturalist.org/observations/154610993,https://inaturalist-open-data.s3.amazonaws.com/photos/267159452/medium.jpeg,NA,NA,NA,1,0,FALSE,NA,"Tahoka Lake--Lynn County, TX, USA",33.257753,-101.746706,647,NA,NA,NA,647,NA,open,FALSE,NA,NA,Eastern Collared Lizard,Crotaphytus collaris,Eastern Collared Lizard,Reptilia,33135
154610998,47cdd96a-692d-4478-9ee1-28e12d112631,2023/04/08 1:58 PM,2023-04-08,2023-04-09 03:58:00 +0900,Central Time (US & Canada),1489409,hannahwojo,Hannah Girgente,2023-04-13 05:26:13 +0900,2023-04-15 22:58:09 +0900,research,CC-BY-NC,https://www.inaturalist.org/observations/154610998,https://inaturalist-open-data.s3.amazonaws.com/photos/267160278/medium.jpeg,NA,NA,NA,1,0,FALSE,NA,"Tahoka Lake--Lynn County, TX, USA",33.257753,-101.746706,647,NA,NA,NA,647,NA,open,FALSE,NA,NA,Eastern Collared Lizard,Crotaphytus collaris,Eastern Collared Lizard,Reptilia,33135
154644172,e7457697-9fdf-4ac4-a0d5-7d17d25e78bb,2023/04/10 8:28 PM,2023-04-10,2023-04-11 10:28:00 +0900,Central Time (US & Canada),4411277,bird_shine,Brad Shine,2023-04-13 10:29:50 +0900,2023-04-19 17:20:27 +0900,research,CC-BY-NC,https://www.inaturalist.org/observations/154644172,https://inaturalist-open-data.s3.amazonaws.com/photos/267227861/medium.jpg,NA,NA,NA,2,0,FALSE,NA,"Garza County, TX, USA",33.0431669276,-101.1131667835,2,NA,NA,NA,2,NA,open,FALSE,NA,NA,Eastern Collared Lizard,Crotaphytus collaris,Eastern Collared Lizard,Reptilia,33135
154899622,6315bee9-4b5b-4653-9c8e-6d853e0069fa,2023-04-14 14:16:23-05:00,2023-04-14,2023-04-15 04:16:23 +0900,Central Time (US & Canada),2857476,mavrah,NA,2023-04-15 09:41:09 +0900,2023-04-19 18:13:04 +0900,research,CC-BY-NC,https://www.inaturalist.org/observations/154899622,https://inaturalist-open-data.s3.amazonaws.com/photos/267694350/medium.jpg,NA,NA,At least 12 to 14 inches long. Saw another one about the same size that was a much brighter green.,1,0,FALSE,3,"Briscoe County, US-TX, US",34.4587913342,-101.0798489583,5,NA,NA,NA,5,NA,open,FALSE,NA,NA,Eastern Collared Lizard,Crotaphytus collaris,Eastern Collared Lizard,Reptilia,33135
155371519,67918fec-a2e8-4f4e-a679-69bada4453e6,2023-04-17 12:15:29,2023-04-17,2023-04-18 02:15:29 +0900,Central Time (US & Canada),500525,dannysanders,NA,2023-04-18 04:59:12 +0900,2023-04-18 05:19:02 +0900,research,NA,https://www.inaturalist.org/observations/155371519,https://static.inaturalist.org/photos/268564395/medium.jpeg,NA,NA,NA,1,0,FALSE,2,"Texas, US",30.6268075803,-98.0568191423,NA,NA,NA,NA,29330,obscured,open,TRUE,gps,gps,Eastern Collared Lizard,Crotaphytus collaris,Eastern Collared Lizard,Reptilia,33135
155379648,6cb596ad-215c-4182-9029-af03dae01f0e,2023-04-17 13:07:14-05:00,2023-04-17,2023-04-18 03:07:14 +0900,Central Time (US & Canada),3682429,sitnam90,NA,2023-04-18 05:59:11 +0900,2023-07-22 06:52:41 +0900,research,CC-BY-NC,https://www.inaturalist.org/observations/155379648,https://inaturalist-open-data.s3.amazonaws.com/photos/270571719/medium.jpg,NA,NA,NA,2,0,FALSE,3,"Barstow, TX, US",31.5599571308,-103.2887868837,26,NA,NA,NA,26,NA,open,FALSE,NA,NA,Eastern Collared Lizard,Crotaphytus collaris,Eastern Collared Lizard,Reptilia,33135
155608392,94039932-8c4c-440b-9a9c-417e636bbf00,2023/04/16 4:24 PM,2023-04-16,2023-04-17 06:24:00 +0900,Central Time (US & Canada),206492,wild-about-texas,Michael Price,2023-04-19 23:02:40 +0900,2023-04-20 01:40:04 +0900,research,CC-BY-NC,https://www.inaturalist.org/observations/155608392,https://inaturalist-open-data.s3.amazonaws.com/photos/269002623/medium.jpeg,NA,NA,NA,2,0,FALSE,NA,"Texas, US",30.981470753,-101.1728487607,2,"Crockett County, TX, USA",30.9986230103,-101.0408153482,29304,obscured,open,TRUE,NA,NA,Eastern Collared Lizard,Crotaphytus collaris,Eastern Collared Lizard,Reptilia,33135
155608398,37169b6f-2c03-4a42-b1a0-12a59683a470,2023/04/16 5:24 PM,2023-04-16,2023-04-17 07:24:00 +0900,Central Time (US & Canada),206492,wild-about-texas,Michael Price,2023-04-19 23:02:41 +0900,2023-04-20 01:40:34 +0900,research,CC-BY-NC,https://www.inaturalist.org/observations/155608398,https://inaturalist-open-data.s3.amazonaws.com/photos/269002646/medium.jpeg,NA,NA,NA,1,0,FALSE,NA,"Texas, US",31.0446468253,-100.8049830601,4,"Crockett County, TX, USA",31.0390611411,-100.9872738944,29278,obscured,open,TRUE,NA,NA,Eastern Collared Lizard,Crotaphytus collaris,Eastern Collared Lizard,Reptilia,33135
155608406,5dd6ba99-91a1-49c9-b72f-84ef3d059e8a,2023/04/16 6:02 PM,2023-04-16,2023-04-17 08:02:00 +0900,Central Time (US & Canada),206492,wild-about-texas,Michael Price,2023-04-19 23:02:43 +0900,2023-04-20 02:20:14 +0900,research,CC-BY-NC,https://www.inaturalist.org/observations/155608406,https://inaturalist-open-data.s3.amazonaws.com/photos/269002725/medium.jpeg,NA,NA,Photo by E. Rodriguez...,1,0,FALSE,NA,"Texas, US",31.1247945666,-100.8585899425,2,"Crockett County, TX, USA",31.0451773292,-100.9811677568,29278,obscured,open,TRUE,NA,NA,Eastern Collared Lizard,Crotaphytus collaris,Eastern Collared Lizard,Reptilia,33135
155669419,e6ae23e4-8b8c-46ac-98d8-156ff5e1ba06,2023-04-19 12:00:13,2023-04-19,2023-04-20 03:00:13 +0900,Mountain Time (US & Canada),6281251,melia18,Melia Nines,2023-04-20 07:23:12 +0900,2023-04-21 02:26:00 +0900,research,NA,https://www.inaturalist.org/observations/155669419,https://static.inaturalist.org/photos/269113650/medium.jpeg,NA,NA,NA,1,0,FALSE,2,Franklin Mountains State Park,31.9117027641,-106.5173673257,196,NA,NA,NA,196,NA,open,FALSE,gps,gps,lagartija de collar del altiplano,Crotaphytus collaris,Eastern Collared Lizard,Reptilia,33135
155682847,0134baa3-690e-40be-8ce7-a2f7f7beab66,2023/04/19 3:58 PM,2023-04-19,2023-04-20 05:58:00 +0900,Central Time (US & Canada),374229,derrell_d,Derrell T. Dixon,2023-04-20 09:23:35 +0900,2023-04-23 16:35:57 +0900,research,NA,https://www.inaturalist.org/observations/155682847,https://static.inaturalist.org/photos/269137187/medium.jpeg,NA,NA,PDCSP...Mesquite Camping Area,1,0,FALSE,NA,"Randall County, TX, USA",34.9343345584,-101.6359815124,5,NA,NA,NA,5,NA,open,FALSE,NA,NA,Eastern Collared Lizard,Crotaphytus collaris,Eastern Collared Lizard,Reptilia,33135
155683392,bb90341f-ec63-4d45-85b6-c296cfbe0df9,2023/04/19 4:26 PM,2023-04-19,2023-04-20 06:26:00 +0900,Central Time (US & Canada),374229,derrell_d,Derrell T. Dixon,2023-04-20 09:29:21 +0900,2023-04-20 22:03:44 +0900,research,NA,https://www.inaturalist.org/observations/155683392,https://static.inaturalist.org/photos/269138825/medium.jpeg,NA,NA,PDCSP...Mack Dick Pavilion,1,0,FALSE,NA,"Randall County, TX, USA",34.979062248,-101.6791623954,5,NA,NA,NA,5,NA,open,FALSE,NA,NA,Eastern Collared Lizard,Crotaphytus collaris,Eastern Collared Lizard,Reptilia,33135
155683805,dda24a6a-c669-4f6e-8087-294ed5d47308,2023/04/19 4:43 PM,2023-04-19,2023-04-20 06:43:00 +0900,Central Time (US & Canada),374229,derrell_d,Derrell T. Dixon,2023-04-20 09:33:20 +0900,2023-04-20 10:52:10 +0900,research,NA,https://www.inaturalist.org/observations/155683805,https://static.inaturalist.org/photos/269139852/medium.jpeg,NA,NA,PDCSP...Texas Play Parking Lot,1,0,FALSE,NA,"Randall County, TX, USA",34.9775689166,-101.679769749,3,NA,NA,NA,3,NA,open,FALSE,NA,NA,Eastern Collared Lizard,Crotaphytus collaris,Eastern Collared Lizard,Reptilia,33135
155696633,4ad29f15-42b7-4ee3-8c51-7f06dc5f7f92,2023-04-18 11:38:33,2023-04-18,2023-04-19 01:38:33 +0900,Central Time (US & Canada),1849859,ray150,Ray McCoy,2023-04-20 11:48:59 +0900,2023-04-20 12:24:06 +0900,research,NA,https://www.inaturalist.org/observations/155696633,https://static.inaturalist.org/photos/269165884/medium.jpeg,NA,NA,NA,1,0,FALSE,2,"Canyon, TX 79015, USA",34.9814768,-101.6851656997,NA,NA,NA,NA,NA,NA,open,FALSE,gps,gps,Eastern Collared Lizard,Crotaphytus collaris,Eastern Collared Lizard,Reptilia,33135
155945116,b85810c6-cb37-44fc-b98c-a4a1e9bd49d7,2023-04-21 12:14:24-05:00,2023-04-21,2023-04-22 02:14:24 +0900,Central Time (US & Canada),1529774,crinche,NA,2023-04-22 05:19:31 +0900,2023-08-01 05:25:51 +0900,research,CC-BY-NC,https://www.inaturalist.org/observations/155945116,https://inaturalist-open-data.s3.amazonaws.com/photos/269608042/medium.jpg,NA,NA,NA,2,0,FALSE,3,"Alpine, TX, US",29.4972116667,-103.5243833333,4,NA,NA,NA,4,NA,open,FALSE,NA,NA,Eastern Collared Lizard,Crotaphytus collaris,Eastern Collared Lizard,Reptilia,33135
156059709,7d3caace-cbc9-44d9-9c03-374b526753a6,Sat Apr 22 2023 09:23:56 GMT -0600 (MDT),2023-04-22,2023-04-23 00:23:56 +0900,Mountain Time (US & Canada),1996663,citrineglz,Heather Glaze,2023-04-23 00:24:03 +0900,2023-04-28 05:34:46 +0900,research,NA,https://www.inaturalist.org/observations/156059709,https://static.inaturalist.org/photos/271422591/medium.jpeg,NA,NA,NA,1,0,FALSE,333,El Paso,31.9300384521,-106.5148086548,4,NA,NA,NA,4,NA,open,FALSE,NA,NA,Eastern Collared Lizard,Crotaphytus collaris,Eastern Collared Lizard,Reptilia,33135
156093063,f2a15d30-2310-4f08-9741-03dc29850054,2023-04-21 14:02:31-05:00,2023-04-21,2023-04-22 04:02:31 +0900,Central Time (US & Canada),752650,green_bastard,Josh Benavidez,2023-04-23 03:14:50 +0900,2023-04-26 04:43:27 +0900,research,NA,https://www.inaturalist.org/observations/156093063,https://static.inaturalist.org/photos/269873840/medium.jpg,NA,NA,NA,1,0,FALSE,3,"Texas, US",30.9340387083,-101.1209819342,69,NA,NA,NA,29304,obscured,open,TRUE,NA,NA,Eastern Collared Lizard,Crotaphytus collaris,Eastern Collared Lizard,Reptilia,33135
156093856,f3038733-aeb1-4a03-a26c-1ece26f5eccc,2023-04-17 11:03:00-05:00,2023-04-17,2023-04-18 01:03:00 +0900,Central Time (US & Canada),6042368,llblackston,LLBlackston,2023-04-23 03:18:44 +0900,2023-07-05 03:14:43 +0900,research,CC-BY-NC,https://www.inaturalist.org/observations/156093856,https://inaturalist-open-data.s3.amazonaws.com/photos/269875038/medium.jpg,NA,NA,NA,2,0,FALSE,3,"Caprock Canyons State Park & Trailway, Quitaque, TX, US",34.4426633333,-101.0927278333,4,NA,NA,NA,4,NA,open,FALSE,NA,NA,Eastern Collared Lizard,Crotaphytus collaris,Eastern Collared Lizard,Reptilia,33135
156152179,c1e83dab-b94a-4781-ae56-57c6c276dfe9,2023-04-22 14:46:03,2023-04-22,2023-04-23 04:46:03 +0900,Central Time (US & Canada),850005,bog_admiral,Rachel Carmickle,2023-04-23 09:23:30 +0900,2023-04-26 04:09:24 +0900,research,NA,https://www.inaturalist.org/observations/156152179,https://static.inaturalist.org/photos/269980454/medium.jpeg,NA,NA,NA,1,0,FALSE,2,"Burnet, TX 78611, USA",30.7894555556,-98.35085,NA,NA,NA,NA,NA,NA,open,FALSE,gps,gps,Eastern Collared Lizard,Crotaphytus collaris,Eastern Collared Lizard,Reptilia,33135
156524417,e3c120ad-3a4a-4b2b-831b-06c8cdd5967f,2023-04-24 16:58:27-05:00,2023-04-24,2023-04-25 06:58:27 +0900,Central Time (US & Canada),1812357,bzimmerbirds,NA,2023-04-25 12:11:30 +0900,2023-08-25 20:36:01 +0900,research,CC-BY-NC,https://www.inaturalist.org/observations/156524417,https://inaturalist-open-data.s3.amazonaws.com/photos/270669926/medium.jpg,NA,NA,NA,3,0,FALSE,3,"Big Bend National Park, Alpine, TX, US",29.1536805,-103.480505,22,NA,NA,NA,22,NA,open,FALSE,NA,NA,Eastern Collared Lizard,Crotaphytus collaris,Eastern Collared Lizard,Reptilia,33135
156789127,e80f37b2-a932-433b-81a8-6bd77521cf2c,2023-04-26 15:35:23,2023-04-26,2023-04-27 05:35:23 +0900,Central Time (US & Canada),268486,brooksy,Jason Brooks,2023-04-27 05:35:44 +0900,2024-02-06 23:27:12 +0900,research,NA,https://www.inaturalist.org/observations/156789127,https://static.inaturalist.org/photos/271148771/medium.jpeg,NA,NA,NA,2,0,FALSE,2,"Upton County, TX, USA",31.3098915,-102.18829685,4,NA,NA,NA,4,NA,open,FALSE,NA,NA,Eastern Collared Lizard,Crotaphytus collaris,Eastern Collared Lizard,Reptilia,33135
156923243,2345d52a-9308-45cf-a0e0-ec491aab0e69,2023-04-27 12:47:58,2023-04-27,2023-04-28 02:47:58 +0900,Central Time (US & Canada),645166,arnesaknussemm,NA,2023-04-28 03:28:23 +0900,2023-07-22 06:52:47 +0900,research,CC-BY-NC,https://www.inaturalist.org/observations/156923243,https://inaturalist-open-data.s3.amazonaws.com/photos/271388567/medium.jpeg,NA,NA,NA,1,0,FALSE,2,"Rotan, TX 79546, USA",32.953181,-100.7187069722,NA,NA,NA,NA,NA,NA,open,FALSE,gps,gps,Eastern Collared Lizard,Crotaphytus collaris,Eastern Collared Lizard,Reptilia,33135
157283936,ec9001ea-01cb-40ea-a0fb-319004edd7f0,2023-04-28 10:46:44-05:00,2023-04-28,2023-04-29 00:46:44 +0900,Central Time (US & Canada),828105,wendelia,Wendy Anderson,2023-04-29 05:29:41 +0900,2023-12-20 06:08:52 +0900,research,CC0,https://www.inaturalist.org/observations/157283936,https://inaturalist-open-data.s3.amazonaws.com/photos/271965550/medium.jpg,NA,NA,NA,1,0,FALSE,3,"Burnet, TX, US",30.7476294755,-98.3585255954,4,NA,NA,NA,4,NA,open,FALSE,NA,NA,Eastern Collared Lizard,Crotaphytus collaris,Eastern Collared Lizard,Reptilia,33135
157305484,e8d47bbe-5cba-4a7d-8cfc-8826da91bf4f,2023-04-28 12:30:57-05:00,2023-04-28,2023-04-29 02:30:57 +0900,Central Time (US & Canada),2652814,splocherkuhn1960,Sabine,2023-04-29 06:15:22 +0900,2023-10-14 05:24:25 +0900,research,CC-BY-NC,https://www.inaturalist.org/observations/157305484,https://inaturalist-open-data.s3.amazonaws.com/photos/271999120/medium.jpg,NA,NA,NA,3,0,FALSE,3,"Big Bend National Park, Terlingua, TX, US",29.1781416667,-102.9522783333,5,NA,NA,NA,5,NA,open,FALSE,NA,NA,Eastern Collared Lizard,Crotaphytus collaris,Eastern Collared Lizard,Reptilia,33135
157558328,2f9432e3-2e27-441f-8db5-d7ae017cc6bb,2023-04-28 10:47:07-05:00,2023-04-28,2023-04-29 00:47:07 +0900,Central Time (US & Canada),106309,planted_in_texas,Colette Nicholl,2023-04-29 22:02:57 +0900,2023-04-29 23:39:09 +0900,research,CC-BY-NC,https://www.inaturalist.org/observations/157558328,https://static.inaturalist.org/photos/272405378/medium.jpg,NA,NA,NA,2,0,FALSE,3,"Burnet, TX, US",30.747605,-98.3585283333,4,NA,NA,NA,4,NA,open,FALSE,NA,NA,Eastern Collared Lizard,Crotaphytus collaris,Eastern Collared Lizard,Reptilia,33135
157878422,63188d41-b779-4bcf-bb16-f5b6ab24c36b,2023-04-29 10:42:46-06:00,2023-04-29,2023-04-30 01:42:46 +0900,Mountain Time (US & Canada),4667335,acyr,NA,2023-04-30 10:00:56 +0900,2023-08-11 12:48:24 +0900,research,CC-BY-NC,https://www.inaturalist.org/observations/157878422,https://inaturalist-open-data.s3.amazonaws.com/photos/272916980/medium.jpg,NA,NA,NA,3,1,FALSE,3,"Franklin Mountains State Park, El Paso, TX, US",31.9077366667,-106.4946883333,4,NA,NA,NA,4,NA,open,FALSE,NA,NA,Eastern Collared Lizard,Crotaphytus collaris,Eastern Collared Lizard,Reptilia,33135
158266457,dcece441-465e-4610-942b-294c864da7b6,2023/04/30 1:46 PM,2023-04-30,2023-05-01 03:46:00 +0900,Central Time (US & Canada),374229,derrell_d,Derrell T. Dixon,2023-05-01 04:54:54 +0900,2023-05-02 19:31:05 +0900,research,NA,https://www.inaturalist.org/observations/158266457,https://static.inaturalist.org/photos/273539540/medium.jpeg,NA,NA,PDCSP...Mack Dick Pavilion,1,0,FALSE,NA,"Randall County, TX, USA",34.9790518923,-101.679120479,5,NA,NA,NA,5,NA,open,FALSE,NA,NA,Eastern Collared Lizard,Crotaphytus collaris,Eastern Collared Lizard,Reptilia,33135
158275322,4dc58d05-de50-44c4-960d-fc342d87dd38,2023-04-30 13:06:37-05:00,2023-04-30,2023-05-01 03:06:37 +0900,Central Time (US & Canada),2191110,catlynussery,Catlyn Ussery,2023-05-01 05:11:12 +0900,2023-08-05 03:54:35 +0900,research,NA,https://www.inaturalist.org/observations/158275322,https://static.inaturalist.org/photos/273559082/medium.jpg,NA,NA,NA,2,0,FALSE,3,"Caprock Canyons State Park & Trailway, Quitaque, TX, US",34.4627283333,-101.1144471667,4,NA,NA,NA,4,NA,open,FALSE,NA,NA,Eastern Collared Lizard,Crotaphytus collaris,Eastern Collared Lizard,Reptilia,33135
158442955,03452ab2-f807-4279-b468-aff12cf09aa3,2023/04/29 3:37 PM,2023-04-29,2023-04-30 05:37:00 +0900,Central Time (US & Canada),114323,jotol,Joanne Toler,2023-05-01 11:24:42 +0900,2023-05-01 21:11:11 +0900,research,CC-BY-NC,https://www.inaturalist.org/observations/158442955,https://inaturalist-open-data.s3.amazonaws.com/photos/273814366/medium.jpeg,NA,NA,"Palo Duro Canyon State Park, Cow Cabin Overlook",1,0,FALSE,NA,"Randall County, TX, USA",34.9362567048,-101.6388972174,31,NA,NA,NA,31,NA,open,FALSE,NA,NA,Eastern Collared Lizard,Crotaphytus collaris,Eastern Collared Lizard,Reptilia,33135
158878853,f19f9920-4722-4d7f-8463-263758578c64,2023/05/01 12:42 PM,2023-05-01,2023-05-02 02:42:00 +0900,Central Time (US & Canada),374229,derrell_d,Derrell T. Dixon,2023-05-02 06:42:02 +0900,2023-05-02 09:51:00 +0900,research,NA,https://www.inaturalist.org/observations/158878853,https://static.inaturalist.org/photos/274510805/medium.jpeg,NA,NA,PDCSP...Mack Dick Pavilion,1,0,FALSE,NA,"Randall County, TX, USA",34.979039872,-101.6791446016,9,NA,NA,NA,9,NA,open,FALSE,NA,NA,Eastern Collared Lizard,Crotaphytus collaris,Eastern Collared Lizard,Reptilia,33135
159264178,37fcec48-6db7-4cc9-a26b-118df6faa236,2023-05-01 20:31:05-05:00,2023-05-01,2023-05-02 10:31:05 +0900,Central Time (US & Canada),277496,codystricker,Cody Stricker,2023-05-03 05:43:13 +0900,2023-07-21 22:35:40 +0900,research,CC-BY,https://www.inaturalist.org/observations/159264178,https://inaturalist-open-data.s3.amazonaws.com/photos/275158792/medium.jpg,NA,NA,NA,2,0,FALSE,3,"Big Bend National Park, Alpine, TX, US",29.3378133333,-103.31917,4,NA,NA,NA,4,NA,open,FALSE,NA,NA,Eastern Collared Lizard,Crotaphytus collaris,Eastern Collared Lizard,Reptilia,33135
159310427,e2142d20-19c3-4d27-bcc6-55395cf4964c,2022-07-29 17:26:42-05:00,2022-07-29,2022-07-30 07:26:42 +0900,Central Time (US & Canada),1556377,charleswolcott1,NA,2023-05-03 09:24:48 +0900,2023-05-04 12:24:18 +0900,research,CC-BY-NC,https://www.inaturalist.org/observations/159310427,https://inaturalist-open-data.s3.amazonaws.com/photos/275239298/medium.jpg,NA,NA,NA,2,0,FALSE,3,"Palo Duro Canyon State Park, Canyon, TX, US",34.9561283333,-101.6764216667,7,NA,NA,NA,7,NA,open,FALSE,NA,NA,Eastern Collared Lizard,Crotaphytus collaris,Eastern Collared Lizard,Reptilia,33135
159319050,5df30189-4cca-48b8-903a-bdfb1afa62af,2023/05/02 2:59 PM,2023-05-02,2023-05-03 04:59:00 +0900,Central Time (US & Canada),374229,derrell_d,Derrell T. Dixon,2023-05-03 10:14:31 +0900,2023-05-04 12:24:09 +0900,research,NA,https://www.inaturalist.org/observations/159319050,https://static.inaturalist.org/photos/275250975/medium.jpeg,NA,NA,PDCSP...Mesquite Campground,1,0,FALSE,NA,"Randall County, TX, USA",34.9342553606,-101.6362760183,19,NA,NA,NA,19,NA,open,FALSE,NA,NA,Eastern Collared Lizard,Crotaphytus collaris,Eastern Collared Lizard,Reptilia,33135
159319051,4b229854-9ed2-4bda-a6d7-624ab8fc3ab0,2023/05/02 3:04 PM,2023-05-02,2023-05-03 05:04:00 +0900,Central Time (US & Canada),374229,derrell_d,Derrell T. Dixon,2023-05-03 10:14:32 +0900,2023-05-04 12:24:08 +0900,research,NA,https://www.inaturalist.org/observations/159319051,https://static.inaturalist.org/photos/275251000/medium.jpeg,NA,NA,PDCSP...Cow Cabins,1,0,FALSE,NA,"Randall County, TX, USA",34.936,-101.639,5,NA,NA,NA,5,NA,open,FALSE,NA,NA,Eastern Collared Lizard,Crotaphytus collaris,Eastern Collared Lizard,Reptilia,33135
159319052,705ee9e9-44c2-493d-80c7-3a71be6922a2,2023/05/02 3:24 PM,2023-05-02,2023-05-03 05:24:00 +0900,Central Time (US & Canada),374229,derrell_d,Derrell T. Dixon,2023-05-03 10:14:32 +0900,2023-05-04 12:24:07 +0900,research,NA,https://www.inaturalist.org/observations/159319052,https://static.inaturalist.org/photos/275251020/medium.jpeg,NA,NA,PDCSP...Mack Dick Pavilion,1,0,FALSE,NA,"Randall County, TX, USA",34.979,-101.679,10,NA,NA,NA,10,NA,open,FALSE,NA,NA,Eastern Collared Lizard,Crotaphytus collaris,Eastern Collared Lizard,Reptilia,33135
159319053,8925ad17-380e-4c94-87d4-222970c66d32,2023/05/02 4:08 PM,2023-05-02,2023-05-03 06:08:00 +0900,Central Time (US & Canada),374229,derrell_d,Derrell T. Dixon,2023-05-03 10:14:32 +0900,2023-05-04 12:24:06 +0900,research,NA,https://www.inaturalist.org/observations/159319053,https://static.inaturalist.org/photos/275251077/medium.jpeg,NA,NA,PDCSP...Mack Dick Pavilion,1,0,FALSE,NA,"Randall County, TX, USA",34.9790053528,-101.6789469132,2,NA,NA,NA,2,NA,open,FALSE,NA,NA,Eastern Collared Lizard,Crotaphytus collaris,Eastern Collared Lizard,Reptilia,33135
159413956,b3e321fd-ca1e-4c3c-9c3b-309a1f9d155e,2023/05/02 2:30 PM,2023-05-02,2023-05-03 04:30:00 +0900,Central Time (US & Canada),268486,brooksy,Jason Brooks,2023-05-03 21:44:25 +0900,2024-02-06 23:27:29 +0900,research,NA,https://www.inaturalist.org/observations/159413956,https://static.inaturalist.org/photos/275426055/medium.jpeg,NA,NA,NA,3,0,FALSE,NA,"Upton County, TX, USA",31.4298440014,-102.1740021846,8,NA,NA,NA,8,NA,open,FALSE,NA,NA,Eastern Collared Lizard,Crotaphytus collaris,Eastern Collared Lizard,Reptilia,33135
159574977,d8b39ced-b1f3-43af-ae3a-2ebfd4f80019,2023-05-03 14:24:23-05:00,2023-05-03,2023-05-04 04:24:23 +0900,Central Time (US & Canada),2147413,hlnewsom,H L Newsom,2023-05-04 11:55:11 +0900,2023-05-13 12:02:33 +0900,research,NA,https://www.inaturalist.org/observations/159574977,https://static.inaturalist.org/photos/275712732/medium.jpg,NA,NA,NA,2,0,FALSE,3,"Burnet, TX, US",30.794825,-98.3527666667,3,NA,NA,NA,3,NA,open,FALSE,NA,NA,Eastern Collared Lizard,Crotaphytus collaris,Eastern Collared Lizard,Reptilia,33135
159885417,6191c5fd-37be-4aca-9ded-2a3cef09a89b,2023-05-05 10:25:37-05:00,2023-05-05,2023-05-06 00:25:37 +0900,Central Time (US & Canada),6732377,plantnativegrass,NA,2023-05-06 01:29:26 +0900,2023-05-06 03:36:09 +0900,research,CC-BY-NC,https://www.inaturalist.org/observations/159885417,https://inaturalist-open-data.s3.amazonaws.com/photos/276269467/medium.jpg,NA,NA,NA,1,0,FALSE,3,"Texas, US",32.9556264561,-101.6719437368,852,NA,NA,NA,29039,obscured,open,TRUE,NA,NA,Eastern Collared Lizard,Crotaphytus collaris,Eastern Collared Lizard,Reptilia,33135
159989181,8b60e3f3-681f-471f-a6eb-ea4618488a9e,2023/05/05 1:33 PM,2023-05-05,2023-05-06 03:33:00 +0900,Central Time (US & Canada),374229,derrell_d,Derrell T. Dixon,2023-05-06 10:43:54 +0900,2023-05-07 00:59:23 +0900,research,NA,https://www.inaturalist.org/observations/159989181,https://static.inaturalist.org/photos/276444178/medium.jpeg,NA,NA,PDCSP...Mesquite Camp Ground,1,0,FALSE,NA,"Randall County, TX, USA",34.9354986635,-101.6368187583,15,NA,NA,NA,15,NA,open,FALSE,NA,NA,Eastern Collared Lizard,Crotaphytus collaris,Eastern Collared Lizard,Reptilia,33135
159989182,2beb3a7f-a029-47b1-9b67-b5fe796d58d0,2023/05/05 1:40 PM,2023-05-05,2023-05-06 03:40:00 +0900,Central Time (US & Canada),374229,derrell_d,Derrell T. Dixon,2023-05-06 10:43:54 +0900,2023-05-14 12:48:19 +0900,research,NA,https://www.inaturalist.org/observations/159989182,https://static.inaturalist.org/photos/276444202/medium.jpeg,NA,NA,PDCSP...Mesquite Camp Ground,1,0,FALSE,NA,"Randall County, TX, USA",34.9350825319,-101.635790808,6,NA,NA,NA,6,NA,open,FALSE,NA,NA,Eastern Collared Lizard,Crotaphytus collaris,Eastern Collared Lizard,Reptilia,33135
159989604,1f4e523a-cd33-4374-88ac-56f81ac55f2a,2023/05/05 2:03 PM,2023-05-05,2023-05-06 04:03:00 +0900,Central Time (US & Canada),374229,derrell_d,Derrell T. Dixon,2023-05-06 10:46:47 +0900,2023-05-14 10:05:52 +0900,research,NA,https://www.inaturalist.org/observations/159989604,https://static.inaturalist.org/photos/276445228/medium.jpeg,NA,NA,PDCSP...Mack Dick Pavilion,1,0,FALSE,NA,"Randall County, TX, USA",34.9790851321,-101.6792258936,9,NA,NA,NA,9,NA,open,FALSE,NA,NA,Eastern Collared Lizard,Crotaphytus collaris,Eastern Collared Lizard,Reptilia,33135
159994229,e77b57d8-53b4-4d60-8114-a6dd5f09a26e,2023/05/05 4:13 PM,2023-05-05,2023-05-06 06:13:00 +0900,Central Time (US & Canada),374229,derrell_d,Derrell T. Dixon,2023-05-06 11:17:54 +0900,2023-05-07 05:47:41 +0900,research,NA,https://www.inaturalist.org/observations/159994229,https://static.inaturalist.org/photos/276452941/medium.jpeg,NA,NA,PDCSP,2,0,FALSE,NA,"Randall County, TX, USA",34.9780275326,-101.6789716679,24,NA,NA,NA,24,NA,open,FALSE,NA,NA,Eastern Collared Lizard,Crotaphytus collaris,Eastern Collared Lizard,Reptilia,33135
160094186,65b5c3c6-f8a2-4c97-b76d-45b06a2e6e60,2023-05-06 10:48:24-05:00,2023-05-06,2023-05-07 00:48:24 +0900,Central Time (US & Canada),307688,howardc,Howard Crenshaw,2023-05-07 00:48:35 +0900,2023-05-07 23:32:43 +0900,research,CC-BY-NC,https://www.inaturalist.org/observations/160094186,https://inaturalist-open-data.s3.amazonaws.com/photos/276629755/medium.jpg,NA,NA,NA,2,0,FALSE,3,"Palo Duro Canyon State Park, Canyon, TX, US",34.9558678223,-101.6751540174,4,NA,NA,NA,4,NA,open,FALSE,NA,NA,Eastern Collared Lizard,Crotaphytus collaris,Eastern Collared Lizard,Reptilia,33135
160143836,c68b15d7-4379-48b3-b8fd-220f43ac627f,2023-04-08 17:36:16-05:00,2023-04-08,2023-04-09 07:36:16 +0900,Central Time (US & Canada),6117905,csa9915,NA,2023-05-07 04:41:35 +0900,2023-05-09 03:01:03 +0900,research,CC-BY-NC,https://www.inaturalist.org/observations/160143836,https://inaturalist-open-data.s3.amazonaws.com/photos/276718174/medium.jpg,NA,NA,NA,1,0,FALSE,3,"Amarillo, TX, US",35.4533626099,-102.0461679379,37677,NA,NA,NA,37677,NA,open,FALSE,NA,NA,Eastern Collared Lizard,Crotaphytus collaris,Eastern Collared Lizard,Reptilia,33135
160416087,2fca0231-394c-4398-969c-5eb1747a0bfd,2023/05/07 2:39 PM,2023-05-07,2023-05-08 04:39:00 +0900,Central Time (US & Canada),374229,derrell_d,Derrell T. Dixon,2023-05-08 06:05:17 +0900,2023-05-08 11:10:03 +0900,research,NA,https://www.inaturalist.org/observations/160416087,https://static.inaturalist.org/photos/277194173/medium.jpeg,NA,NA,PDCSP...Mesquite Camp Ground,1,0,FALSE,NA,"Randall County, TX, USA",34.9343455237,-101.635986714,4,NA,NA,NA,4,NA,open,FALSE,NA,NA,Eastern Collared Lizard,Crotaphytus collaris,Eastern Collared Lizard,Reptilia,33135
160469709,ac2ba917-0880-401f-9e1c-ff55361d5334,2023/05/07 6:07 PM,2023-05-07,2023-05-08 08:07:00 +0900,Central Time (US & Canada),374229,derrell_d,Derrell T. Dixon,2023-05-08 10:29:17 +0900,2023-05-09 01:19:32 +0900,research,NA,https://www.inaturalist.org/observations/160469709,https://static.inaturalist.org/photos/277291336/medium.jpeg,NA,NA,PDCSP...Mack Dick Pavilion,2,0,FALSE,NA,"Randall County, TX, USA",34.9790391722,-101.67911948,16,NA,NA,NA,16,NA,open,FALSE,NA,NA,Eastern Collared Lizard,Crotaphytus collaris,Eastern Collared Lizard,Reptilia,33135
160470771,c8d5aa4e-d288-4a14-905c-6f5b27c41aa6,2023/05/07 6:27 PM,2023-05-07,2023-05-08 08:27:00 +0900,Central Time (US & Canada),374229,derrell_d,Derrell T. Dixon,2023-05-08 10:34:47 +0900,2023-05-09 01:19:40 +0900,research,NA,https://www.inaturalist.org/observations/160470771,https://static.inaturalist.org/photos/277293911/medium.jpeg,NA,NA,PDCSP...Cow Cabin Camp Ground,2,0,FALSE,NA,"Randall County, TX, USA",34.9361495771,-101.639245536,8,NA,NA,NA,8,NA,open,FALSE,NA,NA,Eastern Collared Lizard,Crotaphytus collaris,Eastern Collared Lizard,Reptilia,33135
160551693,14309516-5bdb-4376-b6d4-85ca295a185a,Mon May 08 2023 08:00:58 GMT-0500 (CDT),2023-05-08,2023-05-08 22:00:58 +0900,Central Time (US & Canada),2843284,anmllvr4606,NA,2023-05-08 22:01:03 +0900,2023-05-15 18:05:48 +0900,research,CC-BY-NC,https://www.inaturalist.org/observations/160551693,https://inaturalist-open-data.s3.amazonaws.com/photos/277442487/medium.jpg,NA,NA,NA,1,0,FALSE,3,"Nicci Ln, Canyon, TX, US",34.9757942287,-101.8667778208,16,NA,NA,NA,16,NA,open,FALSE,NA,NA,Eastern Collared Lizard,Crotaphytus collaris,Eastern Collared Lizard,Reptilia,33135
160589313,b6f74f29-b508-4b7d-89c3-0bf3ab9a72db,2023-05-06 10:38:45,2023-05-06,2023-05-07 00:38:45 +0900,Central Time (US & Canada),5671273,dean240,Dean Alverson,2023-05-09 02:00:08 +0900,2023-05-09 02:21:58 +0900,research,NA,https://www.inaturalist.org/observations/160589313,https://static.inaturalist.org/photos/277508449/medium.jpeg,NA,NA,NA,1,0,FALSE,2,"Canyon, TX 79015, USA",34.943237,-101.6629712,NA,NA,NA,NA,NA,NA,open,FALSE,gps,gps,Eastern Collared Lizard,Crotaphytus collaris,Eastern Collared Lizard,Reptilia,33135
160603690,c8931eb6-ae0f-4190-b196-41d2332d5ed9,2023-05-08 10:42:06-05:00,2023-05-08,2023-05-09 00:42:06 +0900,Central Time (US & Canada),5852855,rbarlranch,NA,2023-05-09 03:22:14 +0900,2023-05-09 04:30:22 +0900,research,CC-BY-NC,https://www.inaturalist.org/observations/160603690,https://inaturalist-open-data.s3.amazonaws.com/photos/277534445/medium.jpg,NA,NA,NA,1,0,FALSE,3,"Quitaque, TX, US",34.3122966667,-101.1565861667,4,NA,NA,NA,4,NA,open,FALSE,NA,NA,Eastern Collared Lizard,Crotaphytus collaris,Eastern Collared Lizard,Reptilia,33135
160639452,e24be41f-7b47-4885-b74c-8ce1dae47f27,2023/05/08 1:49 PM,2023-05-08,2023-05-09 03:49:00 +0900,Central Time (US & Canada),374229,derrell_d,Derrell T. Dixon,2023-05-09 06:54:34 +0900,2023-05-13 02:09:06 +0900,research,NA,https://www.inaturalist.org/observations/160639452,https://static.inaturalist.org/photos/277599258/medium.jpeg,NA,NA,PDCSP...Mack Dick Pavilion,1,0,FALSE,NA,"Randall County, TX, USA",34.9790685275,-101.6790874083,17,NA,NA,NA,17,NA,open,FALSE,NA,NA,Eastern Collared Lizard,Crotaphytus collaris,Eastern Collared Lizard,Reptilia,33135
160643015,25867f15-88a1-4545-9816-a02cebc7f55e,2023/05/08 2:10 PM,2023-05-08,2023-05-09 04:10:00 +0900,Central Time (US & Canada),374229,derrell_d,Derrell T. Dixon,2023-05-09 07:17:19 +0900,2023-05-13 02:09:05 +0900,research,NA,https://www.inaturalist.org/observations/160643015,https://static.inaturalist.org/photos/277604854/medium.jpeg,NA,NA,PDCSP,1,0,FALSE,NA,"Randall County, TX, USA",34.9664879655,-101.6756969104,38,NA,NA,NA,38,NA,open,FALSE,NA,NA,Eastern Collared Lizard,Crotaphytus collaris,Eastern Collared Lizard,Reptilia,33135
160643546,d7a438ae-5df2-4537-b747-2402053119bf,2023/05/08 2:40 PM,2023-05-08,2023-05-09 04:40:00 +0900,Central Time (US & Canada),374229,derrell_d,Derrell T. Dixon,2023-05-09 07:21:06 +0900,2023-05-15 17:33:14 +0900,research,NA,https://www.inaturalist.org/observations/160643546,https://static.inaturalist.org/photos/277606534/medium.jpeg,NA,NA,PDCSP...Mesquite Camp Ground,2,0,FALSE,NA,"Randall County, TX, USA",34.9355584981,-101.636782622,15,NA,NA,NA,15,NA,open,FALSE,NA,NA,Eastern Collared Lizard,Crotaphytus collaris,Eastern Collared Lizard,Reptilia,33135
160644609,15c430c9-cf62-40e4-a122-66ca8c65111a,2023/05/08 3:14 PM,2023-05-08,2023-05-09 05:14:00 +0900,Central Time (US & Canada),374229,derrell_d,Derrell T. Dixon,2023-05-09 07:29:20 +0900,2023-05-15 17:32:51 +0900,research,NA,https://www.inaturalist.org/observations/160644609,https://static.inaturalist.org/photos/277608414/medium.jpeg,NA,NA,PDCSP...Mack Dick Pavilion,1,0,FALSE,NA,"Randall County, TX, USA",34.9790677423,-101.6791918997,15,NA,NA,NA,15,NA,open,FALSE,NA,NA,Eastern Collared Lizard,Crotaphytus collaris,Eastern Collared Lizard,Reptilia,33135
160644611,c4fb4064-8963-43b2-a7e3-a04bfc20dfe1,2023/05/08 3:28 PM,2023-05-08,2023-05-09 05:28:00 +0900,Central Time (US & Canada),374229,derrell_d,Derrell T. Dixon,2023-05-09 07:29:20 +0900,2023-05-15 17:32:43 +0900,research,NA,https://www.inaturalist.org/observations/160644611,https://static.inaturalist.org/photos/277608438/medium.jpeg,NA,NA,PDCSP...Mack Dick Pavilion,1,0,FALSE,NA,"Randall County, TX, USA",34.9789732144,-101.6785857168,9,NA,NA,NA,9,NA,open,FALSE,NA,NA,Eastern Collared Lizard,Crotaphytus collaris,Eastern Collared Lizard,Reptilia,33135
160664349,1083e73f-b019-4abf-a5d8-df1531f914bc,2023-05-08 17:53:12-05:00,2023-05-08,2023-05-09 07:53:12 +0900,Central Time (US & Canada),6596307,nanona,NA,2023-05-09 09:56:40 +0900,2023-05-15 23:05:05 +0900,research,CC-BY-NC,https://www.inaturalist.org/observations/160664349,https://inaturalist-open-data.s3.amazonaws.com/photos/278959980/medium.jpg,NA,NA,NA,1,0,FALSE,3,"Palo Duro Canyon State Park, Canyon, TX, US",34.9481925555,-101.665114509,7,NA,NA,NA,7,NA,open,FALSE,NA,NA,Eastern Collared Lizard,Crotaphytus collaris,Eastern Collared Lizard,Reptilia,33135
160774618,525b990a-2e63-4f54-81ab-da6fe87c049e,2023/05/09 11:34 AM,2023-05-09,2023-05-10 01:34:00 +0900,Central Time (US & Canada),374229,derrell_d,Derrell T. Dixon,2023-05-10 03:01:31 +0900,2023-05-11 03:36:09 +0900,research,NA,https://www.inaturalist.org/observations/160774618,https://static.inaturalist.org/photos/277843172/medium.jpeg,NA,NA,PDCSP,3,0,FALSE,NA,"Randall County, TX, USA",34.9771777108,-101.6785297832,3,NA,NA,NA,3,NA,open,FALSE,NA,NA,Eastern Collared Lizard,Crotaphytus collaris,Eastern Collared Lizard,Reptilia,33135
160774619,62f0273a-c987-42ee-967d-590fb9e75c6a,2023/05/09 11:36 AM,2023-05-09,2023-05-10 01:36:00 +0900,Central Time (US & Canada),374229,derrell_d,Derrell T. Dixon,2023-05-10 03:01:31 +0900,2023-05-11 03:36:14 +0900,research,NA,https://www.inaturalist.org/observations/160774619,https://static.inaturalist.org/photos/277843193/medium.jpeg,NA,NA,PDCSP...Mack Dick Pavilion,4,0,FALSE,NA,"Randall County, TX, USA",34.9790397572,-101.679112393,12,NA,NA,NA,12,NA,open,FALSE,NA,NA,Eastern Collared Lizard,Crotaphytus collaris,Eastern Collared Lizard,Reptilia,33135
160774620,09f4322c-b241-4dd9-8c0d-91f1dc0e9bd6,2023/05/09 11:36 AM,2023-05-09,2023-05-10 01:36:00 +0900,Central Time (US & Canada),374229,derrell_d,Derrell T. Dixon,2023-05-10 03:01:31 +0900,2023-05-11 03:36:21 +0900,research,NA,https://www.inaturalist.org/observations/160774620,https://static.inaturalist.org/photos/277843202/medium.jpeg,NA,NA,PDCSP...Mack Dick Pavilion,3,0,FALSE,NA,"Randall County, TX, USA",34.979039835,-101.6790861555,10,NA,NA,NA,10,NA,open,FALSE,NA,NA,Eastern Collared Lizard,Crotaphytus collaris,Eastern Collared Lizard,Reptilia,33135
160962155,9953ba8e-393a-4186-9886-478235b59697,2023/05/10 10:49 AM,2023-05-10,2023-05-11 00:49:00 +0900,Central Time (US & Canada),374229,derrell_d,Derrell T. Dixon,2023-05-11 05:00:34 +0900,2023-05-11 09:16:54 +0900,research,NA,https://www.inaturalist.org/observations/160962155,https://static.inaturalist.org/photos/278184756/medium.jpeg,NA,NA,PDCSP...Cow Cabin Camp Ground,2,0,FALSE,NA,"Randall County, TX, USA",34.936054621,-101.6392830187,13,NA,NA,NA,13,NA,open,FALSE,NA,NA,Eastern Collared Lizard,Crotaphytus collaris,Eastern Collared Lizard,Reptilia,33135
160963289,d0c91ac0-9b59-4641-aec6-09bdd0f99d36,2023/05/10 10:56 AM,2023-05-10,2023-05-11 00:56:00 +0900,Central Time (US & Canada),374229,derrell_d,Derrell T. Dixon,2023-05-11 05:08:14 +0900,2023-05-11 09:16:43 +0900,research,NA,https://www.inaturalist.org/observations/160963289,https://static.inaturalist.org/photos/278187224/medium.jpeg,NA,NA,PDCSP...Mesquite Camp Ground,2,0,FALSE,NA,"Randall County, TX, USA",34.9344456424,-101.6362416867,29,NA,NA,NA,29,NA,open,FALSE,NA,NA,Eastern Collared Lizard,Crotaphytus collaris,Eastern Collared Lizard,Reptilia,33135
160967118,7539e152-5e83-4641-83b2-c90698d3c76d,2023/05/10 11:40 AM,2023-05-10,2023-05-11 01:40:00 +0900,Central Time (US & Canada),374229,derrell_d,Derrell T. Dixon,2023-05-11 05:33:01 +0900,2023-05-11 09:16:37 +0900,research,NA,https://www.inaturalist.org/observations/160967118,https://static.inaturalist.org/photos/278194476/medium.jpeg,NA,NA,PDCSP...Mack Dick Pavilion,2,0,FALSE,NA,"Randall County, TX, USA",34.9791013801,-101.679240614,9,NA,NA,NA,9,NA,open,FALSE,NA,NA,Eastern Collared Lizard,Crotaphytus collaris,Eastern Collared Lizard,Reptilia,33135
160975227,5d7ccc91-a858-4865-bb3b-6b89a35a87e3,2023/05/10 1:32 PM,2023-05-10,2023-05-11 03:32:00 +0900,Central Time (US & Canada),374229,derrell_d,Derrell T. Dixon,2023-05-11 06:27:33 +0900,2023-05-11 09:17:07 +0900,research,NA,https://www.inaturalist.org/observations/160975227,https://static.inaturalist.org/photos/278210435/medium.jpeg,NA,NA,PDCSP...Mack Dick Pavilion,1,0,FALSE,NA,"Randall County, TX, USA",34.9790987433,-101.6791314482,18,NA,NA,NA,18,NA,open,FALSE,NA,NA,Eastern Collared Lizard,Crotaphytus collaris,Eastern Collared Lizard,Reptilia,33135
161096126,6d95d22c-1b7e-41ad-aa14-455eac4b341f,2023-05-10 09:19:56-06:00,2023-05-10,2023-05-11 00:19:56 +0900,Mountain Time (US & Canada),4416119,wcalax89,NA,2023-05-12 01:41:11 +0900,2024-01-26 00:56:34 +0900,research,CC-BY-NC,https://www.inaturalist.org/observations/161096126,https://inaturalist-open-data.s3.amazonaws.com/photos/278428385/medium.jpg,NA,NA,NA,2,0,FALSE,3,"Franklin Mountains State Park, El Paso, TX, US",31.8611133333,-106.4914633333,4,NA,NA,NA,4,NA,open,FALSE,NA,NA,lagartija de collar del altiplano,Crotaphytus collaris,Eastern Collared Lizard,Reptilia,33135
161151172,e6cbee4d-ee84-4a6f-934d-f253a05b1067,2023/05/11 2:48 PM,2023-05-11,2023-05-12 04:48:00 +0900,Central Time (US & Canada),374229,derrell_d,Derrell T. Dixon,2023-05-12 08:06:36 +0900,2023-05-13 02:07:42 +0900,research,NA,https://www.inaturalist.org/observations/161151172,https://static.inaturalist.org/photos/278527667/medium.jpeg,NA,NA,PDCSP...Cow Cabins,1,0,FALSE,NA,"Randall County, TX, USA",34.936132115,-101.6392510888,5,NA,NA,NA,5,NA,open,FALSE,NA,NA,Eastern Collared Lizard,Crotaphytus collaris,Eastern Collared Lizard,Reptilia,33135
161151762,dd881729-af39-4b25-b429-5b63d862a9d1,2023/05/11 2:55 PM,2023-05-11,2023-05-12 04:55:00 +0900,Central Time (US & Canada),374229,derrell_d,Derrell T. Dixon,2023-05-12 08:12:01 +0900,2023-05-12 10:14:57 +0900,research,NA,https://www.inaturalist.org/observations/161151762,https://static.inaturalist.org/photos/278528594/medium.jpeg,NA,NA,PDCSP...Mesquite Camping Area,1,0,FALSE,NA,"Randall County, TX, USA",34.9359431628,-101.6363733896,6,NA,NA,NA,6,NA,open,FALSE,NA,NA,Eastern Collared Lizard,Crotaphytus collaris,Eastern Collared Lizard,Reptilia,33135
161152140,63027cb9-19ca-472f-9a2b-2934f17c07af,2023/05/11 2:59 PM,2023-05-11,2023-05-12 04:59:00 +0900,Central Time (US & Canada),374229,derrell_d,Derrell T. Dixon,2023-05-12 08:15:31 +0900,2023-05-12 10:14:34 +0900,research,NA,https://www.inaturalist.org/observations/161152140,https://static.inaturalist.org/photos/278529645/medium.jpeg,NA,NA,PDCSP...Mesquite Camp Area,1,0,FALSE,NA,"Randall County, TX, USA",34.9355705419,-101.6368238153,7,NA,NA,NA,7,NA,open,FALSE,NA,NA,Eastern Collared Lizard,Crotaphytus collaris,Eastern Collared Lizard,Reptilia,33135
161155903,45f3c7c3-31a8-4807-aec1-2a87eea89adb,2023/05/11 3:44 PM,2023-05-11,2023-05-12 05:44:00 +0900,Central Time (US & Canada),374229,derrell_d,Derrell T. Dixon,2023-05-12 08:46:28 +0900,2023-05-12 10:10:36 +0900,research,NA,https://www.inaturalist.org/observations/161155903,https://static.inaturalist.org/photos/278536809/medium.jpeg,NA,NA,PDCSP...Mack Dick Pavilion,1,0,FALSE,NA,"Randall County, TX, USA",34.9790712749,-101.6791635404,4,NA,NA,NA,4,NA,open,FALSE,NA,NA,Eastern Collared Lizard,Crotaphytus collaris,Eastern Collared Lizard,Reptilia,33135
161159661,4641d78d-db3a-442a-a15b-8d13f59224f3,2023-05-11 18:45:29,2023-05-11,2023-05-12 08:45:29 +0900,Central Time (US & Canada),1214590,jeweliah,NA,2023-05-12 09:20:04 +0900,2023-05-12 10:04:05 +0900,research,CC-BY-NC,https://www.inaturalist.org/observations/161159661,https://inaturalist-open-data.s3.amazonaws.com/photos/278544462/medium.jpeg,NA,NA,NA,1,0,FALSE,2,"Sweetwater, TX 79556, USA",32.31871381,-100.33106679,6,NA,NA,NA,6,NA,open,FALSE,NA,NA,Eastern Collared Lizard,Crotaphytus collaris,Eastern Collared Lizard,Reptilia,33135
161242179,73bbc45e-8ac7-418c-821c-a1f3a9e4eda4,2023-05-11 17:54:34-05:00,2023-05-11,2023-05-12 07:54:34 +0900,Central Time (US & Canada),4056586,ussmee,NA,2023-05-13 00:13:25 +0900,2023-05-15 03:58:56 +0900,research,CC-BY-NC,https://www.inaturalist.org/observations/161242179,https://inaturalist-open-data.s3.amazonaws.com/photos/278690904/medium.jpg,NA,NA,NA,2,0,FALSE,3,"Palo Duro Canyon State Park, Canyon, TX, US",34.939305,-101.64142,4,NA,NA,NA,4,NA,open,FALSE,NA,NA,Eastern Collared Lizard,Crotaphytus collaris,Eastern Collared Lizard,Reptilia,33135
161327496,2ffb0453-d00a-45e0-8c47-601fdc4c1ece,2023/05/12 12:01 PM,2023-05-12,2023-05-13 02:01:00 +0900,Central Time (US & Canada),374229,derrell_d,Derrell T. Dixon,2023-05-13 10:18:21 +0900,2023-05-13 12:47:37 +0900,research,NA,https://www.inaturalist.org/observations/161327496,https://static.inaturalist.org/photos/278844784/medium.jpeg,NA,NA,PDCSP...Mack Dick Pavilion,1,0,FALSE,NA,"Randall County, TX, USA",34.9790023721,-101.6786666511,10,NA,NA,NA,10,NA,open,FALSE,NA,NA,Eastern Collared Lizard,Crotaphytus collaris,Eastern Collared Lizard,Reptilia,33135
161329344,ce2c0e6e-f78e-4271-bfe1-e97c681e344e,2023/05/12 2:48 PM,2023-05-12,2023-05-13 04:48:00 +0900,Central Time (US & Canada),374229,derrell_d,Derrell T. Dixon,2023-05-13 10:32:53 +0900,2023-05-13 12:47:42 +0900,research,NA,https://www.inaturalist.org/observations/161329344,https://static.inaturalist.org/photos/278848307/medium.jpeg,NA,NA,PDCSP...Mesquite Campground,1,0,FALSE,NA,"Randall County, TX, USA",34.9345285143,-101.636520703,6,NA,NA,NA,6,NA,open,FALSE,NA,NA,Eastern Collared Lizard,Crotaphytus collaris,Eastern Collared Lizard,Reptilia,33135
161333415,d0fe66c8-8d13-4fd0-856d-01bf785fccd4,2023/05/12 3:38 PM,2023-05-12,2023-05-13 05:38:00 +0900,Central Time (US & Canada),374229,derrell_d,Derrell T. Dixon,2023-05-13 11:08:44 +0900,2023-05-13 12:45:55 +0900,research,NA,https://www.inaturalist.org/observations/161333415,https://static.inaturalist.org/photos/278855798/medium.jpeg,NA,NA,PDCSP...Mack Dick Pavilion,2,0,FALSE,NA,"Randall County, TX, USA",34.9791119523,-101.679253141,10,NA,NA,NA,10,NA,open,FALSE,NA,NA,Eastern Collared Lizard,Crotaphytus collaris,Eastern Collared Lizard,Reptilia,33135
161333416,9e849fb8-d4fa-4a64-81e1-8c9da70b3445,2023/05/12 3:38 PM,2023-05-12,2023-05-13 05:38:00 +0900,Central Time (US & Canada),374229,derrell_d,Derrell T. Dixon,2023-05-13 11:08:44 +0900,2023-05-13 12:46:13 +0900,research,NA,https://www.inaturalist.org/observations/161333416,https://static.inaturalist.org/photos/278855810/medium.jpeg,NA,NA,PDCSP...Mack Dick Pavilion,1,0,FALSE,NA,"Randall County, TX, USA",34.9791119523,-101.679253141,10,NA,NA,NA,10,NA,open,FALSE,NA,NA,Eastern Collared Lizard,Crotaphytus collaris,Eastern Collared Lizard,Reptilia,33135
161390375,8d259046-680b-4193-90f2-b1f32a13239a,2023-05-12 11:04:29,2023-05-12,2023-05-13 01:04:29 +0900,Central Time (US & Canada),6656314,isabella909,Isabella S,2023-05-13 21:51:46 +0900,2023-05-18 01:47:13 +0900,research,NA,https://www.inaturalist.org/observations/161390375,https://static.inaturalist.org/photos/278959761/medium.jpeg,NA,NA,NA,2,0,FALSE,2,"Quitaque, TX 79255, USA",34.4562716734,-101.0540545732,121,NA,NA,NA,121,NA,open,FALSE,gps,gps,Eastern Collared Lizard,Crotaphytus collaris,Eastern Collared Lizard,Reptilia,33135
161456548,f2b75b22-0c1c-4ff8-9266-11cbd072d7c7,2023/05/10 12:53 PM,2023-05-10,2023-05-11 02:53:00 +0900,Central Time (US & Canada),268486,brooksy,Jason Brooks,2023-05-14 03:52:22 +0900,2023-05-18 16:15:04 +0900,research,NA,https://www.inaturalist.org/observations/161456548,https://static.inaturalist.org/photos/279068951/medium.jpeg,NA,NA,NA,1,0,FALSE,NA,"Upton County, TX, USA",31.3757613663,-102.226525856,61,NA,NA,NA,61,NA,open,FALSE,NA,NA,Eastern Collared Lizard,Crotaphytus collaris,Eastern Collared Lizard,Reptilia,33135
161681398,4830ab96-958e-4b21-b057-247e7f1d569e,2023-05-13 11:11:40-06:00,2023-05-13,2023-05-14 02:11:40 +0900,Mountain Time (US & Canada),3366422,jrcroft,Jacob Croft,2023-05-15 05:49:21 +0900,2023-05-16 02:38:35 +0900,research,NA,https://www.inaturalist.org/observations/161681398,https://static.inaturalist.org/photos/279481753/medium.jpg,NA,NA,NA,1,0,FALSE,3,"Castner Range, El Paso, TX, US",31.908455,-106.4909833333,12,NA,NA,NA,12,NA,open,FALSE,NA,NA,lagartija de collar del altiplano,Crotaphytus collaris,Eastern Collared Lizard,Reptilia,33135
161740245,646626a4-1956-47d8-9db5-f9f7520d8cf9,2023-05-14 18:59:18-05:00,2023-05-14,2023-05-15 08:59:18 +0900,Central Time (US & Canada),5939258,llechedelagallo,NA,2023-05-15 12:04:52 +0900,2023-07-22 06:53:38 +0900,research,CC-BY-NC,https://www.inaturalist.org/observations/161740245,https://inaturalist-open-data.s3.amazonaws.com/photos/279593125/medium.jpg,NA,NA,NA,2,0,FALSE,3,"Justiceburg, TX, US",33.0276528333,-101.2123333333,4,NA,NA,NA,4,NA,open,FALSE,NA,NA,Eastern Collared Lizard,Crotaphytus collaris,Eastern Collared Lizard,Reptilia,33135
161788241,67196bfc-f0b8-443c-a828-cb289db7e763,2023-05-14 11:31:00,2023-05-14,2023-05-15 01:31:00 +0900,Central Time (US & Canada),5170894,jessica2762,Jessica Girard,2023-05-15 21:29:22 +0900,2023-05-17 00:01:38 +0900,research,NA,https://www.inaturalist.org/observations/161788241,https://static.inaturalist.org/photos/279680734/medium.jpeg,NA,NA,NA,2,0,FALSE,2,"Burnet, TX 78611, USA",30.7481083333,-98.357475,NA,NA,NA,NA,NA,NA,open,FALSE,gps,gps,Eastern Collared Lizard,Crotaphytus collaris,Eastern Collared Lizard,Reptilia,33135
161879004,29ed4814-236b-4b6c-b203-839493c7960b,2023/05/15 3:32 PM,2023-05-15,2023-05-16 05:32:00 +0900,Central Time (US & Canada),374229,derrell_d,Derrell T. Dixon,2023-05-16 07:07:30 +0900,2023-05-16 08:31:52 +0900,research,NA,https://www.inaturalist.org/observations/161879004,https://static.inaturalist.org/photos/279842333/medium.jpeg,NA,NA,PDCSP...Mack Dick Pavilion,1,0,FALSE,NA,"Randall County, TX, USA",34.9791328072,-101.6793039663,8,NA,NA,NA,8,NA,open,FALSE,NA,NA,Eastern Collared Lizard,Crotaphytus collaris,Eastern Collared Lizard,Reptilia,33135
161900688,7eff2e00-74f7-4208-8096-fdee77d88093,2023-05-12 13:22:26-06:00,2023-05-12,2023-05-13 04:22:26 +0900,Mountain Time (US & Canada),607405,jesusreyes867,Jesús Manuel Reyes,2023-05-16 09:41:05 +0900,2023-05-16 10:18:26 +0900,research,NA,https://www.inaturalist.org/observations/161900688,https://static.inaturalist.org/photos/279883752/medium.jpg,NA,NA,NA,1,0,FALSE,3,"Franklin Mountains State Park, El Paso, TX, US",31.9160883333,-106.5080116667,20,NA,NA,NA,20,NA,open,FALSE,NA,NA,Eastern Collared Lizard,Crotaphytus collaris,Eastern Collared Lizard,Reptilia,33135
161901232,248a9a57-207c-41e4-990a-e9c131c31805,2023-05-12 13:45:48-06:00,2023-05-12,2023-05-13 04:45:48 +0900,Mountain Time (US & Canada),607405,jesusreyes867,Jesús Manuel Reyes,2023-05-16 09:44:49 +0900,2023-05-16 09:47:35 +0900,research,NA,https://www.inaturalist.org/observations/161901232,https://static.inaturalist.org/photos/279884809/medium.jpg,NA,NA,NA,1,0,FALSE,3,"Franklin Mountains State Park, El Paso, TX, US",31.9134383333,-106.4988866667,45,NA,NA,NA,45,NA,open,FALSE,NA,NA,Eastern Collared Lizard,Crotaphytus collaris,Eastern Collared Lizard,Reptilia,33135
161963924,42bac269-9d1d-47f2-bf0b-6e8221e9e1b3,2023/05/15 10:56 AM,2023-05-15,2023-05-16 00:56:00 +0900,Central Time (US & Canada),268486,brooksy,Jason Brooks,2023-05-16 21:51:42 +0900,2023-05-17 23:15:17 +0900,research,NA,https://www.inaturalist.org/observations/161963924,https://static.inaturalist.org/photos/280003505/medium.jpeg,NA,NA,NA,2,0,FALSE,NA,"Midland County, TX, USA",31.7894294195,-102.1298069424,4,NA,NA,NA,4,NA,open,FALSE,NA,NA,Eastern Collared Lizard,Crotaphytus collaris,Eastern Collared Lizard,Reptilia,33135
162056602,98c9838f-0b3a-4985-aac1-3d20418fcbbb,2023/05/16 3:49 PM,2023-05-16,2023-05-17 05:49:00 +0900,Central Time (US & Canada),374229,derrell_d,Derrell T. Dixon,2023-05-17 08:42:24 +0900,2023-05-18 00:23:31 +0900,research,NA,https://www.inaturalist.org/observations/162056602,https://static.inaturalist.org/photos/280170838/medium.jpeg,NA,NA,PDCSP...Mesquite Campground,2,0,FALSE,NA,"Randall County, TX, USA",34.9344042084,-101.6364291412,15,NA,NA,NA,15,NA,open,FALSE,NA,NA,Eastern Collared Lizard,Crotaphytus collaris,Eastern Collared Lizard,Reptilia,33135
162056603,24955d8d-a9b8-4558-b395-4f269c4c29ca,2023/05/16 3:50 PM,2023-05-16,2023-05-17 05:50:00 +0900,Central Time (US & Canada),374229,derrell_d,Derrell T. Dixon,2023-05-17 08:42:24 +0900,2023-05-18 00:23:27 +0900,research,NA,https://www.inaturalist.org/observations/162056603,https://static.inaturalist.org/photos/280170860/medium.jpeg,NA,NA,PDCSP...Mesquite Campground,1,0,FALSE,NA,"Randall County, TX, USA",34.9344042084,-101.6364291412,15,NA,NA,NA,15,NA,open,FALSE,NA,NA,Eastern Collared Lizard,Crotaphytus collaris,Eastern Collared Lizard,Reptilia,33135
162056605,db09b304-ad60-439c-a018-0c51496c2229,2023/05/16 3:51 PM,2023-05-16,2023-05-17 05:51:00 +0900,Central Time (US & Canada),374229,derrell_d,Derrell T. Dixon,2023-05-17 08:42:25 +0900,2023-05-18 00:23:20 +0900,research,NA,https://www.inaturalist.org/observations/162056605,https://static.inaturalist.org/photos/280170884/medium.jpeg,NA,NA,"PDCSP...Mesquite Campground

male & female

",1,0,FALSE,NA,"Randall County, TX, USA",34.9344042084,-101.6364291412,15,NA,NA,NA,15,NA,open,FALSE,NA,NA,Eastern Collared Lizard,Crotaphytus collaris,Eastern Collared Lizard,Reptilia,33135
162059974,6fc7340f-08db-4b1e-906c-c3b3b4c6db21,2023/05/16 4:27 PM,2023-05-16,2023-05-17 06:27:00 +0900,Central Time (US & Canada),374229,derrell_d,Derrell T. Dixon,2023-05-17 09:08:47 +0900,2023-05-17 21:43:08 +0900,research,NA,https://www.inaturalist.org/observations/162059974,https://static.inaturalist.org/photos/280178226/medium.jpeg,NA,NA,PDCSP...Sagebrush Campground,1,0,FALSE,NA,"Randall County, TX, USA",34.9771525876,-101.6768425924,20,NA,NA,NA,20,NA,open,FALSE,NA,NA,Eastern Collared Lizard,Crotaphytus collaris,Eastern Collared Lizard,Reptilia,33135
162059975,b77da1ab-10de-4ddc-a1db-b69103f569a0,2023/05/16 4:29 PM,2023-05-16,2023-05-17 06:29:00 +0900,Central Time (US & Canada),374229,derrell_d,Derrell T. Dixon,2023-05-17 09:08:48 +0900,2023-05-18 00:23:10 +0900,research,NA,https://www.inaturalist.org/observations/162059975,https://static.inaturalist.org/photos/280178241/medium.jpeg,NA,NA,PDCSP...Sagebrush Campground,2,0,FALSE,NA,"Randall County, TX, USA",34.9771525876,-101.6768425924,20,NA,NA,NA,20,NA,open,FALSE,NA,NA,Eastern Collared Lizard,Crotaphytus collaris,Eastern Collared Lizard,Reptilia,33135
162061040,7e636f5f-6574-449f-9f56-f8583c1fcff3,2023/05/16 4:37 PM,2023-05-16,2023-05-17 06:37:00 +0900,Central Time (US & Canada),374229,derrell_d,Derrell T. Dixon,2023-05-17 09:16:58 +0900,2023-05-18 01:50:59 +0900,research,NA,https://www.inaturalist.org/observations/162061040,https://static.inaturalist.org/photos/280180357/medium.jpeg,NA,NA,PDCSP...Mack Dick Pavilion,3,0,FALSE,NA,"Randall County, TX, USA",34.9789619731,-101.6785274635,17,NA,NA,NA,17,NA,open,FALSE,NA,NA,Eastern Collared Lizard,Crotaphytus collaris,Eastern Collared Lizard,Reptilia,33135
162079036,ca78203c-fd7a-4438-908a-cfd4398e5657,2023-05-16 13:48:14-06:00,2023-05-16,2023-05-17 04:48:14 +0900,Mountain Time (US & Canada),607405,jesusreyes867,Jesús Manuel Reyes,2023-05-17 11:49:46 +0900,2023-05-18 03:01:27 +0900,research,NA,https://www.inaturalist.org/observations/162079036,https://static.inaturalist.org/photos/280216804/medium.jpg,NA,NA,NA,1,0,FALSE,3,"Franklin Mountains State Park, El Paso, TX, US",31.846805,-106.49498,97,NA,NA,NA,97,NA,open,FALSE,NA,NA,lagartija de collar del altiplano,Crotaphytus collaris,Eastern Collared Lizard,Reptilia,33135
162079094,249dbe9d-d983-41ae-8892-e437fbe30a1e,2023-05-16 13:56:19-06:00,2023-05-16,2023-05-17 04:56:19 +0900,Mountain Time (US & Canada),607405,jesusreyes867,Jesús Manuel Reyes,2023-05-17 11:50:23 +0900,2023-05-18 03:01:08 +0900,research,NA,https://www.inaturalist.org/observations/162079094,https://static.inaturalist.org/photos/280216929/medium.jpg,NA,NA,NA,1,0,FALSE,3,"Franklin Mountains State Park, El Paso, TX, US",31.847525,-106.4955533333,23,NA,NA,NA,23,NA,open,FALSE,NA,NA,lagartija de collar del altiplano,Crotaphytus collaris,Eastern Collared Lizard,Reptilia,33135
162180685,2c08c1ce-2d65-4823-9cf6-148b13e0d7d3,2023/05/17 11:54 AM,2023-05-17,2023-05-18 01:54:00 +0900,Central Time (US & Canada),374229,derrell_d,Derrell T. Dixon,2023-05-18 04:09:14 +0900,2023-05-18 12:23:11 +0900,research,NA,https://www.inaturalist.org/observations/162180685,https://static.inaturalist.org/photos/280399257/medium.jpeg,NA,NA,PDCSP...Mesquite Campground,1,0,FALSE,NA,"Randall County, TX, USA",34.9344223432,-101.636249359,8,NA,NA,NA,8,NA,open,FALSE,NA,NA,Eastern Collared Lizard,Crotaphytus collaris,Eastern Collared Lizard,Reptilia,33135
162180687,b127312e-f41e-4f2e-a8a7-8fa27ad43340,2023/05/17 11:55 AM,2023-05-17,2023-05-18 01:55:00 +0900,Central Time (US & Canada),374229,derrell_d,Derrell T. Dixon,2023-05-18 04:09:14 +0900,2023-05-20 14:09:12 +0900,research,NA,https://www.inaturalist.org/observations/162180687,https://static.inaturalist.org/photos/280399273/medium.jpeg,NA,NA,PDCSP...Mesquite Campground,1,0,FALSE,NA,"Randall County, TX, USA",34.9344223432,-101.636249359,8,NA,NA,NA,8,NA,open,FALSE,NA,NA,Eastern Collared Lizard,Crotaphytus collaris,Eastern Collared Lizard,Reptilia,33135
162180688,2492772d-895b-40a7-bc56-95421fcec9ad,2023/05/17 11:57 AM,2023-05-17,2023-05-18 01:57:00 +0900,Central Time (US & Canada),374229,derrell_d,Derrell T. Dixon,2023-05-18 04:09:14 +0900,2023-05-20 14:09:04 +0900,research,NA,https://www.inaturalist.org/observations/162180688,https://static.inaturalist.org/photos/280399295/medium.jpeg,NA,NA,PDCSP...Mesquite Campground,1,0,FALSE,NA,"Randall County, TX, USA",34.9344223432,-101.636249359,8,NA,NA,NA,8,NA,open,FALSE,NA,NA,Eastern Collared Lizard,Crotaphytus collaris,Eastern Collared Lizard,Reptilia,33135
162181477,ef689842-f831-4942-9416-81e464f0b1c2,2023/05/17 12:02 PM,2023-05-17,2023-05-18 02:02:00 +0900,Central Time (US & Canada),374229,derrell_d,Derrell T. Dixon,2023-05-18 04:14:45 +0900,2023-05-20 14:08:57 +0900,research,NA,https://www.inaturalist.org/observations/162181477,https://static.inaturalist.org/photos/280401768/medium.jpeg,NA,NA,PDCSP...Cow Cabins Campground,1,0,FALSE,NA,"Randall County, TX, USA",34.935109558,-101.6381054949,16,NA,NA,NA,16,NA,open,FALSE,NA,NA,Eastern Collared Lizard,Crotaphytus collaris,Eastern Collared Lizard,Reptilia,33135
162184111,9487c0cc-7238-4cfd-980c-9764fae67424,2023/05/17 12:42 PM,2023-05-17,2023-05-18 02:42:00 +0900,Central Time (US & Canada),374229,derrell_d,Derrell T. Dixon,2023-05-18 04:32:58 +0900,2023-05-18 12:23:12 +0900,research,NA,https://www.inaturalist.org/observations/162184111,https://static.inaturalist.org/photos/280406110/medium.jpeg,NA,NA,PDCSP...Mack Dick Pavilion,1,0,FALSE,NA,"Randall County, TX, USA",34.9790545561,-101.6791489843,6,NA,NA,NA,6,NA,open,FALSE,NA,NA,Eastern Collared Lizard,Crotaphytus collaris,Eastern Collared Lizard,Reptilia,33135
162222002,0793b55f-76cc-48e0-b468-bdd7885773f5,2023-05-17 09:34:02-05:00,2023-05-17,2023-05-17 23:34:02 +0900,Central Time (US & Canada),43815,nathantaylor,Nathan Taylor,2023-05-18 09:14:04 +0900,2023-07-28 11:21:16 +0900,research,CC-BY,https://www.inaturalist.org/observations/162222002,https://inaturalist-open-data.s3.amazonaws.com/photos/280478373/medium.jpg,NA,NA,NA,2,0,FALSE,3,"Big Bend National Park, Brewster County, US-TX, US",29.2009017567,-102.9190542419,16,NA,NA,NA,16,NA,open,FALSE,NA,NA,Eastern Collared Lizard,Crotaphytus collaris,Eastern Collared Lizard,Reptilia,33135
162232644,1c99a9fa-fcd5-4f17-aeb1-3e5ac61b534c,2023/03/10 12:45 PM,2023-03-10,2023-03-11 03:45:00 +0900,Central Time (US & Canada),6971,silversea_starsong,James Bailey,2023-05-18 10:42:40 +0900,2023-05-18 23:07:34 +0900,research,CC-BY-NC,https://www.inaturalist.org/observations/162232644,https://inaturalist-open-data.s3.amazonaws.com/photos/280471117/medium.jpeg,NA,NA,NA,1,0,FALSE,NA,"Burnet County, TX, USA",30.7476819903,-98.3587934562,NA,NA,NA,NA,NA,NA,open,FALSE,NA,NA,Eastern Collared Lizard,Crotaphytus collaris,Eastern Collared Lizard,Reptilia,33135
162470700,a7baaa42-9bc5-413b-9d60-f63588cf0acb,2023/05/18 9:44 AM,2023-05-18,2023-05-18 23:44:00 +0900,Central Time (US & Canada),268486,brooksy,Jason Brooks,2023-05-19 22:26:16 +0900,2024-02-06 23:27:04 +0900,research,NA,https://www.inaturalist.org/observations/162470700,https://static.inaturalist.org/photos/280929571/medium.jpeg,NA,NA,NA,2,0,FALSE,NA,"Upton County, TX, USA",31.3158565562,-102.2177113828,49,NA,NA,NA,49,NA,open,FALSE,NA,NA,Eastern Collared Lizard,Crotaphytus collaris,Eastern Collared Lizard,Reptilia,33135
162470718,f9481c4f-8a47-4b6a-b7f9-5d9c5b700c0a,2023/05/17 1:39 PM,2023-05-17,2023-05-18 03:39:00 +0900,Central Time (US & Canada),268486,brooksy,Jason Brooks,2023-05-19 22:26:19 +0900,2023-05-20 15:59:43 +0900,research,NA,https://www.inaturalist.org/observations/162470718,https://static.inaturalist.org/photos/280930336/medium.jpeg,NA,NA,NA,1,0,FALSE,NA,"Upton County, TX, USA",31.3699465774,-102.2403035766,28,NA,NA,NA,28,NA,open,FALSE,NA,NA,Eastern Collared Lizard,Crotaphytus collaris,Eastern Collared Lizard,Reptilia,33135
162487466,69863559-794f-437b-9dbd-602812fefd90,2023-05-17,2023-05-17,NA,Central Time (US & Canada),1130061,aaron190,Aaron McAlexander,2023-05-20 00:09:17 +0900,2023-05-20 01:28:39 +0900,research,NA,https://www.inaturalist.org/observations/162487466,https://static.inaturalist.org/photos/280961854/medium.jpeg,NA,NA,NA,1,0,FALSE,2,Palo Duro Canyon State Park,34.9372330984,-101.6589305922,8337,NA,NA,NA,8337,NA,open,FALSE,gps,gps,Eastern Collared Lizard,Crotaphytus collaris,Eastern Collared Lizard,Reptilia,33135
162766209,9e88291a-9878-4006-a860-7af1d826ae66,2023-05-20 14:58:14,2023-05-20,2023-05-21 04:58:14 +0900,Central Time (US & Canada),5082679,lauren1269,Lauren Spjut,2023-05-21 07:29:17 +0900,2023-05-22 16:38:27 +0900,research,NA,https://www.inaturalist.org/observations/162766209,https://static.inaturalist.org/photos/281461723/medium.jpeg,NA,NA,NA,2,0,FALSE,2,Palo Duro Canyon State Park,34.9372330984,-101.6589305922,8359,NA,NA,NA,8359,NA,open,FALSE,gps,gps,Eastern Collared Lizard,Crotaphytus collaris,Eastern Collared Lizard,Reptilia,33135
162777166,35a75d1c-599b-4c0e-94e4-aeb7da53c332,2023-05-20 18:04:22-05:00,2023-05-20,2023-05-21 08:04:22 +0900,Central Time (US & Canada),1098775,kristin96,Kristin Brandon,2023-05-21 08:40:40 +0900,2023-05-22 16:30:32 +0900,research,NA,https://www.inaturalist.org/observations/162777166,https://static.inaturalist.org/photos/281482513/medium.jpg,NA,NA,NA,1,0,FALSE,3,"Palo Duro Dr, Canyon, TX, US",34.9856935998,-101.7105496,34,NA,NA,NA,34,NA,open,FALSE,NA,NA,Eastern Collared Lizard,Crotaphytus collaris,Eastern Collared Lizard,Reptilia,33135
162982828,ec1a55ec-4708-4816-825e-a2325a60b9d1,2023/05/21 12:33 PM,2023-05-21,2023-05-22 02:33:00 +0900,Central Time (US & Canada),374229,derrell_d,Derrell T. Dixon,2023-05-22 05:47:32 +0900,2023-05-22 06:27:16 +0900,research,NA,https://www.inaturalist.org/observations/162982828,https://static.inaturalist.org/photos/281848021/medium.jpeg,NA,NA,PDCSP...Mack Dick Pavilion,1,0,FALSE,NA,"Randall County, TX, USA",34.9790831262,-101.6791623954,15,NA,NA,NA,15,NA,open,FALSE,NA,NA,Eastern Collared Lizard,Crotaphytus collaris,Eastern Collared Lizard,Reptilia,33135
162982831,71b2beda-8910-43bf-af38-b93e77e57b54,2023/05/21 12:34 PM,2023-05-21,2023-05-22 02:34:00 +0900,Central Time (US & Canada),374229,derrell_d,Derrell T. Dixon,2023-05-22 05:47:32 +0900,2023-05-22 06:27:09 +0900,research,NA,https://www.inaturalist.org/observations/162982831,https://static.inaturalist.org/photos/281848058/medium.jpeg,NA,NA,PDCSP...Mack Dick Pavilion,1,0,FALSE,NA,"Randall County, TX, USA",34.9790831262,-101.6791623954,15,NA,NA,NA,15,NA,open,FALSE,NA,NA,Eastern Collared Lizard,Crotaphytus collaris,Eastern Collared Lizard,Reptilia,33135
163052426,43191160-dafa-4256-9151-b76d6f7cfa9e,2023/05/21 5:24 PM,2023-05-21,2023-05-22 07:24:00 +0900,Central Time (US & Canada),374229,derrell_d,Derrell T. Dixon,2023-05-22 12:06:03 +0900,2023-05-22 12:43:55 +0900,research,NA,https://www.inaturalist.org/observations/163052426,https://static.inaturalist.org/photos/281978151/medium.jpeg,NA,NA,PDCSP...Mesquite Campground,1,0,FALSE,NA,"Randall County, TX, USA",34.9343454943,-101.6360805864,7,NA,NA,NA,7,NA,open,FALSE,NA,NA,Eastern Collared Lizard,Crotaphytus collaris,Eastern Collared Lizard,Reptilia,33135
163144162,89f08571-d0b6-4c3c-88db-2d53c152de39,2023-05-21 04:51:10-05:00,2023-05-21,2023-05-21 18:51:10 +0900,Central Time (US & Canada),3051479,jasminewong1,jasmine wong,2023-05-23 01:25:07 +0900,2023-05-23 15:39:25 +0900,research,NA,https://www.inaturalist.org/observations/163144162,https://static.inaturalist.org/photos/282142387/medium.jpg,NA,NA,环颈蜥,1,0,FALSE,3,"Inks Lake State Park, Burnet, TX, US",30.7389914831,-98.368918882,426,NA,NA,NA,426,NA,open,FALSE,NA,NA,Eastern Collared Lizard,Crotaphytus collaris,Eastern Collared Lizard,Reptilia,33135
163180446,d37f1762-5c7a-4450-85aa-f0b53cbffbf6,2023/05/22 11:25 AM,2023-05-22,2023-05-23 01:25:00 +0900,Central Time (US & Canada),374229,derrell_d,Derrell T. Dixon,2023-05-23 04:40:41 +0900,2023-05-23 04:47:22 +0900,research,NA,https://www.inaturalist.org/observations/163180446,https://static.inaturalist.org/photos/282198199/medium.jpeg,NA,NA,PDCSP...Mesquite Campground,2,0,FALSE,NA,"Randall County, TX, USA",34.9343436143,-101.6359914615,4,NA,NA,NA,4,NA,open,FALSE,NA,NA,Eastern Collared Lizard,Crotaphytus collaris,Eastern Collared Lizard,Reptilia,33135
163180459,72483ad0-5469-407e-b683-9d106620e26f,2023/05/22 11:56 AM,2023-05-22,2023-05-23 01:56:00 +0900,Central Time (US & Canada),374229,derrell_d,Derrell T. Dixon,2023-05-23 04:40:43 +0900,2023-05-23 04:47:17 +0900,research,NA,https://www.inaturalist.org/observations/163180459,https://static.inaturalist.org/photos/282198273/medium.jpeg,NA,NA,PDCSP...Mack Dick Pavilion,2,0,FALSE,NA,"Randall County, TX, USA",34.9790468693,-101.6792252488,8,NA,NA,NA,8,NA,open,FALSE,NA,NA,Eastern Collared Lizard,Crotaphytus collaris,Eastern Collared Lizard,Reptilia,33135
163180461,73156d6e-7a21-47fb-807d-cda4f5d6812f,2023/05/22 11:58 AM,2023-05-22,2023-05-23 01:58:00 +0900,Central Time (US & Canada),374229,derrell_d,Derrell T. Dixon,2023-05-23 04:40:43 +0900,2023-05-23 04:47:14 +0900,research,NA,https://www.inaturalist.org/observations/163180461,https://static.inaturalist.org/photos/282198317/medium.jpeg,NA,NA,PDCSP...Mack Dick Pavilion,2,0,FALSE,NA,"Randall County, TX, USA",34.979104606,-101.6792641398,6,NA,NA,NA,6,NA,open,FALSE,NA,NA,Eastern Collared Lizard,Crotaphytus collaris,Eastern Collared Lizard,Reptilia,33135
163462904,69942ae6-78ac-4a8e-9537-2295a7bb8e75,2023/05/23 10:09 AM,2023-05-23,2023-05-24 01:09:00 +0900,Mountain Time (US & Canada),2803476,sabimax,NA,2023-05-24 20:14:55 +0900,2023-05-28 09:12:44 +0900,research,CC-BY-NC,https://www.inaturalist.org/observations/163462904,https://inaturalist-open-data.s3.amazonaws.com/photos/282725949/medium.jpg,NA,NA,NA,3,0,FALSE,NA,"El Paso, TX, USA",31.9193889569,-106.5122067299,281,NA,NA,NA,281,NA,open,FALSE,NA,NA,Eastern Collared Lizard,Crotaphytus collaris,Eastern Collared Lizard,Reptilia,33135
163739465,742ed232-4d1c-452c-90fb-5bea57142466,2023-05-24 14:44:36,2023-05-24,2023-05-25 04:44:36 +0900,Central Time (US & Canada),42390,mvanallen,Mycha A. Van Allen,2023-05-26 09:47:52 +0900,2025-02-24 12:11:14 +0900,research,CC-BY-NC,https://www.inaturalist.org/observations/163739465,https://inaturalist-open-data.s3.amazonaws.com/photos/283235171/medium.jpeg,NA,NA,NA,1,0,FALSE,2,"Sonora, TX 76950, USA",30.2824,-100.5537083333,NA,NA,NA,NA,NA,NA,open,FALSE,gps,gps,Eastern Collared Lizard,Crotaphytus collaris,Eastern Collared Lizard,Reptilia,33135
163923214,f717cd77-8633-4964-bd3e-6acc24af984b,2023-05-26 15:55:43-05:00,2023-05-26,2023-05-27 05:55:43 +0900,Central Time (US & Canada),348856,mpensirikul,Marissa,2023-05-27 11:47:27 +0900,2023-11-18 11:44:50 +0900,research,NA,https://www.inaturalist.org/observations/163923214,https://static.inaturalist.org/photos/283577876/medium.jpg,NA,NA,NA,3,0,FALSE,3,"Burnet, TX, US",30.7480533333,-98.357475,4,NA,NA,NA,4,NA,open,FALSE,NA,NA,Eastern Collared Lizard,Crotaphytus collaris,Eastern Collared Lizard,Reptilia,33135
164360040,6412c4cf-95fa-4b06-b43a-ce384c91bb40,2023-05-06 17:54:58-05:00,2023-05-06,2023-05-07 07:54:58 +0900,Central Time (US & Canada),3606129,jspill34,NA,2023-05-29 13:15:54 +0900,2023-06-03 03:13:19 +0900,research,CC-BY-NC,https://www.inaturalist.org/observations/164360040,https://inaturalist-open-data.s3.amazonaws.com/photos/284372799/medium.jpg,NA,NA,NA,1,0,FALSE,3,"Caprock Canyons State Park & Trailway, Quitaque, TX, US",34.463038127,-101.1148678186,2361,NA,NA,NA,2361,NA,open,FALSE,NA,NA,Eastern Collared Lizard,Crotaphytus collaris,Eastern Collared Lizard,Reptilia,33135
164360090,9b3bb84d-88c3-4f4e-ab13-ca6a0f3a3193,2023-05-06 18:26:34-05:00,2023-05-06,2023-05-07 08:26:34 +0900,Central Time (US & Canada),3606129,jspill34,NA,2023-05-29 13:16:34 +0900,2023-08-28 14:04:37 +0900,research,CC-BY-NC,https://www.inaturalist.org/observations/164360090,https://inaturalist-open-data.s3.amazonaws.com/photos/284372935/medium.jpg,NA,NA,NA,2,0,FALSE,3,"Memphis, TX, US",34.441770078,-101.0620605377,3900,NA,NA,NA,3900,NA,open,FALSE,NA,NA,Eastern Collared Lizard,Crotaphytus collaris,Eastern Collared Lizard,Reptilia,33135
164526016,4a6ab108-da32-4d55-84d3-cbb317075585,2023-05-27 14:11:15-06:00,2023-05-27,2023-05-28 05:11:15 +0900,Mountain Time (US & Canada),3583615,artaguilar,Arturo Aguilar,2023-05-30 07:47:09 +0900,2023-06-03 10:57:26 +0900,research,CC-BY-NC,https://www.inaturalist.org/observations/164526016,https://inaturalist-open-data.s3.amazonaws.com/photos/284676425/medium.jpg,NA,NA,NA,1,0,FALSE,3,"Franklin Mountains State Park, El Paso, TX, US",31.9360583333,-106.4607866667,3,NA,NA,NA,3,NA,open,FALSE,NA,NA,Eastern Collared Lizard,Crotaphytus collaris,Eastern Collared Lizard,Reptilia,33135
164543480,25c3c706-f6ba-476b-8074-fcef10a761a9,2023-05-05 09:43:00-05:00,2023-05-05,2023-05-05 23:43:00 +0900,Central Time (US & Canada),6862725,kristina_charron,Kristina Charron,2023-05-30 09:27:52 +0900,2023-05-30 22:23:27 +0900,research,NA,https://www.inaturalist.org/observations/164543480,https://static.inaturalist.org/photos/284708458/medium.jpg,NA,NA,NA,2,0,FALSE,3,"Copper Breaks State Park, Chillicothe, TX, US",34.1030805,-99.743295,200,NA,NA,NA,200,NA,open,FALSE,NA,NA,Eastern Collared Lizard,Crotaphytus collaris,Eastern Collared Lizard,Reptilia,33135
164714884,6aebcf10-bf07-4c33-afca-2acd7c1268b4,2023-05-30 17:47:26-05:00,2023-05-30,2023-05-31 07:47:26 +0900,Central Time (US & Canada),6618942,mam725,Michelle Miller,2023-05-31 08:00:29 +0900,2023-05-31 10:02:48 +0900,research,CC-BY-NC,https://www.inaturalist.org/observations/164714884,https://inaturalist-open-data.s3.amazonaws.com/photos/285028031/medium.jpg,NA,NA,NA,3,0,FALSE,3,"Palo Duro Canyon State Park, Canyon, TX, US",34.9400798597,-101.6306612446,5886,NA,NA,NA,5886,NA,open,FALSE,NA,NA,Eastern Collared Lizard,Crotaphytus collaris,Eastern Collared Lizard,Reptilia,33135
164724791,5bd621fa-75f8-434b-b5be-1383dcc8370a,2023/05/30 4:20 PM,2023-05-30,2023-05-31 06:20:00 +0900,Central Time (US & Canada),374229,derrell_d,Derrell T. Dixon,2023-05-31 09:17:40 +0900,2023-05-31 09:49:48 +0900,research,NA,https://www.inaturalist.org/observations/164724791,https://static.inaturalist.org/photos/285045160/medium.jpeg,NA,NA,PDCSP...Cow Cabins Campground,1,0,FALSE,NA,"Randall County, TX, USA",34.9360137986,-101.6390478664,4,NA,NA,NA,4,NA,open,FALSE,NA,NA,Eastern Collared Lizard,Crotaphytus collaris,Eastern Collared Lizard,Reptilia,33135
164724793,eba0deb1-0695-4120-a17d-c6d49a6580dd,2023/05/30 4:24 PM,2023-05-30,2023-05-31 06:24:00 +0900,Central Time (US & Canada),374229,derrell_d,Derrell T. Dixon,2023-05-31 09:17:40 +0900,2023-05-31 09:49:39 +0900,research,NA,https://www.inaturalist.org/observations/164724793,https://static.inaturalist.org/photos/285045187/medium.jpeg,NA,NA,PDCSP...Mesquite Camp Area,1,0,FALSE,NA,"Randall County, TX, USA",34.9342931506,-101.6360156255,6,NA,NA,NA,6,NA,open,FALSE,NA,NA,Eastern Collared Lizard,Crotaphytus collaris,Eastern Collared Lizard,Reptilia,33135
164728247,3875fb5f-42a9-4f89-9927-977e64dd7080,2023/05/30 5:19 PM,2023-05-30,2023-05-31 07:19:00 +0900,Central Time (US & Canada),374229,derrell_d,Derrell T. Dixon,2023-05-31 09:45:49 +0900,2023-05-31 10:00:55 +0900,research,NA,https://www.inaturalist.org/observations/164728247,https://static.inaturalist.org/photos/285053262/medium.jpeg,NA,NA,PDCSP...Mack Dick Pavilion,1,0,FALSE,NA,"Randall County, TX, USA",34.9790380943,-101.6788276491,6,NA,NA,NA,6,NA,open,FALSE,NA,NA,Eastern Collared Lizard,Crotaphytus collaris,Eastern Collared Lizard,Reptilia,33135
164892100,ece8d9fa-7645-436f-ae4b-085aa07df895,2023/05/31 3:31 PM,2023-05-31,2023-06-01 05:31:00 +0900,Central Time (US & Canada),374229,derrell_d,Derrell T. Dixon,2023-06-01 08:24:35 +0900,2023-06-02 00:32:30 +0900,research,NA,https://www.inaturalist.org/observations/164892100,https://static.inaturalist.org/photos/285359186/medium.jpeg,NA,NA,PDCSP...Mack Dick Pavilion,1,0,FALSE,NA,"Randall County, TX, USA",34.9791326149,-101.6792985363,5,NA,NA,NA,5,NA,open,FALSE,NA,NA,Eastern Collared Lizard,Crotaphytus collaris,Eastern Collared Lizard,Reptilia,33135
164893729,4344b5fe-f1ce-4065-9983-aa64cddc13f9,2023/05/31 4:17 PM,2023-05-31,2023-06-01 06:17:00 +0900,Central Time (US & Canada),374229,derrell_d,Derrell T. Dixon,2023-06-01 08:37:22 +0900,2023-06-02 00:31:48 +0900,research,NA,https://www.inaturalist.org/observations/164893729,https://static.inaturalist.org/photos/285362002/medium.jpeg,NA,NA,PDCSP...Cow Camp Cabins,1,0,FALSE,NA,"Randall County, TX, USA",34.9360037421,-101.6390185661,4,NA,NA,NA,4,NA,open,FALSE,NA,NA,Eastern Collared Lizard,Crotaphytus collaris,Eastern Collared Lizard,Reptilia,33135
165158245,46a02660-bc33-45a5-959d-73d74faa4773,2023-06-02 10:18:06-06:00,2023-06-02,2023-06-03 01:18:06 +0900,Mountain Time (US & Canada),4540992,maggiedb01,NA,2023-06-03 01:33:43 +0900,2023-06-06 23:35:56 +0900,research,CC-BY-NC,https://www.inaturalist.org/observations/165158245,https://inaturalist-open-data.s3.amazonaws.com/photos/285858020/medium.jpg,NA,NA,NA,2,0,FALSE,3,"Castner Range, El Paso, TX, US",31.8832051613,-106.4416811902,4,NA,NA,NA,4,NA,open,FALSE,NA,NA,Eastern Collared Lizard,Crotaphytus collaris,Eastern Collared Lizard,Reptilia,33135
166076080,6099ef92-28dd-4325-8b41-f9cef16eecde,2023-06-05 12:15:19,2023-06-05,2023-06-06 02:15:19 +0900,Central Time (US & Canada),5385911,tjfishing,Tom Forwood Jr.,2023-06-07 23:41:30 +0900,2023-06-09 08:24:16 +0900,research,CC-BY-NC,https://www.inaturalist.org/observations/166076080,https://inaturalist-open-data.s3.amazonaws.com/photos/287561420/medium.jpeg,NA,NA,NA,1,0,FALSE,2,"Presidio County, US-TX, US",29.9923517788,-104.5297328476,3,NA,NA,NA,3,NA,open,FALSE,NA,NA,Eastern Collared Lizard,Crotaphytus collaris,Eastern Collared Lizard,Reptilia,33135
166134669,d4485592-d9b8-41a5-8aa3-3e25924e8321,2023/06/07 2:36 PM,2023-06-07,2023-06-08 04:36:00 +0900,Central Time (US & Canada),268486,brooksy,Jason Brooks,2023-06-08 05:56:41 +0900,2023-06-09 08:16:19 +0900,research,NA,https://www.inaturalist.org/observations/166134669,https://static.inaturalist.org/photos/287662410/medium.jpeg,NA,NA,NA,1,0,FALSE,NA,"Midland County, TX, USA",31.7937342812,-102.1227087465,2,NA,NA,NA,2,NA,open,FALSE,NA,NA,Eastern Collared Lizard,Crotaphytus collaris,Eastern Collared Lizard,Reptilia,33135
166621161,4ca97760-c0c6-4f91-8a55-9e84de54656d,2023-06-10 10:50:28-06:00,2023-06-10,2023-06-11 01:50:28 +0900,Mountain Time (US & Canada),2057593,grburgess,NA,2023-06-11 01:54:15 +0900,2024-09-30 21:08:41 +0900,research,CC0,https://www.inaturalist.org/observations/166621161,https://inaturalist-open-data.s3.amazonaws.com/photos/288551874/medium.jpg,NA,NA,NA,2,0,FALSE,3,"Franklin Mountains State Park, El Paso, TX, US",31.847805,-106.496345,4,NA,NA,NA,4,NA,open,FALSE,NA,NA,Eastern Collared Lizard,Crotaphytus collaris,Eastern Collared Lizard,Reptilia,33135
167985219,72479614-be39-44c6-bf4d-db9f4d8ff473,2023-06-11 12:40:32-05:00,2023-06-11,2023-06-12 02:40:32 +0900,Central Time (US & Canada),2508582,marijaneb,NA,2023-06-18 08:31:52 +0900,2023-06-20 16:21:59 +0900,research,CC-BY-NC,https://www.inaturalist.org/observations/167985219,https://inaturalist-open-data.s3.amazonaws.com/photos/291067989/medium.jpg,NA,NA,NA,2,0,FALSE,3,"Canyon, TX, US",35.0265801775,-101.8615503646,853,NA,NA,NA,853,NA,open,FALSE,NA,NA,Eastern Collared Lizard,Crotaphytus collaris,Eastern Collared Lizard,Reptilia,33135
168420224,f248c990-ab7d-44b4-8ff7-351f09a26cd2,2023-06-19 21:11:54,2023-06-19,2023-06-20 11:11:54 +0900,Central Time (US & Canada),7021748,anna3851,Anna Love,2023-06-20 11:14:13 +0900,2023-07-05 03:09:56 +0900,research,NA,https://www.inaturalist.org/observations/168420224,https://static.inaturalist.org/photos/291877176/medium.jpeg,NA,NA,Pic from all trail,3,1,FALSE,2,Palo Duro Canyon State Park,34.9372330984,-101.6589305922,8337,NA,NA,NA,8337,NA,open,FALSE,gps,gps,Eastern Collared Lizard,Crotaphytus collaris,Eastern Collared Lizard,Reptilia,33135
168514535,fcfc7046-0756-4bbc-9277-939762dae071,2019/05/30 16:46,2019-05-30,2019-05-31 06:46:00 +0900,Central Time (US & Canada),7014869,mrnk,Marco Rank,2023-06-21 02:10:34 +0900,2023-06-30 05:47:44 +0900,research,CC-BY-NC,https://www.inaturalist.org/observations/168514535,https://static.inaturalist.org/photos/292051965/medium.jpg,NA,"Amerika, Crotaphytus collaris, Eastern Collard Lizard, Echsen, Halsbandleguan, Kriechtiere, Landwirbeltiere, Leguanartige, Leguane, LÄNDER, Nordamerika, Reptil, Reptilia, Reptilien, Schuppenkriechtiere, Tier, USA, United States, Vereinigte Staaten von Amerika, Vereinigten Staaten, Wirbeltier","Halsbandleguan, Palo Duro Canyon",2,0,FALSE,NA,"Randall County, Texas, USA",34.95216,-101.68515,NA,NA,NA,NA,NA,NA,open,FALSE,NA,NA,Eastern Collared Lizard,Crotaphytus collaris,Eastern Collared Lizard,Reptilia,33135
168514537,8a8e009d-487b-4b2c-986f-a3acf3f6add9,2019/05/30 19:12,2019-05-30,2019-05-31 09:12:00 +0900,Central Time (US & Canada),7014869,mrnk,Marco Rank,2023-06-21 02:10:34 +0900,2023-06-30 05:47:44 +0900,research,CC-BY-NC,https://www.inaturalist.org/observations/168514537,https://static.inaturalist.org/photos/292052015/medium.jpg,NA,"Amerika, Crotaphytus collaris, Eastern Collard Lizard, Echsen, Halsbandleguan, Kriechtiere, Landwirbeltiere, Leguanartige, Leguane, LÄNDER, Nordamerika, Reptil, Reptilia, Reptilien, Schuppenkriechtiere, Tier, USA, United States, Vereinigte Staaten von Amerika, Vereinigten Staaten, Wirbeltier","Halsbandleguan, Palo Duro Canyon",2,0,FALSE,NA,"Randall County, Texas, USA",34.95412,-101.68229,NA,NA,NA,NA,NA,NA,open,FALSE,NA,NA,Eastern Collared Lizard,Crotaphytus collaris,Eastern Collared Lizard,Reptilia,33135
168550680,317540d6-d1ac-402a-8104-91a57d2ca2be,2015/04/05 12:44 PM,2015-04-05,2015-04-06 02:44:00 +0900,Central Time (US & Canada),677324,tjay13,NA,2023-06-21 05:57:19 +0900,2023-06-23 02:11:04 +0900,research,NA,https://www.inaturalist.org/observations/168550680,https://static.inaturalist.org/photos/292121287/medium.jpg,NA,NA,NA,1,0,FALSE,NA,"Llano County, TX, USA",30.5043395536,-98.819684895,31,NA,NA,NA,31,NA,open,FALSE,NA,NA,Eastern Collared Lizard,Crotaphytus collaris,Eastern Collared Lizard,Reptilia,33135
168649259,7afad1e3-90e2-476c-a767-9dbff6cf1035,2023/06/18 7:37 AM,2023-06-18,2023-06-18 21:37:00 +0900,Central Time (US & Canada),302852,dirtnkids,Shannon @DirtNKids,2023-06-21 22:20:27 +0900,2023-06-22 02:20:58 +0900,research,CC-BY-NC,https://www.inaturalist.org/observations/168649259,https://inaturalist-open-data.s3.amazonaws.com/photos/292304854/medium.jpg,NA,NA,NA,1,0,FALSE,NA,"Randall County, TX, USA",34.9794061978,-101.6915087614,200,NA,NA,NA,200,NA,open,FALSE,NA,NA,Eastern Collared Lizard,Crotaphytus collaris,Eastern Collared Lizard,Reptilia,33135
168893696,8210f746-f7d0-41aa-9c54-1c759ae15f07,2023-06-22 12:21:30,2023-06-22,2023-06-23 02:21:30 +0900,Central Time (US & Canada),7021748,anna3851,Anna Love,2023-06-23 06:17:21 +0900,2023-06-24 04:02:22 +0900,research,NA,https://www.inaturalist.org/observations/168893696,https://static.inaturalist.org/photos/292755016/medium.jpeg,NA,NA,NA,1,0,FALSE,2,Palo Duro Canyon State Park,34.9372330984,-101.6589305922,8337,NA,NA,NA,8337,NA,open,FALSE,gps,gps,Eastern Collared Lizard,Crotaphytus collaris,Eastern Collared Lizard,Reptilia,33135
169225692,34b60379-0cc1-4453-8fa8-1cf77d51026a,2023-06-24 11:03:00-06:00,2023-06-24,2023-06-25 02:03:00 +0900,Mountain Time (US & Canada),351348,annahillyard,Anna Hillyard Neale King,2023-06-25 03:30:58 +0900,2023-06-25 04:19:44 +0900,research,NA,https://www.inaturalist.org/observations/169225692,https://static.inaturalist.org/photos/293363109/medium.jpg,NA,NA,NA,1,0,FALSE,3,"Franklin Mountains State Park, El Paso, TX, US",31.9147416667,-106.5011216667,4,NA,NA,NA,4,NA,open,FALSE,NA,NA,Eastern Collared Lizard,Crotaphytus collaris,Eastern Collared Lizard,Reptilia,33135
169490397,bc0fa48c-1571-4351-a01d-a853ecc44358,2023-06-18 12:00:48-05:00,2023-06-18,2023-06-19 02:00:48 +0900,Central Time (US & Canada),612954,camperone,NA,2023-06-26 08:17:05 +0900,2023-06-28 04:17:49 +0900,research,NA,https://www.inaturalist.org/observations/169490397,https://static.inaturalist.org/photos/293848650/medium.jpg,NA,NA,NA,2,0,FALSE,3,"Palo Duro Canyon State Park, Happy, TX, US",34.9002645168,-101.612892695,9947,NA,NA,NA,9947,NA,open,FALSE,NA,NA,Eastern Collared Lizard,Crotaphytus collaris,Eastern Collared Lizard,Reptilia,33135
169490705,3e1c37d4-abb8-4ac1-814b-dec5ce6714a2,2023-06-18 11:39:44-05:00,2023-06-18,2023-06-19 01:39:44 +0900,Central Time (US & Canada),612954,camperone,NA,2023-06-26 08:18:26 +0900,2023-06-28 04:17:43 +0900,research,NA,https://www.inaturalist.org/observations/169490705,https://static.inaturalist.org/photos/293849227/medium.jpg,NA,NA,NA,3,1,FALSE,3,"Palo Duro Canyon State Park, Happy, TX, US",34.8969153463,-101.6006218989,8778,NA,NA,NA,8778,NA,open,FALSE,NA,NA,Eastern Collared Lizard,Crotaphytus collaris,Eastern Collared Lizard,Reptilia,33135
169510214,1691dc31-b25e-434c-bca4-d2e58bdb3548,2023-06-21 10:53:50-05:00,2023-06-21,2023-06-22 00:53:50 +0900,Central Time (US & Canada),4658848,hikerchicktx,NA,2023-06-26 10:30:25 +0900,2023-06-27 10:37:00 +0900,research,CC-BY-NC,https://www.inaturalist.org/observations/169510214,https://inaturalist-open-data.s3.amazonaws.com/photos/294062202/medium.jpg,NA,NA,NA,2,0,FALSE,3,"Belton, TX, US",31.021654434,-97.5298193067,186,NA,NA,NA,186,NA,open,FALSE,NA,NA,Eastern Collared Lizard,Crotaphytus collaris,Eastern Collared Lizard,Reptilia,33135
169514805,a6c49cc4-3890-45de-a87e-54af64ee0d9e,2023/06/25 6:24 PM,2023-06-25,2023-06-26 08:24:00 +0900,Central Time (US & Canada),374229,derrell_d,Derrell T. Dixon,2023-06-26 11:04:08 +0900,2023-06-27 06:15:00 +0900,research,NA,https://www.inaturalist.org/observations/169514805,https://static.inaturalist.org/photos/293894551/medium.jpeg,NA,PDCSP,PDCSP...Mack Dick Pavilion,2,0,FALSE,NA,"Randall County, TX, USA",34.9791546737,-101.6791549949,15,NA,NA,NA,15,NA,open,FALSE,NA,NA,Eastern Collared Lizard,Crotaphytus collaris,Eastern Collared Lizard,Reptilia,33135
169515894,7bd28f83-db56-4276-9454-cec03ee115f7,2023/06/25 6:37 PM,2023-06-25,2023-06-26 08:37:00 +0900,Central Time (US & Canada),374229,derrell_d,Derrell T. Dixon,2023-06-26 11:10:18 +0900,2023-06-27 06:15:06 +0900,research,NA,https://www.inaturalist.org/observations/169515894,https://static.inaturalist.org/photos/293896409/medium.jpeg,NA,PDCSP,PDCSP,2,0,FALSE,NA,"Randall County, TX, USA",34.9846651724,-101.6901012785,8,NA,NA,NA,8,NA,open,FALSE,NA,NA,Eastern Collared Lizard,Crotaphytus collaris,Eastern Collared Lizard,Reptilia,33135
169670878,266fea94-e503-496e-875a-357b98e1ba1a,2023/06/26 11:25 AM,2023-06-26,2023-06-27 01:25:00 +0900,Central Time (US & Canada),374229,derrell_d,Derrell T. Dixon,2023-06-27 07:50:55 +0900,2023-06-27 08:51:27 +0900,research,NA,https://www.inaturalist.org/observations/169670878,https://static.inaturalist.org/photos/294187556/medium.jpeg,NA,PDCSP,PDCSP...Matt Dick Pavilion,1,0,FALSE,NA,"Randall County, TX, USA",34.9789827911,-101.678896625,8,NA,NA,NA,8,NA,open,FALSE,NA,NA,Eastern Collared Lizard,Crotaphytus collaris,Eastern Collared Lizard,Reptilia,33135
169691642,a117c64c-6b10-4485-82cb-81d7d1a81989,2023/06/26 1:25 PM,2023-06-26,2023-06-27 03:25:00 +0900,Central Time (US & Canada),374229,derrell_d,Derrell T. Dixon,2023-06-27 10:23:00 +0900,2023-06-28 01:20:10 +0900,research,NA,https://www.inaturalist.org/observations/169691642,https://static.inaturalist.org/photos/294226677/medium.jpeg,NA,PDCSP,PDCSP...Mack Dick Pavilion,1,0,FALSE,NA,"Randall County, TX, USA",34.9793076526,-101.6792994964,20,NA,NA,NA,20,NA,open,FALSE,NA,NA,Eastern Collared Lizard,Crotaphytus collaris,Eastern Collared Lizard,Reptilia,33135
169692723,d602aa47-db58-41e9-9ccd-bf29b3f6e1d4,2023/06/26 1:42 PM,2023-06-26,2023-06-27 03:42:00 +0900,Central Time (US & Canada),374229,derrell_d,Derrell T. Dixon,2023-06-27 10:32:04 +0900,2023-06-28 01:19:58 +0900,research,NA,https://www.inaturalist.org/observations/169692723,https://static.inaturalist.org/photos/294229390/medium.jpeg,NA,PDCSP,PDCSP,2,0,FALSE,NA,"Randall County, TX, USA",34.964,-101.671,10,NA,NA,NA,10,NA,open,FALSE,NA,NA,Eastern Collared Lizard,Crotaphytus collaris,Eastern Collared Lizard,Reptilia,33135
169726335,f389e970-05ba-41ca-9832-dc6bff4662c7,2023-06-26 16:11:31-05:00,2023-06-26,2023-06-27 06:11:31 +0900,Central Time (US & Canada),499113,mularo1,NA,2023-06-27 15:06:25 +0900,2025-02-03 10:42:22 +0900,research,CC0,https://www.inaturalist.org/observations/169726335,https://inaturalist-open-data.s3.amazonaws.com/photos/294282962/medium.jpg,NA,NA,NA,1,0,FALSE,3,"Palo Duro Canyon State Park, Canyon, TX, US",34.979595,-101.6911383333,8,NA,NA,NA,8,NA,open,FALSE,NA,NA,Eastern Collared Lizard,Crotaphytus collaris,Eastern Collared Lizard,Reptilia,33135
169979912,c10baf5c-7789-49ce-8ee2-4d657a119761,2023/06/28 10:11 AM,2023-06-28,2023-06-29 00:11:00 +0900,Central Time (US & Canada),374229,derrell_d,Derrell T. Dixon,2023-06-29 02:50:35 +0900,2023-07-03 12:59:05 +0900,research,NA,https://www.inaturalist.org/observations/169979912,https://static.inaturalist.org/photos/294748022/medium.jpeg,NA,NA,PDCSP...Sagebrush Entrance,2,0,FALSE,NA,"Randall County, TX, USA",34.9750414589,-101.6766733054,25,NA,NA,NA,25,NA,open,FALSE,NA,NA,Eastern Collared Lizard,Crotaphytus collaris,Eastern Collared Lizard,Reptilia,33135
169982902,2de5ce17-e057-48e8-a3d9-0f7505d27cb9,2023/06/28 10:16 AM,2023-06-28,2023-06-29 00:16:00 +0900,Central Time (US & Canada),374229,derrell_d,Derrell T. Dixon,2023-06-29 03:08:17 +0900,2023-07-03 12:57:53 +0900,research,NA,https://www.inaturalist.org/observations/169982902,https://static.inaturalist.org/photos/294754099/medium.jpeg,NA,NA,PDCSP...Mack Dick Pavilion,2,0,FALSE,NA,"Randall County, TX, USA",34.9791522315,-101.6791302828,4,NA,NA,NA,4,NA,open,FALSE,NA,NA,Eastern Collared Lizard,Crotaphytus collaris,Eastern Collared Lizard,Reptilia,33135
170129329,7bf60303-d931-44b1-9f44-2ecc6721f5f8,2023-06-29 10:42:54-05:00,2023-06-29,2023-06-30 00:42:54 +0900,Central Time (US & Canada),4923471,jennyrosz,NA,2023-06-30 01:09:38 +0900,2024-01-24 14:28:10 +0900,research,CC-BY-NC,https://www.inaturalist.org/observations/170129329,https://inaturalist-open-data.s3.amazonaws.com/photos/295033398/medium.jpg,NA,NA,NA,2,0,FALSE,3,"County Road 1248, Muleshoe, TX, US",33.9552333333,-102.7770466667,4,NA,NA,NA,4,NA,open,FALSE,NA,NA,Eastern Collared Lizard,Crotaphytus collaris,Eastern Collared Lizard,Reptilia,33135
170169123,717fecfc-7309-4be5-9ed2-28771b9918b6,2023/06/27 12:05 PM,2023-06-27,2023-06-28 02:05:00 +0900,Central Time (US & Canada),268486,brooksy,Jason Brooks,2023-06-30 05:16:28 +0900,2024-02-06 23:28:53 +0900,research,NA,https://www.inaturalist.org/observations/170169123,https://static.inaturalist.org/photos/295106191/medium.jpeg,NA,NA,NA,2,0,FALSE,NA,"Midland County, TX, USA",31.8202109147,-102.1009613713,122,NA,NA,NA,122,NA,open,FALSE,NA,NA,Eastern Collared Lizard,Crotaphytus collaris,Eastern Collared Lizard,Reptilia,33135
170169129,0698cc5e-5de9-4f0c-b445-83bd1f9e92c9,2023/06/27 11:32 AM,2023-06-27,2023-06-28 01:32:00 +0900,Central Time (US & Canada),268486,brooksy,Jason Brooks,2023-06-30 05:16:29 +0900,2024-02-06 23:28:35 +0900,research,NA,https://www.inaturalist.org/observations/170169129,https://static.inaturalist.org/photos/295106709/medium.jpeg,NA,NA,NA,2,0,FALSE,NA,"Midland County, TX, USA",31.7927278623,-102.1222076527,7,NA,NA,NA,7,NA,open,FALSE,NA,NA,Eastern Collared Lizard,Crotaphytus collaris,Eastern Collared Lizard,Reptilia,33135
170339455,7b28d910-9197-43ad-aef2-513810f1650e,2023-06-30 13:41:11-05:00,2023-06-30,2023-07-01 03:41:11 +0900,Central Time (US & Canada),6812408,paloduro,NA,2023-07-01 05:59:30 +0900,2023-07-26 23:51:43 +0900,research,CC-BY-NC,https://www.inaturalist.org/observations/170339455,https://inaturalist-open-data.s3.amazonaws.com/photos/295422922/medium.jpg,NA,NA,NA,2,0,FALSE,3,"E Lake View Rd, Amarillo, TX, US",35.0596040027,-101.7488868592,26,NA,NA,NA,26,NA,open,FALSE,NA,NA,Eastern Collared Lizard,Crotaphytus collaris,Eastern Collared Lizard,Reptilia,33135
170389148,58c7f682-afef-4895-9211-e2b90a36b9e7,Sun Jun 18 2023 12:01:46 GMT-0500 (CDT),2023-06-18,2023-06-19 02:01:46 +0900,Central Time (US & Canada),483798,aspectcamper,NA,2023-07-01 12:56:19 +0900,2023-07-06 14:58:26 +0900,research,NA,https://www.inaturalist.org/observations/170389148,https://static.inaturalist.org/photos/295522219/medium.jpg,NA,NA,NA,2,0,FALSE,3,"Palo Duro Canyon State Park, Happy, TX, US",34.9052225455,-101.6244454686,8356,NA,NA,NA,8356,NA,open,FALSE,NA,NA,Eastern Collared Lizard,Crotaphytus collaris,Eastern Collared Lizard,Reptilia,33135
170389259,bad54b9f-abce-4596-bb89-22b9f2ff5de2,Sun Jun 18 2023 11:40:00 GMT-0500 (CDT),2023-06-18,2023-06-19 01:40:00 +0900,Central Time (US & Canada),483798,aspectcamper,NA,2023-07-01 12:57:20 +0900,2023-07-05 03:09:21 +0900,research,NA,https://www.inaturalist.org/observations/170389259,https://static.inaturalist.org/photos/295522413/medium.jpg,NA,NA,NA,2,0,FALSE,3,"Palo Duro Canyon State Park, Happy, TX, US",34.9107035644,-101.6218004521,9751,NA,NA,NA,9751,NA,open,FALSE,NA,NA,Eastern Collared Lizard,Crotaphytus collaris,Eastern Collared Lizard,Reptilia,33135
170484946,a76e1122-d514-4405-b8df-d4dbafaaa97e,2023-07-01 11:58:09-05:00,2023-07-01,2023-07-02 01:58:09 +0900,Central Time (US & Canada),4929610,ethan415,Ethan Pilarski,2023-07-02 02:35:29 +0900,2023-07-02 06:29:20 +0900,research,NA,https://www.inaturalist.org/observations/170484946,https://static.inaturalist.org/photos/295699890/medium.jpg,NA,NA,NA,1,0,FALSE,3,"Claude, TX, US",34.9280111527,-101.459656671,20,NA,NA,NA,20,NA,open,FALSE,NA,NA,Eastern Collared Lizard,Crotaphytus collaris,Eastern Collared Lizard,Reptilia,33135
170569673,81524f27-d6d0-4efd-b4ed-e81f6a56520d,2023/05/13 4:18 PM,2023-05-13,2023-05-14 06:18:00 +0900,Central Time (US & Canada),3788803,adair_bock,NA,2023-07-02 11:19:44 +0900,2023-07-04 11:21:33 +0900,research,NA,https://www.inaturalist.org/observations/170569673,https://static.inaturalist.org/photos/295858713/medium.jpeg,NA,NA,NA,1,0,FALSE,NA,"Reeves County, TX, USA",31.8975158598,-103.9237117885,8,NA,NA,NA,8,NA,open,FALSE,NA,NA,Eastern Collared Lizard,Crotaphytus collaris,Eastern Collared Lizard,Reptilia,33135
170734003,3ddb3a85-1ed3-4910-b2f2-056e607c1244,2023/07/02 2:45 PM,2023-07-02,2023-07-03 04:45:00 +0900,Central Time (US & Canada),374229,derrell_d,Derrell T. Dixon,2023-07-03 06:59:12 +0900,2023-07-05 03:09:15 +0900,research,NA,https://www.inaturalist.org/observations/170734003,https://static.inaturalist.org/photos/296168215/medium.jpeg,NA,NA,PDCSP...Mesquite Campground,1,0,FALSE,NA,"Randall County, TX, USA",34.9343420494,-101.635963189,3,NA,NA,NA,3,NA,open,FALSE,NA,NA,Eastern Collared Lizard,Crotaphytus collaris,Eastern Collared Lizard,Reptilia,33135
170735220,c7e69d58-b0a6-4518-9d66-5b18ba9fbf96,2023/07/02 3:29 PM,2023-07-02,2023-07-03 05:29:00 +0900,Central Time (US & Canada),374229,derrell_d,Derrell T. Dixon,2023-07-03 07:07:12 +0900,2023-07-05 03:09:10 +0900,research,NA,https://www.inaturalist.org/observations/170735220,https://static.inaturalist.org/photos/296170767/medium.jpeg,NA,NA,PDCSP,1,0,FALSE,NA,"Randall County, TX, USA",34.9838860554,-101.6918935004,3,NA,NA,NA,3,NA,open,FALSE,NA,NA,Eastern Collared Lizard,Crotaphytus collaris,Eastern Collared Lizard,Reptilia,33135
170765396,f5d52e59-c00d-4489-8e96-5b485070998e,2023-07-02 09:42:47-05:00,2023-07-02,2023-07-02 23:42:47 +0900,Central Time (US & Canada),2055059,annephibious,NA,2023-07-03 10:35:42 +0900,2023-07-22 06:40:47 +0900,research,NA,https://www.inaturalist.org/observations/170765396,https://static.inaturalist.org/photos/296922264/medium.jpg,NA,NA,NA,2,0,FALSE,3,"Randall County, US-TX, US",34.9763931772,-101.6795113902,122,NA,NA,NA,122,NA,open,FALSE,NA,NA,Eastern Collared Lizard,Crotaphytus collaris,Eastern Collared Lizard,Reptilia,33135
171088743,735758b6-e7c2-4d13-a727-7a7826d3c133,2023-07-03 06:18:07-05:00,2023-07-03,2023-07-03 20:18:07 +0900,Central Time (US & Canada),6570457,danika38,Danika Ostrowski,2023-07-05 05:27:44 +0900,2023-07-05 05:31:18 +0900,research,NA,https://www.inaturalist.org/observations/171088743,https://static.inaturalist.org/photos/296840513/medium.jpg,NA,NA,NA,1,0,FALSE,3,"Palo Duro Canyon State Park, Claude, TX, US",34.9317638072,-101.6233144897,4485,NA,NA,NA,4485,NA,open,FALSE,NA,NA,Eastern Collared Lizard,Crotaphytus collaris,Eastern Collared Lizard,Reptilia,33135
171324900,c1126feb-105b-4ad0-b7ec-ed1186d4823e,2023/07/05 12:16 PM,2023-07-05,2023-07-06 02:16:00 +0900,Central Time (US & Canada),374229,derrell_d,Derrell T. Dixon,2023-07-06 12:45:59 +0900,2023-07-07 03:19:29 +0900,research,NA,https://www.inaturalist.org/observations/171324900,https://static.inaturalist.org/photos/297280931/medium.jpeg,NA,NA,PDCSP...Mesquite Campground,2,0,FALSE,NA,"Randall County, TX, USA",34.9350394623,-101.6358226663,20,NA,NA,NA,20,NA,open,FALSE,NA,NA,Eastern Collared Lizard,Crotaphytus collaris,Eastern Collared Lizard,Reptilia,33135
171327618,40a86a6a-71c2-4687-bd30-8a9fa5d401c8,2023/07/05 12:51 PM,2023-07-05,2023-07-06 02:51:00 +0900,Central Time (US & Canada),374229,derrell_d,Derrell T. Dixon,2023-07-06 13:14:04 +0900,2023-07-07 03:18:10 +0900,research,NA,https://www.inaturalist.org/observations/171327618,https://static.inaturalist.org/photos/297285192/medium.jpeg,NA,NA,PDCSP...Mack Dick Pavilion,2,0,FALSE,NA,"Randall County, TX, USA",34.9790585526,-101.6783226205,29,NA,NA,NA,29,NA,open,FALSE,NA,NA,Eastern Collared Lizard,Crotaphytus collaris,Eastern Collared Lizard,Reptilia,33135
171327619,67828075-be4d-4c35-a5e3-1402627e8835,2023/07/05 12:51 PM,2023-07-05,2023-07-06 02:51:00 +0900,Central Time (US & Canada),374229,derrell_d,Derrell T. Dixon,2023-07-06 13:14:04 +0900,2023-07-07 03:18:24 +0900,research,NA,https://www.inaturalist.org/observations/171327619,https://static.inaturalist.org/photos/297285207/medium.jpeg,NA,NA,PDCSP...Mack Dick Pavilion,2,0,FALSE,NA,"Randall County, TX, USA",34.9789969637,-101.6783011555,26,NA,NA,NA,26,NA,open,FALSE,NA,NA,Eastern Collared Lizard,Crotaphytus collaris,Eastern Collared Lizard,Reptilia,33135
171327620,6e2270bd-e2c0-41b7-a906-bc7d51eb9c0f,2023/07/05 1:14 PM,2023-07-05,2023-07-06 03:14:00 +0900,Central Time (US & Canada),374229,derrell_d,Derrell T. Dixon,2023-07-06 13:14:05 +0900,2023-07-07 03:18:52 +0900,research,NA,https://www.inaturalist.org/observations/171327620,https://static.inaturalist.org/photos/297285219/medium.jpeg,NA,NA,PDCSP...Cow Camp Cabins Loop,2,0,FALSE,NA,"Randall County, TX, USA",34.9361600251,-101.6392600496,15,NA,NA,NA,15,NA,open,FALSE,NA,NA,Eastern Collared Lizard,Crotaphytus collaris,Eastern Collared Lizard,Reptilia,33135
171384088,147f94bb-c897-4c20-be6c-068621acfb39,2023/07/01 6:17 PM,2023-07-01,2023-07-02 08:17:00 +0900,Central Time (US & Canada),1094975,jhorthos,James H. Thomas,2023-07-06 23:25:51 +0900,2023-07-07 23:17:16 +0900,research,CC0,https://www.inaturalist.org/observations/171384088,https://inaturalist-open-data.s3.amazonaws.com/photos/297389596/medium.jpeg,NA,NA,NA,1,0,FALSE,NA,"Briscoe County, TX, USA",34.4622,-101.1142722222,4,NA,NA,NA,4,NA,open,FALSE,NA,NA,Eastern Collared Lizard,Crotaphytus collaris,Eastern Collared Lizard,Reptilia,33135
171484636,105a6b43-4ba5-4b5e-88af-2fe78c9d021d,2023/07/06 5:32 PM,2023-07-06,2023-07-07 07:32:00 +0900,Central Time (US & Canada),374229,derrell_d,Derrell T. Dixon,2023-07-07 10:12:16 +0900,2023-07-07 10:46:42 +0900,research,NA,https://www.inaturalist.org/observations/171484636,https://static.inaturalist.org/photos/297572211/medium.jpeg,NA,NA,PDCSP...Mesquite Campground,1,0,FALSE,NA,"Randall County, TX, USA",34.9343389562,-101.6359895591,5,NA,NA,NA,5,NA,open,FALSE,NA,NA,Eastern Collared Lizard,Crotaphytus collaris,Eastern Collared Lizard,Reptilia,33135
171655496,9713690b-ed31-465f-a6b1-098d999a0ba4,2023/07/07 2:14 PM,2023-07-07,2023-07-08 04:14:00 +0900,Central Time (US & Canada),374229,derrell_d,Derrell T. Dixon,2023-07-08 09:42:13 +0900,2023-07-11 05:42:14 +0900,research,NA,https://www.inaturalist.org/observations/171655496,https://static.inaturalist.org/photos/297891953/medium.jpeg,NA,NA,PDCSP...Cow Camp Cabins,2,0,FALSE,NA,"Randall County, TX, USA",34.9359586064,-101.6392824304,16,NA,NA,NA,16,NA,open,FALSE,NA,NA,Eastern Collared Lizard,Crotaphytus collaris,Eastern Collared Lizard,Reptilia,33135
171657318,86f370fa-55b1-426b-9511-a449e8e7ebbe,2023/07/07 3:32 PM,2023-07-07,2023-07-08 05:32:00 +0900,Central Time (US & Canada),374229,derrell_d,Derrell T. Dixon,2023-07-08 09:57:13 +0900,2023-07-11 05:42:07 +0900,research,NA,https://www.inaturalist.org/observations/171657318,https://static.inaturalist.org/photos/297895285/medium.jpeg,NA,NA,PDCSP...Mesquite Campground,2,0,FALSE,NA,"Randall County, TX, USA",34.9350856189,-101.6361088033,21,NA,NA,NA,21,NA,open,FALSE,NA,NA,Eastern Collared Lizard,Crotaphytus collaris,Eastern Collared Lizard,Reptilia,33135
171658055,c962501a-d91a-4119-bd26-19bb7ab28b39,2023/07/07 4:14 PM,2023-07-07,2023-07-08 06:14:00 +0900,Central Time (US & Canada),374229,derrell_d,Derrell T. Dixon,2023-07-08 10:03:25 +0900,2023-07-12 07:52:03 +0900,research,NA,https://www.inaturalist.org/observations/171658055,https://static.inaturalist.org/photos/297896752/medium.jpeg,NA,NA,PDCSP,3,0,FALSE,NA,"Randall County, TX, USA",34.9838877993,-101.691903323,5,NA,NA,NA,5,NA,open,FALSE,NA,NA,Eastern Collared Lizard,Crotaphytus collaris,Eastern Collared Lizard,Reptilia,33135
171739397,0867437b-5ade-43b4-9880-62e3060d7e0c,2023-07-04 11:47:25-05:00,2023-07-04,2023-07-05 01:47:25 +0900,Central Time (US & Canada),1861069,jules_leclair,NA,2023-07-08 22:54:26 +0900,2023-07-08 23:15:56 +0900,research,CC-BY-NC,https://www.inaturalist.org/observations/171739397,https://inaturalist-open-data.s3.amazonaws.com/photos/298048178/medium.jpg,NA,NA,NA,1,0,FALSE,3,"Palo Duro Canyon State Park, Canyon, TX, US",34.9637083333,-101.6710666667,4,NA,NA,NA,4,NA,open,FALSE,NA,NA,Eastern Collared Lizard,Crotaphytus collaris,Eastern Collared Lizard,Reptilia,33135
171825971,759bc708-605f-47a1-8fee-7d3231e0b299,2023/07/01 1:03 PM,2023-07-01,2023-07-02 03:03:00 +0900,Central Time (US & Canada),2595096,ppilarski,NA,2023-07-09 06:01:31 +0900,2023-07-09 06:20:49 +0900,research,CC-BY-NC,https://www.inaturalist.org/observations/171825971,https://inaturalist-open-data.s3.amazonaws.com/photos/298201361/medium.jpeg,NA,NA,NA,1,0,FALSE,NA,"Palo Duro Canyon, Texas 79226, USA",34.6292247,-100.945144,1785,NA,NA,NA,1785,NA,open,FALSE,NA,NA,Eastern Collared Lizard,Crotaphytus collaris,Eastern Collared Lizard,Reptilia,33135
171826832,a8bd7bde-5849-4b46-b0d7-227e00c83235,2023-06-24 09:26:53-06:00,2023-06-24,2023-06-25 00:26:53 +0900,Mountain Time (US & Canada),7127464,jasonjanda,NA,2023-07-09 06:06:03 +0900,2023-07-12 15:13:06 +0900,research,CC-BY-NC,https://www.inaturalist.org/observations/171826832,https://inaturalist-open-data.s3.amazonaws.com/photos/298203826/medium.jpg,NA,NA,NA,2,0,FALSE,3,"Franklin Mountains State Park, El Paso, TX, US",31.9321716667,-106.5126883333,21,NA,NA,NA,21,NA,open,FALSE,NA,NA,Eastern Collared Lizard,Crotaphytus collaris,Eastern Collared Lizard,Reptilia,33135
171828184,4f26414d-77ce-44a2-a2fa-91fb6f44134a,2023-07-08 15:14:04-05:00,2023-07-08,2023-07-09 05:14:04 +0900,Central Time (US & Canada),457659,ted_c_macrae,Ted C. MacRae,2023-07-09 06:12:11 +0900,2023-07-12 15:12:47 +0900,research,CC-BY-NC,https://www.inaturalist.org/observations/171828184,https://inaturalist-open-data.s3.amazonaws.com/photos/298206249/medium.jpg,NA,NA,On gypsum/clay breaks in juniper woodland.,1,0,FALSE,3,"Copper Breaks State Park, Chillicothe, TX, US",34.1105,-99.7483283333,4,NA,NA,NA,4,NA,open,FALSE,NA,NA,Eastern Collared Lizard,Crotaphytus collaris,Eastern Collared Lizard,Reptilia,33135
172417431,dc3c6865-dd96-4ffc-9e12-297cdfa4c558,2023/07/11 2:57 PM,2023-07-11,2023-07-12 04:57:00 +0900,Central Time (US & Canada),374229,derrell_d,Derrell T. Dixon,2023-07-12 07:48:59 +0900,2023-07-13 05:29:39 +0900,research,NA,https://www.inaturalist.org/observations/172417431,https://static.inaturalist.org/photos/299307423/medium.jpeg,NA,NA,PDCSP,3,0,FALSE,NA,"Randall County, TX, USA",34.9838857641,-101.6918979618,5,NA,NA,NA,5,NA,open,FALSE,NA,NA,Eastern Collared Lizard,Crotaphytus collaris,Eastern Collared Lizard,Reptilia,33135
172417433,e328e622-fa39-400d-998f-82c75b21d346,2023/07/11 3:43 PM,2023-07-11,2023-07-12 05:43:00 +0900,Central Time (US & Canada),374229,derrell_d,Derrell T. Dixon,2023-07-12 07:48:59 +0900,2023-07-13 05:29:50 +0900,research,NA,https://www.inaturalist.org/observations/172417433,https://static.inaturalist.org/photos/299307468/medium.jpeg,NA,NA,PDCSP...Mesquite Campground,3,0,FALSE,NA,"Randall County, TX, USA",34.9351368088,-101.6358074021,13,NA,NA,NA,13,NA,open,FALSE,NA,NA,Eastern Collared Lizard,Crotaphytus collaris,Eastern Collared Lizard,Reptilia,33135
172746742,8b0f087a-2a86-4080-a1de-82b4be4ccd2d,2023/05/29 5:20 PM,2023-05-29,2023-05-30 07:20:00 +0900,Central Time (US & Canada),5107763,hunterrwest,Hunter West,2023-07-14 06:22:33 +0900,2024-01-30 08:43:53 +0900,research,CC-BY-NC-SA,https://www.inaturalist.org/observations/172746742,https://inaturalist-open-data.s3.amazonaws.com/photos/299916997/medium.jpg,NA,"Denoise, Enhanced",NA,1,0,FALSE,NA,"Canyon, TX 79015",34.9372503,-101.6589305,8337,NA,NA,NA,8337,NA,open,FALSE,NA,NA,Eastern Collared Lizard,Crotaphytus collaris,Eastern Collared Lizard,Reptilia,33135
172903135,4669e039-d95f-4971-b61b-419f2483780d,2023/07/14 12:01 PM,2023-07-14,2023-07-15 02:01:00 +0900,Central Time (US & Canada),374229,derrell_d,Derrell T. Dixon,2023-07-15 05:37:11 +0900,2023-07-21 06:39:23 +0900,research,NA,https://www.inaturalist.org/observations/172903135,https://static.inaturalist.org/photos/300210743/medium.jpeg,NA,NA,PDCSP...Mack Dick Pavilion,1,0,FALSE,NA,"Randall County, TX, USA",34.9790114143,-101.6789466014,3,NA,NA,NA,3,NA,open,FALSE,NA,NA,Eastern Collared Lizard,Crotaphytus collaris,Eastern Collared Lizard,Reptilia,33135
172906243,b2dd8e64-e94c-40ff-8997-6a3fe604c8b4,2023/07/14 12:46 PM,2023-07-14,2023-07-15 02:46:00 +0900,Central Time (US & Canada),374229,derrell_d,Derrell T. Dixon,2023-07-15 05:56:40 +0900,2023-07-15 05:59:18 +0900,research,NA,https://www.inaturalist.org/observations/172906243,https://static.inaturalist.org/photos/300216554/medium.jpeg,NA,NA,PDCSP...Cow Camp Cabins,1,0,FALSE,NA,"Randall County, TX, USA",34.9359902312,-101.6392897788,7,NA,NA,NA,7,NA,open,FALSE,NA,NA,Eastern Collared Lizard,Crotaphytus collaris,Eastern Collared Lizard,Reptilia,33135
172912182,80bc5140-0c4d-494b-bb40-cc4422de96b0,2023/07/14 1:38 PM,2023-07-14,2023-07-15 03:38:00 +0900,Central Time (US & Canada),374229,derrell_d,Derrell T. Dixon,2023-07-15 06:38:45 +0900,2023-07-21 06:38:50 +0900,research,NA,https://www.inaturalist.org/observations/172912182,https://static.inaturalist.org/photos/300228432/medium.jpeg,NA,NA,PDCSP,1,0,FALSE,NA,"Randall County, TX, USA",34.9838833386,-101.6918847537,3,NA,NA,NA,3,NA,open,FALSE,NA,NA,Eastern Collared Lizard,Crotaphytus collaris,Eastern Collared Lizard,Reptilia,33135
172939045,a9865a6c-de98-4a9d-afd8-46c867cacd28,2023-07-14 11:45:00-05:00,2023-07-14,2023-07-15 01:45:00 +0900,Central Time (US & Canada),326733,rockman9796,NA,2023-07-15 10:12:19 +0900,2023-07-15 11:55:07 +0900,research,CC-BY-NC,https://www.inaturalist.org/observations/172939045,https://inaturalist-open-data.s3.amazonaws.com/photos/300279463/medium.jpg,NA,NA,NA,1,0,FALSE,3,"Palo Duro Canyon State Park, Canyon, TX, US",34.9846383333,-101.6888666667,4,NA,NA,NA,4,NA,open,FALSE,NA,NA,Eastern Collared Lizard,Crotaphytus collaris,Eastern Collared Lizard,Reptilia,33135
173114331,28b4f018-a322-49c7-988d-6b71973b1211,2023/07/15 1:57 PM,2023-07-15,2023-07-16 03:57:00 +0900,Central Time (US & Canada),374229,derrell_d,Derrell T. Dixon,2023-07-16 08:37:43 +0900,2023-07-21 06:36:41 +0900,research,NA,https://www.inaturalist.org/observations/173114331,https://static.inaturalist.org/photos/300597772/medium.jpeg,NA,NA,PDCSP,1,0,FALSE,NA,"Randall County, TX, USA",34.9838867859,-101.6918984458,4,NA,NA,NA,4,NA,open,FALSE,NA,NA,Eastern Collared Lizard,Crotaphytus collaris,Eastern Collared Lizard,Reptilia,33135
173115248,162df4e8-6ed8-4489-b831-e5f013c385b9,2023/07/15 2:08 PM,2023-07-15,2023-07-16 04:08:00 +0900,Central Time (US & Canada),374229,derrell_d,Derrell T. Dixon,2023-07-16 08:45:25 +0900,2023-07-21 06:35:50 +0900,research,NA,https://www.inaturalist.org/observations/173115248,https://static.inaturalist.org/photos/300599089/medium.jpeg,NA,NA,PDCSP...Mack Dick Pavilion,1,0,FALSE,NA,"Randall County, TX, USA",34.9790541214,-101.6790681635,17,NA,NA,NA,17,NA,open,FALSE,NA,NA,Eastern Collared Lizard,Crotaphytus collaris,Eastern Collared Lizard,Reptilia,33135
173118133,fda9ee73-17e9-40f7-86d8-0299e6b941e7,2023/07/15 3:03 PM,2023-07-15,2023-07-16 05:03:00 +0900,Central Time (US & Canada),374229,derrell_d,Derrell T. Dixon,2023-07-16 09:07:30 +0900,2023-07-21 06:37:19 +0900,research,NA,https://www.inaturalist.org/observations/173118133,https://static.inaturalist.org/photos/300603905/medium.jpeg,NA,NA,"PDCSP...Mesquite Camp Area

Juvenile?",1,0,FALSE,NA,"Randall County, TX, USA",34.9360493222,-101.6364636955,5,NA,NA,NA,5,NA,open,FALSE,NA,NA,Eastern Collared Lizard,Crotaphytus collaris,Eastern Collared Lizard,Reptilia,33135
173119253,a98816b4-cb7e-4485-bbd4-b6c984c2f910,2023/07/15 3:11 PM,2023-07-15,2023-07-16 05:11:00 +0900,Central Time (US & Canada),374229,derrell_d,Derrell T. Dixon,2023-07-16 09:17:48 +0900,2023-07-21 06:42:27 +0900,research,NA,https://www.inaturalist.org/observations/173119253,https://static.inaturalist.org/photos/300607362/medium.jpeg,NA,NA,PDCSP...Mesquite CampmArea,1,0,FALSE,NA,"Randall County, TX, USA",34.9345892666,-101.6363311705,10,NA,NA,NA,10,NA,open,FALSE,NA,NA,Eastern Collared Lizard,Crotaphytus collaris,Eastern Collared Lizard,Reptilia,33135
173120003,c261adee-ecbb-490b-9f51-7a59f91c5770,2023/07/15 3:15 PM,2023-07-15,2023-07-16 05:15:00 +0900,Central Time (US & Canada),374229,derrell_d,Derrell T. Dixon,2023-07-16 09:23:56 +0900,2023-07-21 06:37:55 +0900,research,NA,https://www.inaturalist.org/observations/173120003,https://static.inaturalist.org/photos/300608883/medium.jpeg,NA,NA,PDCSP...Mesquite Camp Area,1,0,FALSE,NA,"Randall County, TX, USA",34.9343489013,-101.6359690869,3,NA,NA,NA,3,NA,open,FALSE,NA,NA,Eastern Collared Lizard,Crotaphytus collaris,Eastern Collared Lizard,Reptilia,33135
173120719,5104ac8a-abf1-4429-9870-66fce2639bdf,2023/07/15 3:25 PM,2023-07-15,2023-07-16 05:25:00 +0900,Central Time (US & Canada),374229,derrell_d,Derrell T. Dixon,2023-07-16 09:29:56 +0900,2023-07-21 06:38:14 +0900,research,NA,https://www.inaturalist.org/observations/173120719,https://static.inaturalist.org/photos/300610152/medium.jpeg,NA,NA,PDCSP...Cow Camp Cabins,1,0,FALSE,NA,"Randall County, TX, USA",34.936067884,-101.6392653452,12,NA,NA,NA,12,NA,open,FALSE,NA,NA,Eastern Collared Lizard,Crotaphytus collaris,Eastern Collared Lizard,Reptilia,33135
173332327,d544b456-c585-44ee-9f60-4da64cf805b9,2023-07-15 13:10:49-05:00,2023-07-15,2023-07-16 03:10:49 +0900,Central Time (US & Canada),753818,jordynpoole,NA,2023-07-17 10:06:08 +0900,2023-07-22 06:33:11 +0900,research,NA,https://www.inaturalist.org/observations/173332327,https://static.inaturalist.org/photos/301001516/medium.jpg,NA,NA,Found on the Haynes Ridge Overlook trail,1,0,FALSE,3,"Caprock Canyons State Park & Trailway, Quitaque, TX, US",34.4540133424,-101.0841138333,20,NA,NA,NA,20,NA,open,FALSE,NA,NA,Eastern Collared Lizard,Crotaphytus collaris,Eastern Collared Lizard,Reptilia,33135
173540644,057d9c95-adfa-4eb3-a2b4-4a1ac3b47adf,2023/07/17 9:13 AM,2023-07-17,2023-07-17 23:13:00 +0900,Central Time (US & Canada),9531,kucycads,Kenneth Bader,2023-07-18 13:08:04 +0900,2024-06-09 14:36:08 +0900,research,CC-BY-NC,https://www.inaturalist.org/observations/173540644,https://inaturalist-open-data.s3.amazonaws.com/photos/301382371/medium.jpeg,NA,NA,NA,2,0,FALSE,NA,"Texas, US",30.7067591138,-98.1534900968,31,NA,NA,NA,29330,obscured,open,TRUE,NA,NA,Eastern Collared Lizard,Crotaphytus collaris,Eastern Collared Lizard,Reptilia,33135
173633475,45382af3-bd91-4288-8fb7-2f8e84665bfb,2023/07/05 11:06 AM,2023-07-05,2023-07-06 01:06:00 +0900,Central Time (US & Canada),455509,pinkspoonbill,NA,2023-07-19 03:14:21 +0900,2023-07-22 06:46:13 +0900,research,CC-BY-NC,https://www.inaturalist.org/observations/173633475,https://inaturalist-open-data.s3.amazonaws.com/photos/301552623/medium.jpg,NA,NA,NA,2,0,FALSE,NA,"Randall County, TX, USA",34.9371648997,-101.6966495,NA,NA,NA,NA,NA,NA,open,FALSE,NA,NA,Eastern Collared Lizard,Crotaphytus collaris,Eastern Collared Lizard,Reptilia,33135
173655262,0d15d130-537c-49fa-97ee-70c861f55849,2023/07/18 1:12 PM,2023-07-18,2023-07-19 03:12:00 +0900,Central Time (US & Canada),374229,derrell_d,Derrell T. Dixon,2023-07-19 05:25:06 +0900,2023-07-21 05:23:46 +0900,research,NA,https://www.inaturalist.org/observations/173655262,https://static.inaturalist.org/photos/301586276/medium.jpeg,NA,NA,PDCSP...Mesquite Campground,1,0,FALSE,NA,"Randall County, TX, USA",34.9361218784,-101.6364750574,22,NA,NA,NA,22,NA,open,FALSE,NA,NA,Eastern Collared Lizard,Crotaphytus collaris,Eastern Collared Lizard,Reptilia,33135
173856738,0d525da3-cfed-437e-b4e1-12248cc9730d,2023/07/16 10:43 AM,2023-07-16,2023-07-17 00:43:00 +0900,Central Time (US & Canada),9627,badger8181,Bryan Box,2023-07-20 08:53:09 +0900,2023-07-21 01:34:47 +0900,research,CC-BY-NC,https://www.inaturalist.org/observations/173856738,https://inaturalist-open-data.s3.amazonaws.com/photos/301960882/medium.jpg,NA,NA,NA,1,0,FALSE,NA,"Randall County, TX, USA",34.9147716667,-102.1122733333,NA,NA,NA,NA,NA,NA,open,FALSE,NA,NA,Eastern Collared Lizard,Crotaphytus collaris,Eastern Collared Lizard,Reptilia,33135
173856847,4e9601a3-5a47-4533-80c4-40d6a781cae9,2023/07/16 4:16 PM,2023-07-16,2023-07-17 06:16:00 +0900,Central Time (US & Canada),9627,badger8181,Bryan Box,2023-07-20 08:53:27 +0900,2023-07-21 01:34:41 +0900,research,CC-BY-NC,https://www.inaturalist.org/observations/173856847,https://inaturalist-open-data.s3.amazonaws.com/photos/301961727/medium.jpg,NA,NA,NA,1,0,FALSE,NA,"Potter County, TX, USA",35.465776285,-102.13248111,NA,NA,NA,NA,NA,NA,open,FALSE,NA,NA,Eastern Collared Lizard,Crotaphytus collaris,Eastern Collared Lizard,Reptilia,33135
174006258,c5761b4d-2c39-42d8-b44e-87631a3e2fa4,2023-07-20 15:23:50-06:00,2023-07-20,2023-07-21 06:23:50 +0900,Mountain Time (US & Canada),1682297,flindsey,NA,2023-07-21 06:48:40 +0900,2023-07-21 06:59:12 +0900,research,CC-BY-NC,https://www.inaturalist.org/observations/174006258,https://inaturalist-open-data.s3.amazonaws.com/photos/302246811/medium.jpg,NA,NA,NA,1,0,FALSE,3,"Franklin Mountains State Park, El Paso, TX, US",31.9309,-106.51432,4,NA,NA,NA,4,NA,open,FALSE,NA,NA,Eastern Collared Lizard,Crotaphytus collaris,Eastern Collared Lizard,Reptilia,33135
174153527,c73c62d6-a27d-4799-8d52-2393f8adf99a,2023/07/21 11:02 AM,2023-07-21,2023-07-22 01:02:00 +0900,Central Time (US & Canada),374229,derrell_d,Derrell T. Dixon,2023-07-22 04:57:34 +0900,2023-07-23 04:18:14 +0900,research,NA,https://www.inaturalist.org/observations/174153527,https://static.inaturalist.org/photos/302521679/medium.jpeg,NA,NA,PDCSP,4,0,FALSE,NA,"Randall County, TX, USA",34.9838822952,-101.6918925479,6,NA,NA,NA,6,NA,open,FALSE,NA,NA,Eastern Collared Lizard,Crotaphytus collaris,Eastern Collared Lizard,Reptilia,33135
174154336,9f55fe21-3d2f-4d68-8dea-03ee1c37fbdc,2023/07/21 11:10 AM,2023-07-21,2023-07-22 01:10:00 +0900,Central Time (US & Canada),374229,derrell_d,Derrell T. Dixon,2023-07-22 05:03:34 +0900,2023-07-23 04:16:55 +0900,research,NA,https://www.inaturalist.org/observations/174154336,https://static.inaturalist.org/photos/302524093/medium.jpeg,NA,NA,PDCSP...Mack Dick Pavilion,4,0,FALSE,NA,"Randall County, TX, USA",34.9790127998,-101.678631318,14,NA,NA,NA,14,NA,open,FALSE,NA,NA,Eastern Collared Lizard,Crotaphytus collaris,Eastern Collared Lizard,Reptilia,33135
174159708,a46a53c6-73c6-4694-8d98-4e7a33202660,2023/07/21 11:54 AM,2023-07-21,2023-07-22 01:54:00 +0900,Central Time (US & Canada),374229,derrell_d,Derrell T. Dixon,2023-07-22 05:35:21 +0900,2023-07-23 04:17:08 +0900,research,NA,https://www.inaturalist.org/observations/174159708,https://static.inaturalist.org/photos/302533132/medium.jpeg,NA,NA,PDCSP,3,0,FALSE,NA,"Randall County, TX, USA",34.9476614253,-101.6671716614,44,NA,NA,NA,44,NA,open,FALSE,NA,NA,Eastern Collared Lizard,Crotaphytus collaris,Eastern Collared Lizard,Reptilia,33135
174160989,1398afcb-b586-4695-ab1f-58f61080c5c7,2023/07/21 12:18 PM,2023-07-21,2023-07-22 02:18:00 +0900,Central Time (US & Canada),374229,derrell_d,Derrell T. Dixon,2023-07-22 05:44:23 +0900,2023-07-23 04:17:35 +0900,research,NA,https://www.inaturalist.org/observations/174160989,https://static.inaturalist.org/photos/302536218/medium.jpeg,NA,NA,"PDCSP...Cow Camp Cabins
",4,0,FALSE,NA,"Randall County, TX, USA",34.935983652,-101.6393056305,17,NA,NA,NA,17,NA,open,FALSE,NA,NA,Eastern Collared Lizard,Crotaphytus collaris,Eastern Collared Lizard,Reptilia,33135
174283242,ae25517b-2b65-422e-89ea-696f1954f705,2023-07-22 09:07:35-06:00,2023-07-22,2023-07-23 00:07:35 +0900,Mountain Time (US & Canada),7127464,jasonjanda,NA,2023-07-23 00:13:16 +0900,2023-07-29 16:04:25 +0900,research,CC-BY-NC,https://www.inaturalist.org/observations/174283242,https://inaturalist-open-data.s3.amazonaws.com/photos/302814725/medium.jpg,NA,NA,NA,2,0,FALSE,3,"Franklin Mountains State Park, El Paso, TX, US",31.93135,-106.5125583333,8,NA,NA,NA,8,NA,open,FALSE,NA,NA,Eastern Collared Lizard,Crotaphytus collaris,Eastern Collared Lizard,Reptilia,33135
174314575,35299109-e168-45bc-b111-bcb0a4408974,2023-07-22 10:12:05-05:00,2023-07-22,2023-07-23 00:12:05 +0900,Central Time (US & Canada),3955853,mary_jw,Mary Williams,2023-07-23 02:53:10 +0900,2023-07-29 16:04:14 +0900,research,NA,https://www.inaturalist.org/observations/174314575,https://static.inaturalist.org/photos/302816306/medium.jpg,NA,NA,NA,1,0,FALSE,3,"Palo Duro Canyon State Park, Canyon, TX, US",34.97702,-101.676055,4,NA,NA,NA,4,NA,open,FALSE,NA,NA,Eastern Collared Lizard,Crotaphytus collaris,Eastern Collared Lizard,Reptilia,33135
174359612,1cdf1950-7450-4c25-bf50-d95144f23320,2023/07/22 1:11 PM,2023-07-22,2023-07-23 03:11:00 +0900,Central Time (US & Canada),374229,derrell_d,Derrell T. Dixon,2023-07-23 06:53:38 +0900,2023-07-23 07:26:45 +0900,research,NA,https://www.inaturalist.org/observations/174359612,https://static.inaturalist.org/photos/302898139/medium.jpeg,NA,NA,PDCSP,1,0,FALSE,NA,"Randall County, TX, USA",34.9838893517,-101.6918961827,4,NA,NA,NA,4,NA,open,FALSE,NA,NA,Eastern Collared Lizard,Crotaphytus collaris,Eastern Collared Lizard,Reptilia,33135
174361252,49369aa8-b0ee-4b4e-97fc-8300a49ab4e9,2023/07/22 1:24 PM,2023-07-22,2023-07-23 03:24:00 +0900,Central Time (US & Canada),374229,derrell_d,Derrell T. Dixon,2023-07-23 07:03:06 +0900,2023-07-23 07:24:29 +0900,research,NA,https://www.inaturalist.org/observations/174361252,https://static.inaturalist.org/photos/302901098/medium.jpeg,NA,NA,PDCSP...Mack Dick Pavilion,1,0,FALSE,NA,"Randall County, TX, USA",34.9790347849,-101.6786125425,8,NA,NA,NA,8,NA,open,FALSE,NA,NA,Eastern Collared Lizard,Crotaphytus collaris,Eastern Collared Lizard,Reptilia,33135
174368381,733c04a5-c3fa-4e18-9da3-fcc24372dff9,2023/07/22 2:24 PM,2023-07-22,2023-07-23 04:24:00 +0900,Central Time (US & Canada),374229,derrell_d,Derrell T. Dixon,2023-07-23 07:47:24 +0900,2023-07-23 09:29:21 +0900,research,NA,https://www.inaturalist.org/observations/174368381,https://static.inaturalist.org/photos/302915079/medium.jpeg,NA,NA,PDCSP...Mesquite Campground,1,0,FALSE,NA,"Randall County, TX, USA",34.9352240862,-101.6359210965,54,NA,NA,NA,54,NA,open,FALSE,NA,NA,Eastern Collared Lizard,Crotaphytus collaris,Eastern Collared Lizard,Reptilia,33135
174368387,d3f13370-3d83-4679-84e0-329a45b8061d,2023/07/22 2:25 PM,2023-07-22,2023-07-23 04:25:00 +0900,Central Time (US & Canada),374229,derrell_d,Derrell T. Dixon,2023-07-23 07:47:24 +0900,2023-07-23 09:29:19 +0900,research,NA,https://www.inaturalist.org/observations/174368387,https://static.inaturalist.org/photos/302915105/medium.jpeg,NA,NA,PDCSP...Mesquite Campground,1,0,FALSE,NA,"Randall County, TX, USA",34.9352240862,-101.6359210965,54,NA,NA,NA,54,NA,open,FALSE,NA,NA,Eastern Collared Lizard,Crotaphytus collaris,Eastern Collared Lizard,Reptilia,33135
174368388,54ca4284-9408-40cb-acf3-5c6737a3bff1,2023/07/22 2:29 PM,2023-07-22,2023-07-23 04:29:00 +0900,Central Time (US & Canada),374229,derrell_d,Derrell T. Dixon,2023-07-23 07:47:24 +0900,2023-07-23 09:29:17 +0900,research,NA,https://www.inaturalist.org/observations/174368388,https://static.inaturalist.org/photos/302915124/medium.jpeg,NA,NA,PDCSP...Mesquite Campground,1,0,FALSE,NA,"Randall County, TX, USA",34.9352240862,-101.6359210965,54,NA,NA,NA,54,NA,open,FALSE,NA,NA,Eastern Collared Lizard,Crotaphytus collaris,Eastern Collared Lizard,Reptilia,33135
174370895,55fb148b-6883-4c18-99ea-3396b4140146,2023/07/22 3:11 PM,2023-07-22,2023-07-23 05:11:00 +0900,Central Time (US & Canada),374229,derrell_d,Derrell T. Dixon,2023-07-23 08:03:25 +0900,2023-07-27 05:39:52 +0900,research,NA,https://www.inaturalist.org/observations/174370895,https://static.inaturalist.org/photos/302919777/medium.jpeg,NA,NA,PDCSP,2,0,FALSE,NA,"Randall County, TX, USA",34.9838862013,-101.6919087993,6,NA,NA,NA,6,NA,open,FALSE,NA,NA,Eastern Collared Lizard,Crotaphytus collaris,Eastern Collared Lizard,Reptilia,33135
174556555,844d9596-fa0e-43aa-8c9e-010f98e84cd6,2023/07/23 12:38 PM,2023-07-23,2023-07-24 02:38:00 +0900,Central Time (US & Canada),374229,derrell_d,Derrell T. Dixon,2023-07-24 05:53:59 +0900,2023-07-24 07:12:01 +0900,research,NA,https://www.inaturalist.org/observations/174556555,https://static.inaturalist.org/photos/303262202/medium.jpeg,NA,NA,PDCSP,2,0,FALSE,NA,"Randall County, TX, USA",34.9838832638,-101.6918968637,5,NA,NA,NA,5,NA,open,FALSE,NA,NA,Eastern Collared Lizard,Crotaphytus collaris,Eastern Collared Lizard,Reptilia,33135
174562523,fe3ee92f-1f3d-4aac-a670-2bc36a99c7ba,2023/07/23 1:41 PM,2023-07-23,2023-07-24 03:41:00 +0900,Central Time (US & Canada),374229,derrell_d,Derrell T. Dixon,2023-07-24 06:24:00 +0900,2023-07-24 07:11:43 +0900,research,NA,https://www.inaturalist.org/observations/174562523,https://static.inaturalist.org/photos/303273171/medium.jpeg,NA,NA,PDCSP...Mesquite Campground,1,0,FALSE,NA,"Randall County, TX, USA",34.9353558838,-101.636223824,53,NA,NA,NA,53,NA,open,FALSE,NA,NA,Eastern Collared Lizard,Crotaphytus collaris,Eastern Collared Lizard,Reptilia,33135
174607259,eba7e3d8-a9a4-4a0e-af1f-6cdd2d0562d6,2023-07-23 18:30:48-05:00,2023-07-23,2023-07-24 08:30:48 +0900,Central Time (US & Canada),6812408,paloduro,NA,2023-07-24 10:59:16 +0900,2023-07-26 23:39:09 +0900,research,CC-BY-NC,https://www.inaturalist.org/observations/174607259,https://inaturalist-open-data.s3.amazonaws.com/photos/303359209/medium.jpg,NA,NA,NA,1,0,FALSE,3,"Palo Duro Canyon State Park, Canyon, TX, US",34.9412192884,-101.6511098495,37,NA,NA,NA,37,NA,open,FALSE,NA,NA,Eastern Collared Lizard,Crotaphytus collaris,Eastern Collared Lizard,Reptilia,33135
174771468,a2b1c793-8ede-4f0e-93a9-7860da78dac8,2023/07/24 1:53 PM,2023-07-24,2023-07-25 03:53:00 +0900,Central Time (US & Canada),374229,derrell_d,Derrell T. Dixon,2023-07-25 08:05:41 +0900,2023-07-27 05:38:43 +0900,research,NA,https://www.inaturalist.org/observations/174771468,https://static.inaturalist.org/photos/303662463/medium.jpeg,NA,NA,PDCSP...Cow Camp Cabins,2,0,FALSE,NA,"Randall County, TX, USA",34.9360082796,-101.6393046864,16,NA,NA,NA,16,NA,open,FALSE,NA,NA,Eastern Collared Lizard,Crotaphytus collaris,Eastern Collared Lizard,Reptilia,33135
174773823,c5972a1b-e4bf-41e8-a5eb-924436653b31,2023/07/24 2:00 PM,2023-07-24,2023-07-25 04:00:00 +0900,Central Time (US & Canada),374229,derrell_d,Derrell T. Dixon,2023-07-25 08:24:53 +0900,2023-07-27 05:38:41 +0900,research,NA,https://www.inaturalist.org/observations/174773823,https://static.inaturalist.org/photos/303667302/medium.jpeg,NA,NA,PDCSP...Mesquite Campground,2,0,FALSE,NA,"Randall County, TX, USA",34.9352446313,-101.6363330526,51,NA,NA,NA,51,NA,open,FALSE,NA,NA,Eastern Collared Lizard,Crotaphytus collaris,Eastern Collared Lizard,Reptilia,33135
174773824,18646432-293c-4e1b-9a64-90cb296e59a1,2023/07/24 2:09 PM,2023-07-24,2023-07-25 04:09:00 +0900,Central Time (US & Canada),374229,derrell_d,Derrell T. Dixon,2023-07-25 08:24:53 +0900,2023-07-27 05:38:38 +0900,research,NA,https://www.inaturalist.org/observations/174773824,https://static.inaturalist.org/photos/303667364/medium.jpeg,NA,NA,PDCSP...Mesquite Campground,2,0,FALSE,NA,"Randall County, TX, USA",34.9352446313,-101.6363330526,51,NA,NA,NA,51,NA,open,FALSE,NA,NA,Eastern Collared Lizard,Crotaphytus collaris,Eastern Collared Lizard,Reptilia,33135
174773825,6df9efa8-7835-4ecb-9404-567d3f14058d,2023/07/24 2:12 PM,2023-07-24,2023-07-25 04:12:00 +0900,Central Time (US & Canada),374229,derrell_d,Derrell T. Dixon,2023-07-25 08:24:53 +0900,2023-07-27 05:38:35 +0900,research,NA,https://www.inaturalist.org/observations/174773825,https://static.inaturalist.org/photos/303667386/medium.jpeg,NA,NA,PDCSP...Mesquite Campground,2,0,FALSE,NA,"Randall County, TX, USA",34.9352446313,-101.6363330526,51,NA,NA,NA,51,NA,open,FALSE,NA,NA,Eastern Collared Lizard,Crotaphytus collaris,Eastern Collared Lizard,Reptilia,33135
175287015,0fde358d-55a4-41f9-9e5e-e828c2278b2b,2023/07/27 1:47 PM,2023-07-27,2023-07-28 03:47:00 +0900,Central Time (US & Canada),374229,derrell_d,Derrell T. Dixon,2023-07-28 08:21:05 +0900,2023-07-30 14:59:37 +0900,research,NA,https://www.inaturalist.org/observations/175287015,https://static.inaturalist.org/photos/304613571/medium.jpeg,NA,NA,PDCSP...Mesquite Camping Area,3,0,FALSE,NA,"Randall County, TX, USA",34.9352379173,-101.6363038612,61,NA,NA,NA,61,NA,open,FALSE,NA,NA,Eastern Collared Lizard,Crotaphytus collaris,Eastern Collared Lizard,Reptilia,33135
175287016,2597cf82-2bfc-4e74-96cd-49e1e939a2c0,2023/07/27 1:52 PM,2023-07-27,2023-07-28 03:52:00 +0900,Central Time (US & Canada),374229,derrell_d,Derrell T. Dixon,2023-07-28 08:21:05 +0900,2023-07-29 05:58:09 +0900,research,NA,https://www.inaturalist.org/observations/175287016,https://static.inaturalist.org/photos/304613606/medium.jpeg,NA,NA,PDCSP...Mesquite,2,0,FALSE,NA,"Randall County, TX, USA",34.9352379173,-101.6363038612,61,NA,NA,NA,61,NA,open,FALSE,NA,NA,Eastern Collared Lizard,Crotaphytus collaris,Eastern Collared Lizard,Reptilia,33135
175287018,45a86613-f96c-4b54-910f-83017835bc01,2023/07/27 1:54 PM,2023-07-27,2023-07-28 03:54:00 +0900,Central Time (US & Canada),374229,derrell_d,Derrell T. Dixon,2023-07-28 08:21:05 +0900,2023-07-29 05:58:12 +0900,research,NA,https://www.inaturalist.org/observations/175287018,https://static.inaturalist.org/photos/304613631/medium.jpeg,NA,NA,PDCSP...Mesquite,2,0,FALSE,NA,"Randall County, TX, USA",34.9352379173,-101.6363038612,61,NA,NA,NA,61,NA,open,FALSE,NA,NA,Eastern Collared Lizard,Crotaphytus collaris,Eastern Collared Lizard,Reptilia,33135
175442994,a0581ed3-f404-4664-899b-b4b9040a74d9,2023/07/28 2:38 PM,2023-07-28,2023-07-29 04:38:00 +0900,Central Time (US & Canada),374229,derrell_d,Derrell T. Dixon,2023-07-29 07:16:13 +0900,2023-08-06 10:24:34 +0900,research,NA,https://www.inaturalist.org/observations/175442994,https://static.inaturalist.org/photos/304902951/medium.jpeg,NA,NA,PDCSP...Mesquite Camping Area,2,0,FALSE,NA,"Randall County, TX, USA",34.9353007337,-101.6363656866,61,NA,NA,NA,61,NA,open,FALSE,NA,NA,Eastern Collared Lizard,Crotaphytus collaris,Eastern Collared Lizard,Reptilia,33135
175482673,6e3af5af-ef4d-4fa8-9d05-c1e2b23731e6,2023/07/28 8:20 PM,2023-07-28,2023-07-29 10:20:00 +0900,Central Time (US & Canada),374229,derrell_d,Derrell T. Dixon,2023-07-29 13:04:12 +0900,2023-08-06 10:24:24 +0900,research,NA,https://www.inaturalist.org/observations/175482673,https://static.inaturalist.org/photos/304976689/medium.jpeg,NA,NA,PDCSP...Mesquite Camping Area,2,0,FALSE,NA,"Randall County, TX, USA",34.9344115198,-101.6361129407,27,NA,NA,NA,27,NA,open,FALSE,NA,NA,Eastern Collared Lizard,Crotaphytus collaris,Eastern Collared Lizard,Reptilia,33135
175630162,da2d46c2-0c91-42d1-ba0b-621b5d6416df,2023/07/29 3:08 PM,2023-07-29,2023-07-30 05:08:00 +0900,Central Time (US & Canada),374229,derrell_d,Derrell T. Dixon,2023-07-30 07:59:46 +0900,2023-08-06 10:23:38 +0900,research,NA,https://www.inaturalist.org/observations/175630162,https://static.inaturalist.org/photos/305242053/medium.jpeg,NA,NA,PDCSP...Mesquite Camping Area,3,0,FALSE,NA,"Randall County, TX, USA",34.9352165425,-101.6362332238,89,NA,NA,NA,89,NA,open,FALSE,NA,NA,Eastern Collared Lizard,Crotaphytus collaris,Eastern Collared Lizard,Reptilia,33135
175630164,2dd5d983-9228-4657-a940-8997900031ba,2023/07/29 3:16 PM,2023-07-29,2023-07-30 05:16:00 +0900,Central Time (US & Canada),374229,derrell_d,Derrell T. Dixon,2023-07-30 07:59:46 +0900,2023-08-06 10:23:33 +0900,research,NA,https://www.inaturalist.org/observations/175630164,https://static.inaturalist.org/photos/305242073/medium.jpeg,NA,NA,PDCSP...Mesquite Camping Area,3,0,FALSE,NA,"Randall County, TX, USA",34.9352165425,-101.6362332238,89,NA,NA,NA,89,NA,open,FALSE,NA,NA,Eastern Collared Lizard,Crotaphytus collaris,Eastern Collared Lizard,Reptilia,33135
175630166,9e9772d6-7e56-4609-88fd-2f62d6b1237b,2023/07/29 3:19 PM,2023-07-29,2023-07-30 05:19:00 +0900,Central Time (US & Canada),374229,derrell_d,Derrell T. Dixon,2023-07-30 07:59:46 +0900,2023-08-06 10:23:27 +0900,research,NA,https://www.inaturalist.org/observations/175630166,https://static.inaturalist.org/photos/305242085/medium.jpeg,NA,NA,PDCSP...Mesquite Camping Area,3,0,FALSE,NA,"Randall County, TX, USA",34.9352165425,-101.6362332238,89,NA,NA,NA,89,NA,open,FALSE,NA,NA,Eastern Collared Lizard,Crotaphytus collaris,Eastern Collared Lizard,Reptilia,33135
175929245,0315ceef-e952-43b4-9890-a6ffa99beb7a,Sat Jul 29 2023 13:05:52 GMT -0500 (CDT),2023-07-29,2023-07-30 03:05:52 +0900,Central Time (US & Canada),2929427,williamschmidt,William Schmidt,2023-07-31 22:46:16 +0900,2023-08-01 05:22:37 +0900,research,CC-BY-NC,https://www.inaturalist.org/observations/175929245,https://inaturalist-open-data.s3.amazonaws.com/photos/305801739/medium.jpeg,NA,NA,NA,1,0,FALSE,333,"Randall County, US-TX, US",34.9686279297,-101.6819000244,6,NA,NA,NA,6,NA,open,FALSE,NA,NA,Eastern Collared Lizard,Crotaphytus collaris,Eastern Collared Lizard,Reptilia,33135
175999704,2c1a5898-7a56-4489-b89c-b4dc28923f21,2023/07/31 2:38 PM,2023-07-31,2023-08-01 04:38:00 +0900,Central Time (US & Canada),374229,derrell_d,Derrell T. Dixon,2023-08-01 06:02:04 +0900,2023-08-06 10:23:08 +0900,research,NA,https://www.inaturalist.org/observations/175999704,https://static.inaturalist.org/photos/305928388/medium.jpeg,NA,NA,PDCSP...Mesquite Camp Area,3,0,FALSE,NA,"Randall County, TX, USA",34.935200604,-101.6363026536,60,NA,NA,NA,60,NA,open,FALSE,NA,NA,Eastern Collared Lizard,Crotaphytus collaris,Eastern Collared Lizard,Reptilia,33135
176466015,cbc18734-5e6b-4f1b-9436-f6f362b7175b,2022-07-04 09:15:04,2022-07-04,2022-07-04 23:15:04 +0900,Central Time (US & Canada),7136444,flathead1,Flathead Forager,2023-08-04 02:29:47 +0900,2023-08-08 05:19:06 +0900,research,NA,https://www.inaturalist.org/observations/176466015,https://static.inaturalist.org/photos/306796579/medium.jpeg,NA,NA,NA,3,0,FALSE,2,"Randall County, US-TX, US",34.9361729849,-101.6591565683,1499,NA,NA,NA,1499,NA,open,FALSE,gps,gps,Eastern Collared Lizard,Crotaphytus collaris,Eastern Collared Lizard,Reptilia,33135
177112434,bf2d86a1-bfee-4d1e-9dab-e0761756b81a,2023/08/06 12:26 PM,2023-08-06,2023-08-07 02:26:00 +0900,Central Time (US & Canada),374229,derrell_d,Derrell T. Dixon,2023-08-07 12:53:03 +0900,2023-08-07 22:57:39 +0900,research,NA,https://www.inaturalist.org/observations/177112434,https://static.inaturalist.org/photos/307996407/medium.jpeg,NA,NA,PDCSP,1,0,FALSE,NA,"Randall County, TX, USA",34.9639078809,-101.6711065621,111,NA,NA,NA,111,NA,open,FALSE,NA,NA,Eastern Collared Lizard,Crotaphytus collaris,Eastern Collared Lizard,Reptilia,33135
177113142,3ff2bb76-298d-457c-83c3-d5101fd44f41,2023/08/06 1:27 PM,2023-08-06,2023-08-07 03:27:00 +0900,Central Time (US & Canada),374229,derrell_d,Derrell T. Dixon,2023-08-07 12:59:35 +0900,2023-08-07 21:42:05 +0900,research,NA,https://www.inaturalist.org/observations/177113142,https://static.inaturalist.org/photos/307998391/medium.jpeg,NA,NA,PDCSP,1,0,FALSE,NA,"Randall County, TX, USA",34.9845674012,-101.6853870357,12,NA,NA,NA,12,NA,open,FALSE,NA,NA,Eastern Collared Lizard,Crotaphytus collaris,Eastern Collared Lizard,Reptilia,33135
177362920,3535a5af-dd31-4453-8a95-e576da1ecd04,2023-08-08 10:17:02-05:00,2023-08-08,2023-08-09 00:17:02 +0900,Central Time (US & Canada),6429732,korbenwells,Korben Wells,2023-08-09 01:24:59 +0900,2023-08-09 05:38:45 +0900,research,NA,https://www.inaturalist.org/observations/177362920,https://static.inaturalist.org/photos/308464317/medium.jpg,NA,NA,NA,1,0,FALSE,3,"Burnet, TX, US",30.7478783333,-98.357575,3,NA,NA,NA,3,NA,open,FALSE,NA,NA,Eastern Collared Lizard,Crotaphytus collaris,Eastern Collared Lizard,Reptilia,33135
177942786,43bf33ba-9457-47a6-aab1-75e075a8af85,2023/08/11 1:38 PM,2023-08-11,2023-08-12 03:38:00 +0900,Central Time (US & Canada),374229,derrell_d,Derrell T. Dixon,2023-08-12 13:39:52 +0900,2023-08-12 23:29:28 +0900,research,NA,https://www.inaturalist.org/observations/177942786,https://static.inaturalist.org/photos/309554188/medium.jpeg,NA,NA,PDCSP...Mesquite Camp Area,1,0,FALSE,NA,"Randall County, TX, USA",34.935235487999996,-101.6362944555,64,NA,NA,NA,64,NA,open,FALSE,NA,NA,Eastern Collared Lizard,Crotaphytus collaris,Eastern Collared Lizard,Reptilia,33135
177944531,c1197933-b931-4c6d-9a82-53eabdd14f11,2023/08/11 2:29 PM,2023-08-11,2023-08-12 04:29:00 +0900,Central Time (US & Canada),374229,derrell_d,Derrell T. Dixon,2023-08-12 14:01:11 +0900,2023-08-12 23:29:25 +0900,research,NA,https://www.inaturalist.org/observations/177944531,https://static.inaturalist.org/photos/309557563/medium.jpeg,NA,NA,PDCSP...Mesquite Camp Area,1,0,FALSE,NA,"Randall County, TX, USA",34.9352071452,-101.636335149,72,NA,NA,NA,72,NA,open,FALSE,NA,NA,Eastern Collared Lizard,Crotaphytus collaris,Eastern Collared Lizard,Reptilia,33135
177944532,e2155994-dac6-4e9f-b546-cc423157eb0e,2023/08/11 2:31 PM,2023-08-11,2023-08-12 04:31:00 +0900,Central Time (US & Canada),374229,derrell_d,Derrell T. Dixon,2023-08-12 14:01:11 +0900,2023-08-12 23:29:22 +0900,research,NA,https://www.inaturalist.org/observations/177944532,https://static.inaturalist.org/photos/309557573/medium.jpeg,NA,NA,PDCSP...Mesquite Camp Area,1,0,FALSE,NA,"Randall County, TX, USA",34.9352071452,-101.636335149,72,NA,NA,NA,72,NA,open,FALSE,NA,NA,Eastern Collared Lizard,Crotaphytus collaris,Eastern Collared Lizard,Reptilia,33135
178103084,b79ae6cc-3896-42b5-9610-a33dcc1e0c4f,2023/05/17 11:12 AM,2023-05-17,2023-05-18 02:12:00 +0900,Mountain Time (US & Canada),7192414,samreitenour,Sam Reitenour,2023-08-13 10:50:08 +0900,2023-08-15 05:05:42 +0900,research,CC-BY-NC,https://www.inaturalist.org/observations/178103084,https://inaturalist-open-data.s3.amazonaws.com/photos/309855937/medium.jpeg,NA,NA,NA,1,0,FALSE,NA,"West Cottonwood Sprng/Mundy's Gap Trail, TX, USA",31.9158137371,-106.5010268988,950,NA,NA,NA,950,NA,open,FALSE,NA,NA,Eastern Collared Lizard,Crotaphytus collaris,Eastern Collared Lizard,Reptilia,33135
178771107,dc31c988-aa36-4432-985f-fb0060aeb45f,2023/08/16 11:11 AM,2023-08-16,2023-08-17 01:11:00 +0900,Central Time (US & Canada),374229,derrell_d,Derrell T. Dixon,2023-08-17 09:36:33 +0900,2023-08-17 10:06:24 +0900,research,NA,https://www.inaturalist.org/observations/178771107,https://static.inaturalist.org/photos/311134554/medium.jpeg,NA,NA,PDCSP...Mesquite Camp Area,2,0,FALSE,NA,"Randall County, TX, USA",34.9350621847,-101.6362644708,48,NA,NA,NA,48,NA,open,FALSE,NA,NA,Eastern Collared Lizard,Crotaphytus collaris,Eastern Collared Lizard,Reptilia,33135
178772401,d74a8289-bdb5-4c0b-be77-fa9823fb0982,2023/08/16 11:55 AM,2023-08-16,2023-08-17 01:55:00 +0900,Central Time (US & Canada),374229,derrell_d,Derrell T. Dixon,2023-08-17 09:46:31 +0900,2023-08-17 10:06:41 +0900,research,NA,https://www.inaturalist.org/observations/178772401,https://static.inaturalist.org/photos/311136951/medium.jpeg,NA,NA,PDCSP...Sagebrush Campground,2,0,FALSE,NA,"Randall County, TX, USA",34.9749337939,-101.6759919769,22,NA,NA,NA,22,NA,open,FALSE,NA,NA,Eastern Collared Lizard,Crotaphytus collaris,Eastern Collared Lizard,Reptilia,33135
178949738,801ce592-149b-424f-8596-c9c1853f19ee,2023/07/31 4:02 PM,2023-07-31,2023-08-01 07:02:00 +0900,Mountain Time (US & Canada),1976574,catherine_g,Catherine C. Galley,2023-08-18 14:53:57 +0900,2024-09-13 13:55:54 +0900,research,CC-BY,https://www.inaturalist.org/observations/178949738,https://inaturalist-open-data.s3.amazonaws.com/photos/311478955/medium.jpg,NA,NA,NA,1,0,FALSE,NA,"Franklin Mountains State Park, TX, USA",31.9283294874,-106.510118881,20,NA,NA,NA,20,NA,open,FALSE,NA,NA,Eastern Collared Lizard,Crotaphytus collaris,Eastern Collared Lizard,Reptilia,33135
179455180,02a2b516-1001-42c7-bc3d-18c4565f3498,2023/08/01 2:04 PM,2023-08-01,2023-08-02 05:04:00 +0900,Mountain Time (US & Canada),1976574,catherine_g,Catherine C. Galley,2023-08-21 10:21:36 +0900,2024-08-25 01:41:33 +0900,research,CC-BY,https://www.inaturalist.org/observations/179455180,https://inaturalist-open-data.s3.amazonaws.com/photos/312424847/medium.jpg,NA,NA,NA,1,0,FALSE,NA,"Franklin Mountains State Park, El Paso, TX, USA",31.9148978734,-106.5038332871,50,NA,NA,NA,50,NA,open,FALSE,NA,NA,Eastern Collared Lizard,Crotaphytus collaris,Eastern Collared Lizard,Reptilia,33135
179759699,1a64e903-b86f-4a98-88df-1a4ede364b39,2023/08/02 2:03 PM,2023-08-02,2023-08-03 05:03:00 +0900,Mountain Time (US & Canada),1976574,catherine_g,Catherine C. Galley,2023-08-23 09:17:31 +0900,2024-08-25 01:41:33 +0900,research,CC-BY,https://www.inaturalist.org/observations/179759699,https://inaturalist-open-data.s3.amazonaws.com/photos/313004161/medium.jpg,NA,NA,NA,1,0,FALSE,NA,"Franklin Mountains State Park, El Paso, TX, USA",31.9315132082,-106.5134164958,50,NA,NA,NA,50,NA,open,FALSE,NA,NA,Eastern Collared Lizard,Crotaphytus collaris,Eastern Collared Lizard,Reptilia,33135
179782131,6bce8bd5-28f1-4fe1-8eb8-146bde3f0dd3,2023-08-22 14:19:12-06:00,2023-08-22,2023-08-23 05:19:12 +0900,Mountain Time (US & Canada),6136278,jmhuie,Jonathan Huie,2023-08-23 13:06:28 +0900,2023-08-23 21:32:33 +0900,research,CC-BY-NC,https://www.inaturalist.org/observations/179782131,https://inaturalist-open-data.s3.amazonaws.com/photos/313055818/medium.jpg,NA,NA,NA,1,0,FALSE,3,"Franklin Mountains State Park, El Paso, TX, US",31.84517,-106.4928883333,9,NA,NA,NA,9,NA,open,FALSE,NA,NA,Eastern Collared Lizard,Crotaphytus collaris,Eastern Collared Lizard,Reptilia,33135
179865222,5565aaed-18fd-42ec-980b-7b97e7d82856,2009-05-30,2009-05-30,NA,Central Time (US & Canada),62156,brentwhite1213,B. P. White,2023-08-24 03:49:18 +0900,2023-08-30 06:34:24 +0900,research,CC-BY-NC,https://www.inaturalist.org/observations/179865222,https://inaturalist-open-data.s3.amazonaws.com/photos/313209468/medium.jpeg,NA,NA,NA,2,0,FALSE,NA,"Briscoe County, TX, USA",34.7016029837,-101.2964492581,15161,NA,NA,NA,15161,NA,open,FALSE,NA,NA,Eastern Collared Lizard,Crotaphytus collaris,Eastern Collared Lizard,Reptilia,33135
179889234,9fbdc868-5115-415d-8b03-4f00630b3f22,2023/08/23 3:40 PM,2023-08-23,2023-08-24 05:40:00 +0900,Central Time (US & Canada),374229,derrell_d,Derrell T. Dixon,2023-08-24 07:09:12 +0900,2023-08-25 07:51:18 +0900,research,NA,https://www.inaturalist.org/observations/179889234,https://static.inaturalist.org/photos/313252835/medium.jpeg,NA,NA,PDCSP...Mack Dick Pavilion Entrance,3,0,FALSE,NA,"Randall County, TX, USA",34.9785686292,-101.6795851755,6,NA,NA,NA,6,NA,open,FALSE,NA,NA,Eastern Collared Lizard,Crotaphytus collaris,Eastern Collared Lizard,Reptilia,33135
180197241,293bfc7a-8f39-4879-97e3-3e1a507d94f4,2023/08/25 4:22 PM,2023-08-25,2023-08-26 06:22:00 +0900,Central Time (US & Canada),374229,derrell_d,Derrell T. Dixon,2023-08-26 09:01:26 +0900,2023-08-27 11:17:54 +0900,research,NA,https://www.inaturalist.org/observations/180197241,https://static.inaturalist.org/photos/313843841/medium.jpeg,NA,NA,PDCSP,2,0,FALSE,NA,"Randall County, TX, USA",34.9645002904,-101.6711249207,25,NA,NA,NA,25,NA,open,FALSE,NA,NA,Eastern Collared Lizard,Crotaphytus collaris,Eastern Collared Lizard,Reptilia,33135
180364597,64670ad3-66f8-433d-ba15-02e8219cd1b1,2023/08/26 2:33 PM,2023-08-26,2023-08-27 04:33:00 +0900,Central Time (US & Canada),374229,derrell_d,Derrell T. Dixon,2023-08-27 09:25:17 +0900,2023-08-27 11:47:47 +0900,research,NA,https://www.inaturalist.org/observations/180364597,https://static.inaturalist.org/photos/314161969/medium.jpeg,NA,NA,PDCSP...Mack Dick Pavilion,1,0,FALSE,NA,"Randall County, TX, USA",34.9791086028,-101.6790443782,15,NA,NA,NA,15,NA,open,FALSE,NA,NA,Eastern Collared Lizard,Crotaphytus collaris,Eastern Collared Lizard,Reptilia,33135
180364599,382b853f-2d8e-4bfb-bb6b-f3cb3d8252b7,2023/08/26 2:39 PM,2023-08-26,2023-08-27 04:39:00 +0900,Central Time (US & Canada),374229,derrell_d,Derrell T. Dixon,2023-08-27 09:25:18 +0900,2023-08-27 11:16:32 +0900,research,NA,https://www.inaturalist.org/observations/180364599,https://static.inaturalist.org/photos/314161974/medium.jpeg,NA,NA,PDCSP...Mack Dick Pavilion,1,0,FALSE,NA,"Randall County, TX, USA",34.9789239959,-101.6783470039,23,NA,NA,NA,23,NA,open,FALSE,NA,NA,Eastern Collared Lizard,Crotaphytus collaris,Eastern Collared Lizard,Reptilia,33135
180370916,f232ed5a-af0c-4a51-911e-05dc93a0bc30,2023/08/26 2:55 PM,2023-08-26,2023-08-27 04:55:00 +0900,Central Time (US & Canada),374229,derrell_d,Derrell T. Dixon,2023-08-27 10:17:35 +0900,2023-08-27 11:13:41 +0900,research,NA,https://www.inaturalist.org/observations/180370916,https://static.inaturalist.org/photos/314175527/medium.jpeg,NA,NA,PDCSP...Sagebrush Campground,1,0,FALSE,NA,"Randall County, TX, USA",34.9767457569,-101.6765044502,4,NA,NA,NA,4,NA,open,FALSE,NA,NA,Eastern Collared Lizard,Crotaphytus collaris,Eastern Collared Lizard,Reptilia,33135
180375318,483a407e-0e83-4f20-8229-143df026de3b,2023/08/26 3:42 PM,2023-08-26,2023-08-27 05:42:00 +0900,Central Time (US & Canada),374229,derrell_d,Derrell T. Dixon,2023-08-27 11:02:15 +0900,2023-08-27 11:34:18 +0900,research,NA,https://www.inaturalist.org/observations/180375318,https://static.inaturalist.org/photos/314183620/medium.jpeg,NA,NA,PDCSP...Mesquite Camp Area,1,0,FALSE,NA,"Randall County, TX, USA",34.9351120686,-101.6362095003,89,NA,NA,NA,89,NA,open,FALSE,NA,NA,Eastern Collared Lizard,Crotaphytus collaris,Eastern Collared Lizard,Reptilia,33135
180516569,757f0aa0-1d28-4611-a974-d251b8a227a2,2023/08/27 11:47 AM,2023-08-27,2023-08-28 01:47:00 +0900,Central Time (US & Canada),4563819,gracklegrace,Grace Millsap,2023-08-28 06:09:40 +0900,2023-08-28 08:19:17 +0900,research,CC-BY-NC,https://www.inaturalist.org/observations/180516569,https://inaturalist-open-data.s3.amazonaws.com/photos/314453956/medium.jpeg,NA,NA,"little guy was covered with mites
PDCSP
Rock Garden Trail",2,0,FALSE,NA,"Randall County, TX, USA",34.9438623125,-101.6514861495,5,NA,NA,NA,5,NA,open,FALSE,NA,NA,Eastern Collared Lizard,Crotaphytus collaris,Eastern Collared Lizard,Reptilia,33135
180545925,4b279802-3182-46e0-9c0c-20cfe5533d67,2023/08/27 3:25 PM,2023-08-27,2023-08-28 05:25:00 +0900,Central Time (US & Canada),374229,derrell_d,Derrell T. Dixon,2023-08-28 09:32:31 +0900,2023-08-28 11:30:18 +0900,research,NA,https://www.inaturalist.org/observations/180545925,https://static.inaturalist.org/photos/314513284/medium.jpeg,NA,NA,PDCSP...Mack Dick Pavilion,1,0,FALSE,NA,"Randall County, TX, USA",34.979058626,-101.6790545403,10,NA,NA,NA,10,NA,open,FALSE,NA,NA,Eastern Collared Lizard,Crotaphytus collaris,Eastern Collared Lizard,Reptilia,33135
180545926,57d8f8ea-311b-42c0-8c5a-db6ddc9acb0a,2023/08/27 3:26 PM,2023-08-27,2023-08-28 05:26:00 +0900,Central Time (US & Canada),374229,derrell_d,Derrell T. Dixon,2023-08-28 09:32:32 +0900,2023-08-28 10:28:46 +0900,research,NA,https://www.inaturalist.org/observations/180545926,https://static.inaturalist.org/photos/314513282/medium.jpeg,NA,NA,PDCSP...Mack Dick Pavilion,1,0,FALSE,NA,"Randall County, TX, USA",34.979058626,-101.6790545403,10,NA,NA,NA,10,NA,open,FALSE,NA,NA,Eastern Collared Lizard,Crotaphytus collaris,Eastern Collared Lizard,Reptilia,33135
180546919,f9cc2844-7cf4-4695-a2c2-0fd9b60723ea,2023/08/27 3:39 PM,2023-08-27,2023-08-28 05:39:00 +0900,Central Time (US & Canada),374229,derrell_d,Derrell T. Dixon,2023-08-28 09:40:28 +0900,2023-08-28 11:29:02 +0900,research,NA,https://www.inaturalist.org/observations/180546919,https://static.inaturalist.org/photos/314515149/medium.jpeg,NA,NA,PDCSP...Sagebrush Campground,1,0,FALSE,NA,"Randall County, TX, USA",34.9749328705,-101.6760081176,16,NA,NA,NA,16,NA,open,FALSE,NA,NA,Eastern Collared Lizard,Crotaphytus collaris,Eastern Collared Lizard,Reptilia,33135
180686248,89a5698f-b511-451d-8650-75e90cc91f74,2023/08/28 2:03 PM,2023-08-28,2023-08-29 04:03:00 +0900,Central Time (US & Canada),374229,derrell_d,Derrell T. Dixon,2023-08-29 07:06:41 +0900,2023-08-29 09:32:18 +0900,research,NA,https://www.inaturalist.org/observations/180686248,https://static.inaturalist.org/photos/314782047/medium.jpeg,NA,NA,PDCSP...Mack Dick Pavilion,1,0,FALSE,NA,"Randall County, TX, USA",34.9791687643,-101.6793328521,10,NA,NA,NA,10,NA,open,FALSE,NA,NA,Eastern Collared Lizard,Crotaphytus collaris,Eastern Collared Lizard,Reptilia,33135
180686249,2d887ddc-2cea-4534-8160-ba97691f2a36,2023/08/28 2:06 PM,2023-08-28,2023-08-29 04:06:00 +0900,Central Time (US & Canada),374229,derrell_d,Derrell T. Dixon,2023-08-29 07:06:41 +0900,2023-08-29 09:31:59 +0900,research,NA,https://www.inaturalist.org/observations/180686249,https://static.inaturalist.org/photos/314782044/medium.jpeg,NA,NA,PDCSP...Mack Dick Pavilion,1,0,FALSE,NA,"Randall County, TX, USA",34.9790430208,-101.6790592632,6,NA,NA,NA,6,NA,open,FALSE,NA,NA,Eastern Collared Lizard,Crotaphytus collaris,Eastern Collared Lizard,Reptilia,33135
180686250,922c3b68-d002-4e78-bfb8-f81407aebad4,2023/08/28 2:10 PM,2023-08-28,2023-08-29 04:10:00 +0900,Central Time (US & Canada),374229,derrell_d,Derrell T. Dixon,2023-08-29 07:06:42 +0900,2023-08-29 09:31:52 +0900,research,NA,https://www.inaturalist.org/observations/180686250,https://static.inaturalist.org/photos/314782051/medium.jpeg,NA,NA,PDCSP...Mack Dick Pavilion,1,0,FALSE,NA,"Randall County, TX, USA",34.9789808908,-101.6787061152,4,NA,NA,NA,4,NA,open,FALSE,NA,NA,Eastern Collared Lizard,Crotaphytus collaris,Eastern Collared Lizard,Reptilia,33135
180688997,7a8c814a-c2c8-4c98-90b5-97f983d373cf,2023/08/28 3:06 PM,2023-08-28,2023-08-29 05:06:00 +0900,Central Time (US & Canada),374229,derrell_d,Derrell T. Dixon,2023-08-29 07:26:50 +0900,2023-08-29 09:31:34 +0900,research,NA,https://www.inaturalist.org/observations/180688997,https://static.inaturalist.org/photos/314788575/medium.jpeg,NA,NA,PDCSP...Mesquite Camp Area,1,0,FALSE,NA,"Randall County, TX, USA",34.9350584843,-101.6360890306,66,NA,NA,NA,66,NA,open,FALSE,NA,NA,Eastern Collared Lizard,Crotaphytus collaris,Eastern Collared Lizard,Reptilia,33135
180849170,cee43677-fe01-49df-a764-b50d0165a859,2023/08/29 3:25 PM,2023-08-29,2023-08-30 05:25:00 +0900,Central Time (US & Canada),374229,derrell_d,Derrell T. Dixon,2023-08-30 09:18:20 +0900,2023-08-30 09:52:27 +0900,research,NA,https://www.inaturalist.org/observations/180849170,https://static.inaturalist.org/photos/315093418/medium.jpeg,NA,NA,PDCSP,1,0,FALSE,NA,"Randall County, TX, USA",34.9413945826,-101.6539322901,28,NA,NA,NA,28,NA,open,FALSE,NA,NA,Eastern Collared Lizard,Crotaphytus collaris,Eastern Collared Lizard,Reptilia,33135
181113178,e2e48e7b-3681-476c-a3f2-09cc585790b4,2023/08/31 12:32 PM,2023-08-31,2023-09-01 02:32:00 +0900,Central Time (US & Canada),374229,derrell_d,Derrell T. Dixon,2023-09-01 06:14:52 +0900,2023-09-02 01:27:12 +0900,research,NA,https://www.inaturalist.org/observations/181113178,https://static.inaturalist.org/photos/315598834/medium.jpeg,NA,NA,"PDCSP...Mack Dick Pavilion

molting...skin peeling off the back",2,0,FALSE,NA,"Randall County, TX, USA",34.9790086134,-101.6786255729,15,NA,NA,NA,15,NA,open,FALSE,NA,NA,Eastern Collared Lizard,Crotaphytus collaris,Eastern Collared Lizard,Reptilia,33135
181117429,5a7c4e69-810c-4638-beaa-430bf093c346,2023/08/31 12:58 PM,2023-08-31,2023-09-01 02:58:00 +0900,Central Time (US & Canada),374229,derrell_d,Derrell T. Dixon,2023-09-01 06:48:53 +0900,2023-09-02 01:28:03 +0900,research,NA,https://www.inaturalist.org/observations/181117429,https://static.inaturalist.org/photos/315606275/medium.jpeg,NA,NA,PDCSP...Sagebrush Campground,2,0,FALSE,NA,"Randall County, TX, USA",34.975086717,-101.6760054354,20,NA,NA,NA,20,NA,open,FALSE,NA,NA,Eastern Collared Lizard,Crotaphytus collaris,Eastern Collared Lizard,Reptilia,33135
181580818,258428c8-684f-48ca-8b70-bb08f4a52cfe,2023-09-03 09:46:20-05:00,2023-09-03,2023-09-03 23:46:20 +0900,Central Time (US & Canada),5726909,chunkybeaver,Kainoa Lee,2023-09-04 01:16:20 +0900,2023-09-16 08:39:42 +0900,research,NA,https://www.inaturalist.org/observations/181580818,https://static.inaturalist.org/photos/316438983/medium.jpg,NA,NA,NA,2,0,FALSE,3,"Caprock Canyons State Park & Trailway, Quitaque, TX, US",34.4506075241,-101.0821715804,10,NA,NA,NA,10,NA,open,FALSE,NA,NA,Eastern Collared Lizard,Crotaphytus collaris,Eastern Collared Lizard,Reptilia,33135
181741600,94d4f675-2e7a-4e99-998f-4ae32213005c,2023-09-03 11:49:02-05:00,2023-09-03,2023-09-04 01:49:02 +0900,Central Time (US & Canada),78421,jackiesherbals,Jackie,2023-09-04 23:33:22 +0900,2023-10-08 11:14:28 +0900,research,CC-BY-NC,https://www.inaturalist.org/observations/181741600,https://inaturalist-open-data.s3.amazonaws.com/photos/316745304/medium.jpg,NA,NA,NA,2,0,FALSE,3,"Palo Duro Dr, Canyon, TX, US",34.9856935998,-101.7105496,34,NA,NA,NA,34,NA,open,FALSE,NA,NA,Eastern Collared Lizard,Crotaphytus collaris,Eastern Collared Lizard,Reptilia,33135
181756252,b8bb5951-8391-43b3-84e2-ab3544b89842,2018-09-02 12:14:51-05:00,2018-09-02,2018-09-03 02:14:51 +0900,Central Time (US & Canada),100495,roosterj6,Russell Ward,2023-09-05 01:08:02 +0900,2023-09-15 05:41:58 +0900,research,CC-BY-NC,https://www.inaturalist.org/observations/181756252,https://inaturalist-open-data.s3.amazonaws.com/photos/316772702/medium.jpg,NA,NA,NA,2,0,FALSE,3,"Palo Duro Canyon State Park, Canyon, TX, US",34.9529583333,-101.67443,6,NA,NA,NA,6,NA,open,FALSE,NA,NA,Eastern Collared Lizard,Crotaphytus collaris,Eastern Collared Lizard,Reptilia,33135
181770194,813841b8-a90b-42fd-abb7-d12822bc8774,2023-09-04 11:31:01-06:00,2023-09-04,2023-09-05 02:31:01 +0900,Mountain Time (US & Canada),7344188,andres_romero4,Andres Romero,2023-09-05 02:31:35 +0900,2023-09-05 22:08:43 +0900,research,NA,https://www.inaturalist.org/observations/181770194,https://static.inaturalist.org/photos/316797972/medium.jpg,NA,NA,NA,1,0,FALSE,3,"Tom Mays Park, El Paso, TX, US",31.9057973196,-106.5153822305,2733,NA,NA,NA,2733,NA,open,FALSE,NA,NA,Eastern Collared Lizard,Crotaphytus collaris,Eastern Collared Lizard,Reptilia,33135
182746973,75892c97-ff46-48d9-8453-219b5e47ef12,2023-09-10 19:19:31-05:00,2023-09-10,2023-09-11 09:19:31 +0900,Central Time (US & Canada),17627,rlseman,Lynn Seman,2023-09-11 11:03:06 +0900,2025-02-05 14:45:22 +0900,research,CC-BY-NC,https://www.inaturalist.org/observations/182746973,https://inaturalist-open-data.s3.amazonaws.com/photos/318689703/medium.jpg,NA,NA,NA,2,0,FALSE,3,"Electra, TX, US",33.9666521713,-99.1092459249,1351,NA,NA,NA,1351,NA,open,FALSE,NA,NA,Eastern Collared Lizard,Crotaphytus collaris,Eastern Collared Lizard,Reptilia,33135
183735523,c42aa052-a64d-4d9a-82ab-a4eed212e4b9,2023-09-16 15:24:53,2023-09-16,2023-09-17 05:24:53 +0900,Central Time (US & Canada),4780083,david4238,David Jones,2023-09-18 05:51:52 +0900,2023-09-28 14:27:46 +0900,research,NA,https://www.inaturalist.org/observations/183735523,https://static.inaturalist.org/photos/320599307/medium.jpeg,NA,NA,NA,2,0,FALSE,2,"Crosby County, US-TX, US",33.4245215997,-101.0852095997,NA,NA,NA,NA,NA,NA,open,FALSE,gps,gps,Eastern Collared Lizard,Crotaphytus collaris,Eastern Collared Lizard,Reptilia,33135
183783483,904b2420-9770-490c-b65f-f24006536490,2023/09/14 4:15 PM,2023-09-14,2023-09-15 06:15:00 +0900,Central Time (US & Canada),6536007,sandyhead,NA,2023-09-18 10:45:27 +0900,2023-09-19 22:49:28 +0900,research,CC-BY-NC,https://www.inaturalist.org/observations/183783483,https://inaturalist-open-data.s3.amazonaws.com/photos/320683586/medium.jpg,NA,NA,NA,1,0,FALSE,NA,"Briscoe County, TX, USA",34.4483944444,-101.1095555556,NA,NA,NA,NA,NA,NA,open,FALSE,NA,NA,Eastern Collared Lizard,Crotaphytus collaris,Eastern Collared Lizard,Reptilia,33135
183982609,8a97ba9b-fe69-4b62-a0a1-bb49dcbfbc6b,2023-09-16 13:00:58-05:00,2023-09-16,2023-09-17 03:00:58 +0900,Central Time (US & Canada),5303570,abby_garcia_17,abby_garcia.17,2023-09-19 23:28:25 +0900,2023-09-29 06:42:06 +0900,research,NA,https://www.inaturalist.org/observations/183982609,https://static.inaturalist.org/photos/321080055/medium.jpg,NA,NA,NA,2,0,FALSE,3,"Palo Duro Canyon State Park, Canyon, TX, US",34.9684533333,-101.6782,4,NA,NA,NA,4,NA,open,FALSE,NA,NA,Eastern Collared Lizard,Crotaphytus collaris,Eastern Collared Lizard,Reptilia,33135
184129122,53029510-49da-4ee3-ac9c-01eeae1c4536,2015/05/26,2015-05-26,NA,Central Time (US & Canada),108119,dbh,David Heckard,2023-09-21 00:36:07 +0900,2023-09-21 04:32:16 +0900,research,CC-BY-NC,https://www.inaturalist.org/observations/184129122,https://inaturalist-open-data.s3.amazonaws.com/photos/321358235/medium.jpg,NA,NA,NA,1,0,FALSE,NA,"Val Verde County, TX, USA",29.682275,-101.31667222,NA,NA,NA,NA,NA,NA,open,FALSE,NA,NA,Eastern Collared Lizard,Crotaphytus collaris,Eastern Collared Lizard,Reptilia,33135
184131097,e30085d4-d1fd-4f1b-ab89-81aba9e7d65a,2020/10/07 10:44 AM,2020-10-07,2020-10-08 00:44:00 +0900,Central Time (US & Canada),3349284,hannah_goesoutside,NA,2023-09-21 00:53:10 +0900,2023-09-21 07:27:28 +0900,research,CC-BY-NC,https://www.inaturalist.org/observations/184131097,https://inaturalist-open-data.s3.amazonaws.com/photos/321361093/medium.png,NA,NA,NA,2,0,FALSE,NA,"Canyon, TX 79015",34.9372503,-101.6589305,8337,NA,NA,NA,8337,NA,open,FALSE,NA,NA,Eastern Collared Lizard,Crotaphytus collaris,Eastern Collared Lizard,Reptilia,33135
184142450,f1975040-f248-4bfd-9300-f0f4308fe954,2023-09-20 10:06:08-05:00,2023-09-20,2023-09-21 00:06:08 +0900,Central Time (US & Canada),6816562,inmon59,NA,2023-09-21 02:19:13 +0900,2023-09-21 02:33:59 +0900,research,CC-BY-NC,https://www.inaturalist.org/observations/184142450,https://inaturalist-open-data.s3.amazonaws.com/photos/321384231/medium.jpg,NA,NA,NA,1,0,FALSE,3,"Lake Meredith National Recreation Area, Amarillo, TX, US",35.5211033333,-101.7583383333,26,NA,NA,NA,26,NA,open,FALSE,NA,NA,Eastern Collared Lizard,Crotaphytus collaris,Eastern Collared Lizard,Reptilia,33135
184758835,3472eeef-9855-47a3-99fc-0a0f3e9eef57,2023-09-21 22:17:23-05:00,2023-09-21,2023-09-22 12:17:23 +0900,Central Time (US & Canada),3584734,miaf120,NA,2023-09-25 05:37:43 +0900,2023-09-25 08:52:39 +0900,research,CC-BY-NC,https://www.inaturalist.org/observations/184758835,https://inaturalist-open-data.s3.amazonaws.com/photos/322553753/medium.jpg,NA,NA,NA,1,0,FALSE,3,"Quitaque, TX, US",34.4943780307,-101.0611556565,7970,NA,NA,NA,7970,NA,open,FALSE,NA,NA,Eastern Collared Lizard,Crotaphytus collaris,Eastern Collared Lizard,Reptilia,33135
185084430,c7339dea-663f-4c4c-86c8-3fbb04b8e047,2023-06-02 10:11:35-06:00,2023-06-02,2023-06-03 01:11:35 +0900,Mountain Time (US & Canada),5846334,soph1916,Sophia Rivera,2023-09-27 09:43:53 +0900,2023-09-27 09:45:51 +0900,research,CC-BY-NC,https://www.inaturalist.org/observations/185084430,https://inaturalist-open-data.s3.amazonaws.com/photos/323183635/medium.jpg,NA,NA,NA,1,0,FALSE,3,"Festival, El Paso, TX, US",31.9100133333,-106.5686633333,2516,NA,NA,NA,2516,NA,open,FALSE,NA,NA,Eastern Collared Lizard,Crotaphytus collaris,Eastern Collared Lizard,Reptilia,33135
185084475,6b875b06-8b6e-4538-8a41-2494801baec4,2023-05-29 12:50:03-06:00,2023-05-29,2023-05-30 03:50:03 +0900,Mountain Time (US & Canada),5846334,soph1916,Sophia Rivera,2023-09-27 09:44:27 +0900,2023-09-27 09:45:47 +0900,research,CC-BY-NC,https://www.inaturalist.org/observations/185084475,https://inaturalist-open-data.s3.amazonaws.com/photos/323183758/medium.jpg,NA,NA,NA,1,0,FALSE,3,"Franklin Mountains State Park, El Paso, TX, US",31.9310716667,-106.5127033333,138,NA,NA,NA,138,NA,open,FALSE,NA,NA,Eastern Collared Lizard,Crotaphytus collaris,Eastern Collared Lizard,Reptilia,33135
185181681,7682ee83-6f03-44a7-b1fa-39d1b57cf716,2023-09-27 14:01:36-05:00,2023-09-27,2023-09-28 04:01:36 +0900,Central Time (US & Canada),6254944,sallydivinorum,Anna Allen,2023-09-28 04:31:36 +0900,2023-10-05 09:37:21 +0900,research,CC-BY-NC,https://www.inaturalist.org/observations/185181681,https://inaturalist-open-data.s3.amazonaws.com/photos/323548140/medium.jpg,NA,NA,NA,2,0,FALSE,3,"Western Texas College, Snyder, TX, US",32.678905,-100.914025,3,NA,NA,NA,3,NA,open,FALSE,NA,NA,Eastern Collared Lizard,Crotaphytus collaris,Eastern Collared Lizard,Reptilia,33135
185374731,8b656f11-bfcf-433c-9b60-9df90eaaa5d9,2023-08-04 14:43:41-05:00,2023-08-04,2023-08-05 04:43:41 +0900,Central Time (US & Canada),3424645,jaredthompson,Jared Thompson,2023-09-29 12:47:02 +0900,2023-09-30 03:51:08 +0900,research,NA,https://www.inaturalist.org/observations/185374731,https://static.inaturalist.org/photos/323746546/medium.jpg,NA,NA,NA,1,0,FALSE,3,"Palo Duro Canyon State Park, Canyon, TX, US",34.9389883333,-101.6407866667,4,NA,NA,NA,4,NA,open,FALSE,NA,NA,Eastern Collared Lizard,Crotaphytus collaris,Eastern Collared Lizard,Reptilia,33135
185511270,a98d7881-f996-4e5d-a7eb-e9d70d8c0d08,2023/09/29 4:08 PM,2023-09-29,2023-09-30 06:08:00 +0900,Central Time (US & Canada),374229,derrell_d,Derrell T. Dixon,2023-09-30 10:32:55 +0900,2023-10-10 00:08:57 +0900,research,NA,https://www.inaturalist.org/observations/185511270,https://static.inaturalist.org/photos/323999111/medium.jpeg,NA,NA,PDCSP...Mack Dick Pavilion,1,0,FALSE,NA,"Randall County, TX, USA",34.9790485779,-101.6790699791,21,NA,NA,NA,21,NA,open,FALSE,NA,NA,Eastern Collared Lizard,Crotaphytus collaris,Eastern Collared Lizard,Reptilia,33135
185513194,4bd1f5cb-4827-4631-9fbf-cc2ba9c0c28e,2023/09/29 5:37 PM,2023-09-29,2023-09-30 07:37:00 +0900,Central Time (US & Canada),374229,derrell_d,Derrell T. Dixon,2023-09-30 10:51:30 +0900,2023-10-10 00:08:36 +0900,research,NA,https://www.inaturalist.org/observations/185513194,https://static.inaturalist.org/photos/324003347/medium.jpeg,NA,NA,PDCSP...Mack Dick Pavilion,1,0,FALSE,NA,"Randall County, TX, USA",34.9790717715,-101.6784811143,66,NA,NA,NA,66,NA,open,FALSE,NA,NA,Eastern Collared Lizard,Crotaphytus collaris,Eastern Collared Lizard,Reptilia,33135
185513196,05bc0e6d-af8c-4416-b551-ed895cd0c870,2023/09/29 5:37 PM,2023-09-29,2023-09-30 07:37:00 +0900,Central Time (US & Canada),374229,derrell_d,Derrell T. Dixon,2023-09-30 10:51:30 +0900,2023-10-10 00:08:33 +0900,research,NA,https://www.inaturalist.org/observations/185513196,https://static.inaturalist.org/photos/324003351/medium.jpeg,NA,NA,PDCSP...Mack Dick Pavilion,1,0,FALSE,NA,"Randall County, TX, USA",34.9790717715,-101.6784811143,66,NA,NA,NA,66,NA,open,FALSE,NA,NA,Eastern Collared Lizard,Crotaphytus collaris,Eastern Collared Lizard,Reptilia,33135
185513197,1991eef5-ccb5-44f8-9625-3a07dc27af8e,2023/09/29 5:41 PM,2023-09-29,2023-09-30 07:41:00 +0900,Central Time (US & Canada),374229,derrell_d,Derrell T. Dixon,2023-09-30 10:51:30 +0900,2023-10-10 00:08:31 +0900,research,NA,https://www.inaturalist.org/observations/185513197,https://static.inaturalist.org/photos/324003349/medium.jpeg,NA,NA,PDCSP...Mack Dick Pavilion,1,0,FALSE,NA,"Randall County, TX, USA",34.9790717715,-101.6784811143,66,NA,NA,NA,66,NA,open,FALSE,NA,NA,Eastern Collared Lizard,Crotaphytus collaris,Eastern Collared Lizard,Reptilia,33135
185629298,a9435339-5413-4597-9ded-8e85a6b9718e,2023-09-30 10:34:19-05:00,2023-09-30,2023-10-01 00:34:19 +0900,Central Time (US & Canada),1761780,meadowlarkmerlin,Randy Reed,2023-10-01 05:30:03 +0900,2023-10-01 14:45:38 +0900,research,NA,https://www.inaturalist.org/observations/185629298,https://static.inaturalist.org/photos/324225628/medium.jpg,NA,NA,NA,1,0,FALSE,3,"Palo Duro Canyon State Park, Canyon, TX, US",34.9803871136,-101.6815780611,408,NA,NA,NA,408,NA,open,FALSE,NA,NA,Eastern Collared Lizard,Crotaphytus collaris,Eastern Collared Lizard,Reptilia,33135
185691776,1308732c-39d8-4ed9-92eb-c3f949c15d73,2023/09/30 5:31 PM,2023-09-30,2023-10-01 07:31:00 +0900,Central Time (US & Canada),587132,sunny1az,NA,2023-10-01 14:30:44 +0900,2023-10-02 22:51:15 +0900,research,CC-BY-NC,https://www.inaturalist.org/observations/185691776,https://inaturalist-open-data.s3.amazonaws.com/photos/324350460/medium.jpg,NA,NA,NA,1,0,FALSE,NA,"Upper Canyon Trail, Caprock Canyons State Park, Briscoe County, TX, USA",34.4428620113,-101.0924157186,15,NA,NA,NA,15,NA,open,FALSE,NA,NA,Eastern Collared Lizard,Crotaphytus collaris,Eastern Collared Lizard,Reptilia,33135
185816634,a636b702-4a5b-4680-bd9f-b53edbeadc60,2023-10-01 14:17:00-05:00,2023-10-01,2023-10-02 04:17:00 +0900,Central Time (US & Canada),1645424,onemomcamping,NA,2023-10-02 07:25:43 +0900,2023-10-03 02:00:58 +0900,research,CC-BY-NC,https://www.inaturalist.org/observations/185816634,https://inaturalist-open-data.s3.amazonaws.com/photos/324596547/medium.jpg,NA,NA,NA,2,0,FALSE,3,"Palo Duro Canyon State Park, Canyon, TX, US",34.8706135489,-101.6419042647,548,NA,NA,NA,548,NA,open,FALSE,NA,NA,Eastern Collared Lizard,Crotaphytus collaris,Eastern Collared Lizard,Reptilia,33135
185848033,dec90938-666a-4643-b1e2-3d5129b17c43,2021-09-22 09:21:00,2021-09-22,2021-09-22 23:21:00 +0900,Central Time (US & Canada),7395252,bms2273,Brittney Smith,2023-10-02 11:22:03 +0900,2023-10-02 22:40:16 +0900,research,CC-BY-NC,https://www.inaturalist.org/observations/185848033,https://inaturalist-open-data.s3.amazonaws.com/photos/324654566/medium.jpeg,NA,NA,Seen at palo duro canyon,1,0,FALSE,2,"Canyon, TX 79015, USA",34.9372330984,-101.6589305922,8359,NA,NA,NA,8359,NA,open,FALSE,gps,gps,Eastern Collared Lizard,Crotaphytus collaris,Eastern Collared Lizard,Reptilia,33135
186194871,005a5086-32f5-482c-bbe2-27f54533f033,2023-10-03 13:22:52-05:00,2023-10-03,2023-10-04 03:22:52 +0900,Central Time (US & Canada),2164831,shmorris,shmorris,2023-10-05 04:19:14 +0900,2023-10-05 20:56:50 +0900,research,CC-BY-NC,https://www.inaturalist.org/observations/186194871,https://inaturalist-open-data.s3.amazonaws.com/photos/325334764/medium.jpg,NA,NA,NA,1,0,FALSE,3,"Palo Duro Canyon State Park, Canyon, TX, US",34.9766220458,-101.6796863855,596,NA,NA,NA,596,NA,open,FALSE,NA,NA,Eastern Collared Lizard,Crotaphytus collaris,Eastern Collared Lizard,Reptilia,33135
186619934,799a4230-0963-4c94-aa5c-224a9e82fb28,2023-10-07 13:18:17-05:00,2023-10-07,2023-10-08 03:18:17 +0900,Central Time (US & Canada),5303570,abby_garcia_17,abby_garcia.17,2023-10-08 08:37:57 +0900,2023-10-12 09:51:38 +0900,research,NA,https://www.inaturalist.org/observations/186619934,https://static.inaturalist.org/photos/326170093/medium.jpg,NA,NA,NA,1,0,FALSE,3,"Palo Duro Canyon State Park, Canyon, TX, US",34.96228,-101.67402,3,NA,NA,NA,3,NA,open,FALSE,NA,NA,Eastern Collared Lizard,Crotaphytus collaris,Eastern Collared Lizard,Reptilia,33135
186851766,fb6dd3e5-5d97-4d4d-97df-31d2aab6fb0e,2023-10-09 09:24:58-05:00,2023-10-09,2023-10-09 23:24:58 +0900,Central Time (US & Canada),7267404,algraff,NA,2023-10-09 23:29:40 +0900,2023-10-12 23:46:36 +0900,research,CC-BY-NC,https://www.inaturalist.org/observations/186851766,https://inaturalist-open-data.s3.amazonaws.com/photos/326630602/medium.jpg,NA,NA,NA,2,0,FALSE,3,"Guadalupe Mountains National Park, Salt Flat, TX, US",31.9083570418,-104.8032289586,24,NA,NA,NA,24,NA,open,FALSE,NA,NA,Eastern Collared Lizard,Crotaphytus collaris,Eastern Collared Lizard,Reptilia,33135
187001994,9bb0cf8f-654f-4782-9c84-b1735e6b3eae,Tue Oct 10 2023 10:39:16 GMT -0500 (CDT),2023-10-10,2023-10-11 00:39:16 +0900,Central Time (US & Canada),7361920,jlaird3,NA,2023-10-11 00:39:23 +0900,2023-10-11 22:37:38 +0900,research,CC-BY-NC,https://www.inaturalist.org/observations/187001994,https://inaturalist-open-data.s3.amazonaws.com/photos/326928701/medium.jpeg,NA,NA,NA,1,0,FALSE,333,Garden City,31.8184356689,-101.4754562378,13000,NA,NA,NA,13000,NA,open,FALSE,NA,NA,Eastern Collared Lizard,Crotaphytus collaris,Eastern Collared Lizard,Reptilia,33135
187003118,cf4a3f0f-dd92-4d29-84e6-39980692b4b1,Tue Oct 10 2023 10:39:40 GMT -0500 (CDT),2023-10-10,2023-10-11 00:39:40 +0900,Central Time (US & Canada),7361920,jlaird3,NA,2023-10-11 00:49:33 +0900,2023-10-11 02:05:17 +0900,research,CC-BY-NC,https://www.inaturalist.org/observations/187003118,https://inaturalist-open-data.s3.amazonaws.com/photos/326930813/medium.jpeg,NA,NA,NA,1,0,FALSE,333,Garden City,31.8177337646,-101.4754943848,13000,NA,NA,NA,13000,NA,open,FALSE,NA,NA,Eastern Collared Lizard,Crotaphytus collaris,Eastern Collared Lizard,Reptilia,33135
187413782,1ac6c791-e00a-418c-9a36-a418ccd92566,2023-10-13 15:08:13-05:00,2023-10-13,2023-10-14 05:08:13 +0900,Central Time (US & Canada),6496136,jordan-ntmn23,Jordan Michel,2023-10-14 06:13:16 +0900,2024-09-01 10:18:35 +0900,research,CC-BY-NC,https://www.inaturalist.org/observations/187413782,https://inaturalist-open-data.s3.amazonaws.com/photos/327742712/medium.jpg,NA,NA,NA,2,0,FALSE,3,"Palo Duro Canyon State Park, Canyon, TX, US",34.9565416667,-101.6869966667,4,NA,NA,NA,4,NA,open,FALSE,NA,NA,Eastern Collared Lizard,Crotaphytus collaris,Eastern Collared Lizard,Reptilia,33135
187706958,6ec28332-e43f-487e-91a2-2ffbc753c495,Sun Oct 15 2023 13:21:11 GMT -0500 (CDT),2023-10-15,2023-10-16 03:21:11 +0900,Central Time (US & Canada),4706807,kremyd,NA,2023-10-16 08:01:01 +0900,2023-10-18 00:33:33 +0900,research,CC-BY-NC,https://www.inaturalist.org/observations/187706958,https://inaturalist-open-data.s3.amazonaws.com/photos/328325610/medium.jpeg,NA,NA,NA,1,0,FALSE,333,Canyon,34.9519538879,-101.6731338501,NA,NA,NA,NA,NA,NA,open,FALSE,NA,NA,Eastern Collared Lizard,Crotaphytus collaris,Eastern Collared Lizard,Reptilia,33135
187833802,3b0c72d0-cfb9-47a3-afbf-ca3a33d4733e,2023/10/16 2:39 PM,2023-10-16,2023-10-17 04:39:00 +0900,Central Time (US & Canada),374229,derrell_d,Derrell T. Dixon,2023-10-17 07:35:14 +0900,2023-10-18 01:20:49 +0900,research,NA,https://www.inaturalist.org/observations/187833802,https://static.inaturalist.org/photos/328577181/medium.jpeg,NA,NA,PDCSP...Mack Dick Pavilion,2,0,FALSE,NA,"Randall County, TX, USA",34.9791509254,-101.6792412938,35,NA,NA,NA,35,NA,open,FALSE,NA,NA,Eastern Collared Lizard,Crotaphytus collaris,Eastern Collared Lizard,Reptilia,33135
187970063,362de8ac-0919-47d7-8bf2-c53298ff2b41,2023/10/17 3:33 PM,2023-10-17,2023-10-18 05:33:00 +0900,Central Time (US & Canada),374229,derrell_d,Derrell T. Dixon,2023-10-18 09:48:22 +0900,2023-10-19 02:33:19 +0900,research,NA,https://www.inaturalist.org/observations/187970063,https://static.inaturalist.org/photos/328841285/medium.jpeg,NA,NA,PDCSP...Mack Dick Pavilion,1,0,FALSE,NA,"Randall County, TX, USA",34.9791700403,-101.6792703601,20,NA,NA,NA,20,NA,open,FALSE,NA,NA,Eastern Collared Lizard,Crotaphytus collaris,Eastern Collared Lizard,Reptilia,33135
187970064,e19db2f0-05dc-494a-998d-c4cbe94d5f82,2023/10/17 4:09 PM,2023-10-17,2023-10-18 06:09:00 +0900,Central Time (US & Canada),374229,derrell_d,Derrell T. Dixon,2023-10-18 09:48:22 +0900,2023-10-19 02:33:17 +0900,research,NA,https://www.inaturalist.org/observations/187970064,https://static.inaturalist.org/photos/328841286/medium.jpeg,NA,NA,PDCSP...Mack Dick Pavilion,1,0,FALSE,NA,"Randall County, TX, USA",34.9789985672,-101.6785980919,41,NA,NA,NA,41,NA,open,FALSE,NA,NA,Eastern Collared Lizard,Crotaphytus collaris,Eastern Collared Lizard,Reptilia,33135
187970065,556b6629-76ec-4511-b411-2ba640f4c141,2023/10/17 4:30 PM,2023-10-17,2023-10-18 06:30:00 +0900,Central Time (US & Canada),374229,derrell_d,Derrell T. Dixon,2023-10-18 09:48:22 +0900,2023-10-19 02:33:15 +0900,research,NA,https://www.inaturalist.org/observations/187970065,https://static.inaturalist.org/photos/328841284/medium.jpeg,NA,NA,PDCSP...Cow Camp Cabins,1,0,FALSE,NA,"Randall County, TX, USA",34.9360312228,-101.6392921244,47,NA,NA,NA,47,NA,open,FALSE,NA,NA,Eastern Collared Lizard,Crotaphytus collaris,Eastern Collared Lizard,Reptilia,33135
187970069,0f56a5e8-0349-41a5-8048-c76f7c9ad785,2023/10/17 4:37 PM,2023-10-17,2023-10-18 06:37:00 +0900,Central Time (US & Canada),374229,derrell_d,Derrell T. Dixon,2023-10-18 09:48:23 +0900,2023-10-19 02:33:11 +0900,research,NA,https://www.inaturalist.org/observations/187970069,https://static.inaturalist.org/photos/328841301/medium.jpeg,NA,NA,PDCSP...Mesquite Camp Area,1,0,FALSE,NA,"Randall County, TX, USA",34.9345401713,-101.6361345229,50,NA,NA,NA,50,NA,open,FALSE,NA,NA,Eastern Collared Lizard,Crotaphytus collaris,Eastern Collared Lizard,Reptilia,33135
188070285,06f589dd-0821-433b-bd5b-fdf0761c6252,2023/10/18 1:15 PM,2023-10-18,2023-10-19 03:15:00 +0900,Central Time (US & Canada),374229,derrell_d,Derrell T. Dixon,2023-10-19 06:26:05 +0900,2023-10-20 22:56:56 +0900,research,NA,https://www.inaturalist.org/observations/188070285,https://static.inaturalist.org/photos/329046115/medium.jpeg,NA,NA,PDCSP...Mack Dick Pavilion,4,0,FALSE,NA,"Randall County, TX, USA",34.9790359816,-101.679033375,22,NA,NA,NA,22,NA,open,FALSE,NA,NA,Eastern Collared Lizard,Crotaphytus collaris,Eastern Collared Lizard,Reptilia,33135
188318369,a6dc050b-603c-4749-bb89-9d65fa91d262,2023/10/20 1:55 PM,2023-10-20,2023-10-21 03:55:00 +0900,Central Time (US & Canada),374229,derrell_d,Derrell T. Dixon,2023-10-21 08:53:35 +0900,2023-10-22 02:06:30 +0900,research,NA,https://www.inaturalist.org/observations/188318369,https://static.inaturalist.org/photos/329564018/medium.jpeg,NA,NA,PDCSP,1,0,FALSE,NA,"Randall County, TX, USA",34.9839144998,-101.6918817545,12,NA,NA,NA,12,NA,open,FALSE,NA,NA,Eastern Collared Lizard,Crotaphytus collaris,Eastern Collared Lizard,Reptilia,33135
188318372,a010ca0e-325d-4997-8eda-b3350986ab6e,2023/10/20 1:56 PM,2023-10-20,2023-10-21 03:56:00 +0900,Central Time (US & Canada),374229,derrell_d,Derrell T. Dixon,2023-10-21 08:53:36 +0900,2023-10-22 02:06:26 +0900,research,NA,https://www.inaturalist.org/observations/188318372,https://static.inaturalist.org/photos/329564032/medium.jpeg,NA,NA,PDCSP,1,0,FALSE,NA,"Randall County, TX, USA",34.9839008868,-101.6919006117,9,NA,NA,NA,9,NA,open,FALSE,NA,NA,Eastern Collared Lizard,Crotaphytus collaris,Eastern Collared Lizard,Reptilia,33135
188336082,0613da88-2e5d-4e0f-98b8-694af8dafdb1,2023-10-08 12:33:56-05:00,2023-10-08,2023-10-09 02:33:56 +0900,Central Time (US & Canada),6801134,pindio,NA,2023-10-21 12:19:12 +0900,2024-02-19 09:16:39 +0900,research,CC-BY-NC,https://www.inaturalist.org/observations/188336082,https://inaturalist-open-data.s3.amazonaws.com/photos/329605729/medium.jpg,NA,NA,NA,2,0,FALSE,3,"Caprock Canyons State Park & Trailway, Silverton, TX, US",34.4493010256,-101.0368564267,2977,NA,NA,NA,2977,NA,open,FALSE,NA,NA,Eastern Collared Lizard,Crotaphytus collaris,Eastern Collared Lizard,Reptilia,33135
188584465,8797e7b6-dbe7-4445-afaa-3f76101ef92b,2023/10/22 12:57 PM,2023-10-22,2023-10-23 02:57:00 +0900,Central Time (US & Canada),374229,derrell_d,Derrell T. Dixon,2023-10-23 07:07:42 +0900,2023-10-24 01:49:46 +0900,research,NA,https://www.inaturalist.org/observations/188584465,https://static.inaturalist.org/photos/330107245/medium.jpeg,NA,NA,PDCSP...Cow Camp Cabins,2,0,FALSE,NA,"Randall County, TX, USA",34.9360887533,-101.6392973339,18,NA,NA,NA,18,NA,open,FALSE,NA,NA,Eastern Collared Lizard,Crotaphytus collaris,Eastern Collared Lizard,Reptilia,33135
188584466,4671e967-fc1c-42b2-b496-b50da69dfc46,2023/10/22 1:05 PM,2023-10-22,2023-10-23 03:05:00 +0900,Central Time (US & Canada),374229,derrell_d,Derrell T. Dixon,2023-10-23 07:07:42 +0900,2023-10-24 01:49:52 +0900,research,NA,https://www.inaturalist.org/observations/188584466,https://static.inaturalist.org/photos/330107270/medium.jpeg,NA,NA,PDCSP...Mesquite Camp Area,2,0,FALSE,NA,"Randall County, TX, USA",34.9343216404,-101.6359917098,8,NA,NA,NA,8,NA,open,FALSE,NA,NA,Eastern Collared Lizard,Crotaphytus collaris,Eastern Collared Lizard,Reptilia,33135
188586424,398e19dd-df6a-477a-a136-b67d84b7a329,2023/10/22 2:15 PM,2023-10-22,2023-10-23 04:15:00 +0900,Central Time (US & Canada),374229,derrell_d,Derrell T. Dixon,2023-10-23 07:22:28 +0900,2023-10-23 07:43:05 +0900,research,NA,https://www.inaturalist.org/observations/188586424,https://static.inaturalist.org/photos/330111774/medium.jpeg,NA,NA,"PDCSP...Mack Dick Pavilion

",1,0,FALSE,NA,"Randall County, TX, USA",34.9789707398,-101.6786152179,26,NA,NA,NA,26,NA,open,FALSE,NA,NA,Eastern Collared Lizard,Crotaphytus collaris,Eastern Collared Lizard,Reptilia,33135
188840955,01caa46d-38c1-4e70-8fa5-58142c2a1d25,2023-10-24 15:58:51,2023-10-24,2023-10-25 05:58:51 +0900,Central Time (US & Canada),374229,derrell_d,Derrell T. Dixon,2023-10-25 08:49:50 +0900,2023-10-25 22:23:53 +0900,research,NA,https://www.inaturalist.org/observations/188840955,https://static.inaturalist.org/photos/330635825/medium.jpeg,NA,NA,NA,3,0,FALSE,2,"Canyon, TX 79015, USA",34.9623555556,-101.6738916667,27,NA,NA,NA,27,NA,open,FALSE,gps,gps,Eastern Collared Lizard,Crotaphytus collaris,Eastern Collared Lizard,Reptilia,33135
188937059,794211bd-1e0d-4d1a-bec1-6807ed4c5211,2023/10/25 12:10 PM,2023-10-25,2023-10-26 02:10:00 +0900,Central Time (US & Canada),374229,derrell_d,Derrell T. Dixon,2023-10-26 05:47:31 +0900,2023-10-26 06:35:35 +0900,research,NA,https://www.inaturalist.org/observations/188937059,https://static.inaturalist.org/photos/330829478/medium.jpeg,NA,NA,PDCSP...Mesquite Camp Area,3,0,FALSE,NA,"Randall County, TX, USA",34.9343485598,-101.636076264,10,NA,NA,NA,10,NA,open,FALSE,NA,NA,Eastern Collared Lizard,Crotaphytus collaris,Eastern Collared Lizard,Reptilia,33135
188939764,d4034de7-b71d-47ef-8f16-4a9d136141dc,2023-10-25 13:30:04,2023-10-25,2023-10-26 03:30:04 +0900,Central Time (US & Canada),374229,derrell_d,Derrell T. Dixon,2023-10-26 06:12:51 +0900,2023-10-26 06:34:11 +0900,research,NA,https://www.inaturalist.org/observations/188939764,https://static.inaturalist.org/photos/330835505/medium.jpeg,NA,NA,PDCSP...Upper Comanche Trail,1,0,FALSE,2,"TIMBERCRK CYN, TX 79118, USA",34.981875,-101.6729777778,50,NA,NA,NA,50,NA,open,FALSE,gps,gps,Eastern Collared Lizard,Crotaphytus collaris,Eastern Collared Lizard,Reptilia,33135
189055123,0eaf57ab-5bcc-4b4c-8714-253f997999cb,2023/10/26 2:25 PM,2023-10-26,2023-10-27 04:25:00 +0900,Central Time (US & Canada),374229,derrell_d,Derrell T. Dixon,2023-10-27 06:53:45 +0900,2023-10-27 07:45:53 +0900,research,NA,https://www.inaturalist.org/observations/189055123,https://static.inaturalist.org/photos/331068327/medium.jpeg,NA,NA,PDCSP...Mesquite Camp Area,1,0,FALSE,NA,"Randall County, TX, USA",34.9343757954,-101.6361706154,15,NA,NA,NA,15,NA,open,FALSE,NA,NA,Eastern Collared Lizard,Crotaphytus collaris,Eastern Collared Lizard,Reptilia,33135
189305394,370a4391-f65f-4bba-a2eb-bbfb06347c07,2023/10/16 5:28 PM,2023-10-16,2023-10-17 07:28:00 +0900,Central Time (US & Canada),4060861,jellyfishmambo,🐦‍⬛ Randolph (Randy) King 🐦‍⬛,2023-10-29 11:51:49 +0900,2023-11-02 07:56:16 +0900,research,CC-BY-NC,https://www.inaturalist.org/observations/189305394,https://inaturalist-open-data.s3.amazonaws.com/photos/331582041/medium.jpeg,NA,NA,NA,1,0,FALSE,NA,"777 State Hwy Park Rd 62, Quanah, TX 79252, USA",34.1124143,-99.7506301,2582,NA,NA,NA,2582,NA,open,FALSE,NA,NA,Eastern Collared Lizard,Crotaphytus collaris,Eastern Collared Lizard,Reptilia,33135
189801863,9df35374-ad76-4a50-ac0e-2b0489233291,2023-11-02 15:48:38,2023-11-02,2023-11-03 05:48:38 +0900,Central Time (US & Canada),374229,derrell_d,Derrell T. Dixon,2023-11-03 08:20:09 +0900,2023-11-03 09:45:48 +0900,research,NA,https://www.inaturalist.org/observations/189801863,https://static.inaturalist.org/photos/332591601/medium.jpeg,NA,NA,PDCSP...CCC Trail,1,0,FALSE,2,"Canyon, TX 79015, USA",34.982325,-101.6879666667,22,NA,NA,NA,22,NA,open,FALSE,gps,gps,Eastern Collared Lizard,Crotaphytus collaris,Eastern Collared Lizard,Reptilia,33135
189905556,cf307dd4-167d-4f49-a22e-999ab2c5500d,2023/11/03 4:27 PM,2023-11-03,2023-11-04 06:27:00 +0900,Central Time (US & Canada),374229,derrell_d,Derrell T. Dixon,2023-11-04 09:16:53 +0900,2023-11-04 11:03:23 +0900,research,NA,https://www.inaturalist.org/observations/189905556,https://static.inaturalist.org/photos/332787718/medium.jpeg,NA,NA,PDCSP...Mesquite Camp Area,2,0,FALSE,NA,"Randall County, TX, USA",34.9352998873,-101.6359425158,64,NA,NA,NA,64,NA,open,FALSE,NA,NA,Eastern Collared Lizard,Crotaphytus collaris,Eastern Collared Lizard,Reptilia,33135
189982073,91fea624-f97d-4f3d-815a-9130d8c93f34,2023-11-04 13:55:20,2023-11-04,2023-11-05 03:55:20 +0900,Central Time (US & Canada),556308,breenabotanizes,Breena Riley,2023-11-05 03:56:10 +0900,2023-12-18 03:14:27 +0900,research,CC-BY-NC,https://www.inaturalist.org/observations/189982073,https://inaturalist-open-data.s3.amazonaws.com/photos/332944021/medium.jpeg,NA,NA,NA,3,0,FALSE,2,"Randall County, US-TX, US",34.9587603033,-101.6876426339,8,NA,NA,NA,8,NA,open,FALSE,NA,NA,Eastern Collared Lizard,Crotaphytus collaris,Eastern Collared Lizard,Reptilia,33135
190171818,e21d109b-a293-48da-80b9-f75164c89a86,2023-11-04,2023-11-04,NA,Central Time (US & Canada),4058142,christopherbentley04,Chris Bentley,2023-11-06 12:55:27 +0900,2023-12-17 07:24:49 +0900,research,CC-BY-NC,https://www.inaturalist.org/observations/190171818,https://inaturalist-open-data.s3.amazonaws.com/photos/333295478/medium.jpeg,NA,NA,Lifer,2,0,FALSE,2,"Texas, US",29.8378755476,-101.0896219814,64790,NA,NA,NA,64790,obscured,open,TRUE,NA,NA,Eastern Collared Lizard,Crotaphytus collaris,Eastern Collared Lizard,Reptilia,33135
190171834,fbd41bbb-244c-47c8-aef6-cdf22bedadd5,2023-11-04,2023-11-04,NA,Central Time (US & Canada),4058142,christopherbentley04,Chris Bentley,2023-11-06 12:55:34 +0900,2023-12-17 07:24:34 +0900,research,CC-BY-NC,https://www.inaturalist.org/observations/190171834,https://inaturalist-open-data.s3.amazonaws.com/photos/333295494/medium.jpeg,NA,NA,NA,2,0,FALSE,2,"Texas, US",29.9073158371,-101.0223355524,64790,NA,NA,NA,64790,obscured,open,TRUE,gps,gps,Eastern Collared Lizard,Crotaphytus collaris,Eastern Collared Lizard,Reptilia,33135
190264245,8029fe62-8d3b-4133-bd15-970d8ad4d82b,2015/06/16 1:56 PM,2015-06-16,2015-06-17 03:56:00 +0900,Central Time (US & Canada),25150,jakescott,Jake Scott,2023-11-07 10:24:23 +0900,2023-11-08 06:34:06 +0900,research,CC-BY-NC,https://www.inaturalist.org/observations/190264245,https://static.inaturalist.org/photos/333486944/medium.jpeg,NA,NA,NA,1,0,FALSE,NA,"Brewster County, US-TX, US",29.5343986826,-103.5599232695,8,NA,NA,NA,29483,obscured,open,TRUE,NA,NA,Eastern Collared Lizard,Crotaphytus collaris,Eastern Collared Lizard,Reptilia,33135
190348498,80596c58-dbb4-4989-97aa-c95fd525bc53,2023/11/07 1:59 PM,2023-11-07,2023-11-08 04:59:00 +0900,Central Time (US & Canada),207528,sapperdan,NA,2023-11-08 07:30:37 +0900,2023-11-18 11:46:58 +0900,research,CC-BY-NC,https://www.inaturalist.org/observations/190348498,https://inaturalist-open-data.s3.amazonaws.com/photos/333659182/medium.jpg,NA,NA,NA,4,0,FALSE,NA,"5600 FM1670, Belton, TX 76513, USA",31.0202396,-97.5287525,198,NA,NA,NA,198,NA,open,FALSE,NA,NA,Eastern Collared Lizard,Crotaphytus collaris,Eastern Collared Lizard,Reptilia,33135
191468037,265ff98a-546a-403e-87d9-f3b182a9aae6,2023-11-17 17:30:17-06:00,2023-11-17,2023-11-18 08:30:17 +0900,Central Time (US & Canada),1044550,chrischuck,chris chuck,2023-11-19 22:33:36 +0900,2023-11-21 00:19:58 +0900,research,NA,https://www.inaturalist.org/observations/191468037,https://static.inaturalist.org/photos/335901158/medium.jpg,NA,NA,NA,1,0,FALSE,3,"Kickapoo Cavern State Park, Brackettville, TX, US",29.6086916667,-100.4590833333,12,NA,NA,NA,12,NA,open,FALSE,NA,NA,Eastern Collared Lizard,Crotaphytus collaris,Eastern Collared Lizard,Reptilia,33135
192354335,0a5f9109-e3cb-4863-b88a-f59d38ed5512,2022-11-23 16:45:10,2022-11-23,2022-11-24 07:45:10 +0900,Central Time (US & Canada),7216325,hetpe3b,NA,2023-11-28 02:20:04 +0900,2023-11-28 16:20:12 +0900,research,CC-BY-NC,https://www.inaturalist.org/observations/192354335,https://inaturalist-open-data.s3.amazonaws.com/photos/337655715/medium.jpeg,NA,NA,NA,2,0,FALSE,2,"Brewster County, TX, USA",29.0634073429,-103.1151648983,225,NA,NA,NA,225,NA,open,FALSE,gps,gps,Eastern Collared Lizard,Crotaphytus collaris,Eastern Collared Lizard,Reptilia,33135
195110841,5932576e-194c-424f-8f5b-e8d59993fedc,2019/08/04 1:08 AM,2019-08-04,2019-08-04 16:08:00 +0900,Mountain Time (US & Canada),7399277,backyardfieldguides,BackyardFieldGuides,2023-12-29 06:58:22 +0900,2023-12-30 00:29:34 +0900,research,CC-BY-NC,https://www.inaturalist.org/observations/195110841,https://inaturalist-open-data.s3.amazonaws.com/photos/343130955/medium.jpeg,NA,NA,NA,1,0,FALSE,NA,"Franklin Mountains, El Paso, TX 79904, USA",31.9028821,-106.4938773,196,NA,NA,NA,196,NA,open,FALSE,NA,NA,Eastern Collared Lizard,Crotaphytus collaris,Eastern Collared Lizard,Reptilia,33135
196841246,73605019-d6ac-4485-8de7-e1cb5b56faca,2016/08/16 11:07 AM,2016-08-16,2016-08-17 01:07:00 +0900,Central Time (US & Canada),276619,eleodes,Nancy McIntyre,2024-01-16 23:54:08 +0900,2025-01-24 12:05:08 +0900,research,CC-BY-NC,https://www.inaturalist.org/observations/196841246,https://inaturalist-open-data.s3.amazonaws.com/photos/346534355/medium.jpeg,NA,NA,NA,2,0,FALSE,NA,"Palo Duro Canyon State Park, Canyon, TX 79015, USA",34.9372503,-101.6589305,5391,NA,NA,NA,5391,NA,open,FALSE,NA,NA,Eastern Collared Lizard,Crotaphytus collaris,Eastern Collared Lizard,Reptilia,33135
196969489,bce20ba1-2f00-4415-b896-ef59d7570711,1978/05/13,1978-05-13,NA,Central Time (US & Canada),27047,gcwarbler,Chuck Sexton,2024-01-18 14:27:55 +0900,2024-03-03 03:49:03 +0900,research,CC0,https://www.inaturalist.org/observations/196969489,https://inaturalist-open-data.s3.amazonaws.com/photos/346795853/medium.jpg,NA,NA,NA,2,0,FALSE,NA,"Smith Spring, Guadalupe Mts. NP, Culberson Co., TX",31.9180166787,-104.8064617945,200,NA,NA,NA,200,NA,open,FALSE,NA,NA,Eastern Collared Lizard,Crotaphytus collaris,Eastern Collared Lizard,Reptilia,33135
197752335,18980cf0-c036-44d8-a5cd-90a98c84cf8d,2021-03-28 14:45:50-05:00,2021-03-28,2021-03-29 04:45:50 +0900,Central Time (US & Canada),7754867,madeleinefonteneau,NA,2024-01-28 11:18:40 +0900,2024-02-03 23:52:13 +0900,research,CC-BY-NC,https://www.inaturalist.org/observations/197752335,https://inaturalist-open-data.s3.amazonaws.com/photos/348373724/medium.jpg,NA,NA,NA,2,0,FALSE,3,"County Road 301, Burnet, TX, US",30.7435647351,-98.38826625,1492,NA,NA,NA,1492,NA,open,FALSE,NA,NA,Eastern Collared Lizard,Crotaphytus collaris,Eastern Collared Lizard,Reptilia,33135
197752402,fb31cb03-d3ea-4f33-a34e-cb1430f134bd,2021-03-28 14:45:52-05:00,2021-03-28,2021-03-29 04:45:52 +0900,Central Time (US & Canada),7754867,madeleinefonteneau,NA,2024-01-28 11:19:34 +0900,2024-01-28 16:29:35 +0900,research,CC-BY-NC,https://www.inaturalist.org/observations/197752402,https://inaturalist-open-data.s3.amazonaws.com/photos/348373860/medium.jpg,NA,NA,NA,1,0,FALSE,3,"County Road 301, Burnet, TX, US",30.74356555,-98.38826625,1493,NA,NA,NA,1493,NA,open,FALSE,NA,NA,Eastern Collared Lizard,Crotaphytus collaris,Eastern Collared Lizard,Reptilia,33135
200145661,c4f3c526-a9da-4d64-8c55-cb1255342d60,2024/02/21 1:50 PM,2024-02-21,2024-02-22 04:50:00 +0900,Central Time (US & Canada),5148286,rngrben,Ben Horstmann,2024-02-23 11:23:44 +0900,2024-02-24 11:08:01 +0900,research,CC-BY-NC,https://www.inaturalist.org/observations/200145661,https://inaturalist-open-data.s3.amazonaws.com/photos/353061854/medium.jpeg,NA,NA,NA,1,0,FALSE,NA,"Burnet County, TX, USA",30.7479641903,-98.3591707292,15,NA,NA,NA,15,NA,open,FALSE,NA,NA,Eastern Collared Lizard,Crotaphytus collaris,Eastern Collared Lizard,Reptilia,33135
202060146,94bf248f-eaef-47b0-8de8-481476e0a9d1,2024-03-11 10:21:00-06:00,2024-03-11,2024-03-12 01:21:00 +0900,Central Time (US & Canada),1897448,sam_dragon-moore,Sam Dragon-Moore,2024-03-12 01:21:56 +0900,2024-03-12 04:26:43 +0900,research,CC-BY-NC,https://www.inaturalist.org/observations/202060146,https://inaturalist-open-data.s3.amazonaws.com/photos/356792770/medium.jpg,NA,NA,NA,1,0,FALSE,3,"Valley Spring Creek Trail, Burnet, TX, US",30.747743874,-98.3585471953,77,NA,NA,NA,77,NA,open,FALSE,NA,NA,Eastern Collared Lizard,Crotaphytus collaris,Eastern Collared Lizard,Reptilia,33135
202343215,f877653a-f2c1-4d92-8182-74832a650911,2024-03-09 14:03:06-06:00,2024-03-09,2024-03-10 05:03:06 +0900,Central Time (US & Canada),3410423,ian537,Ian Meloni,2024-03-14 08:45:32 +0900,2025-02-24 12:09:08 +0900,research,NA,https://www.inaturalist.org/observations/202343215,https://static.inaturalist.org/photos/357346112/medium.jpg,NA,NA,NA,1,0,FALSE,3,"Sonora, TX, US",30.25588,-100.5774783333,4,NA,NA,NA,4,NA,open,FALSE,NA,NA,Eastern Collared Lizard,Crotaphytus collaris,Eastern Collared Lizard,Reptilia,33135
202347930,05b3d128-5610-4dd9-bd30-4cd15b3aec13,2024-03-12 10:50:10-05:00,2024-03-12,2024-03-13 00:50:10 +0900,Central Time (US & Canada),3410423,ian537,Ian Meloni,2024-03-14 09:31:19 +0900,2024-03-22 04:36:13 +0900,research,NA,https://www.inaturalist.org/observations/202347930,https://static.inaturalist.org/photos/357355164/medium.jpg,NA,NA,NA,2,0,FALSE,3,"Val Verde County, US-TX, US",29.7117808435,-101.2546036477,4,"Seminole Canyon State Park & Historic Site, Ozona, TX, US",29.683155,-101.30883,29458,obscured,open,TRUE,NA,NA,Eastern Collared Lizard,Crotaphytus collaris,Eastern Collared Lizard,Reptilia,33135
202348269,2c72ef05-86f8-4336-bf66-87128b8e7c6a,2024-03-12 11:01:03-05:00,2024-03-12,2024-03-13 01:01:03 +0900,Central Time (US & Canada),3410423,ian537,Ian Meloni,2024-03-14 09:35:45 +0900,2024-03-22 04:36:10 +0900,research,NA,https://www.inaturalist.org/observations/202348269,https://static.inaturalist.org/photos/357355887/medium.jpg,NA,NA,NA,3,0,FALSE,3,"Val Verde County, US-TX, US",29.7620033744,-101.2040961115,3,"Seminole Canyon State Park & Historic Site, Ozona, TX, US",29.6820533333,-101.3108883333,29458,obscured,open,TRUE,NA,NA,Eastern Collared Lizard,Crotaphytus collaris,Eastern Collared Lizard,Reptilia,33135
202457549,877a3e3f-d54e-4ab4-82cc-45ea959ac73c,2023/03/30 3:46 PM,2023-03-30,2023-03-31 05:46:00 +0900,Central Time (US & Canada),10601,fishesoftexas,Fishes of Texas team,2024-03-15 07:07:37 +0900,2024-03-15 07:21:21 +0900,research,CC-BY-SA,https://www.inaturalist.org/observations/202457549,https://inaturalist-open-data.s3.amazonaws.com/photos/357559625/medium.jpeg,NA,NA,NA,1,0,FALSE,NA,"Crockett County, TX, USA",30.9806166667,-101.9750633333,NA,NA,NA,NA,NA,NA,open,FALSE,NA,NA,Eastern Collared Lizard,Crotaphytus collaris,Eastern Collared Lizard,Reptilia,33135
203673924,18aa8c0d-ee0e-4575-ae44-d7f224c18260,2024-03-23 16:14:45-05:00,2024-03-23,2024-03-24 06:14:45 +0900,Central Time (US & Canada),7709264,sethshively,Seth Shively,2024-03-24 09:54:43 +0900,2025-01-20 11:07:08 +0900,research,CC-BY-NC,https://www.inaturalist.org/observations/203673924,https://inaturalist-open-data.s3.amazonaws.com/photos/359889490/medium.jpg,NA,NA,NA,1,0,FALSE,3,"Connecting Trail, Burnet, TX, US",30.7251728874,-98.3668806701,73,NA,NA,NA,73,NA,open,FALSE,NA,NA,Eastern Collared Lizard,Crotaphytus collaris,Eastern Collared Lizard,Reptilia,33135
203674292,bb38291f-9960-4bad-b6f6-137da01d61b4,2024-03-23 13:54:42-05:00,2024-03-23,2024-03-24 03:54:42 +0900,Central Time (US & Canada),7709264,sethshively,Seth Shively,2024-03-24 09:57:41 +0900,2025-01-20 11:07:05 +0900,research,CC-BY-NC,https://www.inaturalist.org/observations/203674292,https://inaturalist-open-data.s3.amazonaws.com/photos/359890032/medium.jpg,NA,NA,NA,1,0,FALSE,3,"Valley Spring Creek Trail, Burnet, TX, US",30.7480932658,-98.3586977168,45,NA,NA,NA,45,NA,open,FALSE,NA,NA,Eastern Collared Lizard,Crotaphytus collaris,Eastern Collared Lizard,Reptilia,33135
203687613,7c0d30bf-2177-4d3e-a023-74a3c889e287,2024/03/23 2:20 PM,2024-03-23,2024-03-24 04:20:00 +0900,Central Time (US & Canada),964743,franpfer,Frances,2024-03-24 12:05:32 +0900,2025-01-20 11:07:00 +0900,research,NA,https://www.inaturalist.org/observations/203687613,https://static.inaturalist.org/photos/359917113/medium.jpeg,NA,NA,sluggish today.,1,0,FALSE,NA,"Burnet County, TX, USA",30.7481058333,-98.3577263889,NA,NA,NA,NA,NA,NA,open,FALSE,NA,NA,Eastern Collared Lizard,Crotaphytus collaris,Eastern Collared Lizard,Reptilia,33135
204215660,2893c276-1d9c-454f-ba06-7dbbf9bf3200,2024-03-25 13:44:59-05:00,2024-03-25,2024-03-26 03:44:59 +0900,Central Time (US & Canada),1682310,miniac,Deb Peak,2024-03-28 10:14:13 +0900,2025-01-20 11:06:50 +0900,research,CC-BY-NC,https://www.inaturalist.org/observations/204215660,https://inaturalist-open-data.s3.amazonaws.com/photos/360929331/medium.jpg,NA,NA,NA,1,0,FALSE,3,"Valley Spring Creek Trail, Burnet, TX, US",30.7476616667,-98.3589783333,4,NA,NA,NA,4,NA,open,FALSE,NA,NA,Eastern Collared Lizard,Crotaphytus collaris,Eastern Collared Lizard,Reptilia,33135
204316203,8039db0e-04e9-43d3-8e69-2d06c61f5a31,2024-03-28 15:43:09-05:00,2024-03-28,2024-03-29 05:43:09 +0900,Central Time (US & Canada),206492,wild-about-texas,Michael Price,2024-03-29 06:42:28 +0900,2024-04-01 11:53:27 +0900,research,CC-BY-NC,https://www.inaturalist.org/observations/204316203,https://inaturalist-open-data.s3.amazonaws.com/photos/361179769/medium.jpg,NA,NA,NA,4,0,FALSE,3,"Big Bend National Park, Brewster County, US-TX, US",29.1577412049,-103.4769596067,3,NA,NA,NA,3,NA,open,FALSE,NA,NA,Eastern Collared Lizard,Crotaphytus collaris,Eastern Collared Lizard,Reptilia,33135
204609221,3e91aa72-6905-4cb0-8d34-1e857baa319a,2024-03-30 12:22:57-05:00,2024-03-30,2024-03-31 02:22:57 +0900,Central Time (US & Canada),6056023,chadohiobirder,Presley James Riggs,2024-03-31 04:45:08 +0900,2024-03-31 05:03:14 +0900,research,CC-BY-NC,https://www.inaturalist.org/observations/204609221,https://inaturalist-open-data.s3.amazonaws.com/photos/361678277/medium.jpg,NA,NA,NA,1,0,FALSE,3,"Palo Duro Canyon State Park, Canyon, TX, US",34.9420133333,-101.6507333333,9,NA,NA,NA,9,NA,open,FALSE,NA,NA,Eastern Collared Lizard,Crotaphytus collaris,Eastern Collared Lizard,Reptilia,33135
204619054,a7e086e4-6d22-4e07-b71a-31baf59ff573,2024-03-30 14:55:57-05:00,2024-03-30,2024-03-31 04:55:57 +0900,Central Time (US & Canada),7175601,micah_shively,Micah Shively,2024-03-31 05:37:09 +0900,2025-01-20 11:06:41 +0900,research,CC-BY-NC,https://www.inaturalist.org/observations/204619054,https://inaturalist-open-data.s3.amazonaws.com/photos/361696147/medium.jpg,NA,NA,NA,1,0,FALSE,3,"Valley Spring Creek Trail, Burnet, TX, US",30.7481896741,-98.3578217816,62,NA,NA,NA,62,NA,open,FALSE,NA,NA,Eastern Collared Lizard,Crotaphytus collaris,Eastern Collared Lizard,Reptilia,33135
205319506,f5529592-c953-4775-9a39-5d1ec4900457,2023-10-02 10:46:59-05:00,2023-10-02,2023-10-03 00:46:59 +0900,Central Time (US & Canada),2369245,cjspice,NA,2024-04-04 11:12:32 +0900,2024-04-11 11:42:05 +0900,research,CC-BY-NC,https://www.inaturalist.org/observations/205319506,https://inaturalist-open-data.s3.amazonaws.com/photos/363029374/medium.jpg,NA,NA,NA,1,0,FALSE,3,"Palo Duro Canyon State Park, Canyon, TX, US",34.9477214468,-101.6481318566,6,NA,NA,NA,6,NA,open,FALSE,NA,NA,Eastern Collared Lizard,Crotaphytus collaris,Eastern Collared Lizard,Reptilia,33135
205561655,51d9f26c-affc-4f46-957f-e32dcf98782d,2024-04-05 14:46:49-05:00,2024-04-05,2024-04-06 04:46:49 +0900,Central Time (US & Canada),7527746,dw62197,Dana Wheeless,2024-04-06 05:01:44 +0900,2024-04-06 06:26:54 +0900,research,NA,https://www.inaturalist.org/observations/205561655,https://static.inaturalist.org/photos/363484597/medium.jpg,NA,NA,NA,1,0,FALSE,3,"Brownwood, TX, US",31.6122333333,-98.9237283333,4,NA,NA,NA,4,NA,open,FALSE,NA,NA,Eastern Collared Lizard,Crotaphytus collaris,Eastern Collared Lizard,Reptilia,33135
206240200,bb17d8e5-bf71-4f68-a302-3225d96de8e5,2024/04/08 2:21 PM,2024-04-08,2024-04-09 04:21:00 +0900,Central Time (US & Canada),268486,brooksy,Jason Brooks,2024-04-09 22:10:57 +0900,2024-04-10 17:30:14 +0900,research,NA,https://www.inaturalist.org/observations/206240200,https://static.inaturalist.org/photos/364755770/medium.jpeg,NA,NA,NA,1,0,FALSE,NA,"Upton County, TX, USA",31.3661403737,-102.2319793499,8,NA,NA,NA,8,NA,open,FALSE,NA,NA,Eastern Collared Lizard,Crotaphytus collaris,Eastern Collared Lizard,Reptilia,33135
206836930,4d3de86a-1a62-4d3a-a8e7-1c892664960d,2024-03-09 14:02:29,2024-03-09,2024-03-10 05:02:29 +0900,Central Time (US & Canada),563128,austinrkelly,Austin R. Kelly,2024-04-13 05:25:52 +0900,2025-03-01 07:18:05 +0900,research,CC-BY-NC,https://www.inaturalist.org/observations/206836930,https://inaturalist-open-data.s3.amazonaws.com/photos/365790400/medium.jpeg,NA,NA,NA,1,0,FALSE,2,"Sonora, TX 76950, USA",30.2558555556,-100.5774972222,NA,NA,NA,NA,NA,NA,open,FALSE,gps,gps,Eastern Collared Lizard,Crotaphytus collaris,Eastern Collared Lizard,Reptilia,33135
206966567,4ae998e0-bdc0-429c-9af6-3e04fa598be2,2024-04-13 10:18:27-05:00,2024-04-13,2024-04-14 00:18:27 +0900,Central Time (US & Canada),3000116,ebearden,NA,2024-04-14 00:18:52 +0900,2024-07-12 12:56:45 +0900,research,CC-BY-NC,https://www.inaturalist.org/observations/206966567,https://inaturalist-open-data.s3.amazonaws.com/photos/366037867/medium.jpg,NA,NA,NA,2,0,FALSE,3,"Falling Oak Dr, Blanco, TX, US",30.0531241281,-98.5067561793,4,NA,NA,NA,4,NA,open,FALSE,NA,NA,Eastern Collared Lizard,Crotaphytus collaris,Eastern Collared Lizard,Reptilia,33135
207006203,86559d76-0960-4024-8513-3b6b4dffbd05,2024-04-13 13:31:48-05:00,2024-04-13,2024-04-14 03:31:48 +0900,Central Time (US & Canada),7925032,santi21222,NA,2024-04-14 03:32:15 +0900,2024-07-12 12:51:18 +0900,research,CC-BY-NC,https://www.inaturalist.org/observations/207006203,https://inaturalist-open-data.s3.amazonaws.com/photos/366108504/medium.jpg,NA,NA,NA,2,0,FALSE,3,"Christoval, TX, US",31.2533445125,-100.4307725687,3895,NA,NA,NA,3895,NA,open,FALSE,NA,NA,Eastern Collared Lizard,Crotaphytus collaris,Eastern Collared Lizard,Reptilia,33135
207191069,04ce224a-973d-422d-96cd-a1d876dfbdbc,2008/07/04 5:10 PM,2008-07-04,2008-07-05 07:10:00 +0900,Central Time (US & Canada),1495272,csbutrfly12,Chanda S Bartholomew,2024-04-15 00:59:25 +0900,2024-04-15 01:16:59 +0900,research,CC-BY-NC,https://www.inaturalist.org/observations/207191069,https://inaturalist-open-data.s3.amazonaws.com/photos/366458638/medium.jpeg,NA,"Fauna, Guadalupe/Carlsbad, Lizards, United States, Texas, Culberson County, Smith Spring Trail",NA,2,0,FALSE,NA,"Culberson County, TX, USA",31.9183333333,-104.8063888889,NA,NA,NA,NA,NA,NA,open,FALSE,NA,NA,Eastern Collared Lizard,Crotaphytus collaris,Eastern Collared Lizard,Reptilia,33135
207191072,89e41946-afaf-44a7-b87a-d423f9447d1d,2008/07/04 5:26 PM,2008-07-04,2008-07-05 07:26:00 +0900,Central Time (US & Canada),1495272,csbutrfly12,Chanda S Bartholomew,2024-04-15 00:59:26 +0900,2024-04-15 01:16:31 +0900,research,CC-BY-NC,https://www.inaturalist.org/observations/207191072,https://inaturalist-open-data.s3.amazonaws.com/photos/366458670/medium.jpeg,NA,"Fauna, Guadalupe/Carlsbad, Lizards, United States, Texas, Culberson County, Smith Spring Trail",NA,2,0,FALSE,NA,"Culberson County, TX, USA",31.9183333333,-104.8063888889,NA,NA,NA,NA,NA,NA,open,FALSE,NA,NA,Eastern Collared Lizard,Crotaphytus collaris,Eastern Collared Lizard,Reptilia,33135
207231480,521930d7-f4bf-4ce4-91a3-5aacb85b3c14,2024/04/14 10:57 AM,2024-04-14,2024-04-15 00:57:00 +0900,Central Time (US & Canada),374229,derrell_d,Derrell T. Dixon,2024-04-15 04:00:08 +0900,2024-04-15 08:00:57 +0900,research,NA,https://www.inaturalist.org/observations/207231480,https://static.inaturalist.org/photos/366529689/medium.jpeg,NA,NA,PDCSP...Mack Dick Pavilion,1,0,FALSE,NA,"Randall County, TX, USA",34.9790998429,-101.6792305518,12,NA,NA,NA,12,NA,open,FALSE,NA,NA,Eastern Collared Lizard,Crotaphytus collaris,Eastern Collared Lizard,Reptilia,33135
207258616,e1894390-9482-49c7-8595-86f6f1792f87,2024/04/14 12:44 PM,2024-04-14,2024-04-15 02:44:00 +0900,Central Time (US & Canada),374229,derrell_d,Derrell T. Dixon,2024-04-15 05:51:53 +0900,2024-04-16 17:27:13 +0900,research,NA,https://www.inaturalist.org/observations/207258616,https://static.inaturalist.org/photos/366580511/medium.jpeg,NA,NA,PDCSP...Sagebrush Campground,3,0,FALSE,NA,"Randall County, TX, USA",34.9770557765,-101.6767109718,18,NA,NA,NA,18,NA,open,FALSE,NA,NA,Eastern Collared Lizard,Crotaphytus collaris,Eastern Collared Lizard,Reptilia,33135
207260149,4c34b06f-d957-492a-b5f6-34dc80687876,2024/04/14 12:51 PM,2024-04-14,2024-04-15 02:51:00 +0900,Central Time (US & Canada),374229,derrell_d,Derrell T. Dixon,2024-04-15 05:58:54 +0900,2024-04-16 14:33:30 +0900,research,NA,https://www.inaturalist.org/observations/207260149,https://static.inaturalist.org/photos/366584649/medium.jpeg,NA,NA,PDCSP...Mack Dick Pavilion,2,0,FALSE,NA,"Randall County, TX, USA",34.979030095,-101.6790309605,14,NA,NA,NA,14,NA,open,FALSE,NA,NA,Eastern Collared Lizard,Crotaphytus collaris,Eastern Collared Lizard,Reptilia,33135
207333535,6dde0938-1fa1-484d-8138-303129d7488c,2024-04-12 13:49:23-05:00,2024-04-12,2024-04-13 03:49:23 +0900,Central Time (US & Canada),6734715,al321,Al Steffen,2024-04-15 12:51:02 +0900,2025-01-20 16:17:52 +0900,research,NA,https://www.inaturalist.org/observations/207333535,https://static.inaturalist.org/photos/366727838/medium.jpg,NA,NA,NA,3,1,FALSE,3,"Valley Spring Creek Trail, Burnet, TX, US",30.7482061886,-98.3562271873,434,NA,NA,NA,434,NA,open,FALSE,NA,NA,Eastern Collared Lizard,Crotaphytus collaris,Eastern Collared Lizard,Reptilia,33135
207564271,5fc13552-162d-4cbd-977b-28d749c38c2e,2024-04-12 09:59:00,2024-04-12,2024-04-12 23:59:00 +0900,Central Time (US & Canada),1284144,euanbrook,Euan Brook,2024-04-16 21:46:01 +0900,2024-08-16 22:25:28 +0900,research,NA,https://www.inaturalist.org/observations/207564271,https://static.inaturalist.org/photos/367165856/medium.jpeg,NA,NA,NA,2,0,FALSE,2,"Comstock, TX 78837, USA",29.6868288425,-101.315873377,472,NA,NA,NA,472,NA,open,FALSE,gps,gps,Eastern Collared Lizard,Crotaphytus collaris,Eastern Collared Lizard,Reptilia,33135
207631005,b76926c8-377e-49b9-b1e2-8f2ad9e499df,2024/04/16 11:53 AM,2024-04-16,2024-04-17 01:53:00 +0900,Central Time (US & Canada),374229,derrell_d,Derrell T. Dixon,2024-04-17 04:24:51 +0900,2024-04-17 04:27:46 +0900,research,NA,https://www.inaturalist.org/observations/207631005,https://static.inaturalist.org/photos/367281235/medium.jpeg,NA,NA,PDCSP...Mack Dick Pavilion,1,0,FALSE,NA,"Randall County, TX, USA",34.9790588365,-101.6790869621,22,NA,NA,NA,22,NA,open,FALSE,NA,NA,Eastern Collared Lizard,Crotaphytus collaris,Eastern Collared Lizard,Reptilia,33135
207635411,cf81fa6b-b5b9-4fc3-ba4a-83a7c76acf58,2024/04/16 12:38 PM,2024-04-16,2024-04-17 02:38:00 +0900,Central Time (US & Canada),374229,derrell_d,Derrell T. Dixon,2024-04-17 04:51:13 +0900,2024-04-17 04:54:26 +0900,research,NA,https://www.inaturalist.org/observations/207635411,https://static.inaturalist.org/photos/367287625/medium.jpeg,NA,NA,PDCSP...Cow Camp Cabins,1,0,FALSE,NA,"Randall County, TX, USA",34.9361148245,-101.6391966496,34,NA,NA,NA,34,NA,open,FALSE,NA,NA,Eastern Collared Lizard,Crotaphytus collaris,Eastern Collared Lizard,Reptilia,33135
207662042,dcd4fd19-3998-4c20-aa9f-a850d1550d36,2024/04/11 7:17 PM,2024-04-11,2024-04-12 09:17:00 +0900,Central Time (US & Canada),9531,kucycads,Kenneth Bader,2024-04-17 07:31:32 +0900,2024-04-17 09:33:29 +0900,research,CC-BY-NC,https://www.inaturalist.org/observations/207662042,https://inaturalist-open-data.s3.amazonaws.com/photos/367339169/medium.jpeg,NA,NA,NA,1,0,FALSE,NA,"Texas, US",31.082401708,-100.8665934291,392,"Irion County, TX, USA",31.1211044277,-100.9648338631,29278,obscured,open,TRUE,NA,NA,Eastern Collared Lizard,Crotaphytus collaris,Eastern Collared Lizard,Reptilia,33135
207663513,98dfe24a-607d-4681-930f-14cd90b47c0b,2024/04/11 5:39 PM,2024-04-11,2024-04-12 07:39:00 +0900,Central Time (US & Canada),9531,kucycads,Kenneth Bader,2024-04-17 07:40:53 +0900,2024-04-17 15:46:17 +0900,research,CC-BY-NC,https://www.inaturalist.org/observations/207663513,https://inaturalist-open-data.s3.amazonaws.com/photos/367341643/medium.jpeg,NA,NA,NA,1,0,FALSE,NA,"Texas, US",31.1928507601,-101.0819440597,785,"Crockett County, TX, USA",31.0253624231,-101.0000760498,29278,obscured,open,TRUE,NA,NA,Eastern Collared Lizard,Crotaphytus collaris,Eastern Collared Lizard,Reptilia,33135
207663514,f86d83c2-0a53-4591-bb6b-df3540cd2a0f,2024/04/11 5:35 PM,2024-04-11,2024-04-12 07:35:00 +0900,Central Time (US & Canada),9531,kucycads,Kenneth Bader,2024-04-17 07:40:53 +0900,2024-04-17 15:46:16 +0900,research,CC-BY-NC,https://www.inaturalist.org/observations/207663514,https://inaturalist-open-data.s3.amazonaws.com/photos/367341889/medium.jpeg,NA,NA,NA,1,0,FALSE,NA,"Texas, US",31.1898185057,-101.0738901189,506,"Crockett County, TX, USA",31.0216251656,-101.0022788672,29278,obscured,open,TRUE,NA,NA,Eastern Collared Lizard,Crotaphytus collaris,Eastern Collared Lizard,Reptilia,33135
207689078,2ab7a822-10f2-4d45-a31c-953dd9aadd20,2023-10-05 13:06:31,2023-10-05,2023-10-06 03:06:31 +0900,Central Time (US & Canada),7245675,marlee2024,Marlee Allen,2024-04-17 10:40:53 +0900,2024-04-17 15:33:43 +0900,research,NA,https://www.inaturalist.org/observations/207689078,https://static.inaturalist.org/photos/367391708/medium.jpeg,NA,NA,NA,1,0,FALSE,2,"Canyon, TX 79015, USA",34.9549459722,-101.681719,NA,NA,NA,NA,NA,NA,open,FALSE,gps,gps,Eastern Collared Lizard,Crotaphytus collaris,Eastern Collared Lizard,Reptilia,33135
207806288,ed1003b3-b228-4195-a7a1-34ed03dd152b,2024/04/17 11:48 AM,2024-04-17,2024-04-18 01:48:00 +0900,Central Time (US & Canada),374229,derrell_d,Derrell T. Dixon,2024-04-18 04:19:03 +0900,2024-04-19 21:32:56 +0900,research,NA,https://www.inaturalist.org/observations/207806288,https://static.inaturalist.org/photos/367610252/medium.jpeg,NA,NA,PDCSP...Mack Dick Pavilion,4,0,FALSE,NA,"Randall County, TX, USA",34.9790442509,-101.6790658292,9,NA,NA,NA,9,NA,open,FALSE,NA,NA,Eastern Collared Lizard,Crotaphytus collaris,Eastern Collared Lizard,Reptilia,33135
207999194,66ed1166-8b93-45ea-b9f0-22a7df9f7b51,2024/04/18 2:36 PM,2024-04-18,2024-04-19 04:36:00 +0900,Central Time (US & Canada),374229,derrell_d,Derrell T. Dixon,2024-04-19 06:55:30 +0900,2024-04-19 09:46:21 +0900,research,NA,https://www.inaturalist.org/observations/207999194,https://static.inaturalist.org/photos/367971903/medium.jpeg,NA,NA,PDCSP...Mesquite Campground,2,0,FALSE,NA,"Randall County, TX, USA",34.9343448001,-101.636019304,11,NA,NA,NA,11,NA,open,FALSE,NA,NA,Eastern Collared Lizard,Crotaphytus collaris,Eastern Collared Lizard,Reptilia,33135
208018093,bb58e2ad-1e9d-4e18-9107-9d6205389f97,2024-04-14 14:10:12-05:00,2024-04-14,2024-04-15 04:10:12 +0900,Central Time (US & Canada),7968965,magistermimus,Magister mimus,2024-04-19 09:18:02 +0900,2024-04-19 16:43:07 +0900,research,CC-BY-NC,https://www.inaturalist.org/observations/208018093,https://inaturalist-open-data.s3.amazonaws.com/photos/368008987/medium.jpg,NA,NA,NA,1,0,FALSE,3,"Texas, US",31.1170097703,-101.1283093555,4,NA,NA,NA,29278,obscured,open,TRUE,NA,NA,Eastern Collared Lizard,Crotaphytus collaris,Eastern Collared Lizard,Reptilia,33135
208174144,833866c8-519f-427f-9062-0187df6914e6,2024-04-13 14:16:21-05:00,2024-04-13,2024-04-14 04:16:21 +0900,Central Time (US & Canada),8006356,kara_starkweather,Kara Wray,2024-04-20 07:49:57 +0900,2024-04-20 21:21:36 +0900,research,NA,https://www.inaturalist.org/observations/208174144,https://static.inaturalist.org/photos/368295885/medium.jpg,NA,NA,NA,1,0,FALSE,3,"Palo Duro Canyon State Park, Canyon, TX, US",34.9503383333,-101.638245,4,NA,NA,NA,4,NA,open,FALSE,NA,NA,Eastern Collared Lizard,Crotaphytus collaris,Eastern Collared Lizard,Reptilia,33135
208192369,2f8e2359-541f-446e-a721-3d6a3be18c73,2024/04/11 5:52 PM,2024-04-11,2024-04-12 07:52:00 +0900,Central Time (US & Canada),395895,wildlander,Jared Gorrell,2024-04-20 10:20:18 +0900,2025-01-20 11:06:01 +0900,research,CC-BY-NC,https://www.inaturalist.org/observations/208192369,https://inaturalist-open-data.s3.amazonaws.com/photos/368329881/medium.jpeg,NA,NA,NA,2,0,FALSE,NA,"Burnet County, TX, USA",30.7477481302,-98.3590353811,31,NA,NA,NA,31,NA,open,FALSE,NA,NA,Eastern Collared Lizard,Crotaphytus collaris,Eastern Collared Lizard,Reptilia,33135
208308194,4d19551d-3df6-4934-9095-46e286ee87b9,2024/04/06 1:43 PM,2024-04-06,2024-04-07 03:43:00 +0900,Central Time (US & Canada),6590781,birdmansomers,Daniel Casey,2024-04-21 02:24:54 +0900,2025-01-20 11:05:35 +0900,research,CC-BY-NC,https://www.inaturalist.org/observations/208308194,https://inaturalist-open-data.s3.amazonaws.com/photos/368548494/medium.jpeg,NA,NA,NA,2,0,FALSE,NA,"Burnet County, TX, USA",30.7477721006,-98.3589507211,10,NA,NA,NA,10,NA,open,FALSE,NA,NA,Eastern Collared Lizard,Crotaphytus collaris,Eastern Collared Lizard,Reptilia,33135
208607751,b269f6a9-a80a-4a55-9629-d3812f44a67a,2024/04/21 3:18 PM,2024-04-21,2024-04-22 05:18:00 +0900,Central Time (US & Canada),374229,derrell_d,Derrell T. Dixon,2024-04-22 08:59:12 +0900,2024-04-22 11:21:47 +0900,research,NA,https://www.inaturalist.org/observations/208607751,https://static.inaturalist.org/photos/369105050/medium.jpeg,NA,NA,PDCSP...Cow Camp Cabins,2,0,FALSE,NA,"Randall County, TX, USA",34.9359504644,-101.6392777443,12,NA,NA,NA,12,NA,open,FALSE,NA,NA,Eastern Collared Lizard,Crotaphytus collaris,Eastern Collared Lizard,Reptilia,33135
208607752,8893f8f3-5a53-4b7c-a806-51cbb80e04f2,2024/04/21 3:27 PM,2024-04-21,2024-04-22 05:27:00 +0900,Central Time (US & Canada),374229,derrell_d,Derrell T. Dixon,2024-04-22 08:59:12 +0900,2024-04-23 19:45:13 +0900,research,NA,https://www.inaturalist.org/observations/208607752,https://static.inaturalist.org/photos/369105054/medium.jpeg,NA,NA,PDCSP...Mesquite Campground,3,0,FALSE,NA,"Randall County, TX, USA",34.9343320908,-101.636206615,18,NA,NA,NA,18,NA,open,FALSE,NA,NA,Eastern Collared Lizard,Crotaphytus collaris,Eastern Collared Lizard,Reptilia,33135
208766888,cd66e09d-89d8-4740-9654-5fe50c16f6d6,2024-04-22 14:25:14-05:00,2024-04-22,2024-04-23 04:25:14 +0900,Central Time (US & Canada),4149191,benjamin_landers,Benjamin Landers,2024-04-23 05:14:13 +0900,2024-04-24 11:00:19 +0900,research,NA,https://www.inaturalist.org/observations/208766888,https://static.inaturalist.org/photos/369400042/medium.jpg,NA,NA,NA,1,0,FALSE,3,"Inks Lake, Burnet, TX, US",30.7467831493,-98.3604076358,354,NA,NA,NA,354,NA,open,FALSE,NA,NA,Eastern Collared Lizard,Crotaphytus collaris,Eastern Collared Lizard,Reptilia,33135
208809754,23359005-686d-4307-995a-b07c1bbcac54,2024-04-22 17:18:57-05:00,2024-04-22,2024-04-23 07:18:57 +0900,Central Time (US & Canada),5181015,blueberryhill,NA,2024-04-23 09:05:35 +0900,2024-04-24 05:39:08 +0900,research,CC-BY-NC,https://www.inaturalist.org/observations/208809754,https://inaturalist-open-data.s3.amazonaws.com/photos/369477942/medium.jpg,NA,NA,Seen on the Valley Spring Creek Trail,1,0,FALSE,3,"Burnet, TX, US",30.7515753247,-98.3519097848,546,NA,NA,NA,546,NA,open,FALSE,NA,NA,Eastern Collared Lizard,Crotaphytus collaris,Eastern Collared Lizard,Reptilia,33135
208959002,3e6686a9-d51d-4f25-98ef-6c190e841d39,2024/04/23 12:55 PM,2024-04-23,2024-04-24 02:55:00 +0900,Central Time (US & Canada),268486,brooksy,Jason Brooks,2024-04-24 05:26:14 +0900,2024-04-24 05:53:56 +0900,research,NA,https://www.inaturalist.org/observations/208959002,https://static.inaturalist.org/photos/369745648/medium.jpeg,NA,NA,NA,1,0,FALSE,NA,"Upton County, TX, USA",31.3552835501,-102.1914270897,15,NA,NA,NA,15,NA,open,FALSE,NA,NA,Eastern Collared Lizard,Crotaphytus collaris,Eastern Collared Lizard,Reptilia,33135
209090691,e8baa8e1-4e89-4793-96b8-ed3ac6d96798,2024-04-24 10:15:41-05:00,2024-04-24,2024-04-25 00:15:41 +0900,Central Time (US & Canada),268486,brooksy,Jason Brooks,2024-04-25 00:45:27 +0900,2024-05-02 02:13:55 +0900,research,NA,https://www.inaturalist.org/observations/209090691,https://static.inaturalist.org/photos/370001507/medium.jpg,NA,NA,DOR,2,0,FALSE,3,"Midkiff, TX, US",31.5398990001,-102.1438456777,4,NA,NA,NA,4,NA,open,FALSE,NA,NA,Eastern Collared Lizard,Crotaphytus collaris,Eastern Collared Lizard,Reptilia,33135
209195391,ac673d13-35d1-4e69-b5a2-b525321e7036,2024-04-24 11:04:11-05:00,2024-04-24,2024-04-25 01:04:11 +0900,Central Time (US & Canada),7786549,tallen357,NA,2024-04-25 12:00:31 +0900,2024-05-01 15:46:49 +0900,research,CC-BY-NC,https://www.inaturalist.org/observations/209195391,https://inaturalist-open-data.s3.amazonaws.com/photos/370197704/medium.jpg,NA,NA,This lizard was bluish green.,2,0,FALSE,3,"Big Bend National Park, Terlingua, TX, US",29.1809750022,-102.9935216667,20,NA,NA,NA,20,NA,open,FALSE,NA,NA,Eastern Collared Lizard,Crotaphytus collaris,Eastern Collared Lizard,Reptilia,33135
209314904,8945cb83-c021-4ffa-ab66-f0947a5f1c27,2024/04/24 2:17 PM,2024-04-24,2024-04-25 04:17:00 +0900,Central Time (US & Canada),2922456,andygo1,"Andy Goerdel - Texas Master Naturalist, Good Water Chapter",2024-04-26 04:42:36 +0900,2024-04-26 04:47:18 +0900,research,CC-BY-NC,https://www.inaturalist.org/observations/209314904,https://inaturalist-open-data.s3.amazonaws.com/photos/370415360/medium.jpeg,NA,NA,NA,1,0,FALSE,NA,"Burnet County, TX, USA",30.6194783333,-98.0693583333,NA,NA,NA,NA,NA,NA,open,FALSE,NA,NA,Eastern Collared Lizard,Crotaphytus collaris,Eastern Collared Lizard,Reptilia,33135
209388169,32f5399e-c803-422d-9151-e97cefea6493,2024/04/24 1:19 PM,2024-04-24,2024-04-25 03:19:00 +0900,Central Time (US & Canada),2901163,aandmg,Michelle Goerdel,2024-04-26 11:55:54 +0900,2024-05-01 17:11:52 +0900,research,CC-BY-NC,https://www.inaturalist.org/observations/209388169,https://inaturalist-open-data.s3.amazonaws.com/photos/370550213/medium.jpeg,NA,NA,NA,1,0,FALSE,NA,"Burnet County, TX, USA",30.6190837078,-98.0675613896,222,NA,NA,NA,222,NA,open,FALSE,NA,NA,Eastern Collared Lizard,Crotaphytus collaris,Eastern Collared Lizard,Reptilia,33135
209972853,454f4094-f4e7-4e0f-88f0-1ea8ea08a8ba,2024-04-26 15:10:13,2024-04-26,2024-04-27 06:10:13 +0900,Mountain Time (US & Canada),212316,efdemoultrie,Liz DeMoultrie,2024-04-27 13:38:46 +0900,2024-05-02 08:48:54 +0900,research,CC-BY-NC,https://www.inaturalist.org/observations/209972853,https://inaturalist-open-data.s3.amazonaws.com/photos/371481545/medium.jpeg,NA,NA,NA,2,0,FALSE,2,"El Paso, TX, USA",31.9212273891,-106.5134727582,5,NA,NA,NA,5,NA,open,FALSE,gps,gps,Eastern Collared Lizard,Crotaphytus collaris,Eastern Collared Lizard,Reptilia,33135
210933008,11861e43-08a7-4bd6-9cfa-510cfea8fce7,2024-04-28 11:36:30,2024-04-28,2024-04-29 01:36:30 +0900,Central Time (US & Canada),7373869,dguthmue,NA,2024-04-29 01:44:13 +0900,2024-05-05 09:55:41 +0900,research,CC-BY-NC,https://www.inaturalist.org/observations/210933008,https://inaturalist-open-data.s3.amazonaws.com/photos/373004328/medium.jpeg,NA,NA,NA,2,0,FALSE,2,"Canyon, TX 79015, USA",34.9372330984,-101.6589305922,8359,NA,NA,NA,8359,NA,open,FALSE,gps,gps,Eastern Collared Lizard,Crotaphytus collaris,Eastern Collared Lizard,Reptilia,33135
211920338,f1fcccc7-47b9-40c4-8a3e-b139c4c8d3ea,2024/04/28 2:01 PM,2024-04-28,2024-04-29 04:01:00 +0900,Central Time (US & Canada),116122,panhandlegal,NA,2024-04-30 07:43:08 +0900,2024-05-05 15:17:59 +0900,research,CC-BY-NC,https://www.inaturalist.org/observations/211920338,https://inaturalist-open-data.s3.amazonaws.com/photos/374556054/medium.jpg,NA,NA,NA,1,0,FALSE,NA,"Randall County, TX, USA",34.9345215,-101.6439488,NA,NA,NA,NA,NA,NA,open,FALSE,NA,NA,Eastern Collared Lizard,Crotaphytus collaris,Eastern Collared Lizard,Reptilia,33135
211926686,aa8e23aa-6575-4f19-b74e-c88c3e34c0a1,2024-04-29 17:48:32,2024-04-29,2024-04-30 07:48:32 +0900,Central Time (US & Canada),1214590,jeweliah,NA,2024-04-30 07:54:15 +0900,2024-05-02 01:52:43 +0900,research,CC-BY-NC,https://www.inaturalist.org/observations/211926686,https://inaturalist-open-data.s3.amazonaws.com/photos/374569212/medium.jpeg,NA,NA,NA,1,0,FALSE,2,"Sweetwater, TX 79556, USA",32.31928674,-100.33181347,3,NA,NA,NA,3,NA,open,FALSE,NA,NA,Eastern Collared Lizard,Crotaphytus collaris,Eastern Collared Lizard,Reptilia,33135
212099176,716b16ba-f2f0-448a-ad02-e62c804e45f4,2024/04/26 2:33 PM,2024-04-26,2024-04-27 04:33:00 +0900,Central Time (US & Canada),114323,jotol,Joanne Toler,2024-04-30 12:30:25 +0900,2024-05-05 14:13:43 +0900,research,CC-BY-NC,https://www.inaturalist.org/observations/212099176,https://inaturalist-open-data.s3.amazonaws.com/photos/374838741/medium.jpeg,NA,NA,Cow Cabins overlook,1,0,FALSE,NA,"Palo Duro Canyon State Park, Canyon, TX 79015, USA",34.9372503,-101.6589305,5391,NA,NA,NA,5391,NA,open,FALSE,NA,NA,Eastern Collared Lizard,Crotaphytus collaris,Eastern Collared Lizard,Reptilia,33135
212336326,07b3dd00-f7bb-4f8a-89c8-3b16f28ceef3,2024-04-30 09:16:27-05:00,2024-04-30,2024-04-30 23:16:27 +0900,Central Time (US & Canada),6056023,chadohiobirder,Presley James Riggs,2024-05-01 03:32:52 +0900,2024-05-01 03:51:45 +0900,research,CC-BY-NC,https://www.inaturalist.org/observations/212336326,https://inaturalist-open-data.s3.amazonaws.com/photos/375244507/medium.jpg,NA,NA,NA,1,0,FALSE,3,"Palo Duro Canyon State Park, Canyon, TX, US",34.9416366667,-101.6507866667,1641,NA,NA,NA,1641,NA,open,FALSE,NA,NA,Eastern Collared Lizard,Crotaphytus collaris,Eastern Collared Lizard,Reptilia,33135
212356312,3184cb30-777e-4ef6-94f0-15936a292325,2024-04-28 13:50:14-05:00,2024-04-28,2024-04-29 03:50:14 +0900,Central Time (US & Canada),464505,joiecurtner,NA,2024-05-01 04:34:40 +0900,2024-05-01 04:49:04 +0900,research,CC-BY-NC,https://www.inaturalist.org/observations/212356312,https://inaturalist-open-data.s3.amazonaws.com/photos/375279914/medium.jpg,NA,NA,NA,1,0,FALSE,3,"Granite Shoals, TX, US",30.5826033333,-98.3415833333,4,NA,NA,NA,4,NA,open,FALSE,NA,NA,Eastern Collared Lizard,Crotaphytus collaris,Eastern Collared Lizard,Reptilia,33135
212444311,0fdeeac3-3201-4f5d-8f41-eef3a6782c3f,2022-09-18 10:05:35-05:00,2022-09-18,2022-09-19 00:05:35 +0900,Central Time (US & Canada),8088051,redarrowhead,NA,2024-05-01 09:53:21 +0900,2024-05-03 12:35:34 +0900,research,CC-BY-NC,https://www.inaturalist.org/observations/212444311,https://inaturalist-open-data.s3.amazonaws.com/photos/375431099/medium.jpg,NA,NA,NA,2,0,FALSE,3,"Palo Duro Canyon State Park, Canyon, TX, US",34.9521866667,-101.6850966667,7,NA,NA,NA,7,NA,open,FALSE,NA,NA,Eastern Collared Lizard,Crotaphytus collaris,Eastern Collared Lizard,Reptilia,33135
212493241,ff8e9d14-c5b7-48a2-b6c8-b279ad8d5130,2017-01-30 15:39:38-06:00,2017-01-30,2017-01-31 06:39:38 +0900,Central Time (US & Canada),8081297,kamryn89688,kamryn barnett,2024-05-01 13:29:47 +0900,2024-05-06 11:25:08 +0900,research,NA,https://www.inaturalist.org/observations/212493241,https://static.inaturalist.org/photos/375516049/medium.jpg,NA,NA,NA,3,1,FALSE,3,"Enchanted Rock State Natural Area, Fredericksburg, TX, US",30.5077333333,-98.8166416667,5,NA,NA,NA,5,NA,open,FALSE,NA,NA,Eastern Collared Lizard,Crotaphytus collaris,Eastern Collared Lizard,Reptilia,33135
213809492,f19525f1-7c8c-4f9d-9a66-d296476d4d16,2024-05-05 10:36:32-06:00,2024-05-05,2024-05-06 01:36:32 +0900,Mountain Time (US & Canada),2146735,candyaguirre1,NA,2024-05-06 06:21:54 +0900,2024-05-06 07:02:02 +0900,research,CC-BY-NC,https://www.inaturalist.org/observations/213809492,https://inaturalist-open-data.s3.amazonaws.com/photos/377876589/medium.jpg,NA,NA,NA,1,0,FALSE,3,"Franklin Mountains State Park, El Paso, TX, US",31.9341366667,-106.524855,4,NA,NA,NA,4,NA,open,FALSE,NA,NA,Eastern Collared Lizard,Crotaphytus collaris,Eastern Collared Lizard,Reptilia,33135
214108293,660b40a7-51cb-4eb8-9752-240b6ba0bac9,2024-05-06 18:12:18,2024-05-06,2024-05-07 08:12:18 +0900,Central Time (US & Canada),8005774,sleeplesstraveler,Claire,2024-05-07 10:41:31 +0900,2024-05-07 10:42:24 +0900,research,CC-BY-NC,https://www.inaturalist.org/observations/214108293,https://inaturalist-open-data.s3.amazonaws.com/photos/378416096/medium.jpeg,NA,NA,NA,1,0,FALSE,2,"Quitaque, TX 79255, USA",34.2439041111,-101.1220855556,NA,NA,NA,NA,NA,NA,open,FALSE,gps,gps,Eastern Collared Lizard,Crotaphytus collaris,Eastern Collared Lizard,Reptilia,33135
214117486,4f7812f8-acc2-4845-ad4a-e3837542e98c,2024-05-05 13:54:35-05:00,2024-05-05,2024-05-06 03:54:35 +0900,Central Time (US & Canada),1035482,netviper,NA,2024-05-07 11:49:18 +0900,2024-05-07 11:49:42 +0900,research,CC-BY-NC,https://www.inaturalist.org/observations/214117486,https://inaturalist-open-data.s3.amazonaws.com/photos/378433882/medium.jpg,NA,NA,NA,1,0,FALSE,3,"Texas, US",30.9940157006,-101.1880759244,3,NA,NA,NA,29304,obscured,open,TRUE,NA,NA,Eastern Collared Lizard,Crotaphytus collaris,Eastern Collared Lizard,Reptilia,33135
214118802,e287da65-1554-4e41-8aa2-1e436997cedc,2024-05-05 14:24:38-05:00,2024-05-05,2024-05-06 04:24:38 +0900,Central Time (US & Canada),1035482,netviper,NA,2024-05-07 12:01:01 +0900,2024-05-08 01:21:41 +0900,research,CC-BY-NC,https://www.inaturalist.org/observations/214118802,https://inaturalist-open-data.s3.amazonaws.com/photos/378436671/medium.jpg,NA,NA,NA,1,0,FALSE,3,"Texas, US",30.8515573599,-101.0207342197,7,NA,NA,NA,29304,obscured,open,TRUE,NA,NA,Eastern Collared Lizard,Crotaphytus collaris,Eastern Collared Lizard,Reptilia,33135
214825665,d1972032-c0a9-4bac-9621-616abae74763,2024-05-10 11:27:19-05:00,2024-05-10,2024-05-11 01:27:19 +0900,Central Time (US & Canada),7783646,hgriesmer,NA,2024-05-11 02:28:19 +0900,2024-07-12 12:50:58 +0900,research,CC-BY-NC,https://www.inaturalist.org/observations/214825665,https://inaturalist-open-data.s3.amazonaws.com/photos/382963606/medium.jpg,NA,NA,NA,1,0,FALSE,3,"Palo Duro Canyon State Park, Canyon, TX, US",34.9474033333,-101.6494366667,4,NA,NA,NA,4,NA,open,FALSE,NA,NA,Eastern Collared Lizard,Crotaphytus collaris,Eastern Collared Lizard,Reptilia,33135
214890799,755dc47f-7f64-4223-a070-57e52f13af2a,2024-05-10 18:10:43-05:00,2024-05-10,2024-05-11 08:10:43 +0900,Central Time (US & Canada),8022094,eac0137,NA,2024-05-11 08:11:19 +0900,2024-05-12 16:25:24 +0900,research,CC-BY-NC,https://www.inaturalist.org/observations/214890799,https://inaturalist-open-data.s3.amazonaws.com/photos/379875085/medium.jpg,NA,NA,NA,1,0,FALSE,3,"Fig St, Canadian, TX, US",35.8908205899,-100.4006994703,6,NA,NA,NA,6,NA,open,FALSE,NA,NA,Eastern Collared Lizard,Crotaphytus collaris,Eastern Collared Lizard,Reptilia,33135
214892900,cc9c7933-40ac-4144-9baf-9e8ce7225dfd,2024-05-07 10:55:06-05:00,2024-05-07,2024-05-08 00:55:06 +0900,Central Time (US & Canada),277244,philip72,NA,2024-05-11 08:23:19 +0900,2024-05-15 01:57:47 +0900,research,CC-BY-NC,https://www.inaturalist.org/observations/214892900,https://inaturalist-open-data.s3.amazonaws.com/photos/379878970/medium.jpg,NA,NA,NA,2,0,FALSE,3,"Ozona, TX, US",30.32332,-101.3585583333,4,NA,NA,NA,4,NA,open,FALSE,NA,NA,Eastern Collared Lizard,Crotaphytus collaris,Eastern Collared Lizard,Reptilia,33135
215631895,2207cd9a-8356-4bc6-b3af-a09223090b29,2024-05-13 17:31:49-05:00,2024-05-13,2024-05-14 07:31:49 +0900,Central Time (US & Canada),5115619,cole201,Cole Carrabba,2024-05-14 11:38:00 +0900,2024-08-30 06:07:48 +0900,research,CC-BY,https://www.inaturalist.org/observations/215631895,https://inaturalist-open-data.s3.amazonaws.com/photos/381260172/medium.jpg,NA,NA,NA,1,0,FALSE,3,"Palo Duro Canyon State Park, Canyon, TX, US",34.9617866667,-101.6794716667,7,NA,NA,NA,7,NA,open,FALSE,NA,NA,Eastern Collared Lizard,Crotaphytus collaris,Eastern Collared Lizard,Reptilia,33135
215725479,301c8c94-cecc-42bb-aeeb-8eaf780ab8d7,2024-05-14 10:53:09-05:00,2024-05-14,2024-05-15 00:53:09 +0900,Central Time (US & Canada),3652073,ethanwhyu,NA,2024-05-15 00:54:01 +0900,2024-05-15 09:25:29 +0900,research,CC-BY-NC,https://www.inaturalist.org/observations/215725479,https://inaturalist-open-data.s3.amazonaws.com/photos/381519196/medium.jpg,NA,NA,Let’s go,3,0,FALSE,3,"Palo Duro Canyon State Park, Canyon, TX, US",34.94107,-101.6519866667,4,NA,NA,NA,4,NA,open,FALSE,NA,NA,Eastern Collared Lizard,Crotaphytus collaris,Eastern Collared Lizard,Reptilia,33135
215761229,765a73f0-8a31-4c70-98de-6532c76bfc1c,2024-02-25 15:03:18-06:00,2024-02-25,2024-02-26 06:03:18 +0900,Central Time (US & Canada),4682323,brandon_foskett,Brandon Foskett,2024-05-15 03:56:24 +0900,2025-01-20 11:03:45 +0900,research,NA,https://www.inaturalist.org/observations/215761229,https://static.inaturalist.org/photos/381501686/medium.jpg,NA,NA,NA,3,1,FALSE,3,"Valley Spring Creek Trail, Burnet, TX, US",30.7479,-98.3575533333,4,NA,NA,NA,4,NA,open,FALSE,NA,NA,Eastern Collared Lizard,Crotaphytus collaris,Eastern Collared Lizard,Reptilia,33135
215764105,106165e1-0dd4-4316-9fc9-6f2f2c3ada48,2024-05-14 12:58:02,2024-05-14,2024-05-15 02:58:02 +0900,Central Time (US & Canada),5210085,rachibi,NA,2024-05-15 04:12:18 +0900,2024-05-15 05:32:10 +0900,research,CC-BY-NC,https://www.inaturalist.org/observations/215764105,https://inaturalist-open-data.s3.amazonaws.com/photos/381506955/medium.jpeg,NA,NA,this guy was posing!!!! We tried to take a picture of him through the binoculars. It did not work,1,0,FALSE,2,"Canyon, TX 79015, USA",34.9372330984,-101.6589305922,8359,NA,NA,NA,8359,NA,open,FALSE,gps,gps,Eastern Collared Lizard,Crotaphytus collaris,Eastern Collared Lizard,Reptilia,33135
215771000,47552480-ee57-493a-b741-3062baf628de,2024-05-14 11:27:03-05:00,2024-05-14,2024-05-15 01:27:03 +0900,Central Time (US & Canada),3652073,ethanwhyu,NA,2024-05-15 04:50:10 +0900,2024-05-17 13:39:41 +0900,research,CC-BY-NC,https://www.inaturalist.org/observations/215771000,https://inaturalist-open-data.s3.amazonaws.com/photos/381520500/medium.jpg,NA,NA,NA,5,0,FALSE,3,"Palo Duro Canyon State Park, Canyon, TX, US",34.9411,-101.6520383333,3,NA,NA,NA,3,NA,open,FALSE,NA,NA,Eastern Collared Lizard,Crotaphytus collaris,Eastern Collared Lizard,Reptilia,33135
215981021,60f08bfc-f416-4939-8b06-c6e5c8c3e9c8,2024-05-15 11:05:50,2024-05-15,2024-05-16 01:05:50 +0900,Central Time (US & Canada),5210085,rachibi,NA,2024-05-16 05:29:52 +0900,2024-05-16 06:53:15 +0900,research,CC-BY-NC,https://www.inaturalist.org/observations/215981021,https://inaturalist-open-data.s3.amazonaws.com/photos/381918733/medium.jpeg,NA,NA,another guy :),1,0,FALSE,2,"Quitaque, TX 79255, USA",34.4369908803,-101.059861891,194,NA,NA,NA,194,NA,open,FALSE,gps,gps,Eastern Collared Lizard,Crotaphytus collaris,Eastern Collared Lizard,Reptilia,33135
216402731,a93d9ade-9121-4721-a172-29d21705b2d9,2024-05-16 17:09:42,2024-05-16,2024-05-17 07:09:42 +0900,Central Time (US & Canada),3100908,daltonlawing,Dalton Lawing,2024-05-18 07:25:48 +0900,2024-05-29 17:26:51 +0900,research,NA,https://www.inaturalist.org/observations/216402731,https://static.inaturalist.org/photos/382715191/medium.jpeg,NA,NA,NA,2,0,FALSE,2,"Burnet, TX 78611, USA",30.7498989722,-98.362757,NA,NA,NA,NA,NA,NA,open,FALSE,gps,gps,Eastern Collared Lizard,Crotaphytus collaris,Eastern Collared Lizard,Reptilia,33135
216404812,46c17414-4ee8-485d-b3ec-ed83a53c553e,2024-05-17 16:04:01,2024-05-17,2024-05-18 06:04:01 +0900,Central Time (US & Canada),3100908,daltonlawing,Dalton Lawing,2024-05-18 07:37:08 +0900,2024-05-29 17:24:43 +0900,research,NA,https://www.inaturalist.org/observations/216404812,https://static.inaturalist.org/photos/382719313/medium.jpeg,NA,NA,NA,1,0,FALSE,2,"Burnet County, TX, USA",30.746355,-98.362414,NA,NA,NA,NA,NA,NA,open,FALSE,gps,gps,Eastern Collared Lizard,Crotaphytus collaris,Eastern Collared Lizard,Reptilia,33135
216405057,7686977f-ec74-4045-9707-2b0ac0bd5687,2024-05-17 16:28:12,2024-05-17,2024-05-18 06:28:12 +0900,Central Time (US & Canada),3100908,daltonlawing,Dalton Lawing,2024-05-18 07:38:39 +0900,2025-01-20 11:03:37 +0900,research,NA,https://www.inaturalist.org/observations/216405057,https://static.inaturalist.org/photos/382719860/medium.jpeg,NA,NA,NA,1,0,FALSE,2,"Burnet, TX 78611, USA",30.729333,-98.3620379722,NA,NA,NA,NA,NA,NA,open,FALSE,gps,gps,Eastern Collared Lizard,Crotaphytus collaris,Eastern Collared Lizard,Reptilia,33135
216405106,0b897c19-788d-4706-8cc9-f8f2cf6571c1,2024-05-17 16:53:57,2024-05-17,2024-05-18 06:53:57 +0900,Central Time (US & Canada),3100908,daltonlawing,Dalton Lawing,2024-05-18 07:38:57 +0900,2024-05-29 17:24:13 +0900,research,NA,https://www.inaturalist.org/observations/216405106,https://static.inaturalist.org/photos/382719940/medium.jpeg,NA,NA,NA,1,0,FALSE,2,"Burnet County, TX, USA",30.7318099722,-98.383306,NA,NA,NA,NA,NA,NA,open,FALSE,gps,gps,Eastern Collared Lizard,Crotaphytus collaris,Eastern Collared Lizard,Reptilia,33135
216603640,4e613896-cc14-44d9-bd18-3b3ecb6326c0,Sat May 18 2024 14:12:19 GMT -0500 (CDT),2024-05-18,2024-05-19 04:12:19 +0900,Central Time (US & Canada),8131863,brysonbeattie,NA,2024-05-19 04:12:38 +0900,2024-05-23 19:58:55 +0900,research,CC-BY-NC,https://www.inaturalist.org/observations/216603640,https://inaturalist-open-data.s3.amazonaws.com/photos/383087229/medium.jpeg,NA,NA,NA,1,0,FALSE,333,Follett,36.2401733398,-100.0440750122,4,NA,NA,NA,4,NA,open,FALSE,NA,NA,Eastern Collared Lizard,Crotaphytus collaris,Eastern Collared Lizard,Reptilia,33135
216609791,8630ab8c-5fa8-462b-ba4b-806472c34c3b,2024-05-18 14:35:35-05:00,2024-05-18,2024-05-19 04:35:35 +0900,Central Time (US & Canada),8131863,brysonbeattie,NA,2024-05-19 04:36:47 +0900,2024-05-23 19:58:16 +0900,research,CC-BY-NC,https://www.inaturalist.org/observations/216609791,https://inaturalist-open-data.s3.amazonaws.com/photos/383098129/medium.jpg,NA,NA,NA,1,0,FALSE,3,"County Road 29, Follett, TX, US",36.2345343843,-100.0413920688,410,NA,NA,NA,410,NA,open,FALSE,NA,NA,Eastern Collared Lizard,Crotaphytus collaris,Eastern Collared Lizard,Reptilia,33135
216653972,526232ba-073a-4e24-925a-48b319788379,2024-05-18 13:59:02,2024-05-18,2024-05-19 03:59:02 +0900,Central Time (US & Canada),8163697,justin75248,Justin Stone,2024-05-19 07:55:28 +0900,2025-01-20 11:03:35 +0900,research,NA,https://www.inaturalist.org/observations/216653972,https://static.inaturalist.org/photos/389135725/medium.jpeg,NA,NA,NA,1,0,FALSE,2,"Burnet, TX 78611, USA",30.7295875278,-98.3620071389,NA,NA,NA,NA,NA,NA,open,FALSE,gps,gps,Eastern Collared Lizard,Crotaphytus collaris,Eastern Collared Lizard,Reptilia,33135
216767987,46cf96df-91ec-4cf8-8517-518a7c7b6f43,Wed Apr 24 2024 05:12:37 GMT -0500 (CDT),2024-04-24,2024-04-24 19:12:37 +0900,Central Time (US & Canada),7899000,emchumchal,NA,2024-05-19 21:36:01 +0900,2025-01-20 11:03:27 +0900,research,CC-BY-NC,https://www.inaturalist.org/observations/216767987,https://inaturalist-open-data.s3.amazonaws.com/photos/383400577/medium.jpeg,NA,NA,NA,1,0,FALSE,333,Burnet,30.7354393005,-98.3650665283,238,NA,NA,NA,238,NA,open,FALSE,NA,NA,Eastern Collared Lizard,Crotaphytus collaris,Eastern Collared Lizard,Reptilia,33135
217156377,4e0380d6-f30d-4855-8565-2487b09a5c02,2024-05-20 13:42:43-05:00,2024-05-20,2024-05-21 03:42:43 +0900,Central Time (US & Canada),2836334,jfine,Jodhan Fine,2024-05-21 06:21:51 +0900,2024-05-22 02:37:33 +0900,research,NA,https://www.inaturalist.org/observations/217156377,https://static.inaturalist.org/photos/384125420/medium.jpg,NA,NA,NA,1,0,FALSE,3,"Dalhart, TX, US",36.0263721667,-102.495055,4,NA,NA,NA,4,NA,open,FALSE,NA,NA,Eastern Collared Lizard,Crotaphytus collaris,Eastern Collared Lizard,Reptilia,33135
217529989,7be44ba8-96a2-445f-8d0e-900c91734bee,Wed May 22 2024 12:25:03 GMT -0500 (CDT),2024-05-22,2024-05-23 02:25:03 +0900,Central Time (US & Canada),8131863,brysonbeattie,NA,2024-05-23 02:31:23 +0900,2024-05-23 22:24:54 +0900,research,CC-BY-NC,https://www.inaturalist.org/observations/217529989,https://inaturalist-open-data.s3.amazonaws.com/photos/385126672/medium.jpg,NA,NA,NA,1,0,FALSE,333,Follett,36.2453613281,-100.0724411011,NA,NA,NA,NA,NA,NA,open,FALSE,NA,NA,Eastern Collared Lizard,Crotaphytus collaris,Eastern Collared Lizard,Reptilia,33135
217736991,76d1dc06-5f0e-4be7-9245-4dc77b41e6d7,2024-05-23 11:13:10,2024-05-23,2024-05-24 01:13:10 +0900,Central Time (US & Canada),1712820,vicki76,Vicki Sanders,2024-05-24 03:01:06 +0900,2024-05-28 10:26:44 +0900,research,CC0,https://www.inaturalist.org/observations/217736991,https://inaturalist-open-data.s3.amazonaws.com/photos/385222983/medium.jpeg,NA,NA,NA,3,0,FALSE,2,"Canyon, TX 79015, USA",34.9685618997,-101.6806830997,NA,NA,NA,NA,NA,NA,open,FALSE,gps,gps,Eastern Collared Lizard,Crotaphytus collaris,Eastern Collared Lizard,Reptilia,33135
217737332,17f5a13e-0a3a-4410-b3e2-f2472ea3ef77,2024-05-23 11:21:23,2024-05-23,2024-05-24 01:21:23 +0900,Central Time (US & Canada),1712820,vicki76,Vicki Sanders,2024-05-24 03:03:18 +0900,2024-05-28 10:26:42 +0900,research,CC0,https://www.inaturalist.org/observations/217737332,https://inaturalist-open-data.s3.amazonaws.com/photos/385223656/medium.jpeg,NA,NA,NA,2,0,FALSE,2,"Canyon, TX 79015, USA",34.9686141,-101.6820993997,NA,NA,NA,NA,NA,NA,open,FALSE,gps,gps,Eastern Collared Lizard,Crotaphytus collaris,Eastern Collared Lizard,Reptilia,33135
218001729,79b595cc-48f2-4207-b0e7-c84ea92aa9a0,2024/05/19 4:10 PM,2024-05-19,2024-05-20 06:10:00 +0900,Central Time (US & Canada),5013995,sbeep,NA,2024-05-25 08:40:06 +0900,2024-05-28 10:26:36 +0900,research,CC-BY-NC,https://www.inaturalist.org/observations/218001729,https://inaturalist-open-data.s3.amazonaws.com/photos/385719903/medium.jpeg,NA,NA,NA,2,0,FALSE,NA,"Randall County, TX, USA",34.9354653161,-101.6359015409,4,NA,NA,NA,4,NA,open,FALSE,NA,NA,Eastern Collared Lizard,Crotaphytus collaris,Eastern Collared Lizard,Reptilia,33135
218001734,35d0e39f-a9de-4400-9669-7bd8ab5ffaf1,2024/05/19 4:12 PM,2024-05-19,2024-05-20 06:12:00 +0900,Central Time (US & Canada),5013995,sbeep,NA,2024-05-25 08:40:07 +0900,2024-05-28 10:26:34 +0900,research,CC-BY-NC,https://www.inaturalist.org/observations/218001734,https://inaturalist-open-data.s3.amazonaws.com/photos/385720236/medium.jpeg,NA,NA,NA,2,0,FALSE,NA,"Randall County, TX, USA",34.9344007853,-101.6362498814,2,NA,NA,NA,2,NA,open,FALSE,NA,NA,Eastern Collared Lizard,Crotaphytus collaris,Eastern Collared Lizard,Reptilia,33135
218001750,cc61b0c3-8f7c-4423-b10c-df5c7b7759bd,2024/05/19 5:28 PM,2024-05-19,2024-05-20 07:28:00 +0900,Central Time (US & Canada),5013995,sbeep,NA,2024-05-25 08:40:10 +0900,2024-05-28 10:26:30 +0900,research,CC-BY-NC,https://www.inaturalist.org/observations/218001750,https://inaturalist-open-data.s3.amazonaws.com/photos/385722230/medium.jpeg,NA,NA,NA,2,0,FALSE,NA,"Randall County, TX, USA",34.9345542773,-101.6365121269,4,NA,NA,NA,4,NA,open,FALSE,NA,NA,Eastern Collared Lizard,Crotaphytus collaris,Eastern Collared Lizard,Reptilia,33135
218173451,51bf9720-6da1-409a-9176-fd48000f8701,2024-05-25 11:49:36-05:00,2024-05-25,2024-05-26 01:49:36 +0900,Central Time (US & Canada),5053704,jcowdog,NA,2024-05-26 03:27:53 +0900,2024-05-26 04:18:47 +0900,research,CC-BY-NC,https://www.inaturalist.org/observations/218173451,https://inaturalist-open-data.s3.amazonaws.com/photos/386040120/medium.jpg,NA,NA,NA,1,0,FALSE,3,"Aspermont, TX, US",33.27462,-100.1743,4,NA,NA,NA,4,NA,open,FALSE,NA,NA,Eastern Collared Lizard,Crotaphytus collaris,Eastern Collared Lizard,Reptilia,33135
218499142,d06b36c6-e4e0-4401-85a2-bc8a6fb26fa7,2024-05-26 11:09:21,2024-05-26,2024-05-27 01:09:21 +0900,Central Time (US & Canada),7939097,jonathan53523,Jonathan McMillan,2024-05-27 07:10:47 +0900,2024-06-01 14:08:33 +0900,research,NA,https://www.inaturalist.org/observations/218499142,https://static.inaturalist.org/photos/386646360/medium.jpeg,NA,NA,NA,1,0,FALSE,2,"Quitaque, TX 79255, USA",34.4539472222,-101.0840527778,NA,NA,NA,NA,NA,NA,open,FALSE,gps,gps,Eastern Collared Lizard,Crotaphytus collaris,Eastern Collared Lizard,Reptilia,33135
218659640,3e9d4312-47d8-4e34-b30d-78ce06e8eb60,2024/05/14 10:55 AM,2024-05-14,2024-05-15 00:55:00 +0900,Central Time (US & Canada),3652073,ethanwhyu,NA,2024-05-28 00:38:09 +0900,2024-05-28 10:26:14 +0900,research,CC-BY-NC,https://www.inaturalist.org/observations/218659640,https://inaturalist-open-data.s3.amazonaws.com/photos/386950588/medium.jpeg,NA,NA,NA,2,0,FALSE,NA,"Randall County, TX, USA",34.9413560487,-101.6508783769,30,NA,NA,NA,30,NA,open,FALSE,NA,NA,Eastern Collared Lizard,Crotaphytus collaris,Eastern Collared Lizard,Reptilia,33135
218720936,d21fe428-c303-430d-8d12-45ed6bb96a65,2024-05-27 09:59:15-05:00,2024-05-27,2024-05-27 23:59:15 +0900,Central Time (US & Canada),9531,kucycads,Kenneth Bader,2024-05-28 04:32:51 +0900,2024-07-12 13:00:40 +0900,research,CC-BY-NC,https://www.inaturalist.org/observations/218720936,https://inaturalist-open-data.s3.amazonaws.com/photos/387063904/medium.jpg,NA,NA,NA,1,0,FALSE,3,"Indiangrass Trail, Marble Falls, TX, US",30.6109501222,-98.0629332358,4,NA,NA,NA,4,NA,open,FALSE,NA,NA,NA,Crotaphytus collaris,Eastern Collared Lizard,Reptilia,33135
218725714,7f1bcebf-7c01-42cf-ae09-0aa007271ef4,2024-05-27 14:22:37-05:00,2024-05-27,2024-05-28 04:22:37 +0900,Central Time (US & Canada),917588,wmccarley,William McCarley,2024-05-28 04:52:00 +0900,2024-05-28 10:25:43 +0900,research,NA,https://www.inaturalist.org/observations/218725714,https://static.inaturalist.org/photos/387073547/medium.jpg,NA,NA,NA,1,0,FALSE,3,"Sharman Loop, Amarillo, TX, US",35.2841633333,-101.9496383333,4,NA,NA,NA,4,NA,open,FALSE,NA,NA,Eastern Collared Lizard,Crotaphytus collaris,Eastern Collared Lizard,Reptilia,33135
218763962,62080b4e-4244-4949-bf7f-a60be913ad3a,2024-05-27 10:10:20-05:00,2024-05-27,2024-05-28 00:10:20 +0900,Central Time (US & Canada),3658543,ashwinvn2,Ashwin Narayanan,2024-05-28 07:37:12 +0900,2024-05-28 22:30:26 +0900,research,CC-BY-NC,https://www.inaturalist.org/observations/218763962,https://inaturalist-open-data.s3.amazonaws.com/photos/387144544/medium.jpg,NA,NA,First collared lizard I’ve seen in Texas,3,0,FALSE,3,"Palo Duro Canyon State Park, Canyon, TX, US",34.93665,-101.69667,4,NA,NA,NA,4,NA,open,FALSE,NA,NA,Eastern Collared Lizard,Crotaphytus collaris,Eastern Collared Lizard,Reptilia,33135
218765824,1ae63409-2025-4855-a647-4dc4376925bc,2024-05-27 14:46:16-05:00,2024-05-27,2024-05-28 04:46:16 +0900,Central Time (US & Canada),3658543,ashwinvn2,Ashwin Narayanan,2024-05-28 07:48:20 +0900,2024-05-28 11:31:52 +0900,research,CC-BY-NC,https://www.inaturalist.org/observations/218765824,https://inaturalist-open-data.s3.amazonaws.com/photos/387148419/medium.jpg,NA,NA,NA,2,0,FALSE,3,"Palo Duro Canyon State Park, Canyon, TX, US",34.9839133333,-101.69178,4,NA,NA,NA,4,NA,open,FALSE,NA,NA,Eastern Collared Lizard,Crotaphytus collaris,Eastern Collared Lizard,Reptilia,33135
218814015,c2c8645a-472f-4de2-a6b0-51683eab4d60,2024-05-27 22:10:02-05:00,2024-05-27,2024-05-28 12:10:02 +0900,Central Time (US & Canada),5735850,chiggins01,NA,2024-05-28 12:10:21 +0900,2024-06-19 10:38:41 +0900,research,CC-BY-NC,https://www.inaturalist.org/observations/218814015,https://inaturalist-open-data.s3.amazonaws.com/photos/387243305/medium.jpg,NA,NA,NA,2,0,FALSE,3,"Southridge Dr, Amarillo, TX, US",35.1180460312,-101.8134526745,52470,NA,NA,NA,52470,NA,open,FALSE,NA,NA,Eastern Collared Lizard,Crotaphytus collaris,Eastern Collared Lizard,Reptilia,33135
218885014,2e489ef1-ddd0-4ad5-8f85-c0e8eba962ad,2024-05-22 12:18:09,2024-05-22,2024-05-23 02:18:09 +0900,Central Time (US & Canada),3325754,birdsdontexist,Haley Parrish,2024-05-28 22:19:39 +0900,2024-05-29 02:03:08 +0900,research,NA,https://www.inaturalist.org/observations/218885014,https://static.inaturalist.org/photos/387374899/medium.jpeg,NA,NA,NA,1,0,FALSE,2,"Canyon, TX 79015, USA",34.9790893375,-101.6789090261,68,NA,NA,NA,68,NA,open,FALSE,gps,gps,Eastern Collared Lizard,Crotaphytus collaris,Eastern Collared Lizard,Reptilia,33135
218911430,5b7a3da5-2349-4cab-abd2-1bdf50d5167e,2024-05-28 10:34:15-05:00,2024-05-28,2024-05-29 00:34:15 +0900,Central Time (US & Canada),7739621,cbaetge,NA,2024-05-29 00:34:23 +0900,2024-06-01 14:05:18 +0900,research,CC-BY-NC,https://www.inaturalist.org/observations/218911430,https://inaturalist-open-data.s3.amazonaws.com/photos/387440360/medium.jpg,NA,NA,NA,2,0,FALSE,3,"Palo Duro Canyon State Park, Canyon, TX, US",34.9322169833,-101.6459427496,48,NA,NA,NA,48,NA,open,FALSE,NA,NA,Eastern Collared Lizard,Crotaphytus collaris,Eastern Collared Lizard,Reptilia,33135
218919719,b3025726-9316-474e-8e35-261011614888,2024-05-28 10:36:10-05:00,2024-05-28,2024-05-29 00:36:10 +0900,Central Time (US & Canada),7739621,cbaetge,NA,2024-05-29 01:15:34 +0900,2024-06-01 14:05:17 +0900,research,CC-BY-NC,https://www.inaturalist.org/observations/218919719,https://inaturalist-open-data.s3.amazonaws.com/photos/387435976/medium.jpg,NA,NA,NA,2,0,FALSE,3,"Palo Duro Canyon State Park, Canyon, TX, US",34.9238569857,-101.636563219,1025,NA,NA,NA,1025,NA,open,FALSE,NA,NA,Eastern Collared Lizard,Crotaphytus collaris,Eastern Collared Lizard,Reptilia,33135
218937439,dfb7b4eb-9647-4c0d-a8dc-39915104821e,2024/05/22 5:52 PM,2024-05-22,2024-05-23 07:52:00 +0900,Central Time (US & Canada),62156,brentwhite1213,B. P. White,2024-05-29 02:39:00 +0900,2024-06-01 14:05:12 +0900,research,CC-BY-NC,https://www.inaturalist.org/observations/218937439,https://inaturalist-open-data.s3.amazonaws.com/photos/387459167/medium.jpeg,NA,NA,NA,1,0,FALSE,NA,"Donley County, TX, USA",34.8011289751,-101.0795252199,30016,NA,NA,NA,30016,NA,open,FALSE,NA,NA,Eastern Collared Lizard,Crotaphytus collaris,Eastern Collared Lizard,Reptilia,33135
218937446,02c96e2a-076a-447f-84f8-490eacf275de,2024/05/22 6:56 PM,2024-05-22,2024-05-23 08:56:00 +0900,Central Time (US & Canada),62156,brentwhite1213,B. P. White,2024-05-29 02:39:01 +0900,2024-06-09 09:30:19 +0900,research,CC-BY-NC,https://www.inaturalist.org/observations/218937446,https://inaturalist-open-data.s3.amazonaws.com/photos/387459303/medium.jpeg,NA,NA,NA,1,0,FALSE,NA,"Donley County, TX, USA",34.8011289751,-101.0795252199,30016,NA,NA,NA,30016,NA,open,FALSE,NA,NA,Eastern Collared Lizard,Crotaphytus collaris,Eastern Collared Lizard,Reptilia,33135
218937448,ee1cfa3b-ae6a-4f62-a21b-d327384bf76c,2024/05/22 6:56 PM,2024-05-22,2024-05-23 08:56:00 +0900,Central Time (US & Canada),62156,brentwhite1213,B. P. White,2024-05-29 02:39:01 +0900,2024-05-29 22:16:14 +0900,research,CC-BY-NC,https://www.inaturalist.org/observations/218937448,https://inaturalist-open-data.s3.amazonaws.com/photos/387459308/medium.jpeg,NA,NA,NA,1,0,FALSE,NA,"Donley County, TX, USA",34.8011289751,-101.0795252199,30016,NA,NA,NA,30016,NA,open,FALSE,NA,NA,Eastern Collared Lizard,Crotaphytus collaris,Eastern Collared Lizard,Reptilia,33135
218937460,84b4d5b1-f1a6-4018-9526-4b9901a39088,2024/05/23 9:53 AM,2024-05-23,2024-05-23 23:53:00 +0900,Central Time (US & Canada),62156,brentwhite1213,B. P. White,2024-05-29 02:39:03 +0900,2024-05-29 22:16:03 +0900,research,CC-BY-NC,https://www.inaturalist.org/observations/218937460,https://inaturalist-open-data.s3.amazonaws.com/photos/387459484/medium.jpeg,NA,NA,NA,1,0,FALSE,NA,"Donley County, TX, USA",34.8011289751,-101.0795252199,30016,NA,NA,NA,30016,NA,open,FALSE,NA,NA,Eastern Collared Lizard,Crotaphytus collaris,Eastern Collared Lizard,Reptilia,33135
218937461,5163c266-0329-45c8-b30b-8406ac71c8d3,2024/05/23 11:00 AM,2024-05-23,2024-05-24 01:00:00 +0900,Central Time (US & Canada),62156,brentwhite1213,B. P. White,2024-05-29 02:39:03 +0900,2024-05-30 00:21:08 +0900,research,CC-BY-NC,https://www.inaturalist.org/observations/218937461,https://inaturalist-open-data.s3.amazonaws.com/photos/387459535/medium.jpeg,NA,NA,NA,1,0,FALSE,NA,"Briscoe County, TX, USA",34.582477662,-101.2245422482,21965,NA,NA,NA,21965,NA,open,FALSE,NA,NA,Eastern Collared Lizard,Crotaphytus collaris,Eastern Collared Lizard,Reptilia,33135
218937462,f0875e87-a348-40db-a3bf-19694a1e3e93,2024/05/23 11:11 AM,2024-05-23,2024-05-24 01:11:00 +0900,Central Time (US & Canada),62156,brentwhite1213,B. P. White,2024-05-29 02:39:04 +0900,2024-05-29 22:15:53 +0900,research,CC-BY-NC,https://www.inaturalist.org/observations/218937462,https://inaturalist-open-data.s3.amazonaws.com/photos/387459551/medium.jpeg,NA,NA,A mating pair (female is behind the bush below the rock),1,0,FALSE,NA,"Briscoe County, TX, USA",34.582477662,-101.2245422482,21965,NA,NA,NA,21965,NA,open,FALSE,NA,NA,Eastern Collared Lizard,Crotaphytus collaris,Eastern Collared Lizard,Reptilia,33135
218937463,d8aa1c55-aec4-4bd5-bac2-f19a76def349,2024/05/23 11:12 AM,2024-05-23,2024-05-24 01:12:00 +0900,Central Time (US & Canada),62156,brentwhite1213,B. P. White,2024-05-29 02:39:04 +0900,2024-05-29 22:15:49 +0900,research,CC-BY-NC,https://www.inaturalist.org/observations/218937463,https://inaturalist-open-data.s3.amazonaws.com/photos/387459547/medium.jpeg,NA,NA,NA,1,0,FALSE,NA,"Briscoe County, TX, USA",34.582477662,-101.2245422482,21965,NA,NA,NA,21965,NA,open,FALSE,NA,NA,Eastern Collared Lizard,Crotaphytus collaris,Eastern Collared Lizard,Reptilia,33135
218937466,898da7ce-68a7-4517-bc07-0fdeb6cdc48e,2024/05/23 11:25 AM,2024-05-23,2024-05-24 01:25:00 +0900,Central Time (US & Canada),62156,brentwhite1213,B. P. White,2024-05-29 02:39:05 +0900,2024-05-29 22:15:43 +0900,research,CC-BY-NC,https://www.inaturalist.org/observations/218937466,https://inaturalist-open-data.s3.amazonaws.com/photos/387459613/medium.jpeg,NA,NA,NA,1,0,FALSE,NA,"Briscoe County, TX, USA",34.582477662,-101.2245422482,21965,NA,NA,NA,21965,NA,open,FALSE,NA,NA,Eastern Collared Lizard,Crotaphytus collaris,Eastern Collared Lizard,Reptilia,33135
218937468,9a4f4f30-a996-405b-bf83-8eb8296f56a8,2024/05/23 11:26 AM,2024-05-23,2024-05-24 01:26:00 +0900,Central Time (US & Canada),62156,brentwhite1213,B. P. White,2024-05-29 02:39:05 +0900,2024-05-29 22:15:40 +0900,research,CC-BY-NC,https://www.inaturalist.org/observations/218937468,https://inaturalist-open-data.s3.amazonaws.com/photos/387459647/medium.jpeg,NA,NA,NA,1,0,FALSE,NA,"Briscoe County, TX, USA",34.582477662,-101.2245422482,21965,NA,NA,NA,21965,NA,open,FALSE,NA,NA,Eastern Collared Lizard,Crotaphytus collaris,Eastern Collared Lizard,Reptilia,33135
218937471,3873fa6d-2f3d-42dc-af3a-43e55b8f3734,2024/05/23 12:10 PM,2024-05-23,2024-05-24 02:10:00 +0900,Central Time (US & Canada),62156,brentwhite1213,B. P. White,2024-05-29 02:39:06 +0900,2024-05-29 22:15:34 +0900,research,CC-BY-NC,https://www.inaturalist.org/observations/218937471,https://inaturalist-open-data.s3.amazonaws.com/photos/387459691/medium.jpeg,NA,NA,NA,1,0,FALSE,NA,"Briscoe County, TX, USA",34.582477662,-101.2245422482,21965,NA,NA,NA,21965,NA,open,FALSE,NA,NA,Eastern Collared Lizard,Crotaphytus collaris,Eastern Collared Lizard,Reptilia,33135
218937472,4e924115-cc02-4c1f-9bf6-3ba0d33b27eb,2024/05/23 12:13 PM,2024-05-23,2024-05-24 02:13:00 +0900,Central Time (US & Canada),62156,brentwhite1213,B. P. White,2024-05-29 02:39:06 +0900,2024-05-29 22:15:31 +0900,research,CC-BY-NC,https://www.inaturalist.org/observations/218937472,https://inaturalist-open-data.s3.amazonaws.com/photos/387459711/medium.jpeg,NA,NA,NA,1,0,FALSE,NA,"Briscoe County, TX, USA",34.582477662,-101.2245422482,21965,NA,NA,NA,21965,NA,open,FALSE,NA,NA,Eastern Collared Lizard,Crotaphytus collaris,Eastern Collared Lizard,Reptilia,33135
218937475,648130bc-c865-4c0c-b4b3-8c37b11c467c,2024/05/23 12:24 PM,2024-05-23,2024-05-24 02:24:00 +0900,Central Time (US & Canada),62156,brentwhite1213,B. P. White,2024-05-29 02:39:07 +0900,2024-05-29 22:15:25 +0900,research,CC-BY-NC,https://www.inaturalist.org/observations/218937475,https://inaturalist-open-data.s3.amazonaws.com/photos/387459771/medium.jpeg,NA,NA,NA,1,0,FALSE,NA,"Briscoe County, TX, USA",34.582477662,-101.2245422482,21965,NA,NA,NA,21965,NA,open,FALSE,NA,NA,Eastern Collared Lizard,Crotaphytus collaris,Eastern Collared Lizard,Reptilia,33135
218937476,89b875d1-4928-47ee-a19c-e5bc4c203deb,2024/05/23 12:32 PM,2024-05-23,2024-05-24 02:32:00 +0900,Central Time (US & Canada),62156,brentwhite1213,B. P. White,2024-05-29 02:39:07 +0900,2024-05-29 22:15:21 +0900,research,CC-BY-NC,https://www.inaturalist.org/observations/218937476,https://inaturalist-open-data.s3.amazonaws.com/photos/387459775/medium.jpeg,NA,NA,NA,1,0,FALSE,NA,"Briscoe County, TX, USA",34.582477662,-101.2245422482,21965,NA,NA,NA,21965,NA,open,FALSE,NA,NA,Eastern Collared Lizard,Crotaphytus collaris,Eastern Collared Lizard,Reptilia,33135
218937479,a82c6e00-4c65-4df2-b761-6daf557ae391,2024/05/23 12:40 PM,2024-05-23,2024-05-24 02:40:00 +0900,Central Time (US & Canada),62156,brentwhite1213,B. P. White,2024-05-29 02:39:08 +0900,2024-05-29 22:15:17 +0900,research,CC-BY-NC,https://www.inaturalist.org/observations/218937479,https://inaturalist-open-data.s3.amazonaws.com/photos/387459798/medium.jpeg,NA,NA,NA,1,0,FALSE,NA,"Briscoe County, TX, USA",34.582477662,-101.2245422482,21965,NA,NA,NA,21965,NA,open,FALSE,NA,NA,Eastern Collared Lizard,Crotaphytus collaris,Eastern Collared Lizard,Reptilia,33135
218937480,672fa2ae-cac9-4f13-94d9-20c20db27970,2024/05/23 12:45 PM,2024-05-23,2024-05-24 02:45:00 +0900,Central Time (US & Canada),62156,brentwhite1213,B. P. White,2024-05-29 02:39:08 +0900,2024-05-29 22:15:14 +0900,research,CC-BY-NC,https://www.inaturalist.org/observations/218937480,https://inaturalist-open-data.s3.amazonaws.com/photos/387459805/medium.jpeg,NA,NA,NA,1,0,FALSE,NA,"Briscoe County, TX, USA",34.582477662,-101.2245422482,21965,NA,NA,NA,21965,NA,open,FALSE,NA,NA,Eastern Collared Lizard,Crotaphytus collaris,Eastern Collared Lizard,Reptilia,33135
218937491,f35f708d-35cd-4e77-996c-96fb8d40b562,2024/05/23 3:29 PM,2024-05-23,2024-05-24 05:29:00 +0900,Central Time (US & Canada),62156,brentwhite1213,B. P. White,2024-05-29 02:39:11 +0900,2024-05-29 22:15:08 +0900,research,CC-BY-NC,https://www.inaturalist.org/observations/218937491,https://inaturalist-open-data.s3.amazonaws.com/photos/387459921/medium.jpeg,NA,NA,NA,1,0,FALSE,NA,"Armstrong County, TX, USA",34.8987016481,-101.3603999369,10581,NA,NA,NA,10581,NA,open,FALSE,NA,NA,Eastern Collared Lizard,Crotaphytus collaris,Eastern Collared Lizard,Reptilia,33135
218937495,c42bf0f9-50fe-41b7-9347-d9a59849e1f8,2024/05/23 3:30 PM,2024-05-23,2024-05-24 05:30:00 +0900,Central Time (US & Canada),62156,brentwhite1213,B. P. White,2024-05-29 02:39:12 +0900,2024-05-29 22:15:01 +0900,research,CC-BY-NC,https://www.inaturalist.org/observations/218937495,https://inaturalist-open-data.s3.amazonaws.com/photos/387459936/medium.jpeg,NA,NA,NA,1,0,FALSE,NA,"Armstrong County, TX, USA",34.8987016481,-101.3603999369,10581,NA,NA,NA,10581,NA,open,FALSE,NA,NA,Eastern Collared Lizard,Crotaphytus collaris,Eastern Collared Lizard,Reptilia,33135
218937498,9e0e77f1-3726-463f-8ca4-803969f12876,2024/05/23 3:35 PM,2024-05-23,2024-05-24 05:35:00 +0900,Central Time (US & Canada),62156,brentwhite1213,B. P. White,2024-05-29 02:39:13 +0900,2024-05-29 22:14:58 +0900,research,CC-BY-NC,https://www.inaturalist.org/observations/218937498,https://inaturalist-open-data.s3.amazonaws.com/photos/387459948/medium.jpeg,NA,NA,NA,1,0,FALSE,NA,"Armstrong County, TX, USA",34.8987016481,-101.3603999369,10581,NA,NA,NA,10581,NA,open,FALSE,NA,NA,Eastern Collared Lizard,Crotaphytus collaris,Eastern Collared Lizard,Reptilia,33135
218937506,a07cc28c-3404-43fd-a4be-1db15232d202,2024/05/23 4:22 PM,2024-05-23,2024-05-24 06:22:00 +0900,Central Time (US & Canada),62156,brentwhite1213,B. P. White,2024-05-29 02:39:14 +0900,2024-06-09 09:29:32 +0900,research,CC-BY-NC,https://www.inaturalist.org/observations/218937506,https://inaturalist-open-data.s3.amazonaws.com/photos/387459996/medium.jpeg,NA,NA,NA,1,0,FALSE,NA,"Armstrong County, TX, USA",34.8987016481,-101.3603999369,10581,NA,NA,NA,10581,NA,open,FALSE,NA,NA,Eastern Collared Lizard,Crotaphytus collaris,Eastern Collared Lizard,Reptilia,33135
219335350,e2a93d1c-f0cf-4dd2-9ede-a124d6c7d724,2024-05-29 11:00:11-05:00,2024-05-29,2024-05-30 01:00:11 +0900,Central Time (US & Canada),8131863,brysonbeattie,NA,2024-05-31 00:15:58 +0900,2024-06-08 06:39:55 +0900,research,CC-BY-NC,https://www.inaturalist.org/observations/219335350,https://inaturalist-open-data.s3.amazonaws.com/photos/388215176/medium.jpg,NA,NA,NA,2,0,FALSE,3,"Follett, TX, US",36.2314333333,-100.0682971667,4,NA,NA,NA,4,NA,open,FALSE,NA,NA,Eastern Collared Lizard,Crotaphytus collaris,Eastern Collared Lizard,Reptilia,33135
219350891,8ba1a5af-661d-4a09-be27-a1c68d0a2af7,2020/05/20 4:25 PM,2020-05-20,2020-05-21 06:25:00 +0900,Central Time (US & Canada),6316392,jkopachena,NA,2024-05-31 01:31:03 +0900,2024-06-01 23:20:28 +0900,research,CC-BY-NC,https://www.inaturalist.org/observations/219350891,https://inaturalist-open-data.s3.amazonaws.com/photos/388244029/medium.jpg,NA,NA,NA,2,0,FALSE,NA,"Randall County, TX, USA",34.9772635246,-101.6833888536,15,NA,NA,NA,15,NA,open,FALSE,NA,NA,Eastern Collared Lizard,Crotaphytus collaris,Eastern Collared Lizard,Reptilia,33135
219391274,9a2efaa8-2d9a-4185-a8a1-cfe8390d84cc,2024-05-30 14:45:48-05:00,2024-05-30,2024-05-31 04:45:48 +0900,Central Time (US & Canada),268486,brooksy,Jason Brooks,2024-05-31 04:47:04 +0900,2024-05-31 23:50:20 +0900,research,NA,https://www.inaturalist.org/observations/219391274,https://static.inaturalist.org/photos/388320106/medium.jpg,NA,NA,NA,1,0,FALSE,3,"McCamey, TX, US",31.3488188898,-102.2257563752,9,NA,NA,NA,9,NA,open,FALSE,NA,NA,Eastern Collared Lizard,Crotaphytus collaris,Eastern Collared Lizard,Reptilia,33135
219434788,a176dd51-9a30-4742-820b-c7f9f74325eb,2024-05-10 10:54:51-05:00,2024-05-10,2024-05-11 00:54:51 +0900,Central Time (US & Canada),8213736,mamakatt22,NA,2024-05-31 08:51:49 +0900,2024-05-31 22:53:41 +0900,research,CC-BY-NC,https://www.inaturalist.org/observations/219434788,https://inaturalist-open-data.s3.amazonaws.com/photos/388401141/medium.jpg,NA,NA,NA,1,0,FALSE,3,"Caprock Canyons State Park & Trailway, Silverton, TX, US",34.4630283333,-101.1134028333,5,NA,NA,NA,5,NA,open,FALSE,NA,NA,Eastern Collared Lizard,Crotaphytus collaris,Eastern Collared Lizard,Reptilia,33135
219442972,d259b6e1-9747-44bf-8c87-2d0f7285bfc6,2024/05/25 2:52 PM,2024-05-25,2024-05-26 04:52:00 +0900,Central Time (US & Canada),1086762,georgezimmer,George Zimmer,2024-05-31 09:49:12 +0900,2024-05-31 22:50:06 +0900,research,CC-BY-NC,https://www.inaturalist.org/observations/219442972,https://inaturalist-open-data.s3.amazonaws.com/photos/388414333/medium.jpeg,NA,NA,NA,1,0,FALSE,NA,"Gray County, TX, USA",35.5728630399,-100.8443105378,3906,NA,NA,NA,3906,NA,open,FALSE,NA,NA,Eastern Collared Lizard,Crotaphytus collaris,Eastern Collared Lizard,Reptilia,33135
220300412,ea3346de-ea3d-4e82-87f4-e1c14c345a7f,2024-06-03 13:08:58-05:00,2024-06-03,2024-06-04 03:08:58 +0900,Central Time (US & Canada),268486,brooksy,Jason Brooks,2024-06-04 03:19:10 +0900,2024-07-01 05:44:09 +0900,research,NA,https://www.inaturalist.org/observations/220300412,https://static.inaturalist.org/photos/390023078/medium.jpg,NA,NA,NA,2,0,FALSE,3,"Midland, TX, US",31.780714704,-102.0694012429,3731,NA,NA,NA,3731,NA,open,FALSE,NA,NA,Eastern Collared Lizard,Crotaphytus collaris,Eastern Collared Lizard,Reptilia,33135
220749354,6014f182-645b-448a-b371-c9a6b63ddaf5,2024-06-01 10:19:31-05:00,2024-06-01,2024-06-02 00:19:31 +0900,Central Time (US & Canada),8236413,taitlynr,NA,2024-06-06 05:10:14 +0900,2024-06-06 09:20:53 +0900,research,CC-BY-NC,https://www.inaturalist.org/observations/220749354,https://inaturalist-open-data.s3.amazonaws.com/photos/390863230/medium.jpg,NA,NA,NA,1,0,FALSE,3,"Copper Breaks State Park, Quanah, TX, US",34.1056888333,-99.7419283333,4,NA,NA,NA,4,NA,open,FALSE,NA,NA,Eastern Collared Lizard,Crotaphytus collaris,Eastern Collared Lizard,Reptilia,33135
220781597,150f4a77-c730-4316-ae46-9bbb49dc931e,2023-09-29 12:51:56-05:00,2023-09-29,2023-09-30 02:51:56 +0900,Central Time (US & Canada),7642378,meztlilo,Meztli Lozano,2024-06-06 08:21:18 +0900,2024-06-06 09:18:06 +0900,research,CC-BY-NC,https://www.inaturalist.org/observations/220781597,https://inaturalist-open-data.s3.amazonaws.com/photos/390925117/medium.jpg,NA,NA,It's amazing how well it camouflages into the dirt!,2,0,FALSE,3,"County Road 29, Quitaque, TX, US",34.460042777300004,-101.0305632757,6198,NA,NA,NA,6198,NA,open,FALSE,NA,NA,Eastern Collared Lizard,Crotaphytus collaris,Eastern Collared Lizard,Reptilia,33135
220802629,e1f9ab20-0d8f-40a1-a346-2b3272b45373,2024-06-05 19:44:29-06:00,2024-06-05,2024-06-06 10:44:29 +0900,Central Time (US & Canada),816516,kenya1999,NA,2024-06-06 10:46:19 +0900,2024-06-07 08:39:04 +0900,research,NA,https://www.inaturalist.org/observations/220802629,https://static.inaturalist.org/photos/390966601/medium.jpg,NA,NA,NA,2,0,FALSE,3,"Palo Duro Canyon State Park, Canyon, TX, US",34.9475107451,-101.6559179627,3797,NA,NA,NA,3797,NA,open,FALSE,NA,NA,Eastern Collared Lizard,Crotaphytus collaris,Eastern Collared Lizard,Reptilia,33135
220911817,b9e59992-6de9-43c2-a7fc-6701caadfce5,2023-05-08 13:38:51-05:00,2023-05-08,2023-05-09 03:38:51 +0900,Central Time (US & Canada),2634103,editaf,NA,2024-06-07 01:16:27 +0900,2024-06-08 00:22:21 +0900,research,CC-BY-NC,https://www.inaturalist.org/observations/220911817,https://inaturalist-open-data.s3.amazonaws.com/photos/391166119/medium.jpg,NA,NA,NA,2,0,FALSE,3,"Abilene State Park, Tuscola, TX, US",32.2502416667,-99.8947216667,4,NA,NA,NA,4,NA,open,FALSE,NA,NA,Eastern Collared Lizard,Crotaphytus collaris,Eastern Collared Lizard,Reptilia,33135
220990569,b7016c5a-ffca-4f7e-897c-073011e0bee6,2024/06/06 9:19 AM,2024-06-06,2024-06-06 23:19:00 +0900,Central Time (US & Canada),7733100,bridgethud,Bridget Hudnall,2024-06-07 08:05:49 +0900,2025-01-20 11:02:40 +0900,research,CC-BY-NC,https://www.inaturalist.org/observations/220990569,https://inaturalist-open-data.s3.amazonaws.com/photos/391311597/medium.jpeg,NA,NA,NA,2,0,FALSE,NA,"Burnet County, TX, USA",30.731271,-98.368909,16,NA,NA,NA,16,NA,open,FALSE,NA,NA,Eastern Collared Lizard,Crotaphytus collaris,Eastern Collared Lizard,Reptilia,33135
220990574,1084b99b-7a7d-4947-ba73-ee8a314ef5c5,2024/06/06 10:44 AM,2024-06-06,2024-06-07 00:44:00 +0900,Central Time (US & Canada),7733100,bridgethud,Bridget Hudnall,2024-06-07 08:05:50 +0900,2025-01-20 11:02:19 +0900,research,CC-BY-NC,https://www.inaturalist.org/observations/220990574,https://inaturalist-open-data.s3.amazonaws.com/photos/391313870/medium.jpeg,NA,NA,NA,2,0,FALSE,NA,"Burnet County, TX, USA",30.738094,-98.369078,16,NA,NA,NA,16,NA,open,FALSE,NA,NA,Eastern Collared Lizard,Crotaphytus collaris,Eastern Collared Lizard,Reptilia,33135
221118936,e45e4a41-1d5f-4dc3-a93d-5ba1834ce9f0,2024/06/05 9:51 AM,2024-06-05,2024-06-05 23:51:00 +0900,Central Time (US & Canada),268486,brooksy,Jason Brooks,2024-06-08 01:05:21 +0900,2024-06-08 03:15:19 +0900,research,NA,https://www.inaturalist.org/observations/221118936,https://static.inaturalist.org/photos/391550637/medium.jpeg,NA,NA,NA,1,0,FALSE,NA,"Upton County, TX, USA",31.3782510571,-102.2266042704,31,NA,NA,NA,31,NA,open,FALSE,NA,NA,Eastern Collared Lizard,Crotaphytus collaris,Eastern Collared Lizard,Reptilia,33135
221421174,ccf17473-0518-45a7-a6e8-8c4160018cfd,2024-06-08 17:04:13-05:00,2024-06-08,2024-06-09 07:04:13 +0900,Central Time (US & Canada),4236750,linda_cook,NA,2024-06-09 07:04:44 +0900,2024-06-12 01:40:19 +0900,research,CC-BY-NC,https://www.inaturalist.org/observations/221421174,https://inaturalist-open-data.s3.amazonaws.com/photos/392569903/medium.jpg,NA,NA,NA,2,0,FALSE,3,"Palo Duro Canyon State Park, Canyon, TX, US",34.9774138816,-101.6830722337,7,NA,NA,NA,7,NA,open,FALSE,NA,NA,Eastern Collared Lizard,Crotaphytus collaris,Eastern Collared Lizard,Reptilia,33135
221811220,49a852a7-9478-4600-a731-62d497b4cb6c,2024-06-09 13:08:43-05:00,2024-06-09,2024-06-10 03:08:43 +0900,Central Time (US & Canada),2422744,emmcleod,NA,2024-06-10 22:58:55 +0900,2024-06-10 23:35:39 +0900,research,CC-BY-NC,https://www.inaturalist.org/observations/221811220,https://inaturalist-open-data.s3.amazonaws.com/photos/392843959/medium.jpg,NA,NA,NA,1,0,FALSE,3,"Palo Duro Canyon State Park, Canyon, TX, US",34.9791,-101.678925,11,NA,NA,NA,11,NA,open,FALSE,NA,NA,Eastern Collared Lizard,Crotaphytus collaris,Eastern Collared Lizard,Reptilia,33135
222079290,0ed3faf8-bb3f-4d50-9b41-7c7aa9fbc2b1,2024/06/08 10:21 AM,2024-06-08,2024-06-09 01:21:00 +0900,Mountain Time (US & Canada),3627168,braulio32,Braulio Sanchez,2024-06-12 03:14:17 +0900,2024-06-12 05:15:17 +0900,research,NA,https://www.inaturalist.org/observations/222079290,https://static.inaturalist.org/photos/393345532/medium.jpeg,NA,NA,NA,1,0,FALSE,NA,"Hudspeth County, TX, USA",30.7089133368,-104.9697894378,122,NA,NA,NA,122,NA,open,FALSE,NA,NA,Eastern Collared Lizard,Crotaphytus collaris,Eastern Collared Lizard,Reptilia,33135
222344939,863371b3-c83e-4ad1-b799-c15b524bac13,2024-06-12 18:38:35-05:00,2024-06-12,2024-06-13 08:38:35 +0900,Central Time (US & Canada),7858014,brycerichman,NA,2024-06-13 08:38:54 +0900,2024-06-13 11:31:29 +0900,research,CC-BY-NC,https://www.inaturalist.org/observations/222344939,https://inaturalist-open-data.s3.amazonaws.com/photos/393847572/medium.jpg,NA,NA,NA,1,0,FALSE,3,"Palo Duro Canyon State Park, Canyon, TX, US",34.9799909985,-101.6908871248,4,NA,NA,NA,4,NA,open,FALSE,NA,NA,Eastern Collared Lizard,Crotaphytus collaris,Eastern Collared Lizard,Reptilia,33135
222576275,220b62dc-3551-430a-ad06-7a6a8bc6e363,2024/06/08 12:21 PM,2024-06-08,2024-06-09 03:21:00 +0900,Mountain Time (US & Canada),525229,johndeitsch,John Deitsch,2024-06-14 12:37:40 +0900,2024-06-14 20:21:09 +0900,research,CC-BY-NC,https://www.inaturalist.org/observations/222576275,https://inaturalist-open-data.s3.amazonaws.com/photos/394287832/medium.jpeg,NA,NA,NA,1,0,FALSE,NA,"Hudspeth County, TX, USA",30.7273915898,-104.9766446716,61,NA,NA,NA,61,NA,open,FALSE,NA,NA,Eastern Collared Lizard,Crotaphytus collaris,Eastern Collared Lizard,Reptilia,33135
223174737,73f1a86d-478a-4817-af0b-fb2a9b9cfe29,2024/06/16 9:52 AM,2024-06-16,2024-06-17 00:52:00 +0900,Mountain Time (US & Canada),3923686,matt_becker,Matt Becker,2024-06-17 04:29:46 +0900,2024-08-26 05:49:39 +0900,research,CC-BY-NC,https://www.inaturalist.org/observations/223174737,https://inaturalist-open-data.s3.amazonaws.com/photos/395402546/medium.jpg,NA,NA,NA,1,0,FALSE,NA,United States,31.8249514364,-106.4113322695,NA,NA,NA,NA,29173,obscured,open,TRUE,NA,NA,Eastern Collared Lizard,Crotaphytus collaris,Eastern Collared Lizard,Reptilia,33135
223631391,86efe97a-3aa1-43ff-b4f1-8d8c3c3daf6c,2024-06-18 13:33:31,2024-06-18,2024-06-19 03:33:31 +0900,Central Time (US & Canada),190613,aggie_wildlifer,Brian Dickerson,2024-06-19 06:39:51 +0900,2024-09-06 02:47:13 +0900,research,CC0,https://www.inaturalist.org/observations/223631391,https://inaturalist-open-data.s3.amazonaws.com/photos/396269237/medium.jpeg,NA,NA,NA,1,0,FALSE,2,"Texas, US",35.4662548215,-101.9443222617,NA,NA,NA,NA,28677,obscured,open,TRUE,gps,gps,Eastern Collared Lizard,Crotaphytus collaris,Eastern Collared Lizard,Reptilia,33135
223631505,3a23fe04-8ecc-4e0b-a942-a56732200673,2024-06-18 12:50:16,2024-06-18,2024-06-19 02:50:16 +0900,Central Time (US & Canada),190613,aggie_wildlifer,Brian Dickerson,2024-06-19 06:40:36 +0900,2024-09-06 02:47:17 +0900,research,CC0,https://www.inaturalist.org/observations/223631505,https://inaturalist-open-data.s3.amazonaws.com/photos/396269561/medium.jpeg,NA,NA,NA,1,0,FALSE,2,"Texas, US",35.4697679584,-101.8009695,NA,NA,NA,NA,28677,obscured,open,TRUE,gps,gps,Eastern Collared Lizard,Crotaphytus collaris,Eastern Collared Lizard,Reptilia,33135
223845689,12950c4a-4247-489c-91a3-46545cefcc22,2024-06-19 13:42:44,2024-06-19,2024-06-20 03:42:44 +0900,Central Time (US & Canada),747055,mitchell81,NA,2024-06-20 06:11:14 +0900,2024-06-20 10:39:04 +0900,research,CC-BY-NC,https://www.inaturalist.org/observations/223845689,https://inaturalist-open-data.s3.amazonaws.com/photos/396661589/medium.jpeg,NA,NA,NA,2,0,FALSE,2,"Randall County, US-TX, US",34.9414229346,-101.6606242482,12,NA,NA,NA,12,NA,open,FALSE,NA,NA,Eastern Collared Lizard,Crotaphytus collaris,Eastern Collared Lizard,Reptilia,33135
223854415,1b42400b-a5fd-4a39-9fa2-7b7c426c76b5,2024/06/19 11:28 AM,2024-06-19,2024-06-20 01:28:00 +0900,Central Time (US & Canada),9531,kucycads,Kenneth Bader,2024-06-20 06:56:41 +0900,2024-06-21 07:35:49 +0900,research,CC-BY-NC,https://www.inaturalist.org/observations/223854415,https://inaturalist-open-data.s3.amazonaws.com/photos/396675082/medium.jpeg,NA,NA,NA,1,0,FALSE,NA,"Texas, US",30.6304315163,-98.0607672284,15,"Burnet County, TX, USA",30.6111841824,-98.0630149857,29330,obscured,open,TRUE,NA,NA,Eastern Collared Lizard,Crotaphytus collaris,Eastern Collared Lizard,Reptilia,33135
224086515,06b96421-d5fb-4a60-990a-a56339710d30,2024-06-16 09:23:58-06:00,2024-06-16,2024-06-17 00:23:58 +0900,Mountain Time (US & Canada),687858,rcdowler,Robert Dowler,2024-06-21 09:02:17 +0900,2024-06-21 23:39:45 +0900,research,CC-BY-NC,https://www.inaturalist.org/observations/224086515,https://inaturalist-open-data.s3.amazonaws.com/photos/397116629/medium.jpg,NA,NA,NA,1,0,FALSE,3,"Franklin Mountains State Park, El Paso, TX, US",31.9309333333,-106.51248,4,NA,NA,NA,4,NA,open,FALSE,NA,NA,Eastern Collared Lizard,Crotaphytus collaris,Eastern Collared Lizard,Reptilia,33135
224101505,3558901e-bdd0-4fa7-9092-18394822181c,2024/06/20 10:31 AM,2024-06-20,2024-06-21 01:31:00 +0900,Mountain Time (US & Canada),8286225,victor_medina,Victor Medina,2024-06-21 10:43:25 +0900,2024-06-22 12:17:37 +0900,research,NA,https://www.inaturalist.org/observations/224101505,https://static.inaturalist.org/photos/397144577/medium.jpg,NA,NA,NA,3,0,FALSE,NA,"El Paso, TX, USA",31.9307252931,-106.5144179448,204,NA,NA,NA,204,NA,open,FALSE,NA,NA,Eastern Collared Lizard,Crotaphytus collaris,Eastern Collared Lizard,Reptilia,33135
224103166,ae2a5810-789c-4c5f-8b2f-a5a30ba29423,2024-06-03 13:47:40-05:00,2024-06-03,2024-06-04 03:47:40 +0900,Central Time (US & Canada),7966534,tyrel-s,Conner Stamps,2024-06-21 10:54:18 +0900,2024-06-21 23:37:13 +0900,research,NA,https://www.inaturalist.org/observations/224103166,https://static.inaturalist.org/photos/397147937/medium.jpg,NA,NA,NA,1,0,FALSE,3,"Amarillo, TX, US",35.4198925286,-101.9475230718,23,NA,NA,NA,23,NA,open,FALSE,NA,NA,Eastern Collared Lizard,Crotaphytus collaris,Eastern Collared Lizard,Reptilia,33135
224119750,08722ce6-54ed-4e0f-b462-972b1ca609f0,2024-06-18 09:13:59-05:00,2024-06-18,2024-06-18 23:13:59 +0900,Central Time (US & Canada),1861069,jules_leclair,NA,2024-06-21 13:04:30 +0900,2024-06-21 23:33:31 +0900,research,CC-BY-NC,https://www.inaturalist.org/observations/224119750,https://inaturalist-open-data.s3.amazonaws.com/photos/397182500/medium.jpg,NA,NA,NA,1,0,FALSE,3,"US-285, Pecos, TX, US",31.6380783333,-103.6437833333,4,NA,NA,NA,4,NA,open,FALSE,NA,NA,Eastern Collared Lizard,Crotaphytus collaris,Eastern Collared Lizard,Reptilia,33135
224121849,872f9aaa-cac7-4830-8bb2-68dba7f5d3c4,2024-06-18 09:14:42-05:00,2024-06-18,2024-06-18 23:14:42 +0900,Central Time (US & Canada),266665,mtorres,NA,2024-06-21 13:22:55 +0900,2024-06-21 23:32:42 +0900,research,CC-BY-NC,https://www.inaturalist.org/observations/224121849,https://inaturalist-open-data.s3.amazonaws.com/photos/397186069/medium.jpg,NA,NA,NA,1,0,FALSE,3,"Reeves County, US-TX, US",31.6537183834,-103.7010952195,4,NA,NA,NA,29199,obscured,open,TRUE,NA,NA,Eastern Collared Lizard,Crotaphytus collaris,Eastern Collared Lizard,Reptilia,33135
224236425,726919ae-77eb-4ef1-bc61-a87aefa9c04f,2024-06-20 10:31:16-05:00,2024-06-20,2024-06-21 00:31:16 +0900,Central Time (US & Canada),8218059,aaronaaronaaron,NA,2024-06-22 03:44:54 +0900,2024-07-16 12:12:48 +0900,research,CC-BY-NC,https://www.inaturalist.org/observations/224236425,https://inaturalist-open-data.s3.amazonaws.com/photos/397399827/medium.jpg,NA,NA,NA,2,0,FALSE,3,"Palo Duro Canyon State Park, Canyon, TX, US",34.9799116667,-101.6847616667,4,NA,NA,NA,4,NA,open,FALSE,NA,NA,Eastern Collared Lizard,Crotaphytus collaris,Eastern Collared Lizard,Reptilia,33135
224292916,20fcdcdb-f9ae-47eb-a943-0ec504fa50a3,2014/04/07 2:42 PM,2014-04-07,2014-04-08 04:42:00 +0900,Central Time (US & Canada),922298,antshrike1,NA,2024-06-22 09:25:27 +0900,2024-06-22 09:31:48 +0900,research,CC-BY-NC,https://www.inaturalist.org/observations/224292916,https://inaturalist-open-data.s3.amazonaws.com/photos/397509659/medium.jpg,NA,NA,NA,1,0,FALSE,NA,"Pine Canyon Trail, Texas 79834, USA",29.2675439,-103.2426459,1421,NA,NA,NA,1421,NA,open,FALSE,NA,NA,Eastern Collared Lizard,Crotaphytus collaris,Eastern Collared Lizard,Reptilia,33135
224905324,670c4aa5-ed08-4443-a4bc-73200cb1a952,2024/04/17 12:59 PM,2024-04-17,2024-04-18 02:59:00 +0900,Central Time (US & Canada),383586,sbdplantgal,Susie Doe,2024-06-25 01:03:22 +0900,2025-01-17 13:36:59 +0900,research,CC-BY-NC-SA,https://www.inaturalist.org/observations/224905324,https://inaturalist-open-data.s3.amazonaws.com/photos/398673660/medium.jpeg,NA,NA,NA,1,0,FALSE,NA,"Burnet County, TX, USA",30.7482035696,-98.3551499526,9,NA,NA,NA,9,NA,open,FALSE,NA,NA,Eastern Collared Lizard,Crotaphytus collaris,Eastern Collared Lizard,Reptilia,33135
225140743,35f3e657-59a5-4dda-b653-1b54e987ca53,2024/06/22 10:52 AM,2024-06-22,2024-06-23 00:52:00 +0900,Central Time (US & Canada),2605873,dannynelson94,Danny Nelson,2024-06-26 02:48:11 +0900,2024-07-18 22:17:54 +0900,research,CC-BY-NC,https://www.inaturalist.org/observations/225140743,https://inaturalist-open-data.s3.amazonaws.com/photos/399104088/medium.jpeg,NA,NA,NA,3,0,FALSE,NA,"Briscoe County, TX, USA",34.4591854466,-101.0970534411,1858,NA,NA,NA,1858,NA,open,FALSE,NA,NA,Eastern Collared Lizard,Crotaphytus collaris,Eastern Collared Lizard,Reptilia,33135
225241921,7ceada49-823d-410c-b733-e6010ffdd372,2024/06/13 10:54 AM,2024-06-13,2024-06-14 00:54:00 +0900,Central Time (US & Canada),7508151,genprice,genprice,2024-06-26 13:33:23 +0900,2024-07-16 12:12:39 +0900,research,CC-BY-NC,https://www.inaturalist.org/observations/225241921,https://inaturalist-open-data.s3.amazonaws.com/photos/399326321/medium.jpeg,NA,NA,NA,3,0,FALSE,NA,"Randall County, TX, USA",34.9589663054,-101.6747066879,3026,NA,NA,NA,3026,NA,open,FALSE,NA,NA,Eastern Collared Lizard,Crotaphytus collaris,Eastern Collared Lizard,Reptilia,33135
225964237,e82d47d3-f5de-49c7-a048-3e1ad8894591,2024/06/16 5:58 AM,2024-06-16,2024-06-16 19:58:00 +0900,Central Time (US & Canada),553242,cintylee,Cin-Ty Lee,2024-06-30 01:28:45 +0900,2024-07-16 12:12:35 +0900,research,CC-BY-NC,https://www.inaturalist.org/observations/225964237,https://inaturalist-open-data.s3.amazonaws.com/photos/400684433/medium.jpg,NA,NA,NA,4,0,FALSE,NA,"Randall County, TX, USA",34.9303424156,-101.6440640614,488,NA,NA,NA,488,NA,open,FALSE,NA,NA,Eastern Collared Lizard,Crotaphytus collaris,Eastern Collared Lizard,Reptilia,33135
226046786,80c0d01d-db2e-423f-a89e-42901f465f5b,2016/03/30 8:30 AM,2016-03-30,2016-03-30 22:30:00 +0900,Central Time (US & Canada),7648096,bwedderburn,Bruce Wedderburn,2024-06-30 07:25:56 +0900,2024-08-02 09:45:08 +0900,research,CC-BY-NC,https://www.inaturalist.org/observations/226046786,https://inaturalist-open-data.s3.amazonaws.com/photos/400842443/medium.jpg,NA,NA,NA,3,0,FALSE,NA,"Val Verde County, TX, USA",29.6899673806,-101.3172847933,1678,NA,NA,NA,1678,NA,open,FALSE,NA,NA,Eastern Collared Lizard,Crotaphytus collaris,Eastern Collared Lizard,Reptilia,33135
226078239,1d5d833a-be0a-4d1a-bc47-af9c8af70353,2024-06-28 13:30:43-05:00,2024-06-28,2024-06-29 03:30:43 +0900,Central Time (US & Canada),1905417,mjschillin,MJ -Blanco TX,2024-06-30 10:28:02 +0900,2024-06-30 10:30:53 +0900,research,CC-BY-NC,https://www.inaturalist.org/observations/226078239,https://inaturalist-open-data.s3.amazonaws.com/photos/400906798/medium.jpg,NA,NA,NA,1,0,FALSE,3,"Blanco, TX, US",30.0854111667,-98.5389866667,7,NA,NA,NA,7,NA,open,FALSE,NA,NA,Eastern Collared Lizard,Crotaphytus collaris,Eastern Collared Lizard,Reptilia,33135
226091113,081c3b28-35a4-4430-8f1d-272eb8d76e30,2024/06/29 11:21 AM,2024-06-29,2024-06-30 01:21:00 +0900,Central Time (US & Canada),114323,jotol,Joanne Toler,2024-06-30 11:54:48 +0900,2024-07-16 12:12:29 +0900,research,CC-BY-NC,https://www.inaturalist.org/observations/226091113,https://inaturalist-open-data.s3.amazonaws.com/photos/400927920/medium.jpeg,NA,NA,Cow Cabins overlook,3,0,FALSE,NA,"Randall County, TX, USA",34.936451469,-101.6393088257,61,NA,NA,NA,61,NA,open,FALSE,NA,NA,Eastern Collared Lizard,Crotaphytus collaris,Eastern Collared Lizard,Reptilia,33135
226261871,4b696892-d2fb-4ed6-b6d4-3a7eda1a1610,2024-06-09 11:50:07-05:00,2024-06-09,2024-06-10 01:50:07 +0900,Central Time (US & Canada),8318605,jonah_panther,Jonah Panther,2024-07-01 04:12:22 +0900,2024-07-16 12:12:23 +0900,research,NA,https://www.inaturalist.org/observations/226261871,https://static.inaturalist.org/photos/401250317/medium.jpg,NA,NA,NA,3,0,FALSE,3,"Palo Duro Canyon State Park, Canyon, TX, US",34.9418133333,-101.65068,4,NA,NA,NA,4,NA,open,FALSE,NA,NA,Eastern Collared Lizard,Crotaphytus collaris,Eastern Collared Lizard,Reptilia,33135
226775240,e2c7c32f-0ac2-49d6-a8e5-d1cf4e368cb6,2024-07-02 12:41:58-05:00,2024-07-02,2024-07-03 02:41:58 +0900,Central Time (US & Canada),644292,jlp777,Jill Pickett,2024-07-03 07:07:19 +0900,2024-07-16 12:12:18 +0900,research,NA,https://www.inaturalist.org/observations/226775240,https://static.inaturalist.org/photos/404426125/medium.jpg,NA,NA,NA,3,0,FALSE,3,"Palo Duro Canyon State Park, Canyon, TX, US",34.9763366667,-101.6790616667,7,NA,NA,NA,7,NA,open,FALSE,NA,NA,Eastern Collared Lizard,Crotaphytus collaris,Eastern Collared Lizard,Reptilia,33135
227176957,25ead193-39ed-48bb-b4e8-d7cb4f8f4d75,2024-07-04 15:52:41-05:00,2024-07-04,2024-07-05 05:52:41 +0900,Central Time (US & Canada),2763777,stelluti,NA,2024-07-05 05:55:39 +0900,2024-07-05 05:58:08 +0900,research,CC-BY-NC,https://www.inaturalist.org/observations/227176957,https://inaturalist-open-data.s3.amazonaws.com/photos/402980342/medium.jpg,NA,NA,NA,1,0,FALSE,3,"Becker Rd, Snyder, TX, US",33.0425611667,-101.0270305,4,NA,NA,NA,4,NA,open,FALSE,NA,NA,Eastern Collared Lizard,Crotaphytus collaris,Eastern Collared Lizard,Reptilia,33135
227328078,487a88e0-4bd3-48d8-b7f8-ca28420b8e47,2024-07-04 19:15:11-05:00,2024-07-04,2024-07-05 09:15:11 +0900,Central Time (US & Canada),2763777,stelluti,NA,2024-07-06 01:32:40 +0900,2024-07-06 01:41:36 +0900,research,CC-BY-NC,https://www.inaturalist.org/observations/227328078,https://inaturalist-open-data.s3.amazonaws.com/photos/403270200/medium.jpg,NA,NA,NA,1,0,FALSE,3,"Becker Rd, Snyder, TX, US",33.0419221667,-101.0288305,3,NA,NA,NA,3,NA,open,FALSE,NA,NA,Eastern Collared Lizard,Crotaphytus collaris,Eastern Collared Lizard,Reptilia,33135
227328151,667c1259-00f7-4e87-837d-7adffe5ff82a,2024-07-04 15:52:41-05:00,2024-07-04,2024-07-05 05:52:41 +0900,Central Time (US & Canada),2763777,stelluti,NA,2024-07-06 01:33:10 +0900,2024-07-07 06:33:13 +0900,research,CC-BY-NC,https://www.inaturalist.org/observations/227328151,https://inaturalist-open-data.s3.amazonaws.com/photos/403270374/medium.jpg,NA,NA,NA,2,0,FALSE,3,"Becker Rd, Snyder, TX, US",33.0425611667,-101.0270305,4,NA,NA,NA,4,NA,open,FALSE,NA,NA,Eastern Collared Lizard,Crotaphytus collaris,Eastern Collared Lizard,Reptilia,33135
227418508,72f0dbfa-d581-42e8-b657-ff434efa19c6,2024-07-05 19:24:30,2024-07-05,2024-07-06 09:24:30 +0900,Central Time (US & Canada),2773908,karlabradford,Karla Bradford,2024-07-06 09:56:41 +0900,2024-07-09 02:57:35 +0900,research,NA,https://www.inaturalist.org/observations/227418508,https://static.inaturalist.org/photos/403489439/medium.jpeg,NA,NA,NA,1,0,FALSE,2,"Redford, TX 79846, USA",29.2962527778,-103.9433888889,NA,NA,NA,NA,NA,NA,open,FALSE,NA,NA,Eastern Collared Lizard,Crotaphytus collaris,Eastern Collared Lizard,Reptilia,33135
227665738,c037c686-3664-481f-a1c0-19066118860b,2024-07-06 15:33:00-05:00,2024-07-06,2024-07-07 05:33:00 +0900,Central Time (US & Canada),2834630,mak_16,NA,2024-07-07 10:29:28 +0900,2024-07-08 11:38:23 +0900,research,CC-BY-NC,https://www.inaturalist.org/observations/227665738,https://inaturalist-open-data.s3.amazonaws.com/photos/403910774/medium.jpg,NA,NA,NA,2,0,FALSE,3,"Caprock Canyons State Park & Trailway, Silverton, TX, US",34.4440130306,-101.0547940477,1565,NA,NA,NA,1565,NA,open,FALSE,NA,NA,Eastern Collared Lizard,Crotaphytus collaris,Eastern Collared Lizard,Reptilia,33135
228092870,7d7ab5a2-d75e-4f77-890f-f3b021382737,2024-07-08,2024-07-08,NA,Central Time (US & Canada),112578,bosqueaaron,Aaron Lincoln,2024-07-09 04:55:56 +0900,2024-07-09 04:58:35 +0900,research,CC-BY-NC,https://www.inaturalist.org/observations/228092870,https://inaturalist-open-data.s3.amazonaws.com/photos/404719172/medium.jpeg,NA,NA,NA,1,0,FALSE,2,"Foard County, TX, USA",33.8324338712,-99.5323247463,4548,NA,NA,NA,4548,NA,open,FALSE,gps,gps,Eastern Collared Lizard,Crotaphytus collaris,Eastern Collared Lizard,Reptilia,33135
228133817,0026e91f-e844-42e5-b142-1a9bc00cdb68,2024-07-06 13:21:09-05:00,2024-07-06,2024-07-07 03:21:09 +0900,Central Time (US & Canada),2162892,imeldaperry,NA,2024-07-09 08:34:46 +0900,2024-07-16 12:12:17 +0900,research,NA,https://www.inaturalist.org/observations/228133817,https://static.inaturalist.org/photos/406601226/medium.jpeg,NA,NA,NA,4,0,FALSE,3,"Palo Duro Canyon State Park, Canyon, TX, US",34.9517383333,-101.6720716667,4,NA,NA,NA,4,NA,open,FALSE,NA,NA,Eastern Collared Lizard,Crotaphytus collaris,Eastern Collared Lizard,Reptilia,33135
228136603,e03301f8-d7be-45f2-8283-f580b38ae31b,Mon Jul 08 2024 17:51:42 GMT -0600 (MDT),2024-07-08,2024-07-09 08:51:42 +0900,Mountain Time (US & Canada),7696446,lopnortech,Jesse,2024-07-09 08:51:53 +0900,2024-07-23 10:04:08 +0900,research,CC-BY-NC,https://www.inaturalist.org/observations/228136603,https://inaturalist-open-data.s3.amazonaws.com/photos/410437628/medium.jpeg,NA,NA,NA,1,0,FALSE,333,El Paso,31.8525848389,-106.5102996826,37,NA,NA,NA,37,NA,open,FALSE,NA,NA,Eastern Collared Lizard,Crotaphytus collaris,Eastern Collared Lizard,Reptilia,33135
228225696,a65e70c3-912d-4de1-9b81-28befd29c709,2024/07/08 3:24 PM,2024-07-08,2024-07-09 05:24:00 +0900,Central Time (US & Canada),268486,brooksy,Jason Brooks,2024-07-09 22:00:32 +0900,2024-07-11 02:39:03 +0900,research,NA,https://www.inaturalist.org/observations/228225696,https://static.inaturalist.org/photos/404972688/medium.jpeg,NA,NA,NA,1,0,FALSE,NA,"Upton County, TX, USA",31.4665751204,-102.2133573907,2,NA,NA,NA,2,NA,open,FALSE,NA,NA,Eastern Collared Lizard,Crotaphytus collaris,Eastern Collared Lizard,Reptilia,33135
228265985,87de5f7f-41cf-4367-bf44-9a4dd13c4f29,2024-07-07 11:39:08-05:00,2024-07-07,2024-07-08 01:39:08 +0900,Central Time (US & Canada),6446559,imadeline,NA,2024-07-10 01:42:05 +0900,2024-07-16 12:12:09 +0900,research,CC-BY-NC,https://www.inaturalist.org/observations/228265985,https://inaturalist-open-data.s3.amazonaws.com/photos/405044842/medium.jpg,NA,NA,NA,2,0,FALSE,3,"Palo Duro Canyon State Park, Canyon, TX, US",34.9808533333,-101.672425,6,NA,NA,NA,6,NA,open,FALSE,NA,NA,Eastern Collared Lizard,Crotaphytus collaris,Eastern Collared Lizard,Reptilia,33135
228266341,420cb3d5-6a9e-43f9-8e68-db94ffea211a,2024-07-07 11:34:48-05:00,2024-07-07,2024-07-08 01:34:48 +0900,Central Time (US & Canada),6446559,imadeline,NA,2024-07-10 01:43:25 +0900,2024-07-16 12:12:07 +0900,research,CC-BY-NC,https://www.inaturalist.org/observations/228266341,https://inaturalist-open-data.s3.amazonaws.com/photos/405046153/medium.jpg,NA,NA,NA,2,0,FALSE,3,"Palo Duro Canyon State Park, Canyon, TX, US",34.981655,-101.6725083333,7,NA,NA,NA,7,NA,open,FALSE,NA,NA,Eastern Collared Lizard,Crotaphytus collaris,Eastern Collared Lizard,Reptilia,33135
228266948,6ad90f1d-3bb4-486f-88d7-94dafc27bfe2,2024-07-07 11:28:52-05:00,2024-07-07,2024-07-08 01:28:52 +0900,Central Time (US & Canada),6446559,imadeline,NA,2024-07-10 01:46:24 +0900,2024-07-16 12:12:04 +0900,research,CC-BY-NC,https://www.inaturalist.org/observations/228266948,https://inaturalist-open-data.s3.amazonaws.com/photos/405046278/medium.jpg,NA,NA,NA,2,0,FALSE,3,"Palo Duro Canyon State Park, Canyon, TX, US",34.9822783333,-101.6737533333,4,NA,NA,NA,4,NA,open,FALSE,NA,NA,Eastern Collared Lizard,Crotaphytus collaris,Eastern Collared Lizard,Reptilia,33135
228571350,d750e57d-3f7a-41f2-939c-8768abea7dba,2024/07/03 1:42 PM,2024-07-03,2024-07-04 03:42:00 +0900,Central Time (US & Canada),455509,pinkspoonbill,NA,2024-07-11 12:22:36 +0900,2024-07-16 12:11:54 +0900,research,CC-BY-NC,https://www.inaturalist.org/observations/228571350,https://inaturalist-open-data.s3.amazonaws.com/photos/405625485/medium.jpg,NA,NA,NA,2,0,FALSE,NA,"Randall County, TX, USA",34.9426799,-101.6521482997,NA,NA,NA,NA,NA,NA,open,FALSE,NA,NA,Eastern Collared Lizard,Crotaphytus collaris,Eastern Collared Lizard,Reptilia,33135
228610524,7385630e-3413-4c1d-b9f9-fccd2dee1f56,2024/07/06 2:11 PM,2024-07-06,2024-07-07 04:11:00 +0900,Central Time (US & Canada),917588,wmccarley,William McCarley,2024-07-11 21:23:01 +0900,2024-07-11 23:28:04 +0900,research,NA,https://www.inaturalist.org/observations/228610524,https://static.inaturalist.org/photos/405697893/medium.jpg,NA,NA,NA,2,0,FALSE,NA,"Potter County, TX, USA",35.2841648455,-101.9496046096,11,NA,NA,NA,11,NA,open,FALSE,NA,NA,Eastern Collared Lizard,Crotaphytus collaris,Eastern Collared Lizard,Reptilia,33135
228816099,18efe18d-984b-4c31-b7e7-ccef107c8616,2024/07/10 6:20 PM,2024-07-10,2024-07-11 08:20:00 +0900,Central Time (US & Canada),268486,brooksy,Jason Brooks,2024-07-12 22:04:05 +0900,2024-07-12 23:26:22 +0900,research,NA,https://www.inaturalist.org/observations/228816099,https://static.inaturalist.org/photos/406092294/medium.jpeg,NA,NA,NA,1,0,FALSE,NA,"Upton County, TX, USA",31.3657488412,-102.1962085666,69,NA,NA,NA,69,NA,open,FALSE,NA,NA,Eastern Collared Lizard,Crotaphytus collaris,Eastern Collared Lizard,Reptilia,33135
228824458,1805c924-dc98-4374-970f-d4ec8855074d,2024/04/25 4:11 PM,2024-04-25,2024-04-26 06:11:00 +0900,Central Time (US & Canada),5414523,jsnieder,Julia,2024-07-12 22:57:02 +0900,2024-07-12 23:25:38 +0900,research,CC-BY-NC,https://www.inaturalist.org/observations/228824458,https://inaturalist-open-data.s3.amazonaws.com/photos/406107917/medium.jpg,NA,NA,NA,1,0,FALSE,NA,"Briscoe County, TX, USA",34.4533521957,-101.0858127174,120,NA,NA,NA,120,NA,open,FALSE,NA,NA,Eastern Collared Lizard,Crotaphytus collaris,Eastern Collared Lizard,Reptilia,33135
228874658,003a9adc-7696-4ba5-8b0a-414f6a730e7f,2024-07-12 11:02:03-05:00,2024-07-12,2024-07-13 01:02:03 +0900,Central Time (US & Canada),7311332,casshrob,NA,2024-07-13 03:37:22 +0900,2024-07-16 12:11:29 +0900,research,CC-BY-NC,https://www.inaturalist.org/observations/228874658,https://inaturalist-open-data.s3.amazonaws.com/photos/406203167/medium.jpeg,NA,NA,NA,2,0,FALSE,3,"Palo Duro Canyon State Park, Canyon, TX, US",34.93673,-101.6967383333,4,NA,NA,NA,4,NA,open,FALSE,NA,NA,Eastern Collared Lizard,Crotaphytus collaris,Eastern Collared Lizard,Reptilia,33135
228935076,9ec3f819-4010-4181-837e-71d6da1ec5b2,2024-06-30 10:14:03-05:00,2024-06-30,2024-07-01 00:14:03 +0900,Central Time (US & Canada),4436713,knwrootbeer,Kristen Winslow,2024-07-13 10:04:40 +0900,2025-01-20 11:01:14 +0900,research,CC-BY-NC,https://www.inaturalist.org/observations/228935076,https://inaturalist-open-data.s3.amazonaws.com/photos/406321496/medium.jpeg,NA,NA,NA,2,0,FALSE,3,"Inks Lake State Park, Burnet, TX, US",30.73398,-98.3693783333,4,NA,NA,NA,4,NA,open,FALSE,NA,NA,Eastern Collared Lizard,Crotaphytus collaris,Eastern Collared Lizard,Reptilia,33135
228951361,e019775f-5416-41ad-a43b-e4442754d0b8,2024/07/03 4:59 PM,2024-07-03,2024-07-04 06:59:00 +0900,Central Time (US & Canada),455509,pinkspoonbill,NA,2024-07-13 12:14:11 +0900,2024-07-16 12:11:27 +0900,research,CC-BY-NC,https://www.inaturalist.org/observations/228951361,https://inaturalist-open-data.s3.amazonaws.com/photos/406353750/medium.jpg,NA,NA,NA,2,0,FALSE,NA,"Randall County, TX, USA",34.9411781,-101.6510516997,NA,NA,NA,NA,NA,NA,open,FALSE,NA,NA,Eastern Collared Lizard,Crotaphytus collaris,Eastern Collared Lizard,Reptilia,33135
228955601,36c219c4-1d70-4ff4-8201-a1c2bf5ea47b,2024/07/03 5:43 PM,2024-07-03,2024-07-04 07:43:00 +0900,Central Time (US & Canada),455509,pinkspoonbill,NA,2024-07-13 12:51:13 +0900,2024-07-16 12:11:25 +0900,research,CC-BY-NC,https://www.inaturalist.org/observations/228955601,https://inaturalist-open-data.s3.amazonaws.com/photos/406362677/medium.jpg,NA,NA,NA,2,0,FALSE,NA,"Randall County, TX, USA",34.9787942,-101.6780593,NA,NA,NA,NA,NA,NA,open,FALSE,NA,NA,Eastern Collared Lizard,Crotaphytus collaris,Eastern Collared Lizard,Reptilia,33135
229976003,ac032c36-fc79-436d-ac20-9af492caca76,2024/07/05 5:39 PM,2024-07-05,2024-07-06 07:39:00 +0900,Central Time (US & Canada),455509,pinkspoonbill,NA,2024-07-18 06:14:49 +0900,2024-07-20 14:25:59 +0900,research,CC-BY-NC,https://www.inaturalist.org/observations/229976003,https://inaturalist-open-data.s3.amazonaws.com/photos/408285995/medium.jpg,NA,NA,NA,5,0,FALSE,NA,"Randall County, TX, USA",34.9788929997,-101.678503,NA,NA,NA,NA,NA,NA,open,FALSE,NA,NA,Eastern Collared Lizard,Crotaphytus collaris,Eastern Collared Lizard,Reptilia,33135
230757540,5d5fafb3-babf-4805-8590-7340b580d7e2,2024-07-21 09:52:23-05:00,2024-07-21,2024-07-21 23:52:23 +0900,Central Time (US & Canada),832543,zdmason,NA,2024-07-21 23:53:07 +0900,2024-08-12 13:02:33 +0900,research,NA,https://www.inaturalist.org/observations/230757540,https://static.inaturalist.org/photos/409763359/medium.jpeg,NA,NA,NA,3,0,FALSE,3,"Palo Duro Canyon State Park, Canyon, TX, US",34.9797783333,-101.6911383333,5,NA,NA,NA,5,NA,open,FALSE,NA,NA,Eastern Collared Lizard,Crotaphytus collaris,Eastern Collared Lizard,Reptilia,33135
230880868,8f341386-f145-4361-9a6c-64fb502b7351,2024-07-21 16:32:57-06:00,2024-07-21,2024-07-22 07:32:57 +0900,Mountain Time (US & Canada),7311604,jasminecuellar,Jasmine Cuellar,2024-07-22 09:00:50 +0900,2024-08-12 13:02:14 +0900,research,CC-BY-NC,https://www.inaturalist.org/observations/230880868,https://static.inaturalist.org/photos/409994727/medium.jpeg,NA,NA,NA,2,0,FALSE,3,"Franklin Mountains State Park, El Paso, TX, US",31.8066916667,-106.4940333333,11,NA,NA,NA,11,NA,open,FALSE,NA,NA,Eastern Collared Lizard,Crotaphytus collaris,Eastern Collared Lizard,Reptilia,33135
231017691,c45be270-9124-49f7-a6ec-85313ce50bbe,2024-07-21 14:47:52-05:00,2024-07-21,2024-07-22 04:47:52 +0900,Central Time (US & Canada),2195546,pente,NA,2024-07-23 01:38:46 +0900,2024-07-23 22:02:47 +0900,research,CC-BY-NC,https://www.inaturalist.org/observations/231017691,https://inaturalist-open-data.s3.amazonaws.com/photos/410252979/medium.jpeg,NA,NA,NA,3,0,FALSE,3,"Palo Duro Canyon State Park, Canyon, TX, US",34.9430669869,-101.6611689608,1454,NA,NA,NA,1454,NA,open,FALSE,NA,NA,Eastern Collared Lizard,Crotaphytus collaris,Eastern Collared Lizard,Reptilia,33135
231524775,f7f12a2b-fd57-421d-8180-839983af6ff3,2024-07-23 12:57:22-05:00,2024-07-23,2024-07-24 02:57:22 +0900,Central Time (US & Canada),5142262,charles_hines,NA,2024-07-25 09:27:04 +0900,2024-08-12 13:01:45 +0900,research,CC-BY-NC,https://www.inaturalist.org/observations/231524775,https://inaturalist-open-data.s3.amazonaws.com/photos/411220213/medium.jpeg,NA,NA,NA,2,0,FALSE,3,"Snyder, TX, US",32.5371083333,-100.94432,4,NA,NA,NA,4,NA,open,FALSE,NA,NA,Eastern Collared Lizard,Crotaphytus collaris,Eastern Collared Lizard,Reptilia,33135
232337974,be25d9c7-9f2e-4a69-81ef-c584e6f68758,2024-07-28 14:37:36-05:00,2024-07-28,2024-07-29 04:37:36 +0900,Central Time (US & Canada),1905417,mjschillin,MJ -Blanco TX,2024-07-29 04:42:03 +0900,2024-08-12 13:00:07 +0900,research,CC-BY-NC,https://www.inaturalist.org/observations/232337974,https://inaturalist-open-data.s3.amazonaws.com/photos/412758426/medium.jpeg,NA,NA,Baby,3,0,FALSE,3,"Blanco, TX, US",30.0853888333,-98.5391466667,4,NA,NA,NA,4,NA,open,FALSE,NA,NA,Eastern Collared Lizard,Crotaphytus collaris,Eastern Collared Lizard,Reptilia,33135
232552913,7de0ef16-6ba5-4869-a327-feeac7c304d7,2024/07/27 11:19 AM,2024-07-27,2024-07-28 01:19:00 +0900,Central Time (US & Canada),112578,bosqueaaron,Aaron Lincoln,2024-07-30 04:28:49 +0900,2024-07-30 04:33:41 +0900,research,CC-BY-NC,https://www.inaturalist.org/observations/232552913,https://inaturalist-open-data.s3.amazonaws.com/photos/413158472/medium.jpeg,NA,NA,NA,1,0,FALSE,NA,"Randall County, TX, USA",34.9479966667,-101.6683416667,NA,NA,NA,NA,NA,NA,open,FALSE,NA,NA,Eastern Collared Lizard,Crotaphytus collaris,Eastern Collared Lizard,Reptilia,33135
232552918,0eb187c6-a9a1-4dcd-a5bc-fa5bad81bda9,2024/07/27 11:27 AM,2024-07-27,2024-07-28 01:27:00 +0900,Central Time (US & Canada),112578,bosqueaaron,Aaron Lincoln,2024-07-30 04:28:50 +0900,2024-07-30 04:32:47 +0900,research,CC-BY-NC,https://www.inaturalist.org/observations/232552918,https://inaturalist-open-data.s3.amazonaws.com/photos/413158525/medium.jpeg,NA,NA,NA,1,0,FALSE,NA,"Randall County, TX, USA",34.9476083333,-101.6680716667,NA,NA,NA,NA,NA,NA,open,FALSE,NA,NA,Eastern Collared Lizard,Crotaphytus collaris,Eastern Collared Lizard,Reptilia,33135
232578868,3512a625-6bc7-4041-8a3c-f0bd39fea6de,2024/07/27 11:11 AM,2024-07-27,2024-07-28 01:11:00 +0900,Central Time (US & Canada),312832,jwn,Justin,2024-07-30 06:38:01 +0900,2024-07-30 06:57:15 +0900,research,CC-BY-NC,https://www.inaturalist.org/observations/232578868,https://inaturalist-open-data.s3.amazonaws.com/photos/413211983/medium.jpeg,NA,NA,NA,1,0,FALSE,NA,"Randall County, TX, USA",34.9479516667,-101.6683216667,NA,NA,NA,NA,NA,NA,open,FALSE,NA,NA,Eastern Collared Lizard,Crotaphytus collaris,Eastern Collared Lizard,Reptilia,33135
232753467,d47118da-af3a-4ca5-9e8e-218e24820d5e,2024-07-30 11:34:31-05:00,2024-07-30,2024-07-31 01:34:31 +0900,Central Time (US & Canada),7889183,taylor_talbot,Taylor Talbot,2024-07-31 04:28:38 +0900,2024-07-31 05:13:53 +0900,research,NA,https://www.inaturalist.org/observations/232753467,https://static.inaturalist.org/photos/413550259/medium.jpeg,NA,NA,NA,1,0,FALSE,3,"Dalhart, TX, US",36.022575,-102.501245,3,NA,NA,NA,3,NA,open,FALSE,NA,NA,Eastern Collared Lizard,Crotaphytus collaris,Eastern Collared Lizard,Reptilia,33135
232803291,673bbded-8370-4d05-8d83-1c7fecb46e8b,2024-07-30 12:12:00-05:00,2024-07-30,2024-07-31 02:12:00 +0900,Central Time (US & Canada),7889183,taylor_talbot,Taylor Talbot,2024-07-31 09:13:39 +0900,2024-08-01 03:50:39 +0900,research,NA,https://www.inaturalist.org/observations/232803291,https://static.inaturalist.org/photos/413648666/medium.jpeg,NA,NA,NA,1,0,FALSE,3,"Dalhart, TX, US",36.0224542327,-102.5012167935,69,NA,NA,NA,69,NA,open,FALSE,NA,NA,Eastern Collared Lizard,Crotaphytus collaris,Eastern Collared Lizard,Reptilia,33135
232817903,f2f74aab-c2ad-4419-8077-8003a86b82cf,2024-07-30 17:56:30-05:00,2024-07-30,2024-07-31 07:56:30 +0900,Central Time (US & Canada),710938,paul_crump,Paul Crump,2024-07-31 10:50:31 +0900,2024-08-07 07:26:59 +0900,research,CC-BY-NC,https://www.inaturalist.org/observations/232817903,https://inaturalist-open-data.s3.amazonaws.com/photos/413676750/medium.jpeg,NA,NA,NA,3,0,FALSE,3,"RM-169, Presidio, TX, US",30.18872,-104.0530861667,3,NA,NA,NA,3,NA,open,FALSE,NA,NA,Eastern Collared Lizard,Crotaphytus collaris,Eastern Collared Lizard,Reptilia,33135
233002991,71799d94-bd0f-495e-947c-623f4cb82d88,2024-07-31 19:26:51-05:00,2024-07-31,2024-08-01 09:26:51 +0900,Central Time (US & Canada),1609439,gklich,NA,2024-08-01 09:29:36 +0900,2024-08-12 12:59:57 +0900,research,CC-BY-NC,https://www.inaturalist.org/observations/233002991,https://inaturalist-open-data.s3.amazonaws.com/photos/415176508/medium.jpeg,NA,NA,NA,3,0,FALSE,3,"Palo Duro Canyon State Park, Canyon, TX, US",34.9762121024,-101.6795192138,11,NA,NA,NA,11,NA,open,FALSE,NA,NA,Eastern Collared Lizard,Crotaphytus collaris,Eastern Collared Lizard,Reptilia,33135
233586487,a3458c9d-eaef-4226-80fe-99f14cd47b29,2024/07/23 2:24 PM,2024-07-23,2024-07-24 05:24:00 +0900,Mountain Time (US & Canada),5928342,mythalive,NA,2024-08-04 07:17:54 +0900,2024-08-04 09:54:22 +0900,research,CC-BY-NC,https://www.inaturalist.org/observations/233586487,https://inaturalist-open-data.s3.amazonaws.com/photos/415137994/medium.jpeg,NA,NA,NA,2,0,FALSE,NA,"El Paso, TX, USA",31.9154570175,-106.5213616275,3392,NA,NA,NA,3392,NA,open,FALSE,NA,NA,Eastern Collared Lizard,Crotaphytus collaris,Eastern Collared Lizard,Reptilia,33135
233595436,348e7bca-2d9f-4fc0-b75a-f7065a0e93ef,2024/07/24 2:12 PM,2024-07-24,2024-07-25 05:12:00 +0900,Mountain Time (US & Canada),5928342,mythalive,NA,2024-08-04 08:09:54 +0900,2024-08-09 03:41:17 +0900,research,CC-BY-NC,https://www.inaturalist.org/observations/233595436,https://inaturalist-open-data.s3.amazonaws.com/photos/415155147/medium.jpeg,NA,NA,NA,2,0,FALSE,NA,"Franklin Mountains State Park, Tom Mays Park Access Rd, El Paso, TX 79911, USA",31.9117027,-106.5173673,7690,NA,NA,NA,7690,NA,open,FALSE,NA,NA,Eastern Collared Lizard,Crotaphytus collaris,Eastern Collared Lizard,Reptilia,33135
233600622,4e34b7ca-99f7-4965-96b9-1127098a638d,2024-08-03 18:29:13-05:00,2024-08-03,2024-08-04 08:29:13 +0900,Central Time (US & Canada),3062262,aggiefan21,NA,2024-08-04 08:44:16 +0900,2024-08-10 06:00:59 +0900,research,CC-BY-NC,https://www.inaturalist.org/observations/233600622,https://inaturalist-open-data.s3.amazonaws.com/photos/415167236/medium.jpeg,NA,NA,NA,2,0,FALSE,3,"Big Lake, TX, US",31.18765,-101.54808,4,NA,NA,NA,4,NA,open,FALSE,NA,NA,Eastern Collared Lizard,Crotaphytus collaris,Eastern Collared Lizard,Reptilia,33135
234444839,1ca7a9a7-72be-4d20-883f-90774435ac08,2024-08-07 19:38:01-05:00,2024-08-07,2024-08-08 09:38:01 +0900,Central Time (US & Canada),6938027,lisaelton1963,NA,2024-08-08 10:45:09 +0900,2024-09-01 17:15:59 +0900,research,CC-BY-NC,https://www.inaturalist.org/observations/234444839,https://inaturalist-open-data.s3.amazonaws.com/photos/416785028/medium.jpeg,NA,NA,NA,3,0,FALSE,3,"Stinnett, TX, US",35.8375905,-101.52701615,20222,NA,NA,NA,20222,NA,open,FALSE,NA,NA,Eastern Collared Lizard,Crotaphytus collaris,Eastern Collared Lizard,Reptilia,33135
234906389,6e2eabd6-cfbe-4559-8e39-f5874eef52b1,2024-06-15 14:32:09-05:00,2024-06-15,2024-06-16 04:32:09 +0900,Central Time (US & Canada),8436131,jcates95,NA,2024-08-11 01:26:13 +0900,2024-08-12 03:01:17 +0900,research,CC-BY-NC,https://www.inaturalist.org/observations/234906389,https://inaturalist-open-data.s3.amazonaws.com/photos/417681726/medium.jpeg,NA,NA,NA,2,0,FALSE,3,"County Road 308, Midkiff, TX, US",31.5100833423,-102.1024945,20,NA,NA,NA,20,NA,open,FALSE,NA,NA,Eastern Collared Lizard,Crotaphytus collaris,Eastern Collared Lizard,Reptilia,33135
235011114,e8a1aa89-e3f0-4561-bfc5-11354b491dd8,Sat Aug 10 2024 14:13:44 GMT -0500 (CDT),2024-08-10,2024-08-11 04:13:44 +0900,Central Time (US & Canada),2134681,lfrerman,NA,2024-08-11 10:29:02 +0900,2024-08-16 20:47:24 +0900,research,NA,https://www.inaturalist.org/observations/235011114,https://inaturalist-open-data.s3.amazonaws.com/photos/419927891/medium.jpeg,NA,NA,NA,3,0,FALSE,333,Canyon,34.9674224854,-101.6724853516,7,NA,NA,NA,7,NA,open,FALSE,NA,NA,Eastern Collared Lizard,Crotaphytus collaris,Eastern Collared Lizard,Reptilia,33135
235153055,6b089bc7-4508-43b4-aae9-f4897131ddaa,2024/08/08 1:18 PM,2024-08-08,2024-08-09 04:18:00 +0900,Mountain Time (US & Canada),5013363,highsinger,highsinger,2024-08-12 02:37:24 +0900,2024-08-14 06:01:53 +0900,research,CC-BY,https://www.inaturalist.org/observations/235153055,https://inaturalist-open-data.s3.amazonaws.com/photos/418155930/medium.jpg,NA,NA,NA,1,0,FALSE,NA,"El Paso, TX, USA",31.9301579184,-106.5130947086,1,NA,NA,NA,1,NA,open,FALSE,NA,NA,Eastern Collared Lizard,Crotaphytus collaris,Eastern Collared Lizard,Reptilia,33135
235407335,502b2a3b-d797-4e79-bfb0-134b2a72c084,2024-08-12 15:31:26-05:00,2024-08-12,2024-08-13 05:31:26 +0900,Central Time (US & Canada),1388665,chase51,Chase Brooke,2024-08-13 05:32:00 +0900,2024-08-13 09:50:59 +0900,research,NA,https://www.inaturalist.org/observations/235407335,https://static.inaturalist.org/photos/418651201/medium.jpeg,NA,NA,NA,2,0,FALSE,3,"Palo Duro Canyon State Park, Canyon, TX, US",34.9807333333,-101.6911166667,15,NA,NA,NA,15,NA,open,FALSE,NA,NA,Eastern Collared Lizard,Crotaphytus collaris,Eastern Collared Lizard,Reptilia,33135
235718908,dae52053-d6cf-4f86-8d8d-21b3108fea94,2024/08/12 2:50 PM,2024-08-12,2024-08-13 04:50:00 +0900,Central Time (US & Canada),268486,brooksy,Jason Brooks,2024-08-14 22:47:14 +0900,2024-08-14 22:56:48 +0900,research,NA,https://www.inaturalist.org/observations/235718908,https://static.inaturalist.org/photos/419244343/medium.jpeg,NA,NA,NA,1,0,FALSE,NA,"Upton County, TX, USA",31.4679679533,-102.206841812,2,NA,NA,NA,2,NA,open,FALSE,NA,NA,Eastern Collared Lizard,Crotaphytus collaris,Eastern Collared Lizard,Reptilia,33135
237002071,56db1803-9ede-418d-b7d3-f427dc2b3cda,2024-08-20 16:34:05-05:00,2024-08-20,2024-08-21 06:34:05 +0900,Central Time (US & Canada),1489057,poldrch,NA,2024-08-21 07:29:54 +0900,2024-08-22 17:31:00 +0900,research,CC-BY-NC,https://www.inaturalist.org/observations/237002071,https://inaturalist-open-data.s3.amazonaws.com/photos/421975148/medium.jpeg,NA,NA,NA,2,0,FALSE,3,"Palo Duro Canyon State Park, Canyon, TX, US",34.9773002694,-101.6767334839,25,NA,NA,NA,25,NA,open,FALSE,NA,NA,Eastern Collared Lizard,Crotaphytus collaris,Eastern Collared Lizard,Reptilia,33135
237037373,64ebb339-040d-4493-ad36-16f9fe1326a7,2024/08/19 9:12 AM,2024-08-19,2024-08-19 23:12:00 +0900,Central Time (US & Canada),1952402,wonderbird22,Ari Rice,2024-08-21 11:40:15 +0900,2024-08-21 11:56:43 +0900,research,CC-BY-NC,https://www.inaturalist.org/observations/237037373,https://inaturalist-open-data.s3.amazonaws.com/photos/421783708/medium.jpeg,NA,NA,NA,1,0,FALSE,NA,"Randall County, TX, USA",34.9795627792,-101.6910187427,2,NA,NA,NA,2,NA,open,FALSE,NA,NA,Eastern Collared Lizard,Crotaphytus collaris,Eastern Collared Lizard,Reptilia,33135
237460702,bc571960-af00-4c83-9866-39cb2b1a0225,2024-08-23 08:59:53-05:00,2024-08-23,2024-08-23 22:59:53 +0900,Central Time (US & Canada),622618,rainbowmushr00m,NA,2024-08-23 23:13:50 +0900,2024-08-24 00:55:43 +0900,research,CC-BY-NC,https://www.inaturalist.org/observations/237460702,https://inaturalist-open-data.s3.amazonaws.com/photos/422612040/medium.jpeg,NA,NA,NA,1,0,FALSE,3,"Texas, US",30.8373633487,-100.2599917848,35,NA,NA,NA,29304,obscured,open,TRUE,NA,NA,Eastern Collared Lizard,Crotaphytus collaris,Eastern Collared Lizard,Reptilia,33135
237744964,8ddc42f1-3981-4f97-956c-494f4a5d0730,2024-08-22 12:44:04-05:00,2024-08-22,2024-08-23 02:44:04 +0900,Central Time (US & Canada),5117084,rickybobbymama,NA,2024-08-25 07:58:07 +0900,2024-08-27 09:29:06 +0900,research,CC-BY-NC,https://www.inaturalist.org/observations/237744964,https://inaturalist-open-data.s3.amazonaws.com/photos/423156019/medium.jpeg,NA,NA,NA,2,0,FALSE,3,"Palo Duro Canyon State Park, Canyon, TX, US",34.9662966667,-101.6717383333,6,NA,NA,NA,6,NA,open,FALSE,NA,NA,Eastern Collared Lizard,Crotaphytus collaris,Eastern Collared Lizard,Reptilia,33135
237777545,042a2655-6d06-416d-8311-1c8cce3c7723,2016/05/26 7:18 PM,2016-05-26,2016-05-27 09:18:00 +0900,Central Time (US & Canada),6639114,brittanymmason,Brittany Mason,2024-08-25 11:26:53 +0900,2024-08-27 09:29:04 +0900,research,CC-BY-NC,https://www.inaturalist.org/observations/237777545,https://inaturalist-open-data.s3.amazonaws.com/photos/423219325/medium.jpg,NA,NA,NA,1,0,FALSE,NA,"Palo Duro Canyon State Park, Canyon, TX 79015, USA",34.9372503,-101.6589305,5391,NA,NA,NA,5391,NA,open,FALSE,NA,NA,Eastern Collared Lizard,Crotaphytus collaris,Eastern Collared Lizard,Reptilia,33135
238028603,5f09ebbf-155e-45c0-af34-df5a154f099f,2022-06-14 11:32:31,2022-06-14,2022-06-15 02:32:31 +0900,Mountain Time (US & Canada),3627168,braulio32,Braulio Sanchez,2024-08-26 17:05:13 +0900,2024-08-27 04:31:05 +0900,research,NA,https://www.inaturalist.org/observations/238028603,https://static.inaturalist.org/photos/423707892/medium.jpeg,NA,NA,NA,2,0,FALSE,2,"El Paso, TX 79930, USA",31.846979,-106.4950869722,NA,NA,NA,NA,NA,NA,open,FALSE,gps,gps,Eastern Collared Lizard,Crotaphytus collaris,Eastern Collared Lizard,Reptilia,33135
238463737,f35ae754-cd39-40ca-b8ff-70bb2839dc8c,2024-08-28 13:31:44-05:00,2024-08-28,2024-08-29 03:31:44 +0900,Central Time (US & Canada),268486,brooksy,Jason Brooks,2024-08-29 03:45:26 +0900,2024-09-05 06:04:03 +0900,research,NA,https://www.inaturalist.org/observations/238463737,https://static.inaturalist.org/photos/424557309/medium.jpeg,NA,NA,NA,2,0,FALSE,3,"Midland, TX, US",31.7946804408,-102.1595533379,4,NA,NA,NA,4,NA,open,FALSE,NA,NA,Eastern Collared Lizard,Crotaphytus collaris,Eastern Collared Lizard,Reptilia,33135
239020117,9dd7e4a1-baf0-49d4-a6a0-4f92afe49354,2024-08-28 13:29:40,2024-08-28,2024-08-29 03:29:40 +0900,Central Time (US & Canada),2824048,student-of-nature,NA,2024-09-01 03:44:38 +0900,2024-09-08 12:39:57 +0900,research,CC-BY-NC,https://www.inaturalist.org/observations/239020117,https://inaturalist-open-data.s3.amazonaws.com/photos/425622651/medium.jpeg,NA,NA,NA,1,0,FALSE,2,"Miami, TX 79059, USA",35.9589563997,-100.6057263997,NA,NA,NA,NA,NA,NA,open,FALSE,gps,gps,Eastern Collared Lizard,Crotaphytus collaris,Eastern Collared Lizard,Reptilia,33135
239067971,b534883a-c063-4e7c-a2f7-f2abebb4ff8e,2024-08-31 12:51:27,2024-08-31,2024-09-01 02:51:27 +0900,Central Time (US & Canada),6944890,tlcarter,NA,2024-09-01 08:09:23 +0900,2024-09-08 12:29:15 +0900,research,CC-BY-NC,https://www.inaturalist.org/observations/239067971,https://inaturalist-open-data.s3.amazonaws.com/photos/425716608/medium.jpeg,NA,NA,NA,3,1,FALSE,2,"Edwards County, US-TX, US",30.1953544006,-100.3378796205,4,NA,NA,NA,4,NA,open,FALSE,gps,gps,Eastern Collared Lizard,Crotaphytus collaris,Eastern Collared Lizard,Reptilia,33135
239662742,0fcfbf46-b8e6-4190-9393-c91ed5690d50,2024-07-10 13:23:44-05:00,2024-07-10,2024-07-11 03:23:44 +0900,Central Time (US & Canada),3410423,ian537,Ian Meloni,2024-09-04 04:04:02 +0900,2024-09-04 04:06:59 +0900,research,NA,https://www.inaturalist.org/observations/239662742,https://static.inaturalist.org/photos/426875243/medium.jpeg,NA,NA,NA,1,0,FALSE,3,"Texas, US",30.2063352046,-100.4050149095,4,"Sonora, TX, US",30.2951083333,-100.55355,29382,obscured,open,TRUE,NA,NA,Eastern Collared Lizard,Crotaphytus collaris,Eastern Collared Lizard,Reptilia,33135
239662976,d4a1e51d-7410-4753-bd22-95eb733b2b9e,2024-07-10 13:38:33-05:00,2024-07-10,2024-07-11 03:38:33 +0900,Central Time (US & Canada),3410423,ian537,Ian Meloni,2024-09-04 04:05:07 +0900,2024-09-04 04:06:28 +0900,research,NA,https://www.inaturalist.org/observations/239662976,https://static.inaturalist.org/photos/426875558/medium.jpeg,NA,NA,NA,1,0,FALSE,3,"Texas, US",30.2948039324,-100.5690438146,4,"Sonora, TX, US",30.2955616667,-100.5533616667,29382,obscured,open,TRUE,NA,NA,Eastern Collared Lizard,Crotaphytus collaris,Eastern Collared Lizard,Reptilia,33135
239809756,d797a8e8-d5c0-4642-8bfe-d5a8d6678c0d,2024-09-04 11:01:24-05:00,2024-09-04,2024-09-05 01:01:24 +0900,Central Time (US & Canada),2758661,lindalittle6322,Linda Little,2024-09-05 01:04:35 +0900,2024-09-05 01:25:26 +0900,research,CC-BY-NC,https://www.inaturalist.org/observations/239809756,https://inaturalist-open-data.s3.amazonaws.com/photos/427158778/medium.jpeg,NA,NA,NA,2,0,FALSE,3,"Caprock Canyons State Park & Trailway, Silverton, TX, US",34.4368700388,-101.0428269457,4385,NA,NA,NA,4385,NA,open,FALSE,NA,NA,Eastern Collared Lizard,Crotaphytus collaris,Eastern Collared Lizard,Reptilia,33135
241101629,0957e160-ab4a-4e7a-b2bb-b5aff3f1eb54,2024/09/10 11:04 AM,2024-09-10,2024-09-11 01:04:00 +0900,Central Time (US & Canada),268486,brooksy,Jason Brooks,2024-09-11 22:47:13 +0900,2024-09-11 23:10:13 +0900,research,NA,https://www.inaturalist.org/observations/241101629,https://static.inaturalist.org/photos/429651018/medium.jpeg,NA,NA,NA,1,0,FALSE,NA,"Upton County, TX, USA",31.3428976232,-102.2252615603,112,NA,NA,NA,112,NA,open,FALSE,NA,NA,Eastern Collared Lizard,Crotaphytus collaris,Eastern Collared Lizard,Reptilia,33135
241153221,d69f5199-a072-470a-9f10-ce3ea9802794,2024-09-11 11:06:53,2024-09-11,2024-09-12 01:06:53 +0900,Central Time (US & Canada),190613,aggie_wildlifer,Brian Dickerson,2024-09-12 03:56:07 +0900,2024-09-12 22:51:52 +0900,research,CC0,https://www.inaturalist.org/observations/241153221,https://inaturalist-open-data.s3.amazonaws.com/photos/429748526/medium.jpeg,NA,NA,NA,1,0,FALSE,2,"Texas, US",35.4102432439,-101.8848893397,NA,NA,NA,NA,28677,obscured,open,TRUE,gps,gps,Eastern Collared Lizard,Crotaphytus collaris,Eastern Collared Lizard,Reptilia,33135
241191156,f5916114-be49-40e4-a4ce-1e0c640e98c4,2024-09-11 12:49:42,2024-09-11,2024-09-12 02:49:42 +0900,Central Time (US & Canada),7195476,gregg0416,NA,2024-09-12 07:43:52 +0900,2024-09-13 09:44:36 +0900,research,CC-BY-NC,https://www.inaturalist.org/observations/241191156,https://inaturalist-open-data.s3.amazonaws.com/photos/429820346/medium.jpeg,NA,NA,NA,3,0,FALSE,2,"Canyon, TX 79015, USA",34.9439611111,-101.6922666667,NA,NA,NA,NA,NA,NA,open,FALSE,gps,gps,Eastern Collared Lizard,Crotaphytus collaris,Eastern Collared Lizard,Reptilia,33135
241541635,429cb1e2-01e2-42a0-9f18-2bb364947388,2024-09-13 17:02:49-05:00,2024-09-13,2024-09-14 07:02:49 +0900,Central Time (US & Canada),5519863,tracyham,NA,2024-09-14 07:04:50 +0900,2024-12-08 10:31:16 +0900,research,CC-BY-NC,https://www.inaturalist.org/observations/241541635,https://inaturalist-open-data.s3.amazonaws.com/photos/430494721/medium.jpeg,NA,NA,NA,1,0,FALSE,3,"Lipan Apache, Blanco, TX, US",30.0848221667,-98.5428383333,5,NA,NA,NA,5,NA,open,FALSE,NA,NA,Eastern Collared Lizard,Crotaphytus collaris,Eastern Collared Lizard,Reptilia,33135
242028305,e7e9e3e7-d88a-4a89-924a-d7418779269e,2024/09/06 11:09 AM,2024-09-06,2024-09-07 02:09:00 +0900,Mountain Time (US & Canada),30735,bcfl14,John Brush,2024-09-16 13:06:26 +0900,2024-09-19 05:16:53 +0900,research,CC-BY-NC,https://www.inaturalist.org/observations/242028305,https://inaturalist-open-data.s3.amazonaws.com/photos/431433658/medium.jpeg,NA,NA,NA,2,0,FALSE,NA,"Franklin Mountains State Park, Tom Mays Park Access Rd, El Paso, TX 79911, USA",31.9117027,-106.5173673,196,NA,NA,NA,196,NA,open,FALSE,NA,NA,Eastern Collared Lizard,Crotaphytus collaris,Eastern Collared Lizard,Reptilia,33135
242491024,1d3d0642-5ef2-49d4-9b4e-9910da11dbba,2024/09/17 1:40 PM,2024-09-17,2024-09-18 03:40:00 +0900,Central Time (US & Canada),268486,brooksy,Jason Brooks,2024-09-18 23:10:10 +0900,2024-09-18 23:44:05 +0900,research,NA,https://www.inaturalist.org/observations/242491024,https://static.inaturalist.org/photos/432279425/medium.jpeg,NA,NA,NA,1,0,FALSE,NA,"Upton County, TX, USA",31.4643534306,-102.2225335951,69,NA,NA,NA,69,NA,open,FALSE,NA,NA,Eastern Collared Lizard,Crotaphytus collaris,Eastern Collared Lizard,Reptilia,33135
242510106,d09ba7d5-e77e-4ba9-b13f-58fb507c6733,2024/09/16 9:35 AM,2024-09-16,2024-09-16 23:35:00 +0900,Central Time (US & Canada),2168408,currenfrasch,Curren Frasch,2024-09-19 01:06:48 +0900,2025-01-20 11:00:31 +0900,research,CC-BY-NC,https://www.inaturalist.org/observations/242510106,https://inaturalist-open-data.s3.amazonaws.com/photos/432325778/medium.jpeg,NA,NA,NA,1,0,FALSE,NA,"Burnet County, TX, USA",30.7476299747,-98.3588632211,17,NA,NA,NA,17,NA,open,FALSE,NA,NA,Eastern Collared Lizard,Crotaphytus collaris,Eastern Collared Lizard,Reptilia,33135
243806191,f48a19b6-4e41-4849-8791-28a2874f2405,2024-09-24 10:29:59-05:00,2024-09-24,2024-09-25 00:29:59 +0900,Central Time (US & Canada),31039,suthomps,NA,2024-09-25 00:30:53 +0900,2024-09-29 00:03:51 +0900,research,CC-BY-NC,https://www.inaturalist.org/observations/243806191,https://inaturalist-open-data.s3.amazonaws.com/photos/434796628/medium.jpeg,NA,NA,Wildcat Bluff,3,0,FALSE,3,"N Soncy Rd, Amarillo, TX, US",35.23865,-101.94815,4,NA,NA,NA,4,NA,open,FALSE,NA,NA,Eastern Collared Lizard,Crotaphytus collaris,Eastern Collared Lizard,Reptilia,33135
244599014,fc8f700e-c94c-49a6-8cee-04082c2e23bc,2024-09-28 15:39:22,2024-09-28,2024-09-29 05:39:22 +0900,Central Time (US & Canada),569524,theloon2,Mary,2024-09-29 08:55:44 +0900,2024-10-04 21:37:44 +0900,research,CC-BY-NC,https://www.inaturalist.org/observations/244599014,https://inaturalist-open-data.s3.amazonaws.com/photos/436328768/medium.jpeg,NA,NA,NA,2,0,FALSE,2,"Canyon, TX 79015, USA",34.9372330984,-101.6589305922,8359,NA,NA,NA,8359,NA,open,FALSE,gps,gps,Eastern Collared Lizard,Crotaphytus collaris,Eastern Collared Lizard,Reptilia,33135
244770036,6e54575d-945b-4116-b3c6-fe54958eed6b,2024-09-20 10:12:15,2024-09-20,2024-09-21 00:12:15 +0900,Central Time (US & Canada),1227992,bopossum,bopossum,2024-09-30 05:07:36 +0900,2024-10-02 07:59:26 +0900,research,CC-BY-NC,https://www.inaturalist.org/observations/244770036,https://inaturalist-open-data.s3.amazonaws.com/photos/436664003/medium.jpeg,NA,NA,NA,2,0,FALSE,2,"Canyon, TX 79015, USA",34.9372330984,-101.6589305922,8359,NA,NA,NA,8359,NA,open,FALSE,gps,gps,Eastern Collared Lizard,Crotaphytus collaris,Eastern Collared Lizard,Reptilia,33135
245007342,1d549477-4b9d-44b5-a20b-5fbe610f536d,2024-09-28 17:58:01,2024-09-28,2024-09-29 07:58:01 +0900,Central Time (US & Canada),2741445,jlthron,Jessica Thron,2024-10-01 11:06:55 +0900,2024-10-03 02:29:57 +0900,research,NA,https://www.inaturalist.org/observations/245007342,https://static.inaturalist.org/photos/437131229/medium.jpeg,NA,NA,NA,2,0,FALSE,2,"Canyon, TX 79015, USA",34.9372330984,-101.6589305922,8359,NA,NA,NA,8359,NA,open,FALSE,NA,NA,Eastern Collared Lizard,Crotaphytus collaris,Eastern Collared Lizard,Reptilia,33135
245093522,ee89265b-ea0c-4bd3-b833-71434ea4eda4,1979/06/01 1:10 PM CDT,1979-06-01,1979-06-02 03:10:00 +0900,Central Time (US & Canada),542677,billarbon,duckswim2,2024-10-02 01:33:16 +0900,2024-10-02 15:54:37 +0900,research,CC-BY-NC,https://www.inaturalist.org/observations/245093522,https://inaturalist-open-data.s3.amazonaws.com/photos/437294261/medium.jpeg,NA,NA,NA,1,0,FALSE,NA,"Blanco County, Texas",30.2296626897,-98.2547892087,8,NA,NA,NA,8,NA,open,FALSE,NA,NA,Eastern Collared Lizard,Crotaphytus collaris,Eastern Collared Lizard,Reptilia,33135
245434766,d4d9aa47-01ce-4a52-bb0f-512570957510,2024-10-03 07:51:14-05:00,2024-10-03,2024-10-03 21:51:14 +0900,Central Time (US & Canada),315999,anowlandhisgirl,April Mawson,2024-10-04 02:43:30 +0900,2024-10-04 08:44:38 +0900,research,NA,https://www.inaturalist.org/observations/245434766,https://static.inaturalist.org/photos/437964820/medium.jpeg,NA,NA,NA,2,0,FALSE,3,"Palo Duro Canyon State Park, Canyon, TX, US",34.9532083333,-101.6743783333,4,NA,NA,NA,4,NA,open,FALSE,NA,NA,Eastern Collared Lizard,Crotaphytus collaris,Eastern Collared Lizard,Reptilia,33135
245618079,023be2aa-556b-46cc-a8c3-95c0baa0d266,2024-10-04 12:11:13-05:00,2024-10-04,2024-10-05 02:11:13 +0900,Central Time (US & Canada),5775218,penguinflu,NA,2024-10-05 04:22:17 +0900,2024-10-05 12:23:53 +0900,research,CC-BY-NC,https://www.inaturalist.org/observations/245618079,https://inaturalist-open-data.s3.amazonaws.com/photos/438329141/medium.jpeg,NA,NA,NA,2,0,FALSE,3,"Limestone Dr, Amarillo, TX, US",35.1350648572,-101.9238836028,150905,NA,NA,NA,150905,NA,open,FALSE,NA,NA,Eastern Collared Lizard,Crotaphytus collaris,Eastern Collared Lizard,Reptilia,33135
245826122,da6e0808-a94a-4fee-9797-f5bcb4b6ce3c,2024-10-05 11:46:20,2024-10-05,2024-10-06 01:46:20 +0900,Central Time (US & Canada),610581,maury01,Maury,2024-10-06 06:29:54 +0900,2024-10-12 22:15:38 +0900,research,CC-BY-NC,https://www.inaturalist.org/observations/245826122,https://inaturalist-open-data.s3.amazonaws.com/photos/438733204/medium.jpeg,NA,NA,NA,2,0,FALSE,2,"Burnet, TX 78611, USA",30.7971457,-98.3543420997,NA,NA,NA,NA,NA,NA,open,FALSE,NA,NA,Eastern Collared Lizard,Crotaphytus collaris,Eastern Collared Lizard,Reptilia,33135
246518424,fa502342-1d6f-43cf-90cc-1d4e67ea86c4,2024-10-09 12:39:18-05:00,2024-10-09,2024-10-10 02:39:18 +0900,Central Time (US & Canada),622618,rainbowmushr00m,NA,2024-10-10 04:27:52 +0900,2024-10-10 16:00:32 +0900,research,CC-BY-NC,https://www.inaturalist.org/observations/246518424,https://inaturalist-open-data.s3.amazonaws.com/photos/440105822/medium.jpeg,NA,NA,NA,1,0,FALSE,3,"Texas, US",30.942570503,-100.3029163637,159,NA,NA,NA,29304,obscured,open,TRUE,NA,NA,Eastern Collared Lizard,Crotaphytus collaris,Eastern Collared Lizard,Reptilia,33135
246582606,2952dfd8-15a7-4d87-9151-30f52f545c65,2024/10/05 4:42 PM,2024-10-05,2024-10-06 06:42:00 +0900,Central Time (US & Canada),2856050,theabilenenaturalist,Matthew Ruzicka,2024-10-10 14:09:52 +0900,2024-10-10 16:13:14 +0900,research,CC-BY-NC,https://www.inaturalist.org/observations/246582606,https://inaturalist-open-data.s3.amazonaws.com/photos/440232065/medium.jpeg,NA,NA,NA,1,0,FALSE,NA,"Briscoe County, TX, USA",34.4321377317,-101.0684858905,4,NA,NA,NA,4,NA,open,FALSE,NA,NA,Eastern Collared Lizard,Crotaphytus collaris,Eastern Collared Lizard,Reptilia,33135
246958751,0ae9e9d4-60ef-4b99-8e4a-d6cf6e246dc6,2024-10-12 10:41:15,2024-10-12,2024-10-13 00:41:15 +0900,Central Time (US & Canada),8238960,brandie53471,Brandie Smith,2024-10-13 02:04:44 +0900,2024-11-11 13:19:09 +0900,research,NA,https://www.inaturalist.org/observations/246958751,https://static.inaturalist.org/photos/440973321/medium.jpeg,NA,NA,NA,1,0,FALSE,2,"Canyon, TX 79015, USA",34.9343256,-101.6434241997,NA,NA,NA,NA,NA,NA,open,FALSE,gps,gps,Eastern Collared Lizard,Crotaphytus collaris,Eastern Collared Lizard,Reptilia,33135
247233856,178abd61-f9e7-4a42-ad24-4ef8923b5e92,2024/10/11 12:47 PM,2024-10-11,2024-10-12 02:47:00 +0900,Central Time (US & Canada),3100908,daltonlawing,Dalton Lawing,2024-10-14 10:13:51 +0900,2024-10-16 22:34:44 +0900,research,NA,https://www.inaturalist.org/observations/247233856,https://static.inaturalist.org/photos/441513420/medium.jpeg,NA,NA,NA,1,0,FALSE,NA,"Caprock Canyons State Park & Trailway, 850 Caprock Canyon Park Road, Quitaque, TX 79255, USA",34.4369909,-101.0598617,194,NA,NA,NA,194,NA,open,FALSE,NA,NA,Eastern Collared Lizard,Crotaphytus collaris,Eastern Collared Lizard,Reptilia,33135
247761219,7d026802-a1fa-43a2-af15-b0cf526022c0,2024-10-16 16:23:03-05:00,2024-10-16,2024-10-17 06:23:03 +0900,Central Time (US & Canada),2760131,nathalielouise,NA,2024-10-17 22:30:32 +0900,2024-10-17 22:32:34 +0900,research,CC-BY-NC,https://www.inaturalist.org/observations/247761219,https://inaturalist-open-data.s3.amazonaws.com/photos/442574876/medium.jpeg,NA,NA,NA,0,0,FALSE,3,"Palo Duro Canyon State Park, Canyon, TX, US",34.9359133333,-101.635895,4,NA,NA,NA,4,NA,open,FALSE,NA,NA,Eastern Collared Lizard,Crotaphytus collaris,Eastern Collared Lizard,Reptilia,33135
247899756,85e05690-a067-4c7b-a592-e105c88600a4,2024/10/11 12:41 PM,2024-10-11,2024-10-12 02:41:00 +0900,Central Time (US & Canada),268486,brooksy,Jason Brooks,2024-10-18 21:39:36 +0900,2024-10-19 09:15:39 +0900,research,NA,https://www.inaturalist.org/observations/247899756,https://static.inaturalist.org/photos/442842748/medium.jpeg,NA,NA,NA,0,0,FALSE,NA,"Upton County, TX, USA",31.3172968416,-102.1952122942,334,NA,NA,NA,334,NA,open,FALSE,NA,NA,Eastern Collared Lizard,Crotaphytus collaris,Eastern Collared Lizard,Reptilia,33135
248040934,d6f0348b-39b2-4ca0-aa0d-aa8519e1145f,2015/07/04 9:39 AM,2015-07-04,2015-07-04 23:39:00 +0900,Central Time (US & Canada),410667,damonwilliford,rook70031,2024-10-19 19:08:01 +0900,2024-10-21 22:39:24 +0900,research,CC-BY-NC,https://www.inaturalist.org/observations/248040934,https://inaturalist-open-data.s3.amazonaws.com/photos/443119073/medium.jpg,NA,"Crotaphytidae, Crotaphytus collaris, Eastern Collared Lizard, Palo Duro Canyon State Park, Squamata, Texas, reptile",NA,1,0,FALSE,NA,"Randall County, TX, USA",34.9827972061,-101.6862675743,242,NA,NA,NA,242,NA,open,FALSE,NA,NA,Eastern Collared Lizard,Crotaphytus collaris,Eastern Collared Lizard,Reptilia,33135
248479484,bb7f7f84-ed1e-4678-913f-4fe5c3efec26,2024-10-21 12:38:42,2024-10-21,2024-10-22 02:38:42 +0900,Central Time (US & Canada),5688193,cak58958272,C K,2024-10-22 02:39:34 +0900,2024-11-04 06:19:38 +0900,research,CC-BY-NC,https://www.inaturalist.org/observations/248479484,https://inaturalist-open-data.s3.amazonaws.com/photos/443989045/medium.jpeg,NA,NA,NA,3,1,FALSE,2,"Canyon, TX 79015, USA",34.9792024,-101.6787676,80,NA,NA,NA,80,NA,open,FALSE,NA,NA,Eastern Collared Lizard,Crotaphytus collaris,Eastern Collared Lizard,Reptilia,33135
248489959,ed2f6d39-6d1f-49cb-8101-24e81c4252aa,2024-10-20 13:21:49,2024-10-20,2024-10-21 04:21:49 +0900,Mountain Time (US & Canada),1309562,mckcolin,NA,2024-10-22 03:50:24 +0900,2024-10-22 14:17:27 +0900,research,NA,https://www.inaturalist.org/observations/248489959,https://static.inaturalist.org/photos/444008690/medium.jpeg,NA,NA,NA,1,0,FALSE,2,"VG55+H5, El Paso, TX 79904, USA",31.8572314274,-106.4921904355,16,NA,NA,NA,16,NA,open,FALSE,gps,gps,Eastern Collared Lizard,Crotaphytus collaris,Eastern Collared Lizard,Reptilia,33135
248682634,c234b922-08fc-48e2-9c15-ed18a0dea69a,2024-10-22 14:47:59,2024-10-22,2024-10-23 04:47:59 +0900,Central Time (US & Canada),1779397,karen762,Karen Burkwall Johnson,2024-10-23 10:38:06 +0900,2024-10-23 23:20:01 +0900,research,NA,https://www.inaturalist.org/observations/248682634,https://static.inaturalist.org/photos/444396456/medium.jpeg,NA,NA,NA,0,0,FALSE,2,"Canyon, TX 79015, USA",34.9421098997,-101.6509681997,NA,NA,NA,NA,NA,NA,open,FALSE,gps,gps,Eastern Collared Lizard,Crotaphytus collaris,Eastern Collared Lizard,Reptilia,33135
248693071,4a54de31-6cdc-4db7-bc5d-837142370713,2024/10/17 4:30 PM,2024-10-17,2024-10-18 06:30:00 +0900,Central Time (US & Canada),143067,philipwoodscc,Philip Woods,2024-10-23 12:29:37 +0900,2024-10-24 02:40:20 +0900,research,CC-BY-NC,https://www.inaturalist.org/observations/248693071,https://inaturalist-open-data.s3.amazonaws.com/photos/444415869/medium.jpeg,NA,NA,on the rocks at the trail head,1,0,FALSE,NA,"Brewster County, TX, USA",29.201160192,-102.9191693526,15,NA,NA,NA,15,NA,open,FALSE,NA,NA,Eastern Collared Lizard,Crotaphytus collaris,Eastern Collared Lizard,Reptilia,33135
248789301,de8b99cc-bd49-4546-86b9-755e8aa671d9,2024-10-23 11:28:40-05:00,2024-10-23,2024-10-24 01:28:40 +0900,Central Time (US & Canada),6267175,annika191,Annika Fockler,2024-10-24 04:56:20 +0900,2024-10-27 10:14:19 +0900,research,NA,https://www.inaturalist.org/observations/248789301,https://static.inaturalist.org/photos/444611011/medium.jpeg,NA,NA,NA,1,0,FALSE,3,"Palo Duro Canyon State Park, Canyon, TX, US",34.9482383333,-101.667975,6,NA,NA,NA,6,NA,open,FALSE,NA,NA,Eastern Collared Lizard,Crotaphytus collaris,Eastern Collared Lizard,Reptilia,33135
248831589,0819bbe8-03ec-4a3e-a122-9f45c2562ee0,2024-10-23 15:28:49,2024-10-23,2024-10-24 05:28:49 +0900,Central Time (US & Canada),1779397,karen762,Karen Burkwall Johnson,2024-10-24 11:14:14 +0900,2024-10-24 22:18:07 +0900,research,NA,https://www.inaturalist.org/observations/248831589,https://static.inaturalist.org/photos/444694881/medium.jpeg,NA,NA,NA,0,0,FALSE,2,"Canyon, TX 79015, USA",34.9544757,-101.6749638997,NA,NA,NA,NA,NA,NA,open,FALSE,gps,gps,Eastern Collared Lizard,Crotaphytus collaris,Eastern Collared Lizard,Reptilia,33135
248885502,6aec7ad7-3442-40e1-aae2-8cb9fe8f5200,2024-10-23 10:07:57-05:00,2024-10-23,2024-10-24 00:07:57 +0900,Central Time (US & Canada),6917166,jerjuh,NA,2024-10-24 23:23:13 +0900,2024-10-25 23:56:14 +0900,research,CC-BY-NC,https://www.inaturalist.org/observations/248885502,https://inaturalist-open-data.s3.amazonaws.com/photos/444904228/medium.jpeg,NA,NA,NA,0,0,FALSE,3,"Guadalupe Mountains National Park, Salt Flat, TX, US",31.9797283333,-104.755905,3,NA,NA,NA,3,NA,open,FALSE,NA,NA,Eastern Collared Lizard,Crotaphytus collaris,Eastern Collared Lizard,Reptilia,33135
249355957,a5c19ac2-b89c-4daa-95ef-98339ad1b03e,2024-10-27 12:16:40-05:00,2024-10-27,2024-10-28 02:16:40 +0900,Central Time (US & Canada),5345667,lauren1414,Lauren Juric,2024-10-28 02:23:38 +0900,2025-01-20 10:59:45 +0900,research,NA,https://www.inaturalist.org/observations/249355957,https://static.inaturalist.org/photos/445730562/medium.jpeg,NA,NA,NA,1,0,FALSE,3,"Valley Spring Creek Trail, Burnet, TX, US",30.7481538602,-98.3568567079,12,NA,NA,NA,12,NA,open,FALSE,NA,NA,Eastern Collared Lizard,Crotaphytus collaris,Eastern Collared Lizard,Reptilia,33135
249370809,48e03fca-fa21-4551-b0df-a0c24e0f9592,2024-10-26 16:23:02,2024-10-26,2024-10-27 06:23:02 +0900,Central Time (US & Canada),1973110,javiersbd,NA,2024-10-28 03:48:26 +0900,2024-10-31 01:42:41 +0900,research,CC-BY-NC,https://www.inaturalist.org/observations/249370809,https://inaturalist-open-data.s3.amazonaws.com/photos/445759182/medium.jpeg,NA,NA,NA,0,0,FALSE,2,"Quitaque, TX 79255, USA",34.4446912894,-101.077889353,817,NA,NA,NA,817,NA,open,FALSE,gps,gps,Eastern Collared Lizard,Crotaphytus collaris,Eastern Collared Lizard,Reptilia,33135
249384591,3e997aa7-a769-4d9e-8abb-3626d05cb404,2024-10-21 12:10:22,2024-10-21,2024-10-22 02:10:22 +0900,Central Time (US & Canada),1779397,karen762,Karen Burkwall Johnson,2024-10-28 05:02:32 +0900,2024-10-29 23:00:28 +0900,research,NA,https://www.inaturalist.org/observations/249384591,https://static.inaturalist.org/photos/445786335/medium.jpeg,NA,NA,NA,0,0,FALSE,2,"Canyon, TX 79015, USA",34.9820362997,-101.6854457,NA,NA,NA,NA,NA,NA,open,FALSE,gps,gps,Eastern Collared Lizard,Crotaphytus collaris,Eastern Collared Lizard,Reptilia,33135
249499951,12832ddb-b605-4af4-8492-10d8d93ceb4e,2006/06/14 9:23 AM,2006-06-14,2006-06-14 23:23:00 +0900,Central Time (US & Canada),3088581,erikhuebner,Erik Huebner,2024-10-28 23:31:58 +0900,2024-11-02 08:01:27 +0900,research,NA,https://www.inaturalist.org/observations/249499951,https://static.inaturalist.org/photos/446000905/medium.jpeg,NA,NA,NA,1,0,FALSE,NA,"Texas, US",32.5582197468,-100.2090688907,9613,NA,NA,NA,29093,obscured,open,TRUE,NA,NA,Eastern Collared Lizard,Crotaphytus collaris,Eastern Collared Lizard,Reptilia,33135
249828155,23872ae5-0114-4b52-83f4-3134cfdda42b,2024/10/26 7:44 PM,2024-10-26,2024-10-27 09:44:00 +0900,Central Time (US & Canada),3725075,spolcyn2020,NA,2024-10-31 09:47:36 +0900,2024-11-01 03:37:40 +0900,research,CC-BY-NC,https://www.inaturalist.org/observations/249828155,https://inaturalist-open-data.s3.amazonaws.com/photos/446672391/medium.png,NA,NA,NA,1,0,FALSE,NA,"Randall County, TX, USA",34.9389520512,-101.6816610867,5391,NA,NA,NA,5391,NA,open,FALSE,NA,NA,Eastern Collared Lizard,Crotaphytus collaris,Eastern Collared Lizard,Reptilia,33135
249909653,5383860d-6daf-4520-aa6a-bfc8a9fa9317,2024-10-31 12:48:30-05:00,2024-10-31,2024-11-01 02:48:30 +0900,Central Time (US & Canada),7684159,finch_binch,Kale,2024-11-01 02:48:55 +0900,2024-11-07 05:48:16 +0900,research,NA,https://www.inaturalist.org/observations/249909653,https://static.inaturalist.org/photos/447123569/medium.jpeg,NA,NA,NA,1,0,FALSE,3,"Palo Duro Canyon State Park, Canyon, TX, US",34.9800616667,-101.68473,3,NA,NA,NA,3,NA,open,FALSE,NA,NA,Eastern Collared Lizard,Crotaphytus collaris,Eastern Collared Lizard,Reptilia,33135
250502649,e83b9e98-8b73-4f03-aabf-32ad47ae3448,1987/05/21 5:45 PM,1987-05-21,1987-05-22 07:45:00 +0900,Central Time (US & Canada),8411464,dan2465,Dan Venable,2024-11-05 08:50:35 +0900,2024-11-07 07:15:56 +0900,research,CC-BY-NC,https://www.inaturalist.org/observations/250502649,https://inaturalist-open-data.s3.amazonaws.com/photos/448028929/medium.jpeg,NA,NA,NA,1,0,FALSE,NA,"Presidio County, TX, USA",29.2950128665,-103.9263367626,2,NA,NA,NA,2,NA,open,FALSE,NA,NA,Eastern Collared Lizard,Crotaphytus collaris,Eastern Collared Lizard,Reptilia,33135
250818043,63e2a2fe-b11c-4826-82aa-1c5105ca9e47,2024-10-20 11:30:21-06:00,2024-10-20,2024-10-21 02:30:21 +0900,Mountain Time (US & Canada),8610037,rgajon,NA,2024-11-08 03:54:56 +0900,2024-11-08 05:36:44 +0900,research,CC-BY-NC,https://www.inaturalist.org/observations/250818043,https://inaturalist-open-data.s3.amazonaws.com/photos/448663393/medium.jpeg,NA,NA,NA,0,0,FALSE,3,"Franklin Mountains State Park, El Paso, TX, US",31.9197216667,-106.5143583333,4,NA,NA,NA,4,NA,open,FALSE,NA,NA,Eastern Collared Lizard,Crotaphytus collaris,Eastern Collared Lizard,Reptilia,33135
250957967,666f2255-51fb-4607-9d43-4f4b3901eb9a,2024-09-24 12:11:44,2024-09-24,2024-09-25 02:11:44 +0900,Central Time (US & Canada),4313246,noah_krivi,Noah Krivi,2024-11-09 07:24:40 +0900,2024-11-10 11:43:18 +0900,research,NA,https://www.inaturalist.org/observations/250957967,https://static.inaturalist.org/photos/448938508/medium.jpeg,NA,NA,NA,0,0,FALSE,2,"Texas, US",33.5889497694,-102.6972106448,NA,NA,NA,NA,28957,obscured,open,TRUE,gps,gps,Eastern Collared Lizard,Crotaphytus collaris,Eastern Collared Lizard,Reptilia,33135
251459976,71929670-250f-4c03-81be-a78d60fe4491,2024-11-10 15:31:03-06:00,2024-11-10,2024-11-11 06:31:03 +0900,Central Time (US & Canada),1952402,wonderbird22,Ari Rice,2024-11-13 02:48:08 +0900,2024-11-14 07:33:08 +0900,research,CC-BY-NC,https://www.inaturalist.org/observations/251459976,https://inaturalist-open-data.s3.amazonaws.com/photos/449941200/medium.jpeg,NA,NA,NA,1,0,FALSE,3,"Caprock Canyons State Park & Trailway, Silverton, TX, US",34.4583166667,-101.0801388333,4,NA,NA,NA,4,NA,open,FALSE,NA,NA,Eastern Collared Lizard,Crotaphytus collaris,Eastern Collared Lizard,Reptilia,33135
253474399,650a7b8e-0a5f-4c6b-83f7-a16ae960dab9,2024/11/26 12:32 PM,2024-11-26,2024-11-27 03:32:00 +0900,Central Time (US & Canada),2168408,currenfrasch,Curren Frasch,2024-11-29 12:49:15 +0900,2024-12-23 04:20:49 +0900,research,CC-BY-NC,https://www.inaturalist.org/observations/253474399,https://inaturalist-open-data.s3.amazonaws.com/photos/453858888/medium.jpeg,NA,NA,NA,1,0,FALSE,NA,"Brewster County, TX, USA",28.9832717001,-103.1682190595,320,NA,NA,NA,320,NA,open,FALSE,NA,NA,Eastern Collared Lizard,Crotaphytus collaris,Eastern Collared Lizard,Reptilia,33135
253678677,a52d7e93-89a9-4835-b4d4-d5513c78758d,2024-10-07 09:16:00-06:00,2024-10-07,2024-10-08 00:16:00 +0900,Mountain Time (US & Canada),8762609,lucyrey3636,NA,2024-12-01 07:39:40 +0900,2024-12-02 15:31:07 +0900,research,CC-BY-NC,https://www.inaturalist.org/observations/253678677,https://inaturalist-open-data.s3.amazonaws.com/photos/454269413/medium.jpeg,NA,NA,Very beautiful green gradient colors,1,0,FALSE,3,"Franklin Mountains State Park, El Paso, TX, US",31.9260383333,-106.507095,4,NA,NA,NA,4,NA,open,FALSE,NA,NA,Eastern Collared Lizard,Crotaphytus collaris,Eastern Collared Lizard,Reptilia,33135
255642941,72ef89d6-f712-4060-a129-d1d39fc54afc,2017-07-07 15:03:29,2017-07-07,2017-07-08 05:03:29 +0900,Central Time (US & Canada),1730434,odddave,Dave Odd,2024-12-20 12:07:29 +0900,2025-02-05 13:51:46 +0900,research,NA,https://www.inaturalist.org/observations/255642941,https://static.inaturalist.org/photos/458175041/medium.jpeg,NA,NA,NA,1,0,FALSE,2,"Canyon, TX 79015, USA",34.9761111111,-101.6786111111,NA,NA,NA,NA,NA,NA,open,FALSE,gps,gps,Eastern Collared Lizard,Crotaphytus collaris,Eastern Collared Lizard,Reptilia,33135
257892573,7e6a10fe-aca7-461a-94dc-4d848b70b2d8,2023-06-01 11:30:27-05:00,2023-06-01,2023-06-02 01:30:27 +0900,Central Time (US & Canada),7709264,sethshively,Seth Shively,2025-01-09 13:17:47 +0900,2025-01-10 13:16:44 +0900,research,CC-BY-NC,https://www.inaturalist.org/observations/257892573,https://inaturalist-open-data.s3.amazonaws.com/photos/462639536/medium.jpg,NA,NA,NA,2,0,FALSE,3,"Big Bend National Park, Alpine, TX, US",29.2010364216,-102.9191038826,203,NA,NA,NA,203,NA,open,FALSE,NA,NA,Eastern Collared Lizard,Crotaphytus collaris,Eastern Collared Lizard,Reptilia,33135
258636562,bb7bc083-54c0-424a-ae8f-f19d7c16b09f,2017-07-07 15:25:12,2017-07-07,2017-07-08 05:25:12 +0900,Central Time (US & Canada),1730434,odddave,Dave Odd,2025-01-16 18:33:50 +0900,2025-02-05 13:51:55 +0900,research,NA,https://www.inaturalist.org/observations/258636562,https://static.inaturalist.org/photos/464088321/medium.jpeg,NA,NA,NA,1,0,FALSE,2,"Canyon, TX 79015, USA",34.9764236389,-101.6789563333,NA,NA,NA,NA,NA,NA,open,FALSE,gps,gps,Eastern Collared Lizard,Crotaphytus collaris,Eastern Collared Lizard,Reptilia,33135
260970608,3b4d1e50-ce4f-4cc4-b4a8-770317f08924,2024-09-20 14:10:00-07:00,2024-09-20,2024-09-21 06:10:00 +0900,Central Time (US & Canada),704577,lisa514,NA,2025-02-08 15:11:05 +0900,2025-02-08 15:11:48 +0900,research,NA,https://www.inaturalist.org/observations/260970608,https://static.inaturalist.org/photos/468758223/medium.jpg,NA,NA,NA,0,0,FALSE,3,"Texas, US",30.7070533538,-98.2841103591,9211,NA,NA,NA,29330,obscured,open,TRUE,NA,NA,Eastern Collared Lizard,Crotaphytus collaris,Eastern Collared Lizard,Reptilia,33135
261367185,e45fad3d-2ae0-4ac3-960d-420bee744870,2010/05/02 4:45 PM,2010-05-02,2010-05-03 06:45:00 +0900,Central Time (US & Canada),9227,sleepyhyrax,Richard Kazmaier,2025-02-12 02:51:35 +0900,2025-02-12 08:37:12 +0900,research,CC-BY-NC,https://www.inaturalist.org/observations/261367185,https://inaturalist-open-data.s3.amazonaws.com/photos/469542826/medium.jpeg,NA,NA,NA,0,0,FALSE,NA,"Buffalo Lake NWR, Randall County, TX, USA",34.933726,-102.087974,3,NA,NA,NA,3,NA,open,FALSE,NA,NA,Eastern Collared Lizard,Crotaphytus collaris,Eastern Collared Lizard,Reptilia,33135
261557193,afd1e4e9-db6f-4800-8aff-3961824ce13b,2014/07/21,2014-07-21,NA,Central Time (US & Canada),9227,sleepyhyrax,Richard Kazmaier,2025-02-14 03:41:46 +0900,2025-02-14 07:30:04 +0900,research,CC-BY-NC,https://www.inaturalist.org/observations/261557193,https://inaturalist-open-data.s3.amazonaws.com/photos/469913858/medium.jpeg,NA,NA,NA,0,0,FALSE,NA,"Boys Ranch, Oldham County, TX, USA",35.592997,-102.219207,3,NA,NA,NA,3,NA,open,FALSE,NA,NA,Eastern Collared Lizard,Crotaphytus collaris,Eastern Collared Lizard,Reptilia,33135
261599758,2f65518e-0969-4839-8b45-1576058a1728,2016/05/07 1:49 PM,2016-05-07,2016-05-08 03:49:00 +0900,Central Time (US & Canada),964743,franpfer,Frances,2025-02-14 13:25:21 +0900,2025-02-27 12:17:56 +0900,research,NA,https://www.inaturalist.org/observations/261599758,https://static.inaturalist.org/photos/470007836/medium.jpeg,NA,NA,NA,1,0,FALSE,NA,"5599 Meteor Crater Rd, Odessa, TX 79763, USA",31.7568951,-102.4790173,223,NA,NA,NA,223,NA,open,FALSE,NA,NA,Eastern Collared Lizard,Crotaphytus collaris,Eastern Collared Lizard,Reptilia,33135
261703358,49d0db0d-334f-48f6-8359-624aaa931df7,2014/05/04,2014-05-04,NA,Central Time (US & Canada),9227,sleepyhyrax,Richard Kazmaier,2025-02-15 16:59:41 +0900,2025-02-16 15:57:31 +0900,research,CC-BY-NC,https://www.inaturalist.org/observations/261703358,https://inaturalist-open-data.s3.amazonaws.com/photos/470211251/medium.jpeg,NA,NA,NA,0,0,FALSE,NA,"Independence Creek Preserve, Terrell County, TX, USA",30.4871079833,-101.7916945291,3,NA,NA,NA,3,NA,open,FALSE,NA,NA,Eastern Collared Lizard,Crotaphytus collaris,Eastern Collared Lizard,Reptilia,33135
262915281,8d648ce8-674a-4120-acc4-554fc5fab0c4,2005/09/18 1:22 PM,2005-09-18,2005-09-19 03:22:00 +0900,Central Time (US & Canada),9227,sleepyhyrax,Richard Kazmaier,2025-02-24 16:34:27 +0900,2025-02-27 09:15:08 +0900,research,CC-BY-NC,https://www.inaturalist.org/observations/262915281,https://inaturalist-open-data.s3.amazonaws.com/photos/472220967/medium.jpeg,NA,NA,NA,1,0,FALSE,NA,"Crossbar Management Area, Potter County, TX, USA",35.382,-101.94453,3,NA,NA,NA,3,NA,open,FALSE,NA,NA,Eastern Collared Lizard,Crotaphytus collaris,Eastern Collared Lizard,Reptilia,33135
263522355,0440ba7c-c404-424b-977d-b8ea83bcf3d3,2022/07/03 11:13 AM,2022-07-03,2022-07-04 01:13:00 +0900,Central Time (US & Canada),4192522,joshua_winsauer,NA,2025-03-02 03:57:30 +0900,2025-03-03 03:44:49 +0900,research,CC-BY-NC,https://www.inaturalist.org/observations/263522355,https://inaturalist-open-data.s3.amazonaws.com/photos/473417590/medium.jpg,NA,NA,NA,0,0,FALSE,NA,"Briscoe County, TX, USA",34.4618361111,-101.1141611111,NA,NA,NA,NA,NA,NA,open,FALSE,NA,NA,Eastern Collared Lizard,Crotaphytus collaris,Eastern Collared Lizard,Reptilia,33135
263522356,63867bef-48a8-4010-8345-904493201b90,2022/07/03 11:35 AM,2022-07-03,2022-07-04 01:35:00 +0900,Central Time (US & Canada),4192522,joshua_winsauer,NA,2025-03-02 03:57:30 +0900,2025-03-03 03:44:42 +0900,research,CC-BY-NC,https://www.inaturalist.org/observations/263522356,https://inaturalist-open-data.s3.amazonaws.com/photos/473417580/medium.jpg,NA,NA,NA,0,0,FALSE,NA,"Briscoe County, TX, USA",34.4630194444,-101.11375,NA,NA,NA,NA,NA,NA,open,FALSE,NA,NA,Eastern Collared Lizard,Crotaphytus collaris,Eastern Collared Lizard,Reptilia,33135
